lot_id,line,object,date,started_at,equipment_id,inspected_count,defect_count,operator_shift,LINE_NUM,CELL_ID,START_TIME,END_TIME,PRE_PROCESS_A,PRE_PROCESS_B,AI_JUDGE,AI_ERROR_CODE,AD_SCORE,INSPECTOR_JUDGE,INSPECTOR_ERROR_CODE
LOT-20260801-AAA,line_01,pcb1,2026-08-01,2026-08-01 08:00:00,EQ-01-A,1,0,day,01,L01AAA100001,2026-08-01 08:00:00,2026-08-01 08:01:56,1,0.597,OK,0000,0.9,OK,0000
LOT-20260801-AAA,line_01,pcb1,2026-08-01,2026-08-01 08:00:34,EQ-01-A,1,1,day,01,L01AAA100002,2026-08-01 08:00:34,2026-08-01 08:02:32,1,0.465,RE,ESA7,1.23,NG,ESA7
LOT-20260801-AAA,line_01,pcb1,2026-08-01,2026-08-01 08:00:58,EQ-01-A,1,0,day,01,L01AAA100003,2026-08-01 08:00:58,2026-08-01 08:03:03,2,0.737,OK,0000,0.87,OK,0000
LOT-20260801-AAA,line_01,pcb1,2026-08-01,2026-08-01 08:01:22,EQ-01-A,1,0,day,01,L01AAA100004,2026-08-01 08:01:22,2026-08-01 08:03:18,1,0.43,OK,0000,0.86,OK,0000
LOT-20260801-AAA,line_01,pcb1,2026-08-01,2026-08-01 08:01:44,EQ-01-A,1,0,day,01,L01AAA100005,2026-08-01 08:01:44,2026-08-01 08:03:43,1,0.43,OK,0000,0.82,OK,0000
LOT-20260801-AAA,line_01,pcb1,2026-08-01,2026-08-01 08:02:20,EQ-01-A,1,0,day,01,L01AAA100006,2026-08-01 08:02:20,2026-08-01 08:04:24,2,0.536,OK,0000,0.8,OK,0000
LOT-20260801-AAA,line_01,pcb1,2026-08-01,2026-08-01 08:02:58,EQ-01-A,1,0,day,01,L01AAA100007,2026-08-01 08:02:58,2026-08-01 08:04:55,2,0.241,OK,0000,0.82,OK,0000
LOT-20260801-AAA,line_01,pcb1,2026-08-01,2026-08-01 08:03:36,EQ-01-A,1,0,day,01,L01AAA100008,2026-08-01 08:03:36,2026-08-01 08:05:32,2,0.348,OK,0000,0.85,OK,0000
LOT-20260801-AAA,line_01,pcb1,2026-08-01,2026-08-01 08:04:14,EQ-01-A,1,0,day,01,L01AAA100009,2026-08-01 08:04:14,2026-08-01 08:06:14,1,0.364,OK,0000,0.8,OK,0000
LOT-20260801-AAA,line_01,pcb1,2026-08-01,2026-08-01 08:04:47,EQ-01-A,1,0,day,01,L01AAA100010,2026-08-01 08:04:47,2026-08-01 08:06:49,1,0.72,OK,0000,0.83,OK,0000
LOT-20260801-AAA,line_01,pcb1,2026-08-01,2026-08-01 08:05:08,EQ-01-A,1,0,day,01,L01AAA100011,2026-08-01 08:05:08,2026-08-01 08:07:13,1,0.51,OK,0000,0.8,OK,0000
LOT-20260801-AAA,line_01,pcb1,2026-08-01,2026-08-01 08:05:40,EQ-01-A,1,0,day,01,L01AAA100012,2026-08-01 08:05:40,2026-08-01 08:07:38,2,0.418,OK,0000,0.84,OK,0000
LOT-20260801-AAA,line_01,pcb1,2026-08-01,2026-08-01 08:06:01,EQ-01-A,1,0,day,01,L01AAA100013,2026-08-01 08:06:01,2026-08-01 08:07:56,2,0.327,OK,0000,0.86,OK,0000
LOT-20260801-AAA,line_01,pcb1,2026-08-01,2026-08-01 08:06:31,EQ-01-A,1,0,day,01,L01AAA100014,2026-08-01 08:06:31,2026-08-01 08:08:33,2,0.41,OK,0000,0.83,OK,0000
LOT-20260801-AAA,line_01,pcb1,2026-08-01,2026-08-01 08:06:54,EQ-01-A,1,0,day,01,L01AAA100015,2026-08-01 08:06:54,2026-08-01 08:08:56,1,0.41,OK,0000,0.91,OK,0000
LOT-20260801-AAA,line_01,pcb1,2026-08-01,2026-08-01 08:07:24,EQ-01-A,1,0,day,01,L01AAA100016,2026-08-01 08:07:24,2026-08-01 08:09:22,1,0.498,OK,0000,0.8,OK,0000
LOT-20260801-AAA,line_01,pcb1,2026-08-01,2026-08-01 08:07:58,EQ-01-A,1,0,day,01,L01AAA100017,2026-08-01 08:07:58,2026-08-01 08:10:01,2,0.623,OK,0000,0.8,OK,0000
LOT-20260801-AAA,line_01,pcb1,2026-08-01,2026-08-01 08:08:29,EQ-01-A,1,0,day,01,L01AAA100018,2026-08-01 08:08:29,2026-08-01 08:10:28,1,0.531,OK,0000,0.8,OK,0000
LOT-20260801-AAA,line_01,pcb1,2026-08-01,2026-08-01 08:09:05,EQ-01-A,1,0,day,01,L01AAA100019,2026-08-01 08:09:05,2026-08-01 08:11:09,1,0.301,OK,0000,0.85,OK,0000
LOT-20260801-AAA,line_01,pcb1,2026-08-01,2026-08-01 08:09:25,EQ-01-A,1,1,day,01,L01AAA100020,2026-08-01 08:09:25,2026-08-01 08:11:20,1,0.611,RE,ESA6,1.27,NG,ESA6
LOT-20260801-AAA,line_01,pcb1,2026-08-01,2026-08-01 08:09:52,EQ-01-A,1,0,day,01,L01AAA100021,2026-08-01 08:09:52,2026-08-01 08:11:52,2,0.483,OK,0000,0.83,OK,0000
LOT-20260801-AAA,line_01,pcb1,2026-08-01,2026-08-01 08:10:26,EQ-01-A,1,0,day,01,L01AAA100022,2026-08-01 08:10:26,2026-08-01 08:12:21,1,0.278,OK,0000,0.81,OK,0000
LOT-20260801-AAA,line_01,pcb1,2026-08-01,2026-08-01 08:10:53,EQ-01-A,1,0,day,01,L01AAA100023,2026-08-01 08:10:53,2026-08-01 08:12:55,2,0.431,OK,0000,0.88,OK,0000
LOT-20260801-AAA,line_01,pcb1,2026-08-01,2026-08-01 08:11:31,EQ-01-A,1,0,day,01,L01AAA100024,2026-08-01 08:11:31,2026-08-01 08:13:30,1,0.552,OK,0000,0.8,OK,0000
LOT-20260801-AAA,line_01,pcb1,2026-08-01,2026-08-01 08:11:53,EQ-01-A,1,0,day,01,L01AAA100025,2026-08-01 08:11:53,2026-08-01 08:13:57,2,0.549,OK,0000,0.82,OK,0000
LOT-20260801-AAA,line_01,pcb1,2026-08-01,2026-08-01 08:12:19,EQ-01-A,1,1,day,01,L01AAA100026,2026-08-01 08:12:19,2026-08-01 08:14:18,1,0.398,RE,ESA0,1.31,NG,ESA0
LOT-20260801-AAA,line_01,pcb1,2026-08-01,2026-08-01 08:12:59,EQ-01-A,1,0,day,01,L01AAA100027,2026-08-01 08:12:59,2026-08-01 08:14:54,2,0.655,OK,0000,0.88,OK,0000
LOT-20260801-AAA,line_01,pcb1,2026-08-01,2026-08-01 08:13:34,EQ-01-A,1,0,day,01,L01AAA100028,2026-08-01 08:13:34,2026-08-01 08:15:29,1,0.374,OK,0000,0.83,OK,0000
LOT-20260801-AAA,line_01,pcb1,2026-08-01,2026-08-01 08:14:01,EQ-01-A,1,0,day,01,L01AAA100029,2026-08-01 08:14:01,2026-08-01 08:16:06,1,0.55,OK,0000,0.88,OK,0000
LOT-20260801-AAA,line_01,pcb1,2026-08-01,2026-08-01 08:14:29,EQ-01-A,1,0,day,01,L01AAA100030,2026-08-01 08:14:29,2026-08-01 08:16:28,1,0.428,OK,0000,0.83,OK,0000
LOT-20260801-AAA,line_01,pcb1,2026-08-01,2026-08-01 08:14:55,EQ-01-A,1,0,day,01,L01AAA100031,2026-08-01 08:14:55,2026-08-01 08:16:56,1,0.334,OK,0000,0.8,OK,0000
LOT-20260801-AAA,line_01,pcb1,2026-08-01,2026-08-01 08:15:33,EQ-01-A,1,0,day,01,L01AAA100032,2026-08-01 08:15:33,2026-08-01 08:17:33,2,0.622,OK,0000,0.89,OK,0000
LOT-20260801-AAA,line_01,pcb1,2026-08-01,2026-08-01 08:16:10,EQ-01-A,1,0,day,01,L01AAA100033,2026-08-01 08:16:10,2026-08-01 08:18:06,1,0.489,OK,0000,0.88,OK,0000
LOT-20260801-AAA,line_01,pcb1,2026-08-01,2026-08-01 08:16:45,EQ-01-A,1,0,day,01,L01AAA100034,2026-08-01 08:16:45,2026-08-01 08:18:44,2,0.554,OK,0000,0.81,OK,0000
LOT-20260801-AAA,line_01,pcb1,2026-08-01,2026-08-01 08:17:13,EQ-01-A,1,0,day,01,L01AAA100035,2026-08-01 08:17:13,2026-08-01 08:19:11,2,0.554,OK,0000,0.9,OK,0000
LOT-20260801-AAA,line_01,pcb1,2026-08-01,2026-08-01 08:17:37,EQ-01-A,1,0,day,01,L01AAA100036,2026-08-01 08:17:37,2026-08-01 08:19:41,2,0.495,OK,0000,0.9,OK,0000
LOT-20260801-AAA,line_01,pcb1,2026-08-01,2026-08-01 08:18:09,EQ-01-A,1,0,day,01,L01AAA100037,2026-08-01 08:18:09,2026-08-01 08:20:14,2,0.107,OK,0000,0.87,OK,0000
LOT-20260801-AAA,line_01,pcb1,2026-08-01,2026-08-01 08:18:44,EQ-01-A,1,0,day,01,L01AAA100038,2026-08-01 08:18:44,2026-08-01 08:20:45,2,0.513,OK,0000,0.83,OK,0000
LOT-20260801-AAA,line_01,pcb1,2026-08-01,2026-08-01 08:19:05,EQ-01-A,1,0,day,01,L01AAA100039,2026-08-01 08:19:05,2026-08-01 08:21:05,2,0.514,OK,0000,0.8,OK,0000
LOT-20260801-AAA,line_01,pcb1,2026-08-01,2026-08-01 08:19:32,EQ-01-A,1,0,day,01,L01AAA100040,2026-08-01 08:19:32,2026-08-01 08:21:37,2,0.467,OK,0000,0.85,OK,0000
LOT-20260801-AAA,line_01,pcb1,2026-08-01,2026-08-01 08:20:03,EQ-01-A,1,0,day,01,L01AAA100041,2026-08-01 08:20:03,2026-08-01 08:22:06,1,0.722,OK,0000,0.82,OK,0000
LOT-20260801-AAA,line_01,pcb1,2026-08-01,2026-08-01 08:20:28,EQ-01-A,1,0,day,01,L01AAA100042,2026-08-01 08:20:28,2026-08-01 08:22:31,2,0.379,OK,0000,0.82,OK,0000
LOT-20260801-AAA,line_01,pcb1,2026-08-01,2026-08-01 08:20:53,EQ-01-A,1,0,day,01,L01AAA100043,2026-08-01 08:20:53,2026-08-01 08:22:51,1,0.637,OK,0000,0.85,OK,0000
LOT-20260801-AAA,line_01,pcb1,2026-08-01,2026-08-01 08:21:24,EQ-01-A,1,0,day,01,L01AAA100044,2026-08-01 08:21:24,2026-08-01 08:23:24,1,0.421,OK,0000,0.86,OK,0000
LOT-20260801-AAA,line_01,pcb1,2026-08-01,2026-08-01 08:21:55,EQ-01-A,1,0,day,01,L01AAA100045,2026-08-01 08:21:55,2026-08-01 08:23:57,2,0.515,OK,0000,0.88,OK,0000
LOT-20260801-AAA,line_01,pcb1,2026-08-01,2026-08-01 08:22:16,EQ-01-A,1,0,day,01,L01AAA100046,2026-08-01 08:22:16,2026-08-01 08:24:12,2,0.395,OK,0000,0.83,OK,0000
LOT-20260801-AAA,line_01,pcb1,2026-08-01,2026-08-01 08:22:51,EQ-01-A,1,1,day,01,L01AAA100047,2026-08-01 08:22:51,2026-08-01 08:24:52,1,0.441,RE,ESA7,1.1,NG,ESA7
LOT-20260801-AAA,line_01,pcb1,2026-08-01,2026-08-01 08:23:27,EQ-01-A,1,0,day,01,L01AAA100048,2026-08-01 08:23:27,2026-08-01 08:25:25,1,0.544,OK,0000,0.85,OK,0000
LOT-20260801-AAA,line_01,pcb1,2026-08-01,2026-08-01 08:23:57,EQ-01-A,1,0,day,01,L01AAA100049,2026-08-01 08:23:57,2026-08-01 08:25:59,1,0.501,OK,0000,0.83,OK,0000
LOT-20260801-AAA,line_01,pcb1,2026-08-01,2026-08-01 08:24:21,EQ-01-A,1,0,day,01,L01AAA100050,2026-08-01 08:24:21,2026-08-01 08:26:23,2,0.288,OK,0000,0.82,OK,0000
LOT-20260801-AAA,line_01,pcb1,2026-08-01,2026-08-01 08:24:51,EQ-01-A,1,0,day,01,L01AAA100051,2026-08-01 08:24:51,2026-08-01 08:26:46,1,0.449,OK,0000,0.81,OK,0000
LOT-20260801-AAA,line_01,pcb1,2026-08-01,2026-08-01 08:25:25,EQ-01-A,1,0,day,01,L01AAA100052,2026-08-01 08:25:25,2026-08-01 08:27:22,2,0.476,OK,0000,0.86,OK,0000
LOT-20260801-AAA,line_01,pcb1,2026-08-01,2026-08-01 08:26:00,EQ-01-A,1,0,day,01,L01AAA100053,2026-08-01 08:26:00,2026-08-01 08:28:01,1,0.783,OK,0000,0.85,OK,0000
LOT-20260801-AAA,line_01,pcb1,2026-08-01,2026-08-01 08:26:40,EQ-01-A,1,0,day,01,L01AAA100054,2026-08-01 08:26:40,2026-08-01 08:28:35,2,0.539,OK,0000,0.84,OK,0000
LOT-20260801-AAA,line_01,pcb1,2026-08-01,2026-08-01 08:27:01,EQ-01-A,1,0,day,01,L01AAA100055,2026-08-01 08:27:01,2026-08-01 08:29:01,1,0.212,OK,0000,0.84,OK,0000
LOT-20260801-AAA,line_01,pcb1,2026-08-01,2026-08-01 08:27:37,EQ-01-A,1,0,day,01,L01AAA100056,2026-08-01 08:27:37,2026-08-01 08:29:35,2,0.509,OK,0000,0.94,OK,0000
LOT-20260801-AAA,line_01,pcb1,2026-08-01,2026-08-01 08:28:04,EQ-01-A,1,0,day,01,L01AAA100057,2026-08-01 08:28:04,2026-08-01 08:30:05,2,0.471,OK,0000,0.85,OK,0000
LOT-20260801-AAA,line_01,pcb1,2026-08-01,2026-08-01 08:28:40,EQ-01-A,1,0,day,01,L01AAA100058,2026-08-01 08:28:40,2026-08-01 08:30:39,1,0.495,OK,0000,0.8,OK,0000
LOT-20260801-AAA,line_01,pcb1,2026-08-01,2026-08-01 08:29:09,EQ-01-A,1,0,day,01,L01AAA100059,2026-08-01 08:29:09,2026-08-01 08:31:10,1,0.671,OK,0000,0.87,OK,0000
LOT-20260801-AAA,line_01,pcb1,2026-08-01,2026-08-01 08:29:33,EQ-01-A,1,0,day,01,L01AAA100060,2026-08-01 08:29:33,2026-08-01 08:31:31,2,0.619,OK,0000,0.8,OK,0000
LOT-20260801-AAA,line_01,pcb1,2026-08-01,2026-08-01 08:29:58,EQ-01-A,1,0,day,01,L01AAA100061,2026-08-01 08:29:58,2026-08-01 08:31:56,2,0.71,OK,0000,0.8,OK,0000
LOT-20260801-AAA,line_01,pcb1,2026-08-01,2026-08-01 08:30:25,EQ-01-A,1,0,day,01,L01AAA100062,2026-08-01 08:30:25,2026-08-01 08:32:29,1,0.588,OK,0000,0.93,OK,0000
LOT-20260801-AAA,line_01,pcb1,2026-08-01,2026-08-01 08:31:01,EQ-01-A,1,0,day,01,L01AAA100063,2026-08-01 08:31:01,2026-08-01 08:32:56,2,0.351,OK,0000,0.82,OK,0000
LOT-20260801-AAA,line_01,pcb1,2026-08-01,2026-08-01 08:31:33,EQ-01-A,1,0,day,01,L01AAA100064,2026-08-01 08:31:33,2026-08-01 08:33:28,2,0.515,OK,0000,0.82,OK,0000
LOT-20260801-AAA,line_01,pcb1,2026-08-01,2026-08-01 08:32:12,EQ-01-A,1,0,day,01,L01AAA100065,2026-08-01 08:32:12,2026-08-01 08:34:07,2,0.267,OK,0000,0.84,OK,0000
LOT-20260801-AAA,line_01,pcb1,2026-08-01,2026-08-01 08:32:33,EQ-01-A,1,0,day,01,L01AAA100066,2026-08-01 08:32:33,2026-08-01 08:34:36,1,0.341,OK,0000,0.86,OK,0000
LOT-20260801-AAA,line_01,pcb1,2026-08-01,2026-08-01 08:33:01,EQ-01-A,1,0,day,01,L01AAA100067,2026-08-01 08:33:01,2026-08-01 08:35:06,1,0.362,OK,0000,0.9,OK,0000
LOT-20260801-AAA,line_01,pcb1,2026-08-01,2026-08-01 08:33:21,EQ-01-A,1,0,day,01,L01AAA100068,2026-08-01 08:33:21,2026-08-01 08:35:20,2,0.383,OK,0000,0.83,OK,0000
LOT-20260801-AAA,line_01,pcb1,2026-08-01,2026-08-01 08:34:00,EQ-01-A,1,0,day,01,L01AAA100069,2026-08-01 08:34:00,2026-08-01 08:35:56,2,0.622,OK,0000,0.8,OK,0000
LOT-20260801-AAA,line_01,pcb1,2026-08-01,2026-08-01 08:34:36,EQ-01-A,1,0,day,01,L01AAA100070,2026-08-01 08:34:36,2026-08-01 08:36:32,1,0.534,OK,0000,0.89,OK,0000
LOT-20260801-AAA,line_01,pcb1,2026-08-01,2026-08-01 08:35:11,EQ-01-A,1,0,day,01,L01AAA100071,2026-08-01 08:35:11,2026-08-01 08:37:14,1,0.259,OK,0000,0.85,OK,0000
LOT-20260801-AAA,line_01,pcb1,2026-08-01,2026-08-01 08:35:37,EQ-01-A,1,0,day,01,L01AAA100072,2026-08-01 08:35:37,2026-08-01 08:37:40,2,0.539,OK,0000,0.87,OK,0000
LOT-20260801-AAA,line_01,pcb1,2026-08-01,2026-08-01 08:36:12,EQ-01-A,1,0,day,01,L01AAA100073,2026-08-01 08:36:12,2026-08-01 08:38:10,1,0.314,OK,0000,0.8,OK,0000
LOT-20260801-AAA,line_01,pcb1,2026-08-01,2026-08-01 08:36:32,EQ-01-A,1,0,day,01,L01AAA100074,2026-08-01 08:36:32,2026-08-01 08:38:36,1,0.578,OK,0000,0.85,OK,0000
LOT-20260801-AAA,line_01,pcb1,2026-08-01,2026-08-01 08:37:07,EQ-01-A,1,0,day,01,L01AAA100075,2026-08-01 08:37:07,2026-08-01 08:39:03,2,0.538,OK,0000,0.85,OK,0000
LOT-20260801-AAA,line_01,pcb1,2026-08-01,2026-08-01 08:37:35,EQ-01-A,1,0,day,01,L01AAA100076,2026-08-01 08:37:35,2026-08-01 08:39:34,1,0.398,OK,0000,0.85,OK,0000
LOT-20260801-AAA,line_01,pcb1,2026-08-01,2026-08-01 08:38:09,EQ-01-A,1,0,day,01,L01AAA100077,2026-08-01 08:38:09,2026-08-01 08:40:08,2,0.544,OK,0000,0.81,OK,0000
LOT-20260801-AAA,line_01,pcb1,2026-08-01,2026-08-01 08:38:40,EQ-01-A,1,0,day,01,L01AAA100078,2026-08-01 08:38:40,2026-08-01 08:40:36,1,0.78,OK,0000,0.86,OK,0000
LOT-20260801-AAA,line_01,pcb1,2026-08-01,2026-08-01 08:39:01,EQ-01-A,1,0,day,01,L01AAA100079,2026-08-01 08:39:01,2026-08-01 08:41:01,2,0.321,OK,0000,0.87,OK,0000
LOT-20260801-AAA,line_01,pcb1,2026-08-01,2026-08-01 08:39:32,EQ-01-A,1,0,day,01,L01AAA100080,2026-08-01 08:39:32,2026-08-01 08:41:28,2,0.354,OK,0000,0.87,OK,0000
LOT-20260801-AAA,line_01,pcb1,2026-08-01,2026-08-01 08:40:03,EQ-01-A,1,0,day,01,L01AAA100081,2026-08-01 08:40:03,2026-08-01 08:42:05,2,0.674,OK,0000,0.81,OK,0000
LOT-20260801-AAA,line_01,pcb1,2026-08-01,2026-08-01 08:40:31,EQ-01-A,1,0,day,01,L01AAA100082,2026-08-01 08:40:31,2026-08-01 08:42:32,2,0.645,OK,0000,0.86,OK,0000
LOT-20260801-AAA,line_01,pcb1,2026-08-01,2026-08-01 08:41:11,EQ-01-A,1,0,day,01,L01AAA100083,2026-08-01 08:41:11,2026-08-01 08:43:06,1,0.623,OK,0000,0.92,OK,0000
LOT-20260801-AAA,line_01,pcb1,2026-08-01,2026-08-01 08:41:36,EQ-01-A,1,0,day,01,L01AAA100084,2026-08-01 08:41:36,2026-08-01 08:43:40,1,0.463,OK,0000,0.81,OK,0000
LOT-20260801-AAA,line_01,pcb1,2026-08-01,2026-08-01 08:42:10,EQ-01-A,1,0,day,01,L01AAA100085,2026-08-01 08:42:10,2026-08-01 08:44:05,1,0.367,OK,0000,0.81,OK,0000
LOT-20260801-AAA,line_01,pcb1,2026-08-01,2026-08-01 08:42:34,EQ-01-A,1,0,day,01,L01AAA100086,2026-08-01 08:42:34,2026-08-01 08:44:36,1,0.488,RE,ESA8,1.28,OK,0000
LOT-20260801-AAA,line_01,pcb1,2026-08-01,2026-08-01 08:42:55,EQ-01-A,1,0,day,01,L01AAA100087,2026-08-01 08:42:55,2026-08-01 08:44:59,1,0.542,OK,0000,0.87,OK,0000
LOT-20260801-AAA,line_01,pcb1,2026-08-01,2026-08-01 08:43:33,EQ-01-A,1,0,day,01,L01AAA100088,2026-08-01 08:43:33,2026-08-01 08:45:36,2,0.502,OK,0000,0.9,OK,0000
LOT-20260801-AAA,line_01,pcb1,2026-08-01,2026-08-01 08:44:09,EQ-01-A,1,0,day,01,L01AAA100089,2026-08-01 08:44:09,2026-08-01 08:46:07,1,0.46,OK,0000,0.95,OK,0000
LOT-20260801-AAA,line_01,pcb1,2026-08-01,2026-08-01 08:44:44,EQ-01-A,1,0,day,01,L01AAA100090,2026-08-01 08:44:44,2026-08-01 08:46:47,1,0.594,OK,0000,0.81,OK,0000
LOT-20260801-AAA,line_01,pcb1,2026-08-01,2026-08-01 08:45:23,EQ-01-A,1,1,day,01,L01AAA100091,2026-08-01 08:45:23,2026-08-01 08:47:25,2,0.339,RE,ESA5,1.3,NG,ESA5
LOT-20260801-AAA,line_01,pcb1,2026-08-01,2026-08-01 08:45:58,EQ-01-A,1,0,day,01,L01AAA100092,2026-08-01 08:45:58,2026-08-01 08:47:57,2,0.466,OK,0000,0.87,OK,0000
LOT-20260801-AAA,line_01,pcb1,2026-08-01,2026-08-01 08:46:19,EQ-01-A,1,0,day,01,L01AAA100093,2026-08-01 08:46:19,2026-08-01 08:48:17,1,0.571,OK,0000,0.84,OK,0000
LOT-20260801-AAA,line_01,pcb1,2026-08-01,2026-08-01 08:46:41,EQ-01-A,1,0,day,01,L01AAA100094,2026-08-01 08:46:41,2026-08-01 08:48:43,1,0.373,OK,0000,0.8,OK,0000
LOT-20260801-AAA,line_01,pcb1,2026-08-01,2026-08-01 08:47:15,EQ-01-A,1,1,day,01,L01AAA100095,2026-08-01 08:47:15,2026-08-01 08:49:10,1,0.433,RE,ESA5,1.34,NG,ESA5
LOT-20260801-AAA,line_01,pcb1,2026-08-01,2026-08-01 08:47:38,EQ-01-A,1,0,day,01,L01AAA100096,2026-08-01 08:47:38,2026-08-01 08:49:42,2,0.532,OK,0000,0.8,OK,0000
LOT-20260801-AAA,line_01,pcb1,2026-08-01,2026-08-01 08:48:17,EQ-01-A,1,0,day,01,L01AAA100097,2026-08-01 08:48:17,2026-08-01 08:50:22,2,0.526,OK,0000,0.86,OK,0000
LOT-20260801-AAA,line_01,pcb1,2026-08-01,2026-08-01 08:48:51,EQ-01-A,1,0,day,01,L01AAA100098,2026-08-01 08:48:51,2026-08-01 08:50:49,1,0.367,OK,0000,0.85,OK,0000
LOT-20260801-AAA,line_01,pcb1,2026-08-01,2026-08-01 08:49:25,EQ-01-A,1,0,day,01,L01AAA100099,2026-08-01 08:49:25,2026-08-01 08:51:30,2,0.509,OK,0000,0.8,OK,0000
LOT-20260801-AAA,line_01,pcb1,2026-08-01,2026-08-01 08:49:56,EQ-01-A,1,0,day,01,L01AAA100100,2026-08-01 08:49:56,2026-08-01 08:51:54,1,0.554,OK,0000,0.86,OK,0000
LOT-20260801-AAA,line_01,pcb1,2026-08-01,2026-08-01 08:50:16,EQ-01-A,1,0,day,01,L01AAA100101,2026-08-01 08:50:16,2026-08-01 08:52:15,2,0.662,RE,ESA2,1.36,OK,0000
LOT-20260801-AAA,line_01,pcb1,2026-08-01,2026-08-01 08:50:53,EQ-01-A,1,0,day,01,L01AAA100102,2026-08-01 08:50:53,2026-08-01 08:52:54,1,0.293,OK,0000,0.8,OK,0000
LOT-20260801-AAA,line_01,pcb1,2026-08-01,2026-08-01 08:51:16,EQ-01-A,1,0,day,01,L01AAA100103,2026-08-01 08:51:16,2026-08-01 08:53:17,1,0.577,OK,0000,0.86,OK,0000
LOT-20260801-AAA,line_01,pcb1,2026-08-01,2026-08-01 08:51:42,EQ-01-A,1,0,day,01,L01AAA100104,2026-08-01 08:51:42,2026-08-01 08:53:38,1,0.577,OK,0000,0.99,OK,0000
LOT-20260801-AAB,line_02,pcb2,2026-08-01,2026-08-01 08:00:00,EQ-02-A,1,0,day,02,L02AAB100001,2026-08-01 08:00:00,2026-08-01 08:01:56,1,0.643,OK,0000,0.87,OK,0000
LOT-20260801-AAB,line_02,pcb2,2026-08-01,2026-08-01 08:00:34,EQ-02-A,1,1,day,02,L02AAB100002,2026-08-01 08:00:34,2026-08-01 08:02:36,2,0.453,NG,ESA5,1.88,NG,ESA5
LOT-20260801-AAB,line_02,pcb2,2026-08-01,2026-08-01 08:00:54,EQ-02-A,1,0,day,02,L02AAB100003,2026-08-01 08:00:54,2026-08-01 08:02:56,2,0.384,OK,0000,0.83,OK,0000
LOT-20260801-AAB,line_02,pcb2,2026-08-01,2026-08-01 08:01:30,EQ-02-A,1,0,day,02,L02AAB100004,2026-08-01 08:01:30,2026-08-01 08:03:27,1,0.427,OK,0000,0.84,OK,0000
LOT-20260801-AAB,line_02,pcb2,2026-08-01,2026-08-01 08:01:54,EQ-02-A,1,0,day,02,L02AAB100005,2026-08-01 08:01:54,2026-08-01 08:03:54,2,0.847,OK,0000,0.8,OK,0000
LOT-20260801-AAB,line_02,pcb2,2026-08-01,2026-08-01 08:02:30,EQ-02-A,1,0,day,02,L02AAB100006,2026-08-01 08:02:30,2026-08-01 08:04:28,1,0.603,OK,0000,0.8,OK,0000
LOT-20260801-AAB,line_02,pcb2,2026-08-01,2026-08-01 08:02:58,EQ-02-A,1,0,day,02,L02AAB100007,2026-08-01 08:02:58,2026-08-01 08:04:55,1,0.429,OK,0000,0.88,OK,0000
LOT-20260801-AAB,line_02,pcb2,2026-08-01,2026-08-01 08:03:22,EQ-02-A,1,0,day,02,L02AAB100008,2026-08-01 08:03:22,2026-08-01 08:05:21,2,0.51,OK,0000,0.8,OK,0000
LOT-20260801-AAB,line_02,pcb2,2026-08-01,2026-08-01 08:03:59,EQ-02-A,1,0,day,02,L02AAB100009,2026-08-01 08:03:59,2026-08-01 08:06:04,1,0.393,OK,0000,0.87,OK,0000
LOT-20260801-AAB,line_02,pcb2,2026-08-01,2026-08-01 08:04:25,EQ-02-A,1,0,day,02,L02AAB100010,2026-08-01 08:04:25,2026-08-01 08:06:25,2,0.39,OK,0000,0.85,OK,0000
LOT-20260801-AAB,line_02,pcb2,2026-08-01,2026-08-01 08:04:49,EQ-02-A,1,0,day,02,L02AAB100011,2026-08-01 08:04:49,2026-08-01 08:06:52,2,0.507,OK,0000,0.81,OK,0000
LOT-20260801-AAB,line_02,pcb2,2026-08-01,2026-08-01 08:05:26,EQ-02-A,1,0,day,02,L02AAB100012,2026-08-01 08:05:26,2026-08-01 08:07:26,1,0.822,OK,0000,0.87,OK,0000
LOT-20260801-AAB,line_02,pcb2,2026-08-01,2026-08-01 08:06:03,EQ-02-A,1,0,day,02,L02AAB100013,2026-08-01 08:06:03,2026-08-01 08:08:04,1,0.196,OK,0000,0.85,OK,0000
LOT-20260801-AAB,line_02,pcb2,2026-08-01,2026-08-01 08:06:40,EQ-02-A,1,0,day,02,L02AAB100014,2026-08-01 08:06:40,2026-08-01 08:08:43,1,0.401,OK,0000,0.87,OK,0000
LOT-20260801-AAB,line_02,pcb2,2026-08-01,2026-08-01 08:07:03,EQ-02-A,1,0,day,02,L02AAB100015,2026-08-01 08:07:03,2026-08-01 08:09:01,2,0.381,OK,0000,0.84,OK,0000
LOT-20260801-AAB,line_02,pcb2,2026-08-01,2026-08-01 08:07:31,EQ-02-A,1,0,day,02,L02AAB100016,2026-08-01 08:07:31,2026-08-01 08:09:30,2,0.576,OK,0000,0.87,OK,0000
LOT-20260801-AAB,line_02,pcb2,2026-08-01,2026-08-01 08:07:55,EQ-02-A,1,0,day,02,L02AAB100017,2026-08-01 08:07:55,2026-08-01 08:09:58,1,0.32,OK,0000,0.83,OK,0000
LOT-20260801-AAB,line_02,pcb2,2026-08-01,2026-08-01 08:08:16,EQ-02-A,1,0,day,02,L02AAB100018,2026-08-01 08:08:16,2026-08-01 08:10:21,2,0.429,OK,0000,0.81,OK,0000
LOT-20260801-AAB,line_02,pcb2,2026-08-01,2026-08-01 08:08:53,EQ-02-A,1,0,day,02,L02AAB100019,2026-08-01 08:08:53,2026-08-01 08:10:51,2,0.765,OK,0000,0.86,OK,0000
LOT-20260801-AAB,line_02,pcb2,2026-08-01,2026-08-01 08:09:29,EQ-02-A,1,0,day,02,L02AAB100020,2026-08-01 08:09:29,2026-08-01 08:11:34,2,0.311,OK,0000,0.88,OK,0000
LOT-20260801-AAB,line_02,pcb2,2026-08-01,2026-08-01 08:09:50,EQ-02-A,1,1,day,02,L02AAB100021,2026-08-01 08:09:50,2026-08-01 08:11:55,2,0.818,RE,ESA6,1.35,NG,ESA6
LOT-20260801-AAB,line_02,pcb2,2026-08-01,2026-08-01 08:10:20,EQ-02-A,1,0,day,02,L02AAB100022,2026-08-01 08:10:20,2026-08-01 08:12:22,2,0.272,OK,0000,0.82,OK,0000
LOT-20260801-AAB,line_02,pcb2,2026-08-01,2026-08-01 08:10:47,EQ-02-A,1,0,day,02,L02AAB100023,2026-08-01 08:10:47,2026-08-01 08:12:51,2,0.69,OK,0000,0.81,OK,0000
LOT-20260801-AAB,line_02,pcb2,2026-08-01,2026-08-01 08:11:24,EQ-02-A,1,0,day,02,L02AAB100024,2026-08-01 08:11:24,2026-08-01 08:13:22,1,0.567,OK,0000,0.87,OK,0000
LOT-20260801-AAB,line_02,pcb2,2026-08-01,2026-08-01 08:11:53,EQ-02-A,1,1,day,02,L02AAB100025,2026-08-01 08:11:53,2026-08-01 08:13:50,1,0.361,RE,ESA5,1.24,NG,ESA5
LOT-20260801-AAB,line_02,pcb2,2026-08-01,2026-08-01 08:12:29,EQ-02-A,1,1,day,02,L02AAB100026,2026-08-01 08:12:29,2026-08-01 08:14:26,2,0.014,RE,ESA5,1.15,NG,ESA5
LOT-20260801-AAB,line_02,pcb2,2026-08-01,2026-08-01 08:13:07,EQ-02-A,1,0,day,02,L02AAB100027,2026-08-01 08:13:07,2026-08-01 08:15:02,2,0.462,OK,0000,0.8,OK,0000
LOT-20260801-AAB,line_02,pcb2,2026-08-01,2026-08-01 08:13:31,EQ-02-A,1,0,day,02,L02AAB100028,2026-08-01 08:13:31,2026-08-01 08:15:36,2,0.745,OK,0000,0.8,OK,0000
LOT-20260801-AAB,line_02,pcb2,2026-08-01,2026-08-01 08:14:10,EQ-02-A,1,0,day,02,L02AAB100029,2026-08-01 08:14:10,2026-08-01 08:16:13,1,0.434,OK,0000,0.85,OK,0000
LOT-20260801-AAB,line_02,pcb2,2026-08-01,2026-08-01 08:14:41,EQ-02-A,1,0,day,02,L02AAB100030,2026-08-01 08:14:41,2026-08-01 08:16:38,1,0.716,OK,0000,0.8,OK,0000
LOT-20260801-AAB,line_02,pcb2,2026-08-01,2026-08-01 08:15:17,EQ-02-A,1,0,day,02,L02AAB100031,2026-08-01 08:15:17,2026-08-01 08:17:20,1,0.674,OK,0000,0.84,OK,0000
LOT-20260801-AAB,line_02,pcb2,2026-08-01,2026-08-01 08:15:49,EQ-02-A,1,0,day,02,L02AAB100032,2026-08-01 08:15:49,2026-08-01 08:17:49,1,0.353,OK,0000,0.86,OK,0000
LOT-20260801-AAB,line_02,pcb2,2026-08-01,2026-08-01 08:16:19,EQ-02-A,1,0,day,02,L02AAB100033,2026-08-01 08:16:19,2026-08-01 08:18:22,2,0.53,OK,0000,0.82,OK,0000
LOT-20260801-AAB,line_02,pcb2,2026-08-01,2026-08-01 08:16:54,EQ-02-A,1,0,day,02,L02AAB100034,2026-08-01 08:16:54,2026-08-01 08:18:49,2,0.51,OK,0000,0.82,OK,0000
LOT-20260801-AAB,line_02,pcb2,2026-08-01,2026-08-01 08:17:17,EQ-02-A,1,1,day,02,L02AAB100035,2026-08-01 08:17:17,2026-08-01 08:19:21,1,0.517,RE,ESA6,1.32,NG,ESA6
LOT-20260801-AAB,line_02,pcb2,2026-08-01,2026-08-01 08:17:56,EQ-02-A,1,0,day,02,L02AAB100036,2026-08-01 08:17:56,2026-08-01 08:19:52,1,0.738,RE,ESA5,1.13,OK,0000
LOT-20260801-AAB,line_02,pcb2,2026-08-01,2026-08-01 08:18:28,EQ-02-A,1,1,day,02,L02AAB100037,2026-08-01 08:18:28,2026-08-01 08:20:31,1,0.82,RE,ESA6,1.05,NG,ESA6
LOT-20260801-AAB,line_02,pcb2,2026-08-01,2026-08-01 08:19:04,EQ-02-A,1,0,day,02,L02AAB100038,2026-08-01 08:19:04,2026-08-01 08:21:07,2,0.477,OK,0000,0.86,OK,0000
LOT-20260801-AAB,line_02,pcb2,2026-08-01,2026-08-01 08:19:26,EQ-02-A,1,1,day,02,L02AAB100039,2026-08-01 08:19:26,2026-08-01 08:21:29,1,0.542,RE,ESA6,1.19,NG,ESA6
LOT-20260801-AAB,line_02,pcb2,2026-08-01,2026-08-01 08:20:03,EQ-02-A,1,0,day,02,L02AAB100040,2026-08-01 08:20:03,2026-08-01 08:22:08,2,0.469,OK,0000,0.82,OK,0000
LOT-20260801-AAB,line_02,pcb2,2026-08-01,2026-08-01 08:20:36,EQ-02-A,1,1,day,02,L02AAB100041,2026-08-01 08:20:36,2026-08-01 08:22:37,2,0.412,RE,ESA6,1.33,NG,ESA6
LOT-20260801-AAB,line_02,pcb2,2026-08-01,2026-08-01 08:21:16,EQ-02-A,1,1,day,02,L02AAB100042,2026-08-01 08:21:16,2026-08-01 08:23:16,1,0.554,RE,ESA6,1.18,NG,ESA6
LOT-20260801-AAB,line_02,pcb2,2026-08-01,2026-08-01 08:21:37,EQ-02-A,1,0,day,02,L02AAB100043,2026-08-01 08:21:37,2026-08-01 08:23:41,2,0.635,OK,0000,0.85,OK,0000
LOT-20260801-AAB,line_02,pcb2,2026-08-01,2026-08-01 08:22:04,EQ-02-A,1,0,day,02,L02AAB100044,2026-08-01 08:22:04,2026-08-01 08:24:05,1,0.622,OK,0000,0.87,OK,0000
LOT-20260801-AAB,line_02,pcb2,2026-08-01,2026-08-01 08:22:37,EQ-02-A,1,1,day,02,L02AAB100045,2026-08-01 08:22:37,2026-08-01 08:24:32,2,0.376,RE,ESA7,1.19,NG,ESA7
LOT-20260801-AAB,line_02,pcb2,2026-08-01,2026-08-01 08:23:17,EQ-02-A,1,0,day,02,L02AAB100046,2026-08-01 08:23:17,2026-08-01 08:25:13,2,0.612,OK,0000,0.86,OK,0000
LOT-20260801-AAB,line_02,pcb2,2026-08-01,2026-08-01 08:23:48,EQ-02-A,1,0,day,02,L02AAB100047,2026-08-01 08:23:48,2026-08-01 08:25:47,1,0.497,OK,0000,0.84,OK,0000
LOT-20260801-AAB,line_02,pcb2,2026-08-01,2026-08-01 08:24:27,EQ-02-A,1,0,day,02,L02AAB100048,2026-08-01 08:24:27,2026-08-01 08:26:28,1,0.692,OK,0000,0.82,OK,0000
LOT-20260801-AAB,line_02,pcb2,2026-08-01,2026-08-01 08:24:47,EQ-02-A,1,0,day,02,L02AAB100049,2026-08-01 08:24:47,2026-08-01 08:26:48,1,0.582,OK,0000,0.83,OK,0000
LOT-20260801-AAB,line_02,pcb2,2026-08-01,2026-08-01 08:25:24,EQ-02-A,1,1,day,02,L02AAB100050,2026-08-01 08:25:24,2026-08-01 08:27:29,2,0.467,RE,ESA5,1.36,NG,ESA5
LOT-20260801-AAB,line_02,pcb2,2026-08-01,2026-08-01 08:25:55,EQ-02-A,1,0,day,02,L02AAB100051,2026-08-01 08:25:55,2026-08-01 08:27:50,2,0.624,OK,0000,0.87,OK,0000
LOT-20260801-AAB,line_02,pcb2,2026-08-01,2026-08-01 08:26:15,EQ-02-A,1,0,day,02,L02AAB100052,2026-08-01 08:26:15,2026-08-01 08:28:11,1,0.696,OK,0000,0.84,OK,0000
LOT-20260801-AAB,line_02,pcb2,2026-08-01,2026-08-01 08:26:44,EQ-02-A,1,0,day,02,L02AAB100053,2026-08-01 08:26:44,2026-08-01 08:28:42,2,0.602,OK,0000,0.83,OK,0000
LOT-20260801-AAB,line_02,pcb2,2026-08-01,2026-08-01 08:27:17,EQ-02-A,1,0,day,02,L02AAB100054,2026-08-01 08:27:17,2026-08-01 08:29:14,2,0.549,OK,0000,0.83,OK,0000
LOT-20260801-AAB,line_02,pcb2,2026-08-01,2026-08-01 08:27:44,EQ-02-A,1,0,day,02,L02AAB100055,2026-08-01 08:27:44,2026-08-01 08:29:49,2,0.515,OK,0000,0.86,OK,0000
LOT-20260801-AAB,line_02,pcb2,2026-08-01,2026-08-01 08:28:22,EQ-02-A,1,1,day,02,L02AAB100056,2026-08-01 08:28:22,2026-08-01 08:30:25,2,0.377,RE,ESA5,1.46,NG,ESA5
LOT-20260801-AAB,line_02,pcb2,2026-08-01,2026-08-01 08:28:56,EQ-02-A,1,0,day,02,L02AAB100057,2026-08-01 08:28:56,2026-08-01 08:30:54,1,0.349,OK,0000,0.8,OK,0000
LOT-20260801-AAB,line_02,pcb2,2026-08-01,2026-08-01 08:29:34,EQ-02-A,1,0,day,02,L02AAB100058,2026-08-01 08:29:34,2026-08-01 08:31:39,1,0.674,OK,0000,0.87,OK,0000
LOT-20260801-AAB,line_02,pcb2,2026-08-01,2026-08-01 08:30:01,EQ-02-A,1,0,day,02,L02AAB100059,2026-08-01 08:30:01,2026-08-01 08:32:01,1,0.594,OK,0000,0.87,OK,0000
LOT-20260801-AAB,line_02,pcb2,2026-08-01,2026-08-01 08:30:36,EQ-02-A,1,0,day,02,L02AAB100060,2026-08-01 08:30:36,2026-08-01 08:32:40,2,0.498,OK,0000,0.8,OK,0000
LOT-20260801-AAB,line_02,pcb2,2026-08-01,2026-08-01 08:31:00,EQ-02-A,1,0,day,02,L02AAB100061,2026-08-01 08:31:00,2026-08-01 08:33:01,1,0.511,OK,0000,0.81,OK,0000
LOT-20260801-AAB,line_02,pcb2,2026-08-01,2026-08-01 08:31:25,EQ-02-A,1,0,day,02,L02AAB100062,2026-08-01 08:31:25,2026-08-01 08:33:30,1,0.646,OK,0000,0.83,OK,0000
LOT-20260801-AAB,line_02,pcb2,2026-08-01,2026-08-01 08:31:58,EQ-02-A,1,0,day,02,L02AAB100063,2026-08-01 08:31:58,2026-08-01 08:33:58,1,0.376,OK,0000,0.83,OK,0000
LOT-20260801-AAB,line_02,pcb2,2026-08-01,2026-08-01 08:32:33,EQ-02-A,1,0,day,02,L02AAB100064,2026-08-01 08:32:33,2026-08-01 08:34:36,1,0.562,OK,0000,0.82,OK,0000
LOT-20260801-AAB,line_02,pcb2,2026-08-01,2026-08-01 08:32:56,EQ-02-A,1,0,day,02,L02AAB100065,2026-08-01 08:32:56,2026-08-01 08:34:53,1,0.377,OK,0000,0.85,OK,0000
LOT-20260801-AAB,line_02,pcb2,2026-08-01,2026-08-01 08:33:33,EQ-02-A,1,0,day,02,L02AAB100066,2026-08-01 08:33:33,2026-08-01 08:35:29,2,0.537,OK,0000,0.82,OK,0000
LOT-20260801-AAB,line_02,pcb2,2026-08-01,2026-08-01 08:33:53,EQ-02-A,1,0,day,02,L02AAB100067,2026-08-01 08:33:53,2026-08-01 08:35:57,2,0.429,RE,ESA8,1.27,OK,0000
LOT-20260801-AAB,line_02,pcb2,2026-08-01,2026-08-01 08:34:25,EQ-02-A,1,0,day,02,L02AAB100068,2026-08-01 08:34:25,2026-08-01 08:36:27,2,0.283,OK,0000,0.8,OK,0000
LOT-20260801-AAB,line_02,pcb2,2026-08-01,2026-08-01 08:35:05,EQ-02-A,1,0,day,02,L02AAB100069,2026-08-01 08:35:05,2026-08-01 08:37:09,1,0.392,OK,0000,0.83,OK,0000
LOT-20260801-AAB,line_02,pcb2,2026-08-01,2026-08-01 08:35:34,EQ-02-A,1,0,day,02,L02AAB100070,2026-08-01 08:35:34,2026-08-01 08:37:34,1,0.547,OK,0000,0.9,OK,0000
LOT-20260801-AAB,line_02,pcb2,2026-08-01,2026-08-01 08:36:10,EQ-02-A,1,0,day,02,L02AAB100071,2026-08-01 08:36:10,2026-08-01 08:38:14,2,0.629,OK,0000,0.83,OK,0000
LOT-20260801-AAB,line_02,pcb2,2026-08-01,2026-08-01 08:36:35,EQ-02-A,1,0,day,02,L02AAB100072,2026-08-01 08:36:35,2026-08-01 08:38:39,2,0.497,OK,0000,0.8,OK,0000
LOT-20260801-AAB,line_02,pcb2,2026-08-01,2026-08-01 08:37:13,EQ-02-A,1,0,day,02,L02AAB100073,2026-08-01 08:37:13,2026-08-01 08:39:15,1,0.497,OK,0000,0.83,OK,0000
LOT-20260801-AAB,line_02,pcb2,2026-08-01,2026-08-01 08:37:44,EQ-02-A,1,0,day,02,L02AAB100074,2026-08-01 08:37:44,2026-08-01 08:39:43,1,0.548,OK,0000,0.81,OK,0000
LOT-20260801-AAB,line_02,pcb2,2026-08-01,2026-08-01 08:38:15,EQ-02-A,1,0,day,02,L02AAB100075,2026-08-01 08:38:15,2026-08-01 08:40:15,1,0.578,NG,ESA5,1.95,OK,0000
LOT-20260801-AAB,line_02,pcb2,2026-08-01,2026-08-01 08:38:47,EQ-02-A,1,0,day,02,L02AAB100076,2026-08-01 08:38:47,2026-08-01 08:40:43,2,0.484,OK,0000,0.86,OK,0000
LOT-20260801-AAB,line_02,pcb2,2026-08-01,2026-08-01 08:39:23,EQ-02-A,1,0,day,02,L02AAB100077,2026-08-01 08:39:23,2026-08-01 08:41:27,2,0.604,OK,0000,0.82,OK,0000
LOT-20260801-AAB,line_02,pcb2,2026-08-01,2026-08-01 08:40:00,EQ-02-A,1,1,day,02,L02AAB100078,2026-08-01 08:40:00,2026-08-01 08:42:04,2,0.534,RE,ESA3,1.25,NG,ESA7
LOT-20260801-AAB,line_02,pcb2,2026-08-01,2026-08-01 08:40:40,EQ-02-A,1,0,day,02,L02AAB100079,2026-08-01 08:40:40,2026-08-01 08:42:43,1,0.515,OK,0000,0.81,OK,0000
LOT-20260801-AAB,line_02,pcb2,2026-08-01,2026-08-01 08:41:12,EQ-02-A,1,0,day,02,L02AAB100080,2026-08-01 08:41:12,2026-08-01 08:43:14,1,0.504,OK,0000,0.86,OK,0000
LOT-20260801-AAB,line_02,pcb2,2026-08-01,2026-08-01 08:41:51,EQ-02-A,1,0,day,02,L02AAB100081,2026-08-01 08:41:51,2026-08-01 08:43:49,2,0.718,OK,0000,0.88,OK,0000
LOT-20260801-AAB,line_02,pcb2,2026-08-01,2026-08-01 08:42:13,EQ-02-A,1,0,day,02,L02AAB100082,2026-08-01 08:42:13,2026-08-01 08:44:10,2,0.823,OK,0000,0.81,OK,0000
LOT-20260801-AAB,line_02,pcb2,2026-08-01,2026-08-01 08:42:44,EQ-02-A,1,0,day,02,L02AAB100083,2026-08-01 08:42:44,2026-08-01 08:44:45,2,0.631,OK,0000,0.85,OK,0000
LOT-20260801-AAB,line_02,pcb2,2026-08-01,2026-08-01 08:43:14,EQ-02-A,1,0,day,02,L02AAB100084,2026-08-01 08:43:14,2026-08-01 08:45:12,1,0.828,RE,ESA2,1.17,OK,0000
LOT-20260801-AAB,line_02,pcb2,2026-08-01,2026-08-01 08:43:52,EQ-02-A,1,0,day,02,L02AAB100085,2026-08-01 08:43:52,2026-08-01 08:45:49,2,0.374,OK,0000,0.82,OK,0000
LOT-20260801-AAB,line_02,pcb2,2026-08-01,2026-08-01 08:44:32,EQ-02-A,1,0,day,02,L02AAB100086,2026-08-01 08:44:32,2026-08-01 08:46:29,2,0.181,OK,0000,0.82,OK,0000
LOT-20260801-AAB,line_02,pcb2,2026-08-01,2026-08-01 08:45:00,EQ-02-A,1,0,day,02,L02AAB100087,2026-08-01 08:45:00,2026-08-01 08:47:04,1,0.386,OK,0000,0.85,OK,0000
LOT-20260801-AAB,line_02,pcb2,2026-08-01,2026-08-01 08:45:40,EQ-02-A,1,0,day,02,L02AAB100088,2026-08-01 08:45:40,2026-08-01 08:47:39,1,0.551,OK,0000,0.92,OK,0000
LOT-20260801-AAB,line_02,pcb2,2026-08-01,2026-08-01 08:46:02,EQ-02-A,1,0,day,02,L02AAB100089,2026-08-01 08:46:02,2026-08-01 08:48:04,1,0.643,OK,0000,0.82,OK,0000
LOT-20260801-AAB,line_02,pcb2,2026-08-01,2026-08-01 08:46:27,EQ-02-A,1,0,day,02,L02AAB100090,2026-08-01 08:46:27,2026-08-01 08:48:31,2,0.365,OK,0000,0.86,OK,0000
LOT-20260801-AAB,line_02,pcb2,2026-08-01,2026-08-01 08:46:52,EQ-02-A,1,0,day,02,L02AAB100091,2026-08-01 08:46:52,2026-08-01 08:48:57,2,0.302,OK,0000,0.91,OK,0000
LOT-20260801-AAB,line_02,pcb2,2026-08-01,2026-08-01 08:47:22,EQ-02-A,1,1,day,02,L02AAB100092,2026-08-01 08:47:22,2026-08-01 08:49:23,1,0.677,RE,ESA7,1.2,NG,ESA7
LOT-20260801-AAB,line_02,pcb2,2026-08-01,2026-08-01 08:47:54,EQ-02-A,1,0,day,02,L02AAB100093,2026-08-01 08:47:54,2026-08-01 08:49:59,2,0.243,OK,0000,0.89,OK,0000
LOT-20260801-AAB,line_02,pcb2,2026-08-01,2026-08-01 08:48:27,EQ-02-A,1,0,day,02,L02AAB100094,2026-08-01 08:48:27,2026-08-01 08:50:31,1,0.483,OK,0000,0.89,OK,0000
LOT-20260801-AAB,line_02,pcb2,2026-08-01,2026-08-01 08:49:06,EQ-02-A,1,0,day,02,L02AAB100095,2026-08-01 08:49:06,2026-08-01 08:51:02,1,0.261,OK,0000,0.82,OK,0000
LOT-20260801-AAB,line_02,pcb2,2026-08-01,2026-08-01 08:49:28,EQ-02-A,1,0,day,02,L02AAB100096,2026-08-01 08:49:28,2026-08-01 08:51:23,1,0.501,OK,0000,0.84,OK,0000
LOT-20260801-AAB,line_02,pcb2,2026-08-01,2026-08-01 08:50:08,EQ-02-A,1,0,day,02,L02AAB100097,2026-08-01 08:50:08,2026-08-01 08:52:11,1,0.432,OK,0000,0.86,OK,0000
LOT-20260801-AAB,line_02,pcb2,2026-08-01,2026-08-01 08:50:41,EQ-02-A,1,0,day,02,L02AAB100098,2026-08-01 08:50:41,2026-08-01 08:52:42,2,0.34,OK,0000,0.83,OK,0000
LOT-20260801-AAB,line_02,pcb2,2026-08-01,2026-08-01 08:51:12,EQ-02-A,1,0,day,02,L02AAB100099,2026-08-01 08:51:12,2026-08-01 08:53:16,1,0.518,OK,0000,0.86,OK,0000
LOT-20260801-AAB,line_02,pcb2,2026-08-01,2026-08-01 08:51:35,EQ-02-A,1,0,day,02,L02AAB100100,2026-08-01 08:51:35,2026-08-01 08:53:31,2,0.607,OK,0000,0.8,OK,0000
LOT-20260801-AAB,line_02,pcb2,2026-08-01,2026-08-01 08:52:04,EQ-02-A,1,0,day,02,L02AAB100101,2026-08-01 08:52:04,2026-08-01 08:53:59,2,0.27,RE,ESA5,1.38,OK,0000
LOT-20260801-AAB,line_02,pcb2,2026-08-01,2026-08-01 08:52:24,EQ-02-A,1,0,day,02,L02AAB100102,2026-08-01 08:52:24,2026-08-01 08:54:25,1,0.55,OK,0000,0.81,OK,0000
LOT-20260801-AAB,line_02,pcb2,2026-08-01,2026-08-01 08:52:55,EQ-02-A,1,0,day,02,L02AAB100103,2026-08-01 08:52:55,2026-08-01 08:54:54,1,0.733,OK,0000,0.84,OK,0000
LOT-20260801-AAB,line_02,pcb2,2026-08-01,2026-08-01 08:53:32,EQ-02-A,1,0,day,02,L02AAB100104,2026-08-01 08:53:32,2026-08-01 08:55:37,2,0.677,OK,0000,0.84,OK,0000
LOT-20260801-AAB,line_02,pcb2,2026-08-01,2026-08-01 08:54:04,EQ-02-A,1,0,day,02,L02AAB100105,2026-08-01 08:54:04,2026-08-01 08:56:06,1,0.809,OK,0000,0.91,OK,0000
LOT-20260801-AAC,line_03,pcb3,2026-08-01,2026-08-01 08:00:00,EQ-03-A,1,0,day,03,L03AAC100001,2026-08-01 08:00:00,2026-08-01 08:01:59,1,0.597,OK,0000,0.89,OK,0000
LOT-20260801-AAC,line_03,pcb3,2026-08-01,2026-08-01 08:00:38,EQ-03-A,1,0,day,03,L03AAC100002,2026-08-01 08:00:38,2026-08-01 08:02:43,2,0.355,OK,0000,0.87,OK,0000
LOT-20260801-AAC,line_03,pcb3,2026-08-01,2026-08-01 08:01:01,EQ-03-A,1,0,day,03,L03AAC100003,2026-08-01 08:01:01,2026-08-01 08:02:58,1,0.659,OK,0000,0.8,OK,0000
LOT-20260801-AAC,line_03,pcb3,2026-08-01,2026-08-01 08:01:24,EQ-03-A,1,0,day,03,L03AAC100004,2026-08-01 08:01:24,2026-08-01 08:03:27,2,0.323,OK,0000,0.8,OK,0000
LOT-20260801-AAC,line_03,pcb3,2026-08-01,2026-08-01 08:02:03,EQ-03-A,1,0,day,03,L03AAC100005,2026-08-01 08:02:03,2026-08-01 08:04:08,2,0.46,OK,0000,0.87,OK,0000
LOT-20260801-AAC,line_03,pcb3,2026-08-01,2026-08-01 08:02:23,EQ-03-A,1,0,day,03,L03AAC100006,2026-08-01 08:02:23,2026-08-01 08:04:27,1,0.725,OK,0000,0.84,OK,0000
LOT-20260801-AAC,line_03,pcb3,2026-08-01,2026-08-01 08:02:56,EQ-03-A,1,0,day,03,L03AAC100007,2026-08-01 08:02:56,2026-08-01 08:05:00,2,0.744,OK,0000,0.8,OK,0000
LOT-20260801-AAC,line_03,pcb3,2026-08-01,2026-08-01 08:03:17,EQ-03-A,1,0,day,03,L03AAC100008,2026-08-01 08:03:17,2026-08-01 08:05:22,1,0.244,OK,0000,0.84,OK,0000
LOT-20260801-AAC,line_03,pcb3,2026-08-01,2026-08-01 08:03:53,EQ-03-A,1,1,day,03,L03AAC100009,2026-08-01 08:03:53,2026-08-01 08:05:50,1,0.558,RE,ESA0,1.25,NG,ESA0
LOT-20260801-AAC,line_03,pcb3,2026-08-01,2026-08-01 08:04:33,EQ-03-A,1,0,day,03,L03AAC100010,2026-08-01 08:04:33,2026-08-01 08:06:36,1,0.19,OK,0000,0.84,OK,0000
LOT-20260801-AAC,line_03,pcb3,2026-08-01,2026-08-01 08:05:02,EQ-03-A,1,1,day,03,L03AAC100011,2026-08-01 08:05:02,2026-08-01 08:07:00,1,0.304,RE,ESA5,1.32,NG,ESA5
LOT-20260801-AAC,line_03,pcb3,2026-08-01,2026-08-01 08:05:41,EQ-03-A,1,0,day,03,L03AAC100012,2026-08-01 08:05:41,2026-08-01 08:07:38,2,0.555,OK,0000,0.8,OK,0000
LOT-20260801-AAC,line_03,pcb3,2026-08-01,2026-08-01 08:06:03,EQ-03-A,1,0,day,03,L03AAC100013,2026-08-01 08:06:03,2026-08-01 08:08:04,2,0.423,OK,0000,0.8,OK,0000
LOT-20260801-AAC,line_03,pcb3,2026-08-01,2026-08-01 08:06:35,EQ-03-A,1,0,day,03,L03AAC100014,2026-08-01 08:06:35,2026-08-01 08:08:31,2,0.491,OK,0000,0.88,OK,0000
LOT-20260801-AAC,line_03,pcb3,2026-08-01,2026-08-01 08:06:57,EQ-03-A,1,0,day,03,L03AAC100015,2026-08-01 08:06:57,2026-08-01 08:09:01,1,0.352,OK,0000,0.86,OK,0000
LOT-20260801-AAC,line_03,pcb3,2026-08-01,2026-08-01 08:07:28,EQ-03-A,1,0,day,03,L03AAC100016,2026-08-01 08:07:28,2026-08-01 08:09:26,2,0.42,OK,0000,0.81,OK,0000
LOT-20260801-AAC,line_03,pcb3,2026-08-01,2026-08-01 08:08:02,EQ-03-A,1,1,day,03,L03AAC100017,2026-08-01 08:08:02,2026-08-01 08:10:03,1,0.484,RE,ESA5,1.15,NG,ESA5
LOT-20260801-AAC,line_03,pcb3,2026-08-01,2026-08-01 08:08:38,EQ-03-A,1,0,day,03,L03AAC100018,2026-08-01 08:08:38,2026-08-01 08:10:41,2,0.417,OK,0000,0.8,OK,0000
LOT-20260801-AAC,line_03,pcb3,2026-08-01,2026-08-01 08:09:06,EQ-03-A,1,0,day,03,L03AAC100019,2026-08-01 08:09:06,2026-08-01 08:11:08,2,0.795,OK,0000,0.84,OK,0000
LOT-20260801-AAC,line_03,pcb3,2026-08-01,2026-08-01 08:09:38,EQ-03-A,1,0,day,03,L03AAC100020,2026-08-01 08:09:38,2026-08-01 08:11:40,2,0.395,OK,0000,0.85,OK,0000
LOT-20260801-AAC,line_03,pcb3,2026-08-01,2026-08-01 08:10:12,EQ-03-A,1,0,day,03,L03AAC100021,2026-08-01 08:10:12,2026-08-01 08:12:11,1,0.483,OK,0000,0.83,OK,0000
LOT-20260801-AAC,line_03,pcb3,2026-08-01,2026-08-01 08:10:34,EQ-03-A,1,0,day,03,L03AAC100022,2026-08-01 08:10:34,2026-08-01 08:12:32,1,0.592,OK,0000,0.87,OK,0000
LOT-20260801-AAC,line_03,pcb3,2026-08-01,2026-08-01 08:11:04,EQ-03-A,1,0,day,03,L03AAC100023,2026-08-01 08:11:04,2026-08-01 08:13:03,1,0.42,OK,0000,0.82,OK,0000
LOT-20260801-AAC,line_03,pcb3,2026-08-01,2026-08-01 08:11:31,EQ-03-A,1,0,day,03,L03AAC100024,2026-08-01 08:11:31,2026-08-01 08:13:31,2,0.459,OK,0000,0.8,OK,0000
LOT-20260801-AAC,line_03,pcb3,2026-08-01,2026-08-01 08:11:53,EQ-03-A,1,0,day,03,L03AAC100025,2026-08-01 08:11:53,2026-08-01 08:13:51,1,0.273,OK,0000,0.89,OK,0000
LOT-20260801-AAC,line_03,pcb3,2026-08-01,2026-08-01 08:12:31,EQ-03-A,1,0,day,03,L03AAC100026,2026-08-01 08:12:31,2026-08-01 08:14:29,2,0.747,OK,0000,0.83,OK,0000
LOT-20260801-AAC,line_03,pcb3,2026-08-01,2026-08-01 08:13:06,EQ-03-A,1,0,day,03,L03AAC100027,2026-08-01 08:13:06,2026-08-01 08:15:05,1,0.586,OK,0000,0.85,OK,0000
LOT-20260801-AAC,line_03,pcb3,2026-08-01,2026-08-01 08:13:32,EQ-03-A,1,0,day,03,L03AAC100028,2026-08-01 08:13:32,2026-08-01 08:15:32,2,0.962,OK,0000,0.88,OK,0000
LOT-20260801-AAC,line_03,pcb3,2026-08-01,2026-08-01 08:13:56,EQ-03-A,1,0,day,03,L03AAC100029,2026-08-01 08:13:56,2026-08-01 08:16:01,2,0.481,OK,0000,0.8,OK,0000
LOT-20260801-AAC,line_03,pcb3,2026-08-01,2026-08-01 08:14:31,EQ-03-A,1,0,day,03,L03AAC100030,2026-08-01 08:14:31,2026-08-01 08:16:26,1,0.259,OK,0000,0.85,OK,0000
LOT-20260801-AAC,line_03,pcb3,2026-08-01,2026-08-01 08:15:06,EQ-03-A,1,0,day,03,L03AAC100031,2026-08-01 08:15:06,2026-08-01 08:17:10,1,0.387,OK,0000,0.8,OK,0000
LOT-20260801-AAC,line_03,pcb3,2026-08-01,2026-08-01 08:15:34,EQ-03-A,1,0,day,03,L03AAC100032,2026-08-01 08:15:34,2026-08-01 08:17:33,1,0.403,RE,ESA7,1.14,OK,0000
LOT-20260801-AAC,line_03,pcb3,2026-08-01,2026-08-01 08:16:06,EQ-03-A,1,0,day,03,L03AAC100033,2026-08-01 08:16:06,2026-08-01 08:18:09,2,0.753,OK,0000,0.88,OK,0000
LOT-20260801-AAC,line_03,pcb3,2026-08-01,2026-08-01 08:16:27,EQ-03-A,1,0,day,03,L03AAC100034,2026-08-01 08:16:27,2026-08-01 08:18:24,2,0.499,OK,0000,0.9,OK,0000
LOT-20260801-AAC,line_03,pcb3,2026-08-01,2026-08-01 08:17:01,EQ-03-A,1,0,day,03,L03AAC100035,2026-08-01 08:17:01,2026-08-01 08:18:56,2,0.512,OK,0000,0.81,OK,0000
LOT-20260801-AAC,line_03,pcb3,2026-08-01,2026-08-01 08:17:21,EQ-03-A,1,0,day,03,L03AAC100036,2026-08-01 08:17:21,2026-08-01 08:19:21,2,0.728,OK,0000,0.86,OK,0000
LOT-20260801-AAC,line_03,pcb3,2026-08-01,2026-08-01 08:18:00,EQ-03-A,1,0,day,03,L03AAC100037,2026-08-01 08:18:00,2026-08-01 08:19:59,2,0.344,OK,0000,0.83,OK,0000
LOT-20260801-AAC,line_03,pcb3,2026-08-01,2026-08-01 08:18:35,EQ-03-A,1,0,day,03,L03AAC100038,2026-08-01 08:18:35,2026-08-01 08:20:36,1,0.369,OK,0000,0.8,OK,0000
LOT-20260801-AAC,line_03,pcb3,2026-08-01,2026-08-01 08:19:01,EQ-03-A,1,0,day,03,L03AAC100039,2026-08-01 08:19:01,2026-08-01 08:21:02,1,0.639,OK,0000,0.92,OK,0000
LOT-20260801-AAC,line_03,pcb3,2026-08-01,2026-08-01 08:19:29,EQ-03-A,1,0,day,03,L03AAC100040,2026-08-01 08:19:29,2026-08-01 08:21:34,2,0.29,OK,0000,0.86,OK,0000
LOT-20260801-AAC,line_03,pcb3,2026-08-01,2026-08-01 08:19:56,EQ-03-A,1,0,day,03,L03AAC100041,2026-08-01 08:19:56,2026-08-01 08:21:59,2,0.402,OK,0000,0.82,OK,0000
LOT-20260801-AAC,line_03,pcb3,2026-08-01,2026-08-01 08:20:29,EQ-03-A,1,0,day,03,L03AAC100042,2026-08-01 08:20:29,2026-08-01 08:22:26,2,0.411,OK,0000,0.81,OK,0000
LOT-20260801-AAC,line_03,pcb3,2026-08-01,2026-08-01 08:21:04,EQ-03-A,1,0,day,03,L03AAC100043,2026-08-01 08:21:04,2026-08-01 08:23:09,2,0.507,OK,0000,0.81,OK,0000
LOT-20260801-AAC,line_03,pcb3,2026-08-01,2026-08-01 08:21:40,EQ-03-A,1,1,day,03,L03AAC100044,2026-08-01 08:21:40,2026-08-01 08:23:39,2,0.541,RE,ESA7,1.24,NG,ESA7
LOT-20260801-AAC,line_03,pcb3,2026-08-01,2026-08-01 08:22:17,EQ-03-A,1,0,day,03,L03AAC100045,2026-08-01 08:22:17,2026-08-01 08:24:15,1,0.464,OK,0000,0.8,OK,0000
LOT-20260801-AAC,line_03,pcb3,2026-08-01,2026-08-01 08:22:45,EQ-03-A,1,0,day,03,L03AAC100046,2026-08-01 08:22:45,2026-08-01 08:24:45,1,0.413,OK,0000,0.87,OK,0000
LOT-20260801-AAC,line_03,pcb3,2026-08-01,2026-08-01 08:23:13,EQ-03-A,1,0,day,03,L03AAC100047,2026-08-01 08:23:13,2026-08-01 08:25:12,1,0.575,OK,0000,0.8,OK,0000
LOT-20260801-AAC,line_03,pcb3,2026-08-01,2026-08-01 08:23:44,EQ-03-A,1,0,day,03,L03AAC100048,2026-08-01 08:23:44,2026-08-01 08:25:48,2,0.515,OK,0000,0.87,OK,0000
LOT-20260801-AAC,line_03,pcb3,2026-08-01,2026-08-01 08:24:10,EQ-03-A,1,0,day,03,L03AAC100049,2026-08-01 08:24:10,2026-08-01 08:26:09,1,0.25,OK,0000,0.86,OK,0000
LOT-20260801-AAC,line_03,pcb3,2026-08-01,2026-08-01 08:24:41,EQ-03-A,1,0,day,03,L03AAC100050,2026-08-01 08:24:41,2026-08-01 08:26:43,1,0.401,OK,0000,0.86,OK,0000
LOT-20260801-AAC,line_03,pcb3,2026-08-01,2026-08-01 08:25:03,EQ-03-A,1,0,day,03,L03AAC100051,2026-08-01 08:25:03,2026-08-01 08:27:00,2,0.386,OK,0000,0.8,OK,0000
LOT-20260801-AAC,line_03,pcb3,2026-08-01,2026-08-01 08:25:28,EQ-03-A,1,0,day,03,L03AAC100052,2026-08-01 08:25:28,2026-08-01 08:27:32,1,0.256,OK,0000,0.84,OK,0000
LOT-20260801-AAC,line_03,pcb3,2026-08-01,2026-08-01 08:26:06,EQ-03-A,1,0,day,03,L03AAC100053,2026-08-01 08:26:06,2026-08-01 08:28:06,1,0.539,OK,0000,0.8,OK,0000
LOT-20260801-AAC,line_03,pcb3,2026-08-01,2026-08-01 08:26:33,EQ-03-A,1,0,day,03,L03AAC100054,2026-08-01 08:26:33,2026-08-01 08:28:37,1,0.596,OK,0000,0.8,OK,0000
LOT-20260801-AAC,line_03,pcb3,2026-08-01,2026-08-01 08:27:13,EQ-03-A,1,0,day,03,L03AAC100055,2026-08-01 08:27:13,2026-08-01 08:29:13,2,0.49,OK,0000,0.8,OK,0000
LOT-20260801-AAC,line_03,pcb3,2026-08-01,2026-08-01 08:27:51,EQ-03-A,1,0,day,03,L03AAC100056,2026-08-01 08:27:51,2026-08-01 08:29:46,2,0.402,OK,0000,0.84,OK,0000
LOT-20260801-AAC,line_03,pcb3,2026-08-01,2026-08-01 08:28:15,EQ-03-A,1,0,day,03,L03AAC100057,2026-08-01 08:28:15,2026-08-01 08:30:11,1,0.371,OK,0000,0.82,OK,0000
LOT-20260801-AAC,line_03,pcb3,2026-08-01,2026-08-01 08:28:41,EQ-03-A,1,0,day,03,L03AAC100058,2026-08-01 08:28:41,2026-08-01 08:30:43,1,0.651,OK,0000,0.82,OK,0000
LOT-20260801-AAC,line_03,pcb3,2026-08-01,2026-08-01 08:29:18,EQ-03-A,1,0,day,03,L03AAC100059,2026-08-01 08:29:18,2026-08-01 08:31:14,1,0.625,OK,0000,0.8,OK,0000
LOT-20260801-AAC,line_03,pcb3,2026-08-01,2026-08-01 08:29:41,EQ-03-A,1,0,day,03,L03AAC100060,2026-08-01 08:29:41,2026-08-01 08:31:42,1,0.579,OK,0000,0.9,OK,0000
LOT-20260801-AAC,line_03,pcb3,2026-08-01,2026-08-01 08:30:10,EQ-03-A,1,0,day,03,L03AAC100061,2026-08-01 08:30:10,2026-08-01 08:32:07,2,0.129,RE,ESA5,1.17,OK,0000
LOT-20260801-AAC,line_03,pcb3,2026-08-01,2026-08-01 08:30:34,EQ-03-A,1,0,day,03,L03AAC100062,2026-08-01 08:30:34,2026-08-01 08:32:36,2,0.587,OK,0000,0.83,OK,0000
LOT-20260801-AAC,line_03,pcb3,2026-08-01,2026-08-01 08:31:08,EQ-03-A,1,0,day,03,L03AAC100063,2026-08-01 08:31:08,2026-08-01 08:33:10,2,0.556,OK,0000,0.82,OK,0000
LOT-20260801-AAC,line_03,pcb3,2026-08-01,2026-08-01 08:31:32,EQ-03-A,1,0,day,03,L03AAC100064,2026-08-01 08:31:32,2026-08-01 08:33:36,2,0.513,OK,0000,0.83,OK,0000
LOT-20260801-AAC,line_03,pcb3,2026-08-01,2026-08-01 08:32:06,EQ-03-A,1,0,day,03,L03AAC100065,2026-08-01 08:32:06,2026-08-01 08:34:09,2,0.675,OK,0000,0.85,OK,0000
LOT-20260801-AAC,line_03,pcb3,2026-08-01,2026-08-01 08:32:46,EQ-03-A,1,0,day,03,L03AAC100066,2026-08-01 08:32:46,2026-08-01 08:34:49,2,0.551,OK,0000,0.82,OK,0000
LOT-20260801-AAC,line_03,pcb3,2026-08-01,2026-08-01 08:33:13,EQ-03-A,1,1,day,03,L03AAC100067,2026-08-01 08:33:13,2026-08-01 08:35:12,1,0.427,RE,ESA5,1.21,NG,ESA5
LOT-20260801-AAC,line_03,pcb3,2026-08-01,2026-08-01 08:33:37,EQ-03-A,1,1,day,03,L03AAC100068,2026-08-01 08:33:37,2026-08-01 08:35:37,1,0.559,NG,ESA7,1.76,NG,ESA7
LOT-20260801-AAC,line_03,pcb3,2026-08-01,2026-08-01 08:34:06,EQ-03-A,1,0,day,03,L03AAC100069,2026-08-01 08:34:06,2026-08-01 08:36:08,1,0.543,OK,0000,0.92,OK,0000
LOT-20260801-AAC,line_03,pcb3,2026-08-01,2026-08-01 08:34:35,EQ-03-A,1,0,day,03,L03AAC100070,2026-08-01 08:34:35,2026-08-01 08:36:33,2,0.631,OK,0000,0.83,OK,0000
LOT-20260801-AAC,line_03,pcb3,2026-08-01,2026-08-01 08:34:55,EQ-03-A,1,0,day,03,L03AAC100071,2026-08-01 08:34:55,2026-08-01 08:36:56,1,0.68,OK,0000,0.82,OK,0000
LOT-20260801-AAC,line_03,pcb3,2026-08-01,2026-08-01 08:35:27,EQ-03-A,1,0,day,03,L03AAC100072,2026-08-01 08:35:27,2026-08-01 08:37:28,1,0.194,OK,0000,0.8,OK,0000
LOT-20260801-AAC,line_03,pcb3,2026-08-01,2026-08-01 08:35:54,EQ-03-A,1,0,day,03,L03AAC100073,2026-08-01 08:35:54,2026-08-01 08:37:58,1,0.219,OK,0000,0.83,OK,0000
LOT-20260801-AAC,line_03,pcb3,2026-08-01,2026-08-01 08:36:22,EQ-03-A,1,0,day,03,L03AAC100074,2026-08-01 08:36:22,2026-08-01 08:38:23,2,0.503,OK,0000,0.91,OK,0000
LOT-20260801-AAC,line_03,pcb3,2026-08-01,2026-08-01 08:36:48,EQ-03-A,1,0,day,03,L03AAC100075,2026-08-01 08:36:48,2026-08-01 08:38:53,2,0.549,OK,0000,0.83,OK,0000
LOT-20260801-AAC,line_03,pcb3,2026-08-01,2026-08-01 08:37:22,EQ-03-A,1,1,day,03,L03AAC100076,2026-08-01 08:37:22,2026-08-01 08:39:20,1,0.624,RE,ESA6,1.03,NG,ESA6
LOT-20260801-AAC,line_03,pcb3,2026-08-01,2026-08-01 08:37:52,EQ-03-A,1,0,day,03,L03AAC100077,2026-08-01 08:37:52,2026-08-01 08:39:48,1,0.535,OK,0000,0.87,OK,0000
LOT-20260801-AAC,line_03,pcb3,2026-08-01,2026-08-01 08:38:21,EQ-03-A,1,0,day,03,L03AAC100078,2026-08-01 08:38:21,2026-08-01 08:40:19,1,0.278,OK,0000,0.89,OK,0000
LOT-20260801-AAC,line_03,pcb3,2026-08-01,2026-08-01 08:38:43,EQ-03-A,1,0,day,03,L03AAC100079,2026-08-01 08:38:43,2026-08-01 08:40:42,2,0.551,OK,0000,0.82,OK,0000
LOT-20260801-AAC,line_03,pcb3,2026-08-01,2026-08-01 08:39:18,EQ-03-A,1,0,day,03,L03AAC100080,2026-08-01 08:39:18,2026-08-01 08:41:18,2,0.595,OK,0000,0.93,OK,0000
LOT-20260801-AAC,line_03,pcb3,2026-08-01,2026-08-01 08:39:40,EQ-03-A,1,0,day,03,L03AAC100081,2026-08-01 08:39:40,2026-08-01 08:41:41,2,0.527,OK,0000,0.85,OK,0000
LOT-20260801-AAC,line_03,pcb3,2026-08-01,2026-08-01 08:40:02,EQ-03-A,1,0,day,03,L03AAC100082,2026-08-01 08:40:02,2026-08-01 08:42:01,2,0.431,OK,0000,0.81,OK,0000
LOT-20260801-AAC,line_03,pcb3,2026-08-01,2026-08-01 08:40:34,EQ-03-A,1,0,day,03,L03AAC100083,2026-08-01 08:40:34,2026-08-01 08:42:32,2,0.625,OK,0000,0.81,OK,0000
LOT-20260801-AAC,line_03,pcb3,2026-08-01,2026-08-01 08:41:06,EQ-03-A,1,0,day,03,L03AAC100084,2026-08-01 08:41:06,2026-08-01 08:43:01,1,0.511,OK,0000,0.82,OK,0000
LOT-20260801-AAC,line_03,pcb3,2026-08-01,2026-08-01 08:41:32,EQ-03-A,1,0,day,03,L03AAC100085,2026-08-01 08:41:32,2026-08-01 08:43:30,1,0.572,OK,0000,0.85,OK,0000
LOT-20260801-AAC,line_03,pcb3,2026-08-01,2026-08-01 08:42:07,EQ-03-A,1,0,day,03,L03AAC100086,2026-08-01 08:42:07,2026-08-01 08:44:04,2,0.656,OK,0000,0.82,OK,0000
LOT-20260801-AAC,line_03,pcb3,2026-08-01,2026-08-01 08:42:47,EQ-03-A,1,0,day,03,L03AAC100087,2026-08-01 08:42:47,2026-08-01 08:44:43,1,0.46,OK,0000,0.8,OK,0000
LOT-20260801-AAC,line_03,pcb3,2026-08-01,2026-08-01 08:43:15,EQ-03-A,1,0,day,03,L03AAC100088,2026-08-01 08:43:15,2026-08-01 08:45:10,2,0.433,OK,0000,0.86,OK,0000
LOT-20260801-AAC,line_03,pcb3,2026-08-01,2026-08-01 08:43:41,EQ-03-A,1,0,day,03,L03AAC100089,2026-08-01 08:43:41,2026-08-01 08:45:36,2,0.614,OK,0000,0.8,OK,0000
LOT-20260801-AAC,line_03,pcb3,2026-08-01,2026-08-01 08:44:06,EQ-03-A,1,0,day,03,L03AAC100090,2026-08-01 08:44:06,2026-08-01 08:46:04,2,0.63,OK,0000,0.89,OK,0000
LOT-20260801-AAC,line_03,pcb3,2026-08-01,2026-08-01 08:44:26,EQ-03-A,1,0,day,03,L03AAC100091,2026-08-01 08:44:26,2026-08-01 08:46:30,1,0.562,OK,0000,0.92,OK,0000
LOT-20260801-AAC,line_03,pcb3,2026-08-01,2026-08-01 08:44:50,EQ-03-A,1,0,day,03,L03AAC100092,2026-08-01 08:44:50,2026-08-01 08:46:46,1,0.384,OK,0000,0.8,OK,0000
LOT-20260801-AAC,line_03,pcb3,2026-08-01,2026-08-01 08:45:29,EQ-03-A,1,0,day,03,L03AAC100093,2026-08-01 08:45:29,2026-08-01 08:47:24,1,0.233,OK,0000,0.9,OK,0000
LOT-20260801-AAC,line_03,pcb3,2026-08-01,2026-08-01 08:45:50,EQ-03-A,1,0,day,03,L03AAC100094,2026-08-01 08:45:50,2026-08-01 08:47:46,1,0.598,OK,0000,0.84,OK,0000
LOT-20260801-AAC,line_03,pcb3,2026-08-01,2026-08-01 08:46:14,EQ-03-A,1,0,day,03,L03AAC100095,2026-08-01 08:46:14,2026-08-01 08:48:19,2,0.542,OK,0000,0.8,OK,0000
LOT-20260801-AAC,line_03,pcb3,2026-08-01,2026-08-01 08:46:45,EQ-03-A,1,0,day,03,L03AAC100096,2026-08-01 08:46:45,2026-08-01 08:48:46,2,0.867,RE,ESA8,1.26,OK,0000
LOT-20260801-AAC,line_03,pcb3,2026-08-01,2026-08-01 08:47:16,EQ-03-A,1,0,day,03,L03AAC100097,2026-08-01 08:47:16,2026-08-01 08:49:15,2,0.516,OK,0000,0.87,OK,0000
LOT-20260801-AAD,line_04,pcb4,2026-08-01,2026-08-01 08:00:00,EQ-04-A,1,0,day,04,L04AAD100001,2026-08-01 08:00:00,2026-08-01 08:02:00,2,0.381,OK,0000,0.86,OK,0000
LOT-20260801-AAD,line_04,pcb4,2026-08-01,2026-08-01 08:00:30,EQ-04-A,1,0,day,04,L04AAD100002,2026-08-01 08:00:30,2026-08-01 08:02:33,1,0.782,OK,0000,0.89,OK,0000
LOT-20260801-AAD,line_04,pcb4,2026-08-01,2026-08-01 08:00:55,EQ-04-A,1,1,day,04,L04AAD100003,2026-08-01 08:00:55,2026-08-01 08:02:54,1,0.739,RE,ESA8,1.2,NG,ESA8
LOT-20260801-AAD,line_04,pcb4,2026-08-01,2026-08-01 08:01:32,EQ-04-A,1,0,day,04,L04AAD100004,2026-08-01 08:01:32,2026-08-01 08:03:29,2,0.352,OK,0000,0.83,OK,0000
LOT-20260801-AAD,line_04,pcb4,2026-08-01,2026-08-01 08:01:52,EQ-04-A,1,0,day,04,L04AAD100005,2026-08-01 08:01:52,2026-08-01 08:03:52,2,0.508,OK,0000,0.88,OK,0000
LOT-20260801-AAD,line_04,pcb4,2026-08-01,2026-08-01 08:02:14,EQ-04-A,1,0,day,04,L04AAD100006,2026-08-01 08:02:14,2026-08-01 08:04:17,2,0.246,OK,0000,0.9,OK,0000
LOT-20260801-AAD,line_04,pcb4,2026-08-01,2026-08-01 08:02:49,EQ-04-A,1,0,day,04,L04AAD100007,2026-08-01 08:02:49,2026-08-01 08:04:50,1,0.476,OK,0000,0.82,OK,0000
LOT-20260801-AAD,line_04,pcb4,2026-08-01,2026-08-01 08:03:29,EQ-04-A,1,1,day,04,L04AAD100008,2026-08-01 08:03:29,2026-08-01 08:05:24,1,0.348,RE,ESA1,1.08,NG,ESA1
LOT-20260801-AAD,line_04,pcb4,2026-08-01,2026-08-01 08:03:53,EQ-04-A,1,0,day,04,L04AAD100009,2026-08-01 08:03:53,2026-08-01 08:05:48,2,0.623,OK,0000,0.84,OK,0000
LOT-20260801-AAD,line_04,pcb4,2026-08-01,2026-08-01 08:04:31,EQ-04-A,1,0,day,04,L04AAD100010,2026-08-01 08:04:31,2026-08-01 08:06:35,1,0.307,OK,0000,0.8,OK,0000
LOT-20260801-AAD,line_04,pcb4,2026-08-01,2026-08-01 08:05:09,EQ-04-A,1,0,day,04,L04AAD100011,2026-08-01 08:05:09,2026-08-01 08:07:05,2,0.45,OK,0000,0.91,OK,0000
LOT-20260801-AAD,line_04,pcb4,2026-08-01,2026-08-01 08:05:29,EQ-04-A,1,1,day,04,L04AAD100012,2026-08-01 08:05:29,2026-08-01 08:07:25,2,0.461,RE,ESA6,1.1,NG,ESA6
LOT-20260801-AAD,line_04,pcb4,2026-08-01,2026-08-01 08:06:03,EQ-04-A,1,1,day,04,L04AAD100013,2026-08-01 08:06:03,2026-08-01 08:08:04,2,0.463,RE,ESA4,1.22,NG,ESA4
LOT-20260801-AAD,line_04,pcb4,2026-08-01,2026-08-01 08:06:34,EQ-04-A,1,0,day,04,L04AAD100014,2026-08-01 08:06:34,2026-08-01 08:08:30,1,0.095,OK,0000,0.84,OK,0000
LOT-20260801-AAD,line_04,pcb4,2026-08-01,2026-08-01 08:07:03,EQ-04-A,1,0,day,04,L04AAD100015,2026-08-01 08:07:03,2026-08-01 08:08:59,2,0.465,OK,0000,0.87,OK,0000
LOT-20260801-AAD,line_04,pcb4,2026-08-01,2026-08-01 08:07:30,EQ-04-A,1,0,day,04,L04AAD100016,2026-08-01 08:07:30,2026-08-01 08:09:28,2,0.777,OK,0000,0.89,OK,0000
LOT-20260801-AAD,line_04,pcb4,2026-08-01,2026-08-01 08:08:08,EQ-04-A,1,0,day,04,L04AAD100017,2026-08-01 08:08:08,2026-08-01 08:10:09,2,0.46,OK,0000,0.8,OK,0000
LOT-20260801-AAD,line_04,pcb4,2026-08-01,2026-08-01 08:08:31,EQ-04-A,1,0,day,04,L04AAD100018,2026-08-01 08:08:31,2026-08-01 08:10:36,2,0.886,OK,0000,0.84,OK,0000
LOT-20260801-AAD,line_04,pcb4,2026-08-01,2026-08-01 08:09:04,EQ-04-A,1,0,day,04,L04AAD100019,2026-08-01 08:09:04,2026-08-01 08:11:05,1,0.502,OK,0000,0.84,OK,0000
LOT-20260801-AAD,line_04,pcb4,2026-08-01,2026-08-01 08:09:40,EQ-04-A,1,0,day,04,L04AAD100020,2026-08-01 08:09:40,2026-08-01 08:11:42,2,0.53,OK,0000,0.83,OK,0000
LOT-20260801-AAD,line_04,pcb4,2026-08-01,2026-08-01 08:10:11,EQ-04-A,1,0,day,04,L04AAD100021,2026-08-01 08:10:11,2026-08-01 08:12:11,2,0.414,OK,0000,0.82,OK,0000
LOT-20260801-AAD,line_04,pcb4,2026-08-01,2026-08-01 08:10:44,EQ-04-A,1,0,day,04,L04AAD100022,2026-08-01 08:10:44,2026-08-01 08:12:48,2,0.495,OK,0000,0.82,OK,0000
LOT-20260801-AAD,line_04,pcb4,2026-08-01,2026-08-01 08:11:11,EQ-04-A,1,0,day,04,L04AAD100023,2026-08-01 08:11:11,2026-08-01 08:13:10,2,0.393,OK,0000,0.84,OK,0000
LOT-20260801-AAD,line_04,pcb4,2026-08-01,2026-08-01 08:11:42,EQ-04-A,1,0,day,04,L04AAD100024,2026-08-01 08:11:42,2026-08-01 08:13:37,2,0.462,OK,0000,0.9,OK,0000
LOT-20260801-AAD,line_04,pcb4,2026-08-01,2026-08-01 08:12:11,EQ-04-A,1,0,day,04,L04AAD100025,2026-08-01 08:12:11,2026-08-01 08:14:10,1,0.102,OK,0000,0.88,OK,0000
LOT-20260801-AAD,line_04,pcb4,2026-08-01,2026-08-01 08:12:31,EQ-04-A,1,0,day,04,L04AAD100026,2026-08-01 08:12:31,2026-08-01 08:14:26,2,0.687,OK,0000,0.8,OK,0000
LOT-20260801-AAD,line_04,pcb4,2026-08-01,2026-08-01 08:12:59,EQ-04-A,1,0,day,04,L04AAD100027,2026-08-01 08:12:59,2026-08-01 08:15:03,1,0.449,OK,0000,0.83,OK,0000
LOT-20260801-AAD,line_04,pcb4,2026-08-01,2026-08-01 08:13:23,EQ-04-A,1,0,day,04,L04AAD100028,2026-08-01 08:13:23,2026-08-01 08:15:22,2,0.289,OK,0000,0.81,OK,0000
LOT-20260801-AAD,line_04,pcb4,2026-08-01,2026-08-01 08:13:54,EQ-04-A,1,0,day,04,L04AAD100029,2026-08-01 08:13:54,2026-08-01 08:15:53,2,0.333,OK,0000,0.91,OK,0000
LOT-20260801-AAD,line_04,pcb4,2026-08-01,2026-08-01 08:14:16,EQ-04-A,1,0,day,04,L04AAD100030,2026-08-01 08:14:16,2026-08-01 08:16:12,2,0.64,OK,0000,0.89,OK,0000
LOT-20260801-AAD,line_04,pcb4,2026-08-01,2026-08-01 08:14:46,EQ-04-A,1,0,day,04,L04AAD100031,2026-08-01 08:14:46,2026-08-01 08:16:50,2,0.608,OK,0000,0.8,OK,0000
LOT-20260801-AAD,line_04,pcb4,2026-08-01,2026-08-01 08:15:09,EQ-04-A,1,1,day,04,L04AAD100032,2026-08-01 08:15:09,2026-08-01 08:17:13,1,0.421,RE,ESA2,1.3,NG,ESA2
LOT-20260801-AAD,line_04,pcb4,2026-08-01,2026-08-01 08:15:41,EQ-04-A,1,0,day,04,L04AAD100033,2026-08-01 08:15:41,2026-08-01 08:17:42,2,0.317,OK,0000,0.87,OK,0000
LOT-20260801-AAD,line_04,pcb4,2026-08-01,2026-08-01 08:16:14,EQ-04-A,1,0,day,04,L04AAD100034,2026-08-01 08:16:14,2026-08-01 08:18:19,2,0.464,OK,0000,0.83,OK,0000
LOT-20260801-AAD,line_04,pcb4,2026-08-01,2026-08-01 08:16:53,EQ-04-A,1,0,day,04,L04AAD100035,2026-08-01 08:16:53,2026-08-01 08:18:48,2,0.607,OK,0000,0.86,OK,0000
LOT-20260801-AAD,line_04,pcb4,2026-08-01,2026-08-01 08:17:22,EQ-04-A,1,0,day,04,L04AAD100036,2026-08-01 08:17:22,2026-08-01 08:19:22,2,0.446,OK,0000,0.89,OK,0000
LOT-20260801-AAD,line_04,pcb4,2026-08-01,2026-08-01 08:17:58,EQ-04-A,1,0,day,04,L04AAD100037,2026-08-01 08:17:58,2026-08-01 08:19:59,2,0.338,OK,0000,0.86,OK,0000
LOT-20260801-AAD,line_04,pcb4,2026-08-01,2026-08-01 08:18:32,EQ-04-A,1,0,day,04,L04AAD100038,2026-08-01 08:18:32,2026-08-01 08:20:33,2,0.589,OK,0000,0.83,OK,0000
LOT-20260801-AAD,line_04,pcb4,2026-08-01,2026-08-01 08:19:01,EQ-04-A,1,0,day,04,L04AAD100039,2026-08-01 08:19:01,2026-08-01 08:21:03,2,0.549,OK,0000,0.8,OK,0000
LOT-20260801-AAD,line_04,pcb4,2026-08-01,2026-08-01 08:19:39,EQ-04-A,1,0,day,04,L04AAD100040,2026-08-01 08:19:39,2026-08-01 08:21:40,1,0.639,OK,0000,0.83,OK,0000
LOT-20260801-AAD,line_04,pcb4,2026-08-01,2026-08-01 08:20:15,EQ-04-A,1,0,day,04,L04AAD100041,2026-08-01 08:20:15,2026-08-01 08:22:17,1,0.422,OK,0000,0.88,OK,0000
LOT-20260801-AAD,line_04,pcb4,2026-08-01,2026-08-01 08:20:52,EQ-04-A,1,0,day,04,L04AAD100042,2026-08-01 08:20:52,2026-08-01 08:22:55,2,0.394,OK,0000,0.8,OK,0000
LOT-20260801-AAD,line_04,pcb4,2026-08-01,2026-08-01 08:21:31,EQ-04-A,1,0,day,04,L04AAD100043,2026-08-01 08:21:31,2026-08-01 08:23:30,1,0.267,OK,0000,0.86,OK,0000
LOT-20260801-AAD,line_04,pcb4,2026-08-01,2026-08-01 08:22:04,EQ-04-A,1,0,day,04,L04AAD100044,2026-08-01 08:22:04,2026-08-01 08:24:09,1,0.308,OK,0000,0.91,OK,0000
LOT-20260801-AAD,line_04,pcb4,2026-08-01,2026-08-01 08:22:37,EQ-04-A,1,0,day,04,L04AAD100045,2026-08-01 08:22:37,2026-08-01 08:24:41,1,0.188,OK,0000,0.91,OK,0000
LOT-20260801-AAD,line_04,pcb4,2026-08-01,2026-08-01 08:23:17,EQ-04-A,1,0,day,04,L04AAD100046,2026-08-01 08:23:17,2026-08-01 08:25:21,2,0.532,OK,0000,0.84,OK,0000
LOT-20260801-AAD,line_04,pcb4,2026-08-01,2026-08-01 08:23:51,EQ-04-A,1,0,day,04,L04AAD100047,2026-08-01 08:23:51,2026-08-01 08:25:49,2,0.418,OK,0000,0.86,OK,0000
LOT-20260801-AAD,line_04,pcb4,2026-08-01,2026-08-01 08:24:17,EQ-04-A,1,0,day,04,L04AAD100048,2026-08-01 08:24:17,2026-08-01 08:26:13,2,0.494,OK,0000,0.88,OK,0000
LOT-20260801-AAD,line_04,pcb4,2026-08-01,2026-08-01 08:24:40,EQ-04-A,1,0,day,04,L04AAD100049,2026-08-01 08:24:40,2026-08-01 08:26:37,1,0.517,OK,0000,0.85,OK,0000
LOT-20260801-AAD,line_04,pcb4,2026-08-01,2026-08-01 08:25:09,EQ-04-A,1,0,day,04,L04AAD100050,2026-08-01 08:25:09,2026-08-01 08:27:11,1,0.445,OK,0000,0.84,OK,0000
LOT-20260801-AAD,line_04,pcb4,2026-08-01,2026-08-01 08:25:44,EQ-04-A,1,0,day,04,L04AAD100051,2026-08-01 08:25:44,2026-08-01 08:27:42,2,0.546,OK,0000,0.8,OK,0000
LOT-20260801-AAD,line_04,pcb4,2026-08-01,2026-08-01 08:26:21,EQ-04-A,1,0,day,04,L04AAD100052,2026-08-01 08:26:21,2026-08-01 08:28:18,1,0.298,OK,0000,0.87,OK,0000
LOT-20260801-AAD,line_04,pcb4,2026-08-01,2026-08-01 08:26:41,EQ-04-A,1,0,day,04,L04AAD100053,2026-08-01 08:26:41,2026-08-01 08:28:40,1,0.526,OK,0000,0.83,OK,0000
LOT-20260801-AAD,line_04,pcb4,2026-08-01,2026-08-01 08:27:06,EQ-04-A,1,0,day,04,L04AAD100054,2026-08-01 08:27:06,2026-08-01 08:29:05,1,0.503,OK,0000,0.85,OK,0000
LOT-20260801-AAD,line_04,pcb4,2026-08-01,2026-08-01 08:27:27,EQ-04-A,1,0,day,04,L04AAD100055,2026-08-01 08:27:27,2026-08-01 08:29:32,2,0.419,OK,0000,0.81,OK,0000
LOT-20260801-AAD,line_04,pcb4,2026-08-01,2026-08-01 08:27:55,EQ-04-A,1,0,day,04,L04AAD100056,2026-08-01 08:27:55,2026-08-01 08:29:51,1,0.529,OK,0000,0.8,OK,0000
LOT-20260801-AAD,line_04,pcb4,2026-08-01,2026-08-01 08:28:15,EQ-04-A,1,0,day,04,L04AAD100057,2026-08-01 08:28:15,2026-08-01 08:30:16,2,0.561,OK,0000,0.8,OK,0000
LOT-20260801-AAD,line_04,pcb4,2026-08-01,2026-08-01 08:28:51,EQ-04-A,1,0,day,04,L04AAD100058,2026-08-01 08:28:51,2026-08-01 08:30:55,1,0.654,OK,0000,0.86,OK,0000
LOT-20260801-AAD,line_04,pcb4,2026-08-01,2026-08-01 08:29:28,EQ-04-A,1,0,day,04,L04AAD100059,2026-08-01 08:29:28,2026-08-01 08:31:31,1,0.538,OK,0000,0.88,OK,0000
LOT-20260801-AAD,line_04,pcb4,2026-08-01,2026-08-01 08:29:48,EQ-04-A,1,1,day,04,L04AAD100060,2026-08-01 08:29:48,2026-08-01 08:31:50,2,0.75,RE,ESA7,1.35,NG,ESA7
LOT-20260801-AAD,line_04,pcb4,2026-08-01,2026-08-01 08:30:20,EQ-04-A,1,0,day,04,L04AAD100061,2026-08-01 08:30:20,2026-08-01 08:32:19,2,0.224,OK,0000,0.8,OK,0000
LOT-20260801-AAD,line_04,pcb4,2026-08-01,2026-08-01 08:30:47,EQ-04-A,1,0,day,04,L04AAD100062,2026-08-01 08:30:47,2026-08-01 08:32:42,1,0.406,OK,0000,0.84,OK,0000
LOT-20260801-AAD,line_04,pcb4,2026-08-01,2026-08-01 08:31:27,EQ-04-A,1,0,day,04,L04AAD100063,2026-08-01 08:31:27,2026-08-01 08:33:22,2,0.578,OK,0000,0.81,OK,0000
LOT-20260801-AAD,line_04,pcb4,2026-08-01,2026-08-01 08:32:04,EQ-04-A,1,0,day,04,L04AAD100064,2026-08-01 08:32:04,2026-08-01 08:34:05,1,0.528,OK,0000,0.81,OK,0000
LOT-20260801-AAD,line_04,pcb4,2026-08-01,2026-08-01 08:32:28,EQ-04-A,1,0,day,04,L04AAD100065,2026-08-01 08:32:28,2026-08-01 08:34:32,2,0.408,OK,0000,0.8,OK,0000
LOT-20260801-AAD,line_04,pcb4,2026-08-01,2026-08-01 08:33:08,EQ-04-A,1,0,day,04,L04AAD100066,2026-08-01 08:33:08,2026-08-01 08:35:09,2,0.362,OK,0000,0.8,OK,0000
LOT-20260801-AAD,line_04,pcb4,2026-08-01,2026-08-01 08:33:37,EQ-04-A,1,0,day,04,L04AAD100067,2026-08-01 08:33:37,2026-08-01 08:35:35,1,0.354,OK,0000,0.88,OK,0000
LOT-20260801-AAD,line_04,pcb4,2026-08-01,2026-08-01 08:34:17,EQ-04-A,1,0,day,04,L04AAD100068,2026-08-01 08:34:17,2026-08-01 08:36:14,2,0.358,OK,0000,0.95,OK,0000
LOT-20260801-AAD,line_04,pcb4,2026-08-01,2026-08-01 08:34:46,EQ-04-A,1,0,day,04,L04AAD100069,2026-08-01 08:34:46,2026-08-01 08:36:47,2,0.574,OK,0000,0.85,OK,0000
LOT-20260801-AAD,line_04,pcb4,2026-08-01,2026-08-01 08:35:10,EQ-04-A,1,0,day,04,L04AAD100070,2026-08-01 08:35:10,2026-08-01 08:37:06,2,0.371,OK,0000,0.87,OK,0000
LOT-20260801-AAD,line_04,pcb4,2026-08-01,2026-08-01 08:35:47,EQ-04-A,1,0,day,04,L04AAD100071,2026-08-01 08:35:47,2026-08-01 08:37:44,2,0.414,OK,0000,0.84,OK,0000
LOT-20260801-AAD,line_04,pcb4,2026-08-01,2026-08-01 08:36:07,EQ-04-A,1,0,day,04,L04AAD100072,2026-08-01 08:36:07,2026-08-01 08:38:08,1,0.884,OK,0000,0.84,OK,0000
LOT-20260801-AAD,line_04,pcb4,2026-08-01,2026-08-01 08:36:36,EQ-04-A,1,0,day,04,L04AAD100073,2026-08-01 08:36:36,2026-08-01 08:38:35,2,0.672,OK,0000,0.81,OK,0000
LOT-20260801-AAD,line_04,pcb4,2026-08-01,2026-08-01 08:37:00,EQ-04-A,1,0,day,04,L04AAD100074,2026-08-01 08:37:00,2026-08-01 08:39:04,1,0.495,OK,0000,0.91,OK,0000
LOT-20260801-AAD,line_04,pcb4,2026-08-01,2026-08-01 08:37:39,EQ-04-A,1,0,day,04,L04AAD100075,2026-08-01 08:37:39,2026-08-01 08:39:37,2,0.406,OK,0000,0.91,OK,0000
LOT-20260801-AAD,line_04,pcb4,2026-08-01,2026-08-01 08:38:06,EQ-04-A,1,0,day,04,L04AAD100076,2026-08-01 08:38:06,2026-08-01 08:40:08,2,0.606,OK,0000,0.82,OK,0000
LOT-20260801-AAD,line_04,pcb4,2026-08-01,2026-08-01 08:38:30,EQ-04-A,1,0,day,04,L04AAD100077,2026-08-01 08:38:30,2026-08-01 08:40:30,2,0.595,OK,0000,0.88,OK,0000
LOT-20260801-AAD,line_04,pcb4,2026-08-01,2026-08-01 08:38:55,EQ-04-A,1,0,day,04,L04AAD100078,2026-08-01 08:38:55,2026-08-01 08:40:53,1,0.593,RE,ESA6,1.09,OK,0000
LOT-20260801-AAD,line_04,pcb4,2026-08-01,2026-08-01 08:39:22,EQ-04-A,1,1,day,04,L04AAD100079,2026-08-01 08:39:22,2026-08-01 08:41:20,2,0.391,NG,ESA7,1.78,NG,ESA8
LOT-20260801-AAD,line_04,pcb4,2026-08-01,2026-08-01 08:39:48,EQ-04-A,1,0,day,04,L04AAD100080,2026-08-01 08:39:48,2026-08-01 08:41:48,2,0.489,OK,0000,0.86,OK,0000
LOT-20260801-AAD,line_04,pcb4,2026-08-01,2026-08-01 08:40:22,EQ-04-A,1,0,day,04,L04AAD100081,2026-08-01 08:40:22,2026-08-01 08:42:26,2,0.527,OK,0000,0.8,OK,0000
LOT-20260801-AAD,line_04,pcb4,2026-08-01,2026-08-01 08:40:54,EQ-04-A,1,0,day,04,L04AAD100082,2026-08-01 08:40:54,2026-08-01 08:42:58,2,0.557,OK,0000,0.86,OK,0000
LOT-20260801-AAD,line_04,pcb4,2026-08-01,2026-08-01 08:41:33,EQ-04-A,1,0,day,04,L04AAD100083,2026-08-01 08:41:33,2026-08-01 08:43:28,1,0.584,OK,0000,0.88,OK,0000
LOT-20260801-AAD,line_04,pcb4,2026-08-01,2026-08-01 08:42:09,EQ-04-A,1,0,day,04,L04AAD100084,2026-08-01 08:42:09,2026-08-01 08:44:07,2,0.625,RE,ESA0,1.3,OK,0000
LOT-20260801-AAD,line_04,pcb4,2026-08-01,2026-08-01 08:42:45,EQ-04-A,1,0,day,04,L04AAD100085,2026-08-01 08:42:45,2026-08-01 08:44:43,1,0.489,OK,0000,0.8,OK,0000
LOT-20260801-AAD,line_04,pcb4,2026-08-01,2026-08-01 08:43:14,EQ-04-A,1,0,day,04,L04AAD100086,2026-08-01 08:43:14,2026-08-01 08:45:13,1,0.564,OK,0000,0.85,OK,0000
LOT-20260801-AAD,line_04,pcb4,2026-08-01,2026-08-01 08:43:48,EQ-04-A,1,0,day,04,L04AAD100087,2026-08-01 08:43:48,2026-08-01 08:45:51,1,0.541,OK,0000,0.8,OK,0000
LOT-20260801-AAD,line_04,pcb4,2026-08-01,2026-08-01 08:44:12,EQ-04-A,1,0,day,04,L04AAD100088,2026-08-01 08:44:12,2026-08-01 08:46:15,1,0.338,OK,0000,0.88,OK,0000
LOT-20260801-AAD,line_04,pcb4,2026-08-01,2026-08-01 08:44:35,EQ-04-A,1,0,day,04,L04AAD100089,2026-08-01 08:44:35,2026-08-01 08:46:38,1,0.494,RE,ESA3,1.32,OK,0000
LOT-20260801-AAD,line_04,pcb4,2026-08-01,2026-08-01 08:44:59,EQ-04-A,1,0,day,04,L04AAD100090,2026-08-01 08:44:59,2026-08-01 08:47:01,1,0.504,OK,0000,0.84,OK,0000
LOT-20260801-AAD,line_04,pcb4,2026-08-01,2026-08-01 08:45:21,EQ-04-A,1,0,day,04,L04AAD100091,2026-08-01 08:45:21,2026-08-01 08:47:18,1,0.641,OK,0000,0.82,OK,0000
LOT-20260801-AAD,line_04,pcb4,2026-08-01,2026-08-01 08:45:44,EQ-04-A,1,0,day,04,L04AAD100092,2026-08-01 08:45:44,2026-08-01 08:47:40,2,0.514,OK,0000,0.82,OK,0000
LOT-20260801-AAD,line_04,pcb4,2026-08-01,2026-08-01 08:46:20,EQ-04-A,1,0,day,04,L04AAD100093,2026-08-01 08:46:20,2026-08-01 08:48:24,1,0.435,OK,0000,0.83,OK,0000
LOT-20260801-AAD,line_04,pcb4,2026-08-01,2026-08-01 08:46:45,EQ-04-A,1,0,day,04,L04AAD100094,2026-08-01 08:46:45,2026-08-01 08:48:45,2,0.533,OK,0000,0.82,OK,0000
LOT-20260801-AAD,line_04,pcb4,2026-08-01,2026-08-01 08:47:23,EQ-04-A,1,1,day,04,L04AAD100095,2026-08-01 08:47:23,2026-08-01 08:49:20,2,0.688,RE,ESA2,1.16,NG,ESA2
LOT-20260801-AAD,line_04,pcb4,2026-08-01,2026-08-01 08:47:48,EQ-04-A,1,0,day,04,L04AAD100096,2026-08-01 08:47:48,2026-08-01 08:49:50,2,0.472,OK,0000,0.82,OK,0000
LOT-20260801-AAD,line_04,pcb4,2026-08-01,2026-08-01 08:48:17,EQ-04-A,1,0,day,04,L04AAD100097,2026-08-01 08:48:17,2026-08-01 08:50:15,2,0.717,OK,0000,0.85,OK,0000
LOT-20260801-AAD,line_04,pcb4,2026-08-01,2026-08-01 08:48:37,EQ-04-A,1,0,day,04,L04AAD100098,2026-08-01 08:48:37,2026-08-01 08:50:39,2,0.655,OK,0000,0.8,OK,0000
LOT-20260801-AAD,line_04,pcb4,2026-08-01,2026-08-01 08:49:14,EQ-04-A,1,0,day,04,L04AAD100099,2026-08-01 08:49:14,2026-08-01 08:51:12,2,0.54,OK,0000,0.88,OK,0000
LOT-20260801-AAD,line_04,pcb4,2026-08-01,2026-08-01 08:49:52,EQ-04-A,1,0,day,04,L04AAD100100,2026-08-01 08:49:52,2026-08-01 08:51:56,1,0.512,OK,0000,0.88,OK,0000
LOT-20260801-AAD,line_04,pcb4,2026-08-01,2026-08-01 08:50:31,EQ-04-A,1,0,day,04,L04AAD100101,2026-08-01 08:50:31,2026-08-01 08:52:36,2,0.422,OK,0000,0.9,OK,0000
LOT-20260801-AAD,line_04,pcb4,2026-08-01,2026-08-01 08:51:08,EQ-04-A,1,0,day,04,L04AAD100102,2026-08-01 08:51:08,2026-08-01 08:53:03,1,0.845,RE,ESA4,1.21,OK,0000
LOT-20260801-AAD,line_04,pcb4,2026-08-01,2026-08-01 08:51:48,EQ-04-A,1,0,day,04,L04AAD100103,2026-08-01 08:51:48,2026-08-01 08:53:48,1,0.433,OK,0000,0.9,OK,0000
LOT-20260801-AAD,line_04,pcb4,2026-08-01,2026-08-01 08:52:10,EQ-04-A,1,0,day,04,L04AAD100104,2026-08-01 08:52:10,2026-08-01 08:54:15,2,0.737,OK,0000,0.82,OK,0000
LOT-20260802-AAA,line_01,pcb1,2026-08-02,2026-08-02 08:00:00,EQ-01-A,1,0,day,01,L01AAA100105,2026-08-02 08:00:00,2026-08-02 08:02:03,2,0.298,OK,0000,0.8,OK,0000
LOT-20260802-AAA,line_01,pcb1,2026-08-02,2026-08-02 08:00:25,EQ-01-A,1,0,day,01,L01AAA100106,2026-08-02 08:00:25,2026-08-02 08:02:20,2,0.349,OK,0000,0.81,OK,0000
LOT-20260802-AAA,line_01,pcb1,2026-08-02,2026-08-02 08:00:47,EQ-01-A,1,1,day,01,L01AAA100107,2026-08-02 08:00:47,2026-08-02 08:02:43,2,0.495,RE,ESA5,1.27,NG,ESA5
LOT-20260802-AAA,line_01,pcb1,2026-08-02,2026-08-02 08:01:20,EQ-01-A,1,0,day,01,L01AAA100108,2026-08-02 08:01:20,2026-08-02 08:03:19,2,0.733,OK,0000,0.8,OK,0000
LOT-20260802-AAA,line_01,pcb1,2026-08-02,2026-08-02 08:01:50,EQ-01-A,1,0,day,01,L01AAA100109,2026-08-02 08:01:50,2026-08-02 08:03:54,1,0.648,OK,0000,0.83,OK,0000
LOT-20260802-AAA,line_01,pcb1,2026-08-02,2026-08-02 08:02:11,EQ-01-A,1,0,day,01,L01AAA100110,2026-08-02 08:02:11,2026-08-02 08:04:07,2,0.493,OK,0000,0.87,OK,0000
LOT-20260802-AAA,line_01,pcb1,2026-08-02,2026-08-02 08:02:46,EQ-01-A,1,0,day,01,L01AAA100111,2026-08-02 08:02:46,2026-08-02 08:04:45,2,0.332,OK,0000,0.86,OK,0000
LOT-20260802-AAA,line_01,pcb1,2026-08-02,2026-08-02 08:03:19,EQ-01-A,1,0,day,01,L01AAA100112,2026-08-02 08:03:19,2026-08-02 08:05:23,2,0.525,OK,0000,0.86,OK,0000
LOT-20260802-AAA,line_01,pcb1,2026-08-02,2026-08-02 08:03:50,EQ-01-A,1,0,day,01,L01AAA100113,2026-08-02 08:03:50,2026-08-02 08:05:55,1,0.543,OK,0000,0.94,OK,0000
LOT-20260802-AAA,line_01,pcb1,2026-08-02,2026-08-02 08:04:25,EQ-01-A,1,1,day,01,L01AAA100114,2026-08-02 08:04:25,2026-08-02 08:06:24,1,0.404,RE,ESA5,1.2,NG,ESA5
LOT-20260802-AAA,line_01,pcb1,2026-08-02,2026-08-02 08:04:51,EQ-01-A,1,0,day,01,L01AAA100115,2026-08-02 08:04:51,2026-08-02 08:06:49,2,0.407,OK,0000,0.82,OK,0000
LOT-20260802-AAA,line_01,pcb1,2026-08-02,2026-08-02 08:05:30,EQ-01-A,1,0,day,01,L01AAA100116,2026-08-02 08:05:30,2026-08-02 08:07:33,1,0.404,OK,0000,0.89,OK,0000
LOT-20260802-AAA,line_01,pcb1,2026-08-02,2026-08-02 08:06:10,EQ-01-A,1,0,day,01,L01AAA100117,2026-08-02 08:06:10,2026-08-02 08:08:09,1,0.713,OK,0000,0.82,OK,0000
LOT-20260802-AAA,line_01,pcb1,2026-08-02,2026-08-02 08:06:32,EQ-01-A,1,0,day,01,L01AAA100118,2026-08-02 08:06:32,2026-08-02 08:08:27,2,0.375,OK,0000,0.86,OK,0000
LOT-20260802-AAA,line_01,pcb1,2026-08-02,2026-08-02 08:06:55,EQ-01-A,1,0,day,01,L01AAA100119,2026-08-02 08:06:55,2026-08-02 08:08:59,2,0.417,OK,0000,0.87,OK,0000
LOT-20260802-AAA,line_01,pcb1,2026-08-02,2026-08-02 08:07:15,EQ-01-A,1,0,day,01,L01AAA100120,2026-08-02 08:07:15,2026-08-02 08:09:20,2,0.53,OK,0000,0.8,OK,0000
LOT-20260802-AAA,line_01,pcb1,2026-08-02,2026-08-02 08:07:50,EQ-01-A,1,0,day,01,L01AAA100121,2026-08-02 08:07:50,2026-08-02 08:09:52,2,0.732,OK,0000,0.91,OK,0000
LOT-20260802-AAA,line_01,pcb1,2026-08-02,2026-08-02 08:08:14,EQ-01-A,1,0,day,01,L01AAA100122,2026-08-02 08:08:14,2026-08-02 08:10:14,2,0.408,OK,0000,0.82,OK,0000
LOT-20260802-AAA,line_01,pcb1,2026-08-02,2026-08-02 08:08:48,EQ-01-A,1,0,day,01,L01AAA100123,2026-08-02 08:08:48,2026-08-02 08:10:51,2,0.543,OK,0000,0.85,OK,0000
LOT-20260802-AAA,line_01,pcb1,2026-08-02,2026-08-02 08:09:17,EQ-01-A,1,0,day,01,L01AAA100124,2026-08-02 08:09:17,2026-08-02 08:11:12,2,0.599,OK,0000,0.92,OK,0000
LOT-20260802-AAA,line_01,pcb1,2026-08-02,2026-08-02 08:09:43,EQ-01-A,1,0,day,01,L01AAA100125,2026-08-02 08:09:43,2026-08-02 08:11:43,2,0.473,NG,ESA8,1.72,OK,0000
LOT-20260802-AAA,line_01,pcb1,2026-08-02,2026-08-02 08:10:05,EQ-01-A,1,0,day,01,L01AAA100126,2026-08-02 08:10:05,2026-08-02 08:12:02,2,0.293,OK,0000,0.81,OK,0000
LOT-20260802-AAA,line_01,pcb1,2026-08-02,2026-08-02 08:10:43,EQ-01-A,1,0,day,01,L01AAA100127,2026-08-02 08:10:43,2026-08-02 08:12:42,2,0.495,OK,0000,0.91,OK,0000
LOT-20260802-AAA,line_01,pcb1,2026-08-02,2026-08-02 08:11:13,EQ-01-A,1,0,day,01,L01AAA100128,2026-08-02 08:11:13,2026-08-02 08:13:11,1,0.422,OK,0000,0.85,OK,0000
LOT-20260802-AAA,line_01,pcb1,2026-08-02,2026-08-02 08:11:44,EQ-01-A,1,0,day,01,L01AAA100129,2026-08-02 08:11:44,2026-08-02 08:13:43,1,0.498,OK,0000,0.89,OK,0000
LOT-20260802-AAA,line_01,pcb1,2026-08-02,2026-08-02 08:12:09,EQ-01-A,1,0,day,01,L01AAA100130,2026-08-02 08:12:09,2026-08-02 08:14:05,2,0.879,OK,0000,0.82,OK,0000
LOT-20260802-AAA,line_01,pcb1,2026-08-02,2026-08-02 08:12:43,EQ-01-A,1,0,day,01,L01AAA100131,2026-08-02 08:12:43,2026-08-02 08:14:40,1,0.427,OK,0000,0.88,OK,0000
LOT-20260802-AAA,line_01,pcb1,2026-08-02,2026-08-02 08:13:09,EQ-01-A,1,0,day,01,L01AAA100132,2026-08-02 08:13:09,2026-08-02 08:15:08,1,0.602,OK,0000,0.91,OK,0000
LOT-20260802-AAA,line_01,pcb1,2026-08-02,2026-08-02 08:13:39,EQ-01-A,1,1,day,01,L01AAA100133,2026-08-02 08:13:39,2026-08-02 08:15:42,1,0.588,RE,ESA5,1.21,NG,ESA5
LOT-20260802-AAA,line_01,pcb1,2026-08-02,2026-08-02 08:14:03,EQ-01-A,1,1,day,01,L01AAA100134,2026-08-02 08:14:03,2026-08-02 08:15:59,1,0.589,RE,ESA5,1.36,NG,ESA5
LOT-20260802-AAA,line_01,pcb1,2026-08-02,2026-08-02 08:14:23,EQ-01-A,1,0,day,01,L01AAA100135,2026-08-02 08:14:23,2026-08-02 08:16:23,2,0.623,OK,0000,0.86,OK,0000
LOT-20260802-AAA,line_01,pcb1,2026-08-02,2026-08-02 08:14:57,EQ-01-A,1,0,day,01,L01AAA100136,2026-08-02 08:14:57,2026-08-02 08:16:56,2,0.66,OK,0000,0.89,OK,0000
LOT-20260802-AAA,line_01,pcb1,2026-08-02,2026-08-02 08:15:17,EQ-01-A,1,0,day,01,L01AAA100137,2026-08-02 08:15:17,2026-08-02 08:17:17,1,0.707,OK,0000,0.87,OK,0000
LOT-20260802-AAA,line_01,pcb1,2026-08-02,2026-08-02 08:15:43,EQ-01-A,1,0,day,01,L01AAA100138,2026-08-02 08:15:43,2026-08-02 08:17:45,1,0.475,OK,0000,0.85,OK,0000
LOT-20260802-AAA,line_01,pcb1,2026-08-02,2026-08-02 08:16:06,EQ-01-A,1,0,day,01,L01AAA100139,2026-08-02 08:16:06,2026-08-02 08:18:10,2,0.681,OK,0000,0.81,OK,0000
LOT-20260802-AAA,line_01,pcb1,2026-08-02,2026-08-02 08:16:43,EQ-01-A,1,0,day,01,L01AAA100140,2026-08-02 08:16:43,2026-08-02 08:18:43,1,0.555,OK,0000,0.82,OK,0000
LOT-20260802-AAA,line_01,pcb1,2026-08-02,2026-08-02 08:17:11,EQ-01-A,1,0,day,01,L01AAA100141,2026-08-02 08:17:11,2026-08-02 08:19:09,1,0.504,OK,0000,0.89,OK,0000
LOT-20260802-AAA,line_01,pcb1,2026-08-02,2026-08-02 08:17:36,EQ-01-A,1,0,day,01,L01AAA100142,2026-08-02 08:17:36,2026-08-02 08:19:38,1,0.529,OK,0000,0.84,OK,0000
LOT-20260802-AAA,line_01,pcb1,2026-08-02,2026-08-02 08:17:57,EQ-01-A,1,0,day,01,L01AAA100143,2026-08-02 08:17:57,2026-08-02 08:19:53,1,0.296,OK,0000,0.87,OK,0000
LOT-20260802-AAA,line_01,pcb1,2026-08-02,2026-08-02 08:18:29,EQ-01-A,1,0,day,01,L01AAA100144,2026-08-02 08:18:29,2026-08-02 08:20:33,2,0.597,OK,0000,0.93,OK,0000
LOT-20260802-AAA,line_01,pcb1,2026-08-02,2026-08-02 08:19:07,EQ-01-A,1,0,day,01,L01AAA100145,2026-08-02 08:19:07,2026-08-02 08:21:07,1,0.454,OK,0000,0.85,OK,0000
LOT-20260802-AAA,line_01,pcb1,2026-08-02,2026-08-02 08:19:36,EQ-01-A,1,0,day,01,L01AAA100146,2026-08-02 08:19:36,2026-08-02 08:21:39,2,0.537,OK,0000,0.9,OK,0000
LOT-20260802-AAA,line_01,pcb1,2026-08-02,2026-08-02 08:19:58,EQ-01-A,1,0,day,01,L01AAA100147,2026-08-02 08:19:58,2026-08-02 08:21:55,2,0.486,OK,0000,0.85,OK,0000
LOT-20260802-AAA,line_01,pcb1,2026-08-02,2026-08-02 08:20:20,EQ-01-A,1,0,day,01,L01AAA100148,2026-08-02 08:20:20,2026-08-02 08:22:22,2,0.591,OK,0000,0.85,OK,0000
LOT-20260802-AAA,line_01,pcb1,2026-08-02,2026-08-02 08:20:49,EQ-01-A,1,0,day,01,L01AAA100149,2026-08-02 08:20:49,2026-08-02 08:22:47,1,0.433,OK,0000,0.85,OK,0000
LOT-20260802-AAA,line_01,pcb1,2026-08-02,2026-08-02 08:21:16,EQ-01-A,1,0,day,01,L01AAA100150,2026-08-02 08:21:16,2026-08-02 08:23:16,1,0.661,OK,0000,0.8,OK,0000
LOT-20260802-AAA,line_01,pcb1,2026-08-02,2026-08-02 08:21:48,EQ-01-A,1,1,day,01,L01AAA100151,2026-08-02 08:21:48,2026-08-02 08:23:48,1,0.52,RE,ESA6,1.18,NG,ESA6
LOT-20260802-AAA,line_01,pcb1,2026-08-02,2026-08-02 08:22:22,EQ-01-A,1,0,day,01,L01AAA100152,2026-08-02 08:22:22,2026-08-02 08:24:19,2,0.679,OK,0000,0.8,OK,0000
LOT-20260802-AAA,line_01,pcb1,2026-08-02,2026-08-02 08:22:51,EQ-01-A,1,0,day,01,L01AAA100153,2026-08-02 08:22:51,2026-08-02 08:24:47,2,0.416,OK,0000,0.86,OK,0000
LOT-20260802-AAA,line_01,pcb1,2026-08-02,2026-08-02 08:23:23,EQ-01-A,1,0,day,01,L01AAA100154,2026-08-02 08:23:23,2026-08-02 08:25:28,2,0.735,OK,0000,0.84,OK,0000
LOT-20260802-AAA,line_01,pcb1,2026-08-02,2026-08-02 08:23:45,EQ-01-A,1,0,day,01,L01AAA100155,2026-08-02 08:23:45,2026-08-02 08:25:46,2,0.417,OK,0000,0.92,OK,0000
LOT-20260802-AAA,line_01,pcb1,2026-08-02,2026-08-02 08:24:12,EQ-01-A,1,0,day,01,L01AAA100156,2026-08-02 08:24:12,2026-08-02 08:26:13,1,0.283,OK,0000,0.8,OK,0000
LOT-20260802-AAA,line_01,pcb1,2026-08-02,2026-08-02 08:24:34,EQ-01-A,1,0,day,01,L01AAA100157,2026-08-02 08:24:34,2026-08-02 08:26:35,2,0.566,OK,0000,0.82,OK,0000
LOT-20260802-AAA,line_01,pcb1,2026-08-02,2026-08-02 08:25:12,EQ-01-A,1,0,day,01,L01AAA100158,2026-08-02 08:25:12,2026-08-02 08:27:17,2,0.347,OK,0000,0.87,OK,0000
LOT-20260802-AAA,line_01,pcb1,2026-08-02,2026-08-02 08:25:34,EQ-01-A,1,0,day,01,L01AAA100159,2026-08-02 08:25:34,2026-08-02 08:27:30,2,0.537,OK,0000,0.82,OK,0000
LOT-20260802-AAA,line_01,pcb1,2026-08-02,2026-08-02 08:26:12,EQ-01-A,1,0,day,01,L01AAA100160,2026-08-02 08:26:12,2026-08-02 08:28:14,1,0.308,OK,0000,0.87,OK,0000
LOT-20260802-AAA,line_01,pcb1,2026-08-02,2026-08-02 08:26:37,EQ-01-A,1,0,day,01,L01AAA100161,2026-08-02 08:26:37,2026-08-02 08:28:42,2,0.598,OK,0000,0.84,OK,0000
LOT-20260802-AAA,line_01,pcb1,2026-08-02,2026-08-02 08:27:16,EQ-01-A,1,0,day,01,L01AAA100162,2026-08-02 08:27:16,2026-08-02 08:29:21,1,0.777,OK,0000,0.8,OK,0000
LOT-20260802-AAA,line_01,pcb1,2026-08-02,2026-08-02 08:27:37,EQ-01-A,1,0,day,01,L01AAA100163,2026-08-02 08:27:37,2026-08-02 08:29:42,2,0.271,OK,0000,0.81,OK,0000
LOT-20260802-AAA,line_01,pcb1,2026-08-02,2026-08-02 08:27:57,EQ-01-A,1,0,day,01,L01AAA100164,2026-08-02 08:27:57,2026-08-02 08:29:56,2,0.493,OK,0000,0.85,OK,0000
LOT-20260802-AAA,line_01,pcb1,2026-08-02,2026-08-02 08:28:29,EQ-01-A,1,0,day,01,L01AAA100165,2026-08-02 08:28:29,2026-08-02 08:30:29,2,0.464,OK,0000,0.85,OK,0000
LOT-20260802-AAA,line_01,pcb1,2026-08-02,2026-08-02 08:28:58,EQ-01-A,1,0,day,01,L01AAA100166,2026-08-02 08:28:58,2026-08-02 08:30:59,2,0.312,OK,0000,0.9,OK,0000
LOT-20260802-AAA,line_01,pcb1,2026-08-02,2026-08-02 08:29:29,EQ-01-A,1,0,day,01,L01AAA100167,2026-08-02 08:29:29,2026-08-02 08:31:32,2,0.488,OK,0000,0.88,OK,0000
LOT-20260802-AAA,line_01,pcb1,2026-08-02,2026-08-02 08:30:01,EQ-01-A,1,0,day,01,L01AAA100168,2026-08-02 08:30:01,2026-08-02 08:32:04,1,0.551,OK,0000,0.86,OK,0000
LOT-20260802-AAA,line_01,pcb1,2026-08-02,2026-08-02 08:30:22,EQ-01-A,1,0,day,01,L01AAA100169,2026-08-02 08:30:22,2026-08-02 08:32:18,2,0.585,OK,0000,0.86,OK,0000
LOT-20260802-AAA,line_01,pcb1,2026-08-02,2026-08-02 08:30:51,EQ-01-A,1,0,day,01,L01AAA100170,2026-08-02 08:30:51,2026-08-02 08:32:52,1,0.596,OK,0000,0.89,OK,0000
LOT-20260802-AAA,line_01,pcb1,2026-08-02,2026-08-02 08:31:31,EQ-01-A,1,0,day,01,L01AAA100171,2026-08-02 08:31:31,2026-08-02 08:33:34,2,0.529,OK,0000,0.87,OK,0000
LOT-20260802-AAA,line_01,pcb1,2026-08-02,2026-08-02 08:31:57,EQ-01-A,1,0,day,01,L01AAA100172,2026-08-02 08:31:57,2026-08-02 08:33:58,2,0.487,OK,0000,0.9,OK,0000
LOT-20260802-AAA,line_01,pcb1,2026-08-02,2026-08-02 08:32:28,EQ-01-A,1,1,day,01,L01AAA100173,2026-08-02 08:32:28,2026-08-02 08:34:33,1,0.399,RE,ESA0,1.43,NG,ESA0
LOT-20260802-AAA,line_01,pcb1,2026-08-02,2026-08-02 08:32:52,EQ-01-A,1,0,day,01,L01AAA100174,2026-08-02 08:32:52,2026-08-02 08:34:54,2,0.494,OK,0000,0.8,OK,0000
LOT-20260802-AAA,line_01,pcb1,2026-08-02,2026-08-02 08:33:25,EQ-01-A,1,0,day,01,L01AAA100175,2026-08-02 08:33:25,2026-08-02 08:35:26,2,0.519,OK,0000,0.81,OK,0000
LOT-20260802-AAA,line_01,pcb1,2026-08-02,2026-08-02 08:33:59,EQ-01-A,1,0,day,01,L01AAA100176,2026-08-02 08:33:59,2026-08-02 08:36:03,1,0.626,OK,0000,0.81,OK,0000
LOT-20260802-AAA,line_01,pcb1,2026-08-02,2026-08-02 08:34:24,EQ-01-A,1,0,day,01,L01AAA100177,2026-08-02 08:34:24,2026-08-02 08:36:25,1,0.433,RE,ESA3,1.06,OK,0000
LOT-20260802-AAA,line_01,pcb1,2026-08-02,2026-08-02 08:34:55,EQ-01-A,1,0,day,01,L01AAA100178,2026-08-02 08:34:55,2026-08-02 08:36:58,1,0.432,OK,0000,0.8,OK,0000
LOT-20260802-AAA,line_01,pcb1,2026-08-02,2026-08-02 08:35:23,EQ-01-A,1,0,day,01,L01AAA100179,2026-08-02 08:35:23,2026-08-02 08:37:18,1,0.262,OK,0000,0.87,OK,0000
LOT-20260802-AAA,line_01,pcb1,2026-08-02,2026-08-02 08:36:01,EQ-01-A,1,0,day,01,L01AAA100180,2026-08-02 08:36:01,2026-08-02 08:37:57,2,0.618,OK,0000,0.86,OK,0000
LOT-20260802-AAA,line_01,pcb1,2026-08-02,2026-08-02 08:36:25,EQ-01-A,1,0,day,01,L01AAA100181,2026-08-02 08:36:25,2026-08-02 08:38:24,2,0.355,OK,0000,0.84,OK,0000
LOT-20260802-AAA,line_01,pcb1,2026-08-02,2026-08-02 08:36:59,EQ-01-A,1,0,day,01,L01AAA100182,2026-08-02 08:36:59,2026-08-02 08:38:57,2,0.499,OK,0000,0.8,OK,0000
LOT-20260802-AAA,line_01,pcb1,2026-08-02,2026-08-02 08:37:34,EQ-01-A,1,0,day,01,L01AAA100183,2026-08-02 08:37:34,2026-08-02 08:39:39,2,0.726,OK,0000,0.88,OK,0000
LOT-20260802-AAA,line_01,pcb1,2026-08-02,2026-08-02 08:38:14,EQ-01-A,1,0,day,01,L01AAA100184,2026-08-02 08:38:14,2026-08-02 08:40:14,2,0.467,OK,0000,0.84,OK,0000
LOT-20260802-AAA,line_01,pcb1,2026-08-02,2026-08-02 08:38:51,EQ-01-A,1,0,day,01,L01AAA100185,2026-08-02 08:38:51,2026-08-02 08:40:53,2,0.531,OK,0000,0.8,OK,0000
LOT-20260802-AAA,line_01,pcb1,2026-08-02,2026-08-02 08:39:29,EQ-01-A,1,0,day,01,L01AAA100186,2026-08-02 08:39:29,2026-08-02 08:41:28,1,0.463,OK,0000,0.81,OK,0000
LOT-20260802-AAA,line_01,pcb1,2026-08-02,2026-08-02 08:39:58,EQ-01-A,1,0,day,01,L01AAA100187,2026-08-02 08:39:58,2026-08-02 08:41:57,1,0.35,OK,0000,0.83,OK,0000
LOT-20260802-AAA,line_01,pcb1,2026-08-02,2026-08-02 08:40:36,EQ-01-A,1,0,day,01,L01AAA100188,2026-08-02 08:40:36,2026-08-02 08:42:40,2,0.77,OK,0000,0.87,OK,0000
LOT-20260802-AAA,line_01,pcb1,2026-08-02,2026-08-02 08:40:57,EQ-01-A,1,0,day,01,L01AAA100189,2026-08-02 08:40:57,2026-08-02 08:42:52,1,0.414,OK,0000,0.86,OK,0000
LOT-20260802-AAA,line_01,pcb1,2026-08-02,2026-08-02 08:41:26,EQ-01-A,1,0,day,01,L01AAA100190,2026-08-02 08:41:26,2026-08-02 08:43:25,1,0.71,OK,0000,0.88,OK,0000
LOT-20260802-AAA,line_01,pcb1,2026-08-02,2026-08-02 08:41:54,EQ-01-A,1,0,day,01,L01AAA100191,2026-08-02 08:41:54,2026-08-02 08:43:49,2,0.509,OK,0000,0.81,OK,0000
LOT-20260802-AAA,line_01,pcb1,2026-08-02,2026-08-02 08:42:17,EQ-01-A,1,0,day,01,L01AAA100192,2026-08-02 08:42:17,2026-08-02 08:44:22,1,0.605,OK,0000,0.86,OK,0000
LOT-20260802-AAA,line_01,pcb1,2026-08-02,2026-08-02 08:42:51,EQ-01-A,1,0,day,01,L01AAA100193,2026-08-02 08:42:51,2026-08-02 08:44:49,1,0.634,NG,ESA2,1.86,OK,0000
LOT-20260802-AAA,line_01,pcb1,2026-08-02,2026-08-02 08:43:26,EQ-01-A,1,0,day,01,L01AAA100194,2026-08-02 08:43:26,2026-08-02 08:45:30,2,0.657,OK,0000,0.82,OK,0000
LOT-20260802-AAA,line_01,pcb1,2026-08-02,2026-08-02 08:43:50,EQ-01-A,1,0,day,01,L01AAA100195,2026-08-02 08:43:50,2026-08-02 08:45:51,2,0.698,OK,0000,0.85,OK,0000
LOT-20260802-AAA,line_01,pcb1,2026-08-02,2026-08-02 08:44:17,EQ-01-A,1,0,day,01,L01AAA100196,2026-08-02 08:44:17,2026-08-02 08:46:21,1,0.811,OK,0000,0.81,OK,0000
LOT-20260802-AAA,line_01,pcb1,2026-08-02,2026-08-02 08:44:48,EQ-01-A,1,0,day,01,L01AAA100197,2026-08-02 08:44:48,2026-08-02 08:46:43,1,0.76,OK,0000,0.85,OK,0000
LOT-20260802-AAA,line_01,pcb1,2026-08-02,2026-08-02 08:45:13,EQ-01-A,1,0,day,01,L01AAA100198,2026-08-02 08:45:13,2026-08-02 08:47:16,1,0.402,OK,0000,0.82,OK,0000
LOT-20260802-AAA,line_01,pcb1,2026-08-02,2026-08-02 08:45:40,EQ-01-A,1,1,day,01,L01AAA100199,2026-08-02 08:45:40,2026-08-02 08:47:37,2,0.452,NG,ESA5,1.84,NG,ESA5
LOT-20260802-AAB,line_02,pcb2,2026-08-02,2026-08-02 08:00:00,EQ-02-A,1,0,day,02,L02AAB100106,2026-08-02 08:00:00,2026-08-02 08:02:05,2,0.496,NG,ESA5,2.0,OK,0000
LOT-20260802-AAB,line_02,pcb2,2026-08-02,2026-08-02 08:00:30,EQ-02-A,1,0,day,02,L02AAB100107,2026-08-02 08:00:30,2026-08-02 08:02:31,2,0.759,OK,0000,0.86,OK,0000
LOT-20260802-AAB,line_02,pcb2,2026-08-02,2026-08-02 08:01:09,EQ-02-A,1,0,day,02,L02AAB100108,2026-08-02 08:01:09,2026-08-02 08:03:08,1,0.506,OK,0000,0.84,OK,0000
LOT-20260802-AAB,line_02,pcb2,2026-08-02,2026-08-02 08:01:32,EQ-02-A,1,0,day,02,L02AAB100109,2026-08-02 08:01:32,2026-08-02 08:03:37,2,0.592,OK,0000,0.8,OK,0000
LOT-20260802-AAB,line_02,pcb2,2026-08-02,2026-08-02 08:01:59,EQ-02-A,1,1,day,02,L02AAB100110,2026-08-02 08:01:59,2026-08-02 08:03:59,1,0.461,RE,ESA5,1.08,NG,ESA5
LOT-20260802-AAB,line_02,pcb2,2026-08-02,2026-08-02 08:02:24,EQ-02-A,1,0,day,02,L02AAB100111,2026-08-02 08:02:24,2026-08-02 08:04:25,2,0.56,OK,0000,0.87,OK,0000
LOT-20260802-AAB,line_02,pcb2,2026-08-02,2026-08-02 08:02:47,EQ-02-A,1,1,day,02,L02AAB100112,2026-08-02 08:02:47,2026-08-02 08:04:46,1,0.428,RE,ESA7,1.41,NG,ESA7
LOT-20260802-AAB,line_02,pcb2,2026-08-02,2026-08-02 08:03:15,EQ-02-A,1,0,day,02,L02AAB100113,2026-08-02 08:03:15,2026-08-02 08:05:20,2,0.316,OK,0000,0.8,OK,0000
LOT-20260802-AAB,line_02,pcb2,2026-08-02,2026-08-02 08:03:41,EQ-02-A,1,0,day,02,L02AAB100114,2026-08-02 08:03:41,2026-08-02 08:05:37,2,0.534,OK,0000,0.88,OK,0000
LOT-20260802-AAB,line_02,pcb2,2026-08-02,2026-08-02 08:04:03,EQ-02-A,1,0,day,02,L02AAB100115,2026-08-02 08:04:03,2026-08-02 08:06:08,2,0.753,OK,0000,0.82,OK,0000
LOT-20260802-AAB,line_02,pcb2,2026-08-02,2026-08-02 08:04:41,EQ-02-A,1,0,day,02,L02AAB100116,2026-08-02 08:04:41,2026-08-02 08:06:38,1,0.662,OK,0000,0.84,OK,0000
LOT-20260802-AAB,line_02,pcb2,2026-08-02,2026-08-02 08:05:09,EQ-02-A,1,0,day,02,L02AAB100117,2026-08-02 08:05:09,2026-08-02 08:07:11,2,0.474,OK,0000,0.88,OK,0000
LOT-20260802-AAB,line_02,pcb2,2026-08-02,2026-08-02 08:05:37,EQ-02-A,1,1,day,02,L02AAB100118,2026-08-02 08:05:37,2026-08-02 08:07:37,1,0.598,RE,ESA0,1.09,NG,ESA0
LOT-20260802-AAB,line_02,pcb2,2026-08-02,2026-08-02 08:06:05,EQ-02-A,1,0,day,02,L02AAB100119,2026-08-02 08:06:05,2026-08-02 08:08:05,1,0.721,OK,0000,0.9,OK,0000
LOT-20260802-AAB,line_02,pcb2,2026-08-02,2026-08-02 08:06:26,EQ-02-A,1,0,day,02,L02AAB100120,2026-08-02 08:06:26,2026-08-02 08:08:22,2,0.406,OK,0000,0.86,OK,0000
LOT-20260802-AAB,line_02,pcb2,2026-08-02,2026-08-02 08:07:01,EQ-02-A,1,0,day,02,L02AAB100121,2026-08-02 08:07:01,2026-08-02 08:09:06,1,0.574,OK,0000,0.85,OK,0000
LOT-20260802-AAB,line_02,pcb2,2026-08-02,2026-08-02 08:07:36,EQ-02-A,1,0,day,02,L02AAB100122,2026-08-02 08:07:36,2026-08-02 08:09:40,1,0.417,OK,0000,0.81,OK,0000
LOT-20260802-AAB,line_02,pcb2,2026-08-02,2026-08-02 08:08:16,EQ-02-A,1,0,day,02,L02AAB100123,2026-08-02 08:08:16,2026-08-02 08:10:11,1,0.496,OK,0000,0.89,OK,0000
LOT-20260802-AAB,line_02,pcb2,2026-08-02,2026-08-02 08:08:38,EQ-02-A,1,0,day,02,L02AAB100124,2026-08-02 08:08:38,2026-08-02 08:10:33,1,0.582,OK,0000,0.83,OK,0000
LOT-20260802-AAB,line_02,pcb2,2026-08-02,2026-08-02 08:09:13,EQ-02-A,1,0,day,02,L02AAB100125,2026-08-02 08:09:13,2026-08-02 08:11:18,1,0.616,OK,0000,0.8,OK,0000
LOT-20260802-AAB,line_02,pcb2,2026-08-02,2026-08-02 08:09:45,EQ-02-A,1,0,day,02,L02AAB100126,2026-08-02 08:09:45,2026-08-02 08:11:49,2,0.672,OK,0000,0.8,OK,0000
LOT-20260802-AAB,line_02,pcb2,2026-08-02,2026-08-02 08:10:05,EQ-02-A,1,0,day,02,L02AAB100127,2026-08-02 08:10:05,2026-08-02 08:12:06,2,0.446,OK,0000,0.8,OK,0000
LOT-20260802-AAB,line_02,pcb2,2026-08-02,2026-08-02 08:10:37,EQ-02-A,1,0,day,02,L02AAB100128,2026-08-02 08:10:37,2026-08-02 08:12:40,1,0.306,OK,0000,0.89,OK,0000
LOT-20260802-AAB,line_02,pcb2,2026-08-02,2026-08-02 08:11:04,EQ-02-A,1,0,day,02,L02AAB100129,2026-08-02 08:11:04,2026-08-02 08:13:06,2,0.43,OK,0000,0.85,OK,0000
LOT-20260802-AAB,line_02,pcb2,2026-08-02,2026-08-02 08:11:27,EQ-02-A,1,0,day,02,L02AAB100130,2026-08-02 08:11:27,2026-08-02 08:13:32,1,0.493,OK,0000,0.86,OK,0000
LOT-20260802-AAB,line_02,pcb2,2026-08-02,2026-08-02 08:11:56,EQ-02-A,1,0,day,02,L02AAB100131,2026-08-02 08:11:56,2026-08-02 08:13:52,2,0.512,OK,0000,0.8,OK,0000
LOT-20260802-AAB,line_02,pcb2,2026-08-02,2026-08-02 08:12:27,EQ-02-A,1,0,day,02,L02AAB100132,2026-08-02 08:12:27,2026-08-02 08:14:29,2,0.649,RE,ESA3,1.2,OK,0000
LOT-20260802-AAB,line_02,pcb2,2026-08-02,2026-08-02 08:12:56,EQ-02-A,1,0,day,02,L02AAB100133,2026-08-02 08:12:56,2026-08-02 08:14:55,2,0.267,OK,0000,0.82,OK,0000
LOT-20260802-AAB,line_02,pcb2,2026-08-02,2026-08-02 08:13:28,EQ-02-A,1,0,day,02,L02AAB100134,2026-08-02 08:13:28,2026-08-02 08:15:24,1,0.725,RE,ESA3,1.34,OK,0000
LOT-20260802-AAB,line_02,pcb2,2026-08-02,2026-08-02 08:14:08,EQ-02-A,1,0,day,02,L02AAB100135,2026-08-02 08:14:08,2026-08-02 08:16:10,1,0.448,OK,0000,0.83,OK,0000
LOT-20260802-AAB,line_02,pcb2,2026-08-02,2026-08-02 08:14:40,EQ-02-A,1,1,day,02,L02AAB100136,2026-08-02 08:14:40,2026-08-02 08:16:43,2,0.452,RE,ESA6,1.46,NG,ESA6
LOT-20260802-AAB,line_02,pcb2,2026-08-02,2026-08-02 08:15:14,EQ-02-A,1,0,day,02,L02AAB100137,2026-08-02 08:15:14,2026-08-02 08:17:09,1,0.557,OK,0000,0.86,OK,0000
LOT-20260802-AAB,line_02,pcb2,2026-08-02,2026-08-02 08:15:46,EQ-02-A,1,0,day,02,L02AAB100138,2026-08-02 08:15:46,2026-08-02 08:17:48,1,0.655,OK,0000,0.85,OK,0000
LOT-20260802-AAB,line_02,pcb2,2026-08-02,2026-08-02 08:16:23,EQ-02-A,1,1,day,02,L02AAB100139,2026-08-02 08:16:23,2026-08-02 08:18:18,1,0.461,NG,ESA7,1.78,NG,ESA7
LOT-20260802-AAB,line_02,pcb2,2026-08-02,2026-08-02 08:16:47,EQ-02-A,1,0,day,02,L02AAB100140,2026-08-02 08:16:47,2026-08-02 08:18:45,1,0.489,OK,0000,0.84,OK,0000
LOT-20260802-AAB,line_02,pcb2,2026-08-02,2026-08-02 08:17:27,EQ-02-A,1,0,day,02,L02AAB100141,2026-08-02 08:17:27,2026-08-02 08:19:26,1,0.609,OK,0000,0.84,OK,0000
LOT-20260802-AAB,line_02,pcb2,2026-08-02,2026-08-02 08:17:50,EQ-02-A,1,0,day,02,L02AAB100142,2026-08-02 08:17:50,2026-08-02 08:19:46,1,0.61,OK,0000,0.84,OK,0000
LOT-20260802-AAB,line_02,pcb2,2026-08-02,2026-08-02 08:18:13,EQ-02-A,1,0,day,02,L02AAB100143,2026-08-02 08:18:13,2026-08-02 08:20:11,1,0.512,OK,0000,0.8,OK,0000
LOT-20260802-AAB,line_02,pcb2,2026-08-02,2026-08-02 08:18:46,EQ-02-A,1,0,day,02,L02AAB100144,2026-08-02 08:18:46,2026-08-02 08:20:47,1,0.637,OK,0000,0.85,OK,0000
LOT-20260802-AAB,line_02,pcb2,2026-08-02,2026-08-02 08:19:16,EQ-02-A,1,0,day,02,L02AAB100145,2026-08-02 08:19:16,2026-08-02 08:21:16,2,0.65,OK,0000,0.8,OK,0000
LOT-20260802-AAB,line_02,pcb2,2026-08-02,2026-08-02 08:19:42,EQ-02-A,1,0,day,02,L02AAB100146,2026-08-02 08:19:42,2026-08-02 08:21:38,1,0.813,OK,0000,0.83,OK,0000
LOT-20260802-AAB,line_02,pcb2,2026-08-02,2026-08-02 08:20:10,EQ-02-A,1,0,day,02,L02AAB100147,2026-08-02 08:20:10,2026-08-02 08:22:13,1,0.666,RE,ESA6,1.15,OK,0000
LOT-20260802-AAB,line_02,pcb2,2026-08-02,2026-08-02 08:20:35,EQ-02-A,1,0,day,02,L02AAB100148,2026-08-02 08:20:35,2026-08-02 08:22:32,2,0.592,NG,ESA4,1.69,OK,0000
LOT-20260802-AAB,line_02,pcb2,2026-08-02,2026-08-02 08:20:55,EQ-02-A,1,0,day,02,L02AAB100149,2026-08-02 08:20:55,2026-08-02 08:22:56,2,0.406,OK,0000,0.92,OK,0000
LOT-20260802-AAB,line_02,pcb2,2026-08-02,2026-08-02 08:21:30,EQ-02-A,1,0,day,02,L02AAB100150,2026-08-02 08:21:30,2026-08-02 08:23:33,1,0.471,OK,0000,0.85,OK,0000
LOT-20260802-AAB,line_02,pcb2,2026-08-02,2026-08-02 08:22:04,EQ-02-A,1,0,day,02,L02AAB100151,2026-08-02 08:22:04,2026-08-02 08:23:59,1,0.631,OK,0000,0.86,OK,0000
LOT-20260802-AAB,line_02,pcb2,2026-08-02,2026-08-02 08:22:43,EQ-02-A,1,1,day,02,L02AAB100152,2026-08-02 08:22:43,2026-08-02 08:24:48,1,0.523,RE,ESA7,1.29,NG,ESA7
LOT-20260802-AAB,line_02,pcb2,2026-08-02,2026-08-02 08:23:12,EQ-02-A,1,0,day,02,L02AAB100153,2026-08-02 08:23:12,2026-08-02 08:25:15,2,0.861,OK,0000,0.84,OK,0000
LOT-20260802-AAB,line_02,pcb2,2026-08-02,2026-08-02 08:23:35,EQ-02-A,1,0,day,02,L02AAB100154,2026-08-02 08:23:35,2026-08-02 08:25:38,1,0.53,OK,0000,0.88,OK,0000
LOT-20260802-AAB,line_02,pcb2,2026-08-02,2026-08-02 08:24:02,EQ-02-A,1,0,day,02,L02AAB100155,2026-08-02 08:24:02,2026-08-02 08:25:57,1,0.666,OK,0000,0.89,OK,0000
LOT-20260802-AAB,line_02,pcb2,2026-08-02,2026-08-02 08:24:28,EQ-02-A,1,0,day,02,L02AAB100156,2026-08-02 08:24:28,2026-08-02 08:26:30,1,0.596,RE,ESA4,1.14,OK,0000
LOT-20260802-AAB,line_02,pcb2,2026-08-02,2026-08-02 08:25:03,EQ-02-A,1,0,day,02,L02AAB100157,2026-08-02 08:25:03,2026-08-02 08:27:01,1,0.745,OK,0000,0.8,OK,0000
LOT-20260802-AAB,line_02,pcb2,2026-08-02,2026-08-02 08:25:36,EQ-02-A,1,1,day,02,L02AAB100158,2026-08-02 08:25:36,2026-08-02 08:27:38,1,0.545,RE,ESA5,1.17,NG,ESA5
LOT-20260802-AAB,line_02,pcb2,2026-08-02,2026-08-02 08:25:57,EQ-02-A,1,1,day,02,L02AAB100159,2026-08-02 08:25:57,2026-08-02 08:27:52,2,0.49,RE,ESA7,1.28,NG,ESA7
LOT-20260802-AAB,line_02,pcb2,2026-08-02,2026-08-02 08:26:32,EQ-02-A,1,0,day,02,L02AAB100160,2026-08-02 08:26:32,2026-08-02 08:28:36,1,0.548,OK,0000,0.86,OK,0000
LOT-20260802-AAB,line_02,pcb2,2026-08-02,2026-08-02 08:27:02,EQ-02-A,1,0,day,02,L02AAB100161,2026-08-02 08:27:02,2026-08-02 08:29:00,1,0.742,OK,0000,0.86,OK,0000
LOT-20260802-AAB,line_02,pcb2,2026-08-02,2026-08-02 08:27:25,EQ-02-A,1,1,day,02,L02AAB100162,2026-08-02 08:27:25,2026-08-02 08:29:23,2,0.463,RE,ESA5,1.35,NG,ESA5
LOT-20260802-AAB,line_02,pcb2,2026-08-02,2026-08-02 08:27:57,EQ-02-A,1,0,day,02,L02AAB100163,2026-08-02 08:27:57,2026-08-02 08:29:58,1,0.678,OK,0000,0.8,OK,0000
LOT-20260802-AAB,line_02,pcb2,2026-08-02,2026-08-02 08:28:21,EQ-02-A,1,0,day,02,L02AAB100164,2026-08-02 08:28:21,2026-08-02 08:30:21,1,0.59,OK,0000,0.87,OK,0000
LOT-20260802-AAB,line_02,pcb2,2026-08-02,2026-08-02 08:28:45,EQ-02-A,1,1,day,02,L02AAB100165,2026-08-02 08:28:45,2026-08-02 08:30:44,1,0.455,RE,ESA5,1.39,NG,ESA5
LOT-20260802-AAB,line_02,pcb2,2026-08-02,2026-08-02 08:29:11,EQ-02-A,1,0,day,02,L02AAB100166,2026-08-02 08:29:11,2026-08-02 08:31:07,1,0.477,OK,0000,0.85,OK,0000
LOT-20260802-AAB,line_02,pcb2,2026-08-02,2026-08-02 08:29:45,EQ-02-A,1,0,day,02,L02AAB100167,2026-08-02 08:29:45,2026-08-02 08:31:44,1,0.474,OK,0000,0.84,OK,0000
LOT-20260802-AAB,line_02,pcb2,2026-08-02,2026-08-02 08:30:24,EQ-02-A,1,0,day,02,L02AAB100168,2026-08-02 08:30:24,2026-08-02 08:32:21,2,0.336,OK,0000,0.8,OK,0000
LOT-20260802-AAB,line_02,pcb2,2026-08-02,2026-08-02 08:31:02,EQ-02-A,1,0,day,02,L02AAB100169,2026-08-02 08:31:02,2026-08-02 08:33:05,2,0.739,OK,0000,0.81,OK,0000
LOT-20260802-AAB,line_02,pcb2,2026-08-02,2026-08-02 08:31:37,EQ-02-A,1,0,day,02,L02AAB100170,2026-08-02 08:31:37,2026-08-02 08:33:39,1,0.351,OK,0000,0.8,OK,0000
LOT-20260802-AAB,line_02,pcb2,2026-08-02,2026-08-02 08:32:05,EQ-02-A,1,0,day,02,L02AAB100171,2026-08-02 08:32:05,2026-08-02 08:34:03,1,0.404,OK,0000,0.8,OK,0000
LOT-20260802-AAB,line_02,pcb2,2026-08-02,2026-08-02 08:32:35,EQ-02-A,1,0,day,02,L02AAB100172,2026-08-02 08:32:35,2026-08-02 08:34:32,2,0.746,NG,ESA8,1.9,OK,0000
LOT-20260802-AAB,line_02,pcb2,2026-08-02,2026-08-02 08:33:13,EQ-02-A,1,0,day,02,L02AAB100173,2026-08-02 08:33:13,2026-08-02 08:35:08,2,0.397,OK,0000,0.93,OK,0000
LOT-20260802-AAB,line_02,pcb2,2026-08-02,2026-08-02 08:33:46,EQ-02-A,1,0,day,02,L02AAB100174,2026-08-02 08:33:46,2026-08-02 08:35:42,1,0.647,OK,0000,0.83,OK,0000
LOT-20260802-AAB,line_02,pcb2,2026-08-02,2026-08-02 08:34:20,EQ-02-A,1,0,day,02,L02AAB100175,2026-08-02 08:34:20,2026-08-02 08:36:21,1,0.125,OK,0000,0.93,OK,0000
LOT-20260802-AAB,line_02,pcb2,2026-08-02,2026-08-02 08:34:46,EQ-02-A,1,0,day,02,L02AAB100176,2026-08-02 08:34:46,2026-08-02 08:36:42,1,0.292,OK,0000,0.8,OK,0000
LOT-20260802-AAB,line_02,pcb2,2026-08-02,2026-08-02 08:35:06,EQ-02-A,1,0,day,02,L02AAB100177,2026-08-02 08:35:06,2026-08-02 08:37:10,1,0.653,OK,0000,0.94,OK,0000
LOT-20260802-AAB,line_02,pcb2,2026-08-02,2026-08-02 08:35:44,EQ-02-A,1,0,day,02,L02AAB100178,2026-08-02 08:35:44,2026-08-02 08:37:45,2,0.708,OK,0000,0.86,OK,0000
LOT-20260802-AAB,line_02,pcb2,2026-08-02,2026-08-02 08:36:09,EQ-02-A,1,1,day,02,L02AAB100179,2026-08-02 08:36:09,2026-08-02 08:38:14,2,0.589,RE,ESA6,1.34,NG,ESA6
LOT-20260802-AAB,line_02,pcb2,2026-08-02,2026-08-02 08:36:29,EQ-02-A,1,0,day,02,L02AAB100180,2026-08-02 08:36:29,2026-08-02 08:38:24,1,0.614,OK,0000,0.85,OK,0000
LOT-20260802-AAB,line_02,pcb2,2026-08-02,2026-08-02 08:36:58,EQ-02-A,1,0,day,02,L02AAB100181,2026-08-02 08:36:58,2026-08-02 08:39:01,2,0.516,OK,0000,0.84,OK,0000
LOT-20260802-AAB,line_02,pcb2,2026-08-02,2026-08-02 08:37:36,EQ-02-A,1,0,day,02,L02AAB100182,2026-08-02 08:37:36,2026-08-02 08:39:36,2,0.387,OK,0000,0.83,OK,0000
LOT-20260802-AAB,line_02,pcb2,2026-08-02,2026-08-02 08:37:57,EQ-02-A,1,0,day,02,L02AAB100183,2026-08-02 08:37:57,2026-08-02 08:39:52,1,0.246,RE,ESA8,1.24,OK,0000
LOT-20260802-AAB,line_02,pcb2,2026-08-02,2026-08-02 08:38:20,EQ-02-A,1,0,day,02,L02AAB100184,2026-08-02 08:38:20,2026-08-02 08:40:16,2,0.352,OK,0000,0.8,OK,0000
LOT-20260802-AAB,line_02,pcb2,2026-08-02,2026-08-02 08:38:57,EQ-02-A,1,0,day,02,L02AAB100185,2026-08-02 08:38:57,2026-08-02 08:40:55,1,0.527,OK,0000,0.9,OK,0000
LOT-20260802-AAB,line_02,pcb2,2026-08-02,2026-08-02 08:39:34,EQ-02-A,1,0,day,02,L02AAB100186,2026-08-02 08:39:34,2026-08-02 08:41:38,2,0.638,OK,0000,0.8,OK,0000
LOT-20260802-AAB,line_02,pcb2,2026-08-02,2026-08-02 08:40:00,EQ-02-A,1,0,day,02,L02AAB100187,2026-08-02 08:40:00,2026-08-02 08:41:59,2,0.352,OK,0000,0.88,OK,0000
LOT-20260802-AAB,line_02,pcb2,2026-08-02,2026-08-02 08:40:36,EQ-02-A,1,0,day,02,L02AAB100188,2026-08-02 08:40:36,2026-08-02 08:42:36,1,0.353,OK,0000,0.83,OK,0000
LOT-20260802-AAB,line_02,pcb2,2026-08-02,2026-08-02 08:41:10,EQ-02-A,1,0,day,02,L02AAB100189,2026-08-02 08:41:10,2026-08-02 08:43:13,2,0.583,OK,0000,0.8,OK,0000
LOT-20260802-AAB,line_02,pcb2,2026-08-02,2026-08-02 08:41:47,EQ-02-A,1,0,day,02,L02AAB100190,2026-08-02 08:41:47,2026-08-02 08:43:52,1,0.516,OK,0000,0.8,OK,0000
LOT-20260802-AAB,line_02,pcb2,2026-08-02,2026-08-02 08:42:09,EQ-02-A,1,0,day,02,L02AAB100191,2026-08-02 08:42:09,2026-08-02 08:44:10,1,0.41,OK,0000,0.85,OK,0000
LOT-20260802-AAB,line_02,pcb2,2026-08-02,2026-08-02 08:42:34,EQ-02-A,1,0,day,02,L02AAB100192,2026-08-02 08:42:34,2026-08-02 08:44:33,2,0.261,OK,0000,0.86,OK,0000
LOT-20260802-AAB,line_02,pcb2,2026-08-02,2026-08-02 08:42:57,EQ-02-A,1,0,day,02,L02AAB100193,2026-08-02 08:42:57,2026-08-02 08:45:00,1,0.497,OK,0000,0.86,OK,0000
LOT-20260802-AAB,line_02,pcb2,2026-08-02,2026-08-02 08:43:37,EQ-02-A,1,0,day,02,L02AAB100194,2026-08-02 08:43:37,2026-08-02 08:45:34,1,0.534,OK,0000,0.89,OK,0000
LOT-20260802-AAB,line_02,pcb2,2026-08-02,2026-08-02 08:44:12,EQ-02-A,1,0,day,02,L02AAB100195,2026-08-02 08:44:12,2026-08-02 08:46:11,1,0.519,OK,0000,0.82,OK,0000
LOT-20260802-AAB,line_02,pcb2,2026-08-02,2026-08-02 08:44:38,EQ-02-A,1,0,day,02,L02AAB100196,2026-08-02 08:44:38,2026-08-02 08:46:41,1,0.518,OK,0000,0.86,OK,0000
LOT-20260802-AAB,line_02,pcb2,2026-08-02,2026-08-02 08:45:18,EQ-02-A,1,0,day,02,L02AAB100197,2026-08-02 08:45:18,2026-08-02 08:47:18,2,0.507,OK,0000,0.84,OK,0000
LOT-20260802-AAB,line_02,pcb2,2026-08-02,2026-08-02 08:45:53,EQ-02-A,1,0,day,02,L02AAB100198,2026-08-02 08:45:53,2026-08-02 08:47:55,1,0.395,OK,0000,0.81,OK,0000
LOT-20260802-AAB,line_02,pcb2,2026-08-02,2026-08-02 08:46:27,EQ-02-A,1,0,day,02,L02AAB100199,2026-08-02 08:46:27,2026-08-02 08:48:24,1,0.29,OK,0000,0.91,OK,0000
LOT-20260802-AAB,line_02,pcb2,2026-08-02,2026-08-02 08:46:55,EQ-02-A,1,0,day,02,L02AAB100200,2026-08-02 08:46:55,2026-08-02 08:48:50,1,0.313,OK,0000,0.81,OK,0000
LOT-20260802-AAE,line_02,pcb2,2026-08-02,2026-08-02 08:47:19,EQ-02-A,1,0,day,02,L02AAE100001,2026-08-02 08:47:19,2026-08-02 08:49:16,1,0.392,OK,0000,0.88,OK,0000
LOT-20260802-AAE,line_02,pcb2,2026-08-02,2026-08-02 08:47:56,EQ-02-A,1,0,day,02,L02AAE100002,2026-08-02 08:47:56,2026-08-02 08:50:01,1,0.456,OK,0000,0.89,OK,0000
LOT-20260802-AAE,line_02,pcb2,2026-08-02,2026-08-02 08:48:20,EQ-02-A,1,0,day,02,L02AAE100003,2026-08-02 08:48:20,2026-08-02 08:50:24,1,0.399,OK,0000,0.85,OK,0000
LOT-20260802-AAE,line_02,pcb2,2026-08-02,2026-08-02 08:48:44,EQ-02-A,1,0,day,02,L02AAE100004,2026-08-02 08:48:44,2026-08-02 08:50:39,2,0.375,OK,0000,0.93,OK,0000
LOT-20260802-AAE,line_02,pcb2,2026-08-02,2026-08-02 08:49:14,EQ-02-A,1,0,day,02,L02AAE100005,2026-08-02 08:49:14,2026-08-02 08:51:11,1,0.322,OK,0000,0.85,OK,0000
LOT-20260802-AAE,line_02,pcb2,2026-08-02,2026-08-02 08:49:51,EQ-02-A,1,0,day,02,L02AAE100006,2026-08-02 08:49:51,2026-08-02 08:51:53,2,0.595,OK,0000,0.86,OK,0000
LOT-20260802-AAE,line_02,pcb2,2026-08-02,2026-08-02 08:50:15,EQ-02-A,1,0,day,02,L02AAE100007,2026-08-02 08:50:15,2026-08-02 08:52:18,1,0.472,OK,0000,0.83,OK,0000
LOT-20260802-AAE,line_02,pcb2,2026-08-02,2026-08-02 08:50:51,EQ-02-A,1,0,day,02,L02AAE100008,2026-08-02 08:50:51,2026-08-02 08:52:50,2,0.507,OK,0000,0.83,OK,0000
LOT-20260802-AAE,line_02,pcb2,2026-08-02,2026-08-02 08:51:29,EQ-02-A,1,0,day,02,L02AAE100009,2026-08-02 08:51:29,2026-08-02 08:53:31,2,0.645,OK,0000,0.93,OK,0000
LOT-20260802-AAE,line_02,pcb2,2026-08-02,2026-08-02 08:51:59,EQ-02-A,1,1,day,02,L02AAE100010,2026-08-02 08:51:59,2026-08-02 08:53:56,1,0.416,RE,ESA0,1.11,NG,ESA0
LOT-20260802-AAC,line_03,pcb3,2026-08-02,2026-08-02 08:00:00,EQ-03-A,1,0,day,03,L03AAC100098,2026-08-02 08:00:00,2026-08-02 08:02:00,1,0.379,OK,0000,0.91,OK,0000
LOT-20260802-AAC,line_03,pcb3,2026-08-02,2026-08-02 08:00:22,EQ-03-A,1,0,day,03,L03AAC100099,2026-08-02 08:00:22,2026-08-02 08:02:25,2,0.752,OK,0000,0.82,OK,0000
LOT-20260802-AAC,line_03,pcb3,2026-08-02,2026-08-02 08:00:49,EQ-03-A,1,0,day,03,L03AAC100100,2026-08-02 08:00:49,2026-08-02 08:02:45,2,0.585,OK,0000,0.91,OK,0000
LOT-20260802-AAC,line_03,pcb3,2026-08-02,2026-08-02 08:01:26,EQ-03-A,1,0,day,03,L03AAC100101,2026-08-02 08:01:26,2026-08-02 08:03:29,1,0.443,OK,0000,0.83,OK,0000
LOT-20260802-AAC,line_03,pcb3,2026-08-02,2026-08-02 08:01:58,EQ-03-A,1,0,day,03,L03AAC100102,2026-08-02 08:01:58,2026-08-02 08:03:53,1,0.413,OK,0000,0.8,OK,0000
LOT-20260802-AAC,line_03,pcb3,2026-08-02,2026-08-02 08:02:29,EQ-03-A,1,0,day,03,L03AAC100103,2026-08-02 08:02:29,2026-08-02 08:04:30,1,0.403,OK,0000,0.8,OK,0000
LOT-20260802-AAC,line_03,pcb3,2026-08-02,2026-08-02 08:03:00,EQ-03-A,1,0,day,03,L03AAC100104,2026-08-02 08:03:00,2026-08-02 08:05:02,1,0.505,OK,0000,0.81,OK,0000
LOT-20260802-AAC,line_03,pcb3,2026-08-02,2026-08-02 08:03:37,EQ-03-A,1,0,day,03,L03AAC100105,2026-08-02 08:03:37,2026-08-02 08:05:38,1,0.535,OK,0000,0.8,OK,0000
LOT-20260802-AAC,line_03,pcb3,2026-08-02,2026-08-02 08:04:11,EQ-03-A,1,0,day,03,L03AAC100106,2026-08-02 08:04:11,2026-08-02 08:06:12,1,0.55,OK,0000,0.87,OK,0000
LOT-20260802-AAC,line_03,pcb3,2026-08-02,2026-08-02 08:04:44,EQ-03-A,1,0,day,03,L03AAC100107,2026-08-02 08:04:44,2026-08-02 08:06:42,1,0.201,OK,0000,0.85,OK,0000
LOT-20260802-AAC,line_03,pcb3,2026-08-02,2026-08-02 08:05:13,EQ-03-A,1,0,day,03,L03AAC100108,2026-08-02 08:05:13,2026-08-02 08:07:09,2,0.684,OK,0000,0.8,OK,0000
LOT-20260802-AAC,line_03,pcb3,2026-08-02,2026-08-02 08:05:51,EQ-03-A,1,0,day,03,L03AAC100109,2026-08-02 08:05:51,2026-08-02 08:07:50,1,0.751,OK,0000,0.86,OK,0000
LOT-20260802-AAC,line_03,pcb3,2026-08-02,2026-08-02 08:06:24,EQ-03-A,1,0,day,03,L03AAC100110,2026-08-02 08:06:24,2026-08-02 08:08:21,1,0.394,OK,0000,0.84,OK,0000
LOT-20260802-AAC,line_03,pcb3,2026-08-02,2026-08-02 08:06:50,EQ-03-A,1,0,day,03,L03AAC100111,2026-08-02 08:06:50,2026-08-02 08:08:45,2,0.584,OK,0000,0.84,OK,0000
LOT-20260802-AAC,line_03,pcb3,2026-08-02,2026-08-02 08:07:19,EQ-03-A,1,1,day,03,L03AAC100112,2026-08-02 08:07:19,2026-08-02 08:09:21,1,0.581,RE,ESA7,1.16,NG,ESA6
LOT-20260802-AAC,line_03,pcb3,2026-08-02,2026-08-02 08:07:46,EQ-03-A,1,0,day,03,L03AAC100113,2026-08-02 08:07:46,2026-08-02 08:09:42,2,0.525,OK,0000,0.8,OK,0000
LOT-20260802-AAC,line_03,pcb3,2026-08-02,2026-08-02 08:08:26,EQ-03-A,1,0,day,03,L03AAC100114,2026-08-02 08:08:26,2026-08-02 08:10:31,1,0.483,OK,0000,0.8,OK,0000
LOT-20260802-AAC,line_03,pcb3,2026-08-02,2026-08-02 08:08:53,EQ-03-A,1,0,day,03,L03AAC100115,2026-08-02 08:08:53,2026-08-02 08:10:49,2,0.39,OK,0000,0.89,OK,0000
LOT-20260802-AAC,line_03,pcb3,2026-08-02,2026-08-02 08:09:32,EQ-03-A,1,0,day,03,L03AAC100116,2026-08-02 08:09:32,2026-08-02 08:11:31,2,0.664,OK,0000,0.86,OK,0000
LOT-20260802-AAC,line_03,pcb3,2026-08-02,2026-08-02 08:10:12,EQ-03-A,1,1,day,03,L03AAC100117,2026-08-02 08:10:12,2026-08-02 08:12:12,2,0.336,RE,ESA0,1.22,NG,ESA0
LOT-20260802-AAC,line_03,pcb3,2026-08-02,2026-08-02 08:10:48,EQ-03-A,1,0,day,03,L03AAC100118,2026-08-02 08:10:48,2026-08-02 08:12:45,1,0.682,OK,0000,0.85,OK,0000
LOT-20260802-AAC,line_03,pcb3,2026-08-02,2026-08-02 08:11:18,EQ-03-A,1,0,day,03,L03AAC100119,2026-08-02 08:11:18,2026-08-02 08:13:13,1,0.848,OK,0000,0.86,OK,0000
LOT-20260802-AAC,line_03,pcb3,2026-08-02,2026-08-02 08:11:46,EQ-03-A,1,0,day,03,L03AAC100120,2026-08-02 08:11:46,2026-08-02 08:13:41,1,0.529,OK,0000,0.83,OK,0000
LOT-20260802-AAC,line_03,pcb3,2026-08-02,2026-08-02 08:12:15,EQ-03-A,1,0,day,03,L03AAC100121,2026-08-02 08:12:15,2026-08-02 08:14:13,1,0.52,OK,0000,0.83,OK,0000
LOT-20260802-AAC,line_03,pcb3,2026-08-02,2026-08-02 08:12:55,EQ-03-A,1,0,day,03,L03AAC100122,2026-08-02 08:12:55,2026-08-02 08:14:58,2,0.606,OK,0000,0.88,OK,0000
LOT-20260802-AAC,line_03,pcb3,2026-08-02,2026-08-02 08:13:25,EQ-03-A,1,0,day,03,L03AAC100123,2026-08-02 08:13:25,2026-08-02 08:15:24,2,0.382,OK,0000,0.8,OK,0000
LOT-20260802-AAC,line_03,pcb3,2026-08-02,2026-08-02 08:13:53,EQ-03-A,1,1,day,03,L03AAC100124,2026-08-02 08:13:53,2026-08-02 08:15:57,2,0.225,RE,ESA5,1.3,NG,ESA5
LOT-20260802-AAC,line_03,pcb3,2026-08-02,2026-08-02 08:14:24,EQ-03-A,1,0,day,03,L03AAC100125,2026-08-02 08:14:24,2026-08-02 08:16:26,1,0.334,OK,0000,0.8,OK,0000
LOT-20260802-AAC,line_03,pcb3,2026-08-02,2026-08-02 08:14:57,EQ-03-A,1,0,day,03,L03AAC100126,2026-08-02 08:14:57,2026-08-02 08:16:54,1,0.558,OK,0000,0.94,OK,0000
LOT-20260802-AAC,line_03,pcb3,2026-08-02,2026-08-02 08:15:33,EQ-03-A,1,0,day,03,L03AAC100127,2026-08-02 08:15:33,2026-08-02 08:17:37,2,0.499,OK,0000,0.87,OK,0000
LOT-20260802-AAC,line_03,pcb3,2026-08-02,2026-08-02 08:16:09,EQ-03-A,1,1,day,03,L03AAC100128,2026-08-02 08:16:09,2026-08-02 08:18:05,1,0.512,RE,ESA6,1.24,NG,ESA6
LOT-20260802-AAC,line_03,pcb3,2026-08-02,2026-08-02 08:16:42,EQ-03-A,1,0,day,03,L03AAC100129,2026-08-02 08:16:42,2026-08-02 08:18:44,1,0.638,OK,0000,0.83,OK,0000
LOT-20260802-AAC,line_03,pcb3,2026-08-02,2026-08-02 08:17:13,EQ-03-A,1,0,day,03,L03AAC100130,2026-08-02 08:17:13,2026-08-02 08:19:17,2,0.54,OK,0000,0.85,OK,0000
LOT-20260802-AAC,line_03,pcb3,2026-08-02,2026-08-02 08:17:49,EQ-03-A,1,0,day,03,L03AAC100131,2026-08-02 08:17:49,2026-08-02 08:19:44,1,0.4,OK,0000,0.88,OK,0000
LOT-20260802-AAC,line_03,pcb3,2026-08-02,2026-08-02 08:18:12,EQ-03-A,1,0,day,03,L03AAC100132,2026-08-02 08:18:12,2026-08-02 08:20:10,1,0.474,OK,0000,0.81,OK,0000
LOT-20260802-AAC,line_03,pcb3,2026-08-02,2026-08-02 08:18:41,EQ-03-A,1,0,day,03,L03AAC100133,2026-08-02 08:18:41,2026-08-02 08:20:37,1,0.58,OK,0000,0.8,OK,0000
LOT-20260802-AAC,line_03,pcb3,2026-08-02,2026-08-02 08:19:03,EQ-03-A,1,0,day,03,L03AAC100134,2026-08-02 08:19:03,2026-08-02 08:21:01,1,0.504,OK,0000,0.84,OK,0000
LOT-20260802-AAC,line_03,pcb3,2026-08-02,2026-08-02 08:19:26,EQ-03-A,1,1,day,03,L03AAC100135,2026-08-02 08:19:26,2026-08-02 08:21:28,2,0.663,RE,ESA7,1.3,NG,ESA7
LOT-20260802-AAC,line_03,pcb3,2026-08-02,2026-08-02 08:19:49,EQ-03-A,1,0,day,03,L03AAC100136,2026-08-02 08:19:49,2026-08-02 08:21:45,2,0.496,OK,0000,0.87,OK,0000
LOT-20260802-AAC,line_03,pcb3,2026-08-02,2026-08-02 08:20:12,EQ-03-A,1,0,day,03,L03AAC100137,2026-08-02 08:20:12,2026-08-02 08:22:09,1,0.709,OK,0000,0.86,OK,0000
LOT-20260802-AAC,line_03,pcb3,2026-08-02,2026-08-02 08:20:43,EQ-03-A,1,0,day,03,L03AAC100138,2026-08-02 08:20:43,2026-08-02 08:22:42,1,0.502,OK,0000,0.8,OK,0000
LOT-20260802-AAC,line_03,pcb3,2026-08-02,2026-08-02 08:21:21,EQ-03-A,1,1,day,03,L03AAC100139,2026-08-02 08:21:21,2026-08-02 08:23:25,2,0.34,RE,ESA0,1.22,NG,ESA0
LOT-20260802-AAC,line_03,pcb3,2026-08-02,2026-08-02 08:21:48,EQ-03-A,1,0,day,03,L03AAC100140,2026-08-02 08:21:48,2026-08-02 08:23:51,2,0.409,OK,0000,0.83,OK,0000
LOT-20260802-AAC,line_03,pcb3,2026-08-02,2026-08-02 08:22:14,EQ-03-A,1,0,day,03,L03AAC100141,2026-08-02 08:22:14,2026-08-02 08:24:17,2,0.508,OK,0000,0.86,OK,0000
LOT-20260802-AAC,line_03,pcb3,2026-08-02,2026-08-02 08:22:34,EQ-03-A,1,0,day,03,L03AAC100142,2026-08-02 08:22:34,2026-08-02 08:24:37,1,0.489,OK,0000,0.86,OK,0000
LOT-20260802-AAC,line_03,pcb3,2026-08-02,2026-08-02 08:23:09,EQ-03-A,1,0,day,03,L03AAC100143,2026-08-02 08:23:09,2026-08-02 08:25:05,2,0.51,OK,0000,0.8,OK,0000
LOT-20260802-AAC,line_03,pcb3,2026-08-02,2026-08-02 08:23:34,EQ-03-A,1,0,day,03,L03AAC100144,2026-08-02 08:23:34,2026-08-02 08:25:37,1,0.359,OK,0000,0.83,OK,0000
LOT-20260802-AAC,line_03,pcb3,2026-08-02,2026-08-02 08:24:01,EQ-03-A,1,0,day,03,L03AAC100145,2026-08-02 08:24:01,2026-08-02 08:26:03,2,0.319,OK,0000,0.86,OK,0000
LOT-20260802-AAC,line_03,pcb3,2026-08-02,2026-08-02 08:24:24,EQ-03-A,1,0,day,03,L03AAC100146,2026-08-02 08:24:24,2026-08-02 08:26:23,2,0.73,OK,0000,0.89,OK,0000
LOT-20260802-AAC,line_03,pcb3,2026-08-02,2026-08-02 08:25:01,EQ-03-A,1,0,day,03,L03AAC100147,2026-08-02 08:25:01,2026-08-02 08:27:02,1,0.468,OK,0000,0.9,OK,0000
LOT-20260802-AAC,line_03,pcb3,2026-08-02,2026-08-02 08:25:30,EQ-03-A,1,0,day,03,L03AAC100148,2026-08-02 08:25:30,2026-08-02 08:27:32,2,0.522,OK,0000,0.83,OK,0000
LOT-20260802-AAC,line_03,pcb3,2026-08-02,2026-08-02 08:25:57,EQ-03-A,1,0,day,03,L03AAC100149,2026-08-02 08:25:57,2026-08-02 08:27:55,2,0.408,OK,0000,0.83,OK,0000
LOT-20260802-AAC,line_03,pcb3,2026-08-02,2026-08-02 08:26:19,EQ-03-A,1,0,day,03,L03AAC100150,2026-08-02 08:26:19,2026-08-02 08:28:19,1,0.442,OK,0000,0.85,OK,0000
LOT-20260802-AAC,line_03,pcb3,2026-08-02,2026-08-02 08:26:44,EQ-03-A,1,0,day,03,L03AAC100151,2026-08-02 08:26:44,2026-08-02 08:28:45,2,0.524,OK,0000,0.84,OK,0000
LOT-20260802-AAC,line_03,pcb3,2026-08-02,2026-08-02 08:27:18,EQ-03-A,1,0,day,03,L03AAC100152,2026-08-02 08:27:18,2026-08-02 08:29:19,2,0.566,OK,0000,0.89,OK,0000
LOT-20260802-AAC,line_03,pcb3,2026-08-02,2026-08-02 08:27:50,EQ-03-A,1,0,day,03,L03AAC100153,2026-08-02 08:27:50,2026-08-02 08:29:47,1,0.642,OK,0000,0.8,OK,0000
LOT-20260802-AAC,line_03,pcb3,2026-08-02,2026-08-02 08:28:12,EQ-03-A,1,0,day,03,L03AAC100154,2026-08-02 08:28:12,2026-08-02 08:30:13,1,0.117,OK,0000,0.88,OK,0000
LOT-20260802-AAC,line_03,pcb3,2026-08-02,2026-08-02 08:28:35,EQ-03-A,1,0,day,03,L03AAC100155,2026-08-02 08:28:35,2026-08-02 08:30:39,1,0.295,OK,0000,0.83,OK,0000
LOT-20260802-AAC,line_03,pcb3,2026-08-02,2026-08-02 08:29:13,EQ-03-A,1,0,day,03,L03AAC100156,2026-08-02 08:29:13,2026-08-02 08:31:14,1,0.324,OK,0000,0.8,OK,0000
LOT-20260802-AAC,line_03,pcb3,2026-08-02,2026-08-02 08:29:44,EQ-03-A,1,0,day,03,L03AAC100157,2026-08-02 08:29:44,2026-08-02 08:31:46,1,0.581,OK,0000,0.87,OK,0000
LOT-20260802-AAC,line_03,pcb3,2026-08-02,2026-08-02 08:30:20,EQ-03-A,1,0,day,03,L03AAC100158,2026-08-02 08:30:20,2026-08-02 08:32:19,1,0.414,OK,0000,0.8,OK,0000
LOT-20260802-AAC,line_03,pcb3,2026-08-02,2026-08-02 08:30:55,EQ-03-A,1,0,day,03,L03AAC100159,2026-08-02 08:30:55,2026-08-02 08:32:51,2,0.418,RE,ESA5,1.29,OK,0000
LOT-20260802-AAC,line_03,pcb3,2026-08-02,2026-08-02 08:31:16,EQ-03-A,1,0,day,03,L03AAC100160,2026-08-02 08:31:16,2026-08-02 08:33:13,2,0.278,OK,0000,0.85,OK,0000
LOT-20260802-AAC,line_03,pcb3,2026-08-02,2026-08-02 08:31:45,EQ-03-A,1,0,day,03,L03AAC100161,2026-08-02 08:31:45,2026-08-02 08:33:48,2,0.498,OK,0000,0.86,OK,0000
LOT-20260802-AAC,line_03,pcb3,2026-08-02,2026-08-02 08:32:20,EQ-03-A,1,0,day,03,L03AAC100162,2026-08-02 08:32:20,2026-08-02 08:34:22,1,0.518,OK,0000,0.8,OK,0000
LOT-20260802-AAC,line_03,pcb3,2026-08-02,2026-08-02 08:32:56,EQ-03-A,1,1,day,03,L03AAC100163,2026-08-02 08:32:56,2026-08-02 08:34:59,2,0.679,RE,ESA5,1.23,NG,ESA5
LOT-20260802-AAC,line_03,pcb3,2026-08-02,2026-08-02 08:33:16,EQ-03-A,1,0,day,03,L03AAC100164,2026-08-02 08:33:16,2026-08-02 08:35:17,1,0.496,OK,0000,0.8,OK,0000
LOT-20260802-AAC,line_03,pcb3,2026-08-02,2026-08-02 08:33:50,EQ-03-A,1,0,day,03,L03AAC100165,2026-08-02 08:33:50,2026-08-02 08:35:45,2,0.434,OK,0000,0.8,OK,0000
LOT-20260802-AAC,line_03,pcb3,2026-08-02,2026-08-02 08:34:15,EQ-03-A,1,0,day,03,L03AAC100166,2026-08-02 08:34:15,2026-08-02 08:36:12,1,0.474,OK,0000,0.91,OK,0000
LOT-20260802-AAC,line_03,pcb3,2026-08-02,2026-08-02 08:34:50,EQ-03-A,1,0,day,03,L03AAC100167,2026-08-02 08:34:50,2026-08-02 08:36:46,2,0.294,OK,0000,0.8,OK,0000
LOT-20260802-AAC,line_03,pcb3,2026-08-02,2026-08-02 08:35:28,EQ-03-A,1,0,day,03,L03AAC100168,2026-08-02 08:35:28,2026-08-02 08:37:32,1,0.721,OK,0000,0.83,OK,0000
LOT-20260802-AAC,line_03,pcb3,2026-08-02,2026-08-02 08:36:03,EQ-03-A,1,0,day,03,L03AAC100169,2026-08-02 08:36:03,2026-08-02 08:38:04,1,0.4,OK,0000,0.88,OK,0000
LOT-20260802-AAC,line_03,pcb3,2026-08-02,2026-08-02 08:36:31,EQ-03-A,1,1,day,03,L03AAC100170,2026-08-02 08:36:31,2026-08-02 08:38:31,1,0.409,RE,ESA5,1.43,NG,ESA5
LOT-20260802-AAC,line_03,pcb3,2026-08-02,2026-08-02 08:37:00,EQ-03-A,1,0,day,03,L03AAC100171,2026-08-02 08:37:00,2026-08-02 08:39:00,1,0.602,OK,0000,0.82,OK,0000
LOT-20260802-AAC,line_03,pcb3,2026-08-02,2026-08-02 08:37:38,EQ-03-A,1,0,day,03,L03AAC100172,2026-08-02 08:37:38,2026-08-02 08:39:34,1,0.824,OK,0000,0.82,OK,0000
LOT-20260802-AAC,line_03,pcb3,2026-08-02,2026-08-02 08:38:11,EQ-03-A,1,0,day,03,L03AAC100173,2026-08-02 08:38:11,2026-08-02 08:40:16,1,0.611,OK,0000,0.85,OK,0000
LOT-20260802-AAC,line_03,pcb3,2026-08-02,2026-08-02 08:38:38,EQ-03-A,1,0,day,03,L03AAC100174,2026-08-02 08:38:38,2026-08-02 08:40:34,1,0.695,OK,0000,0.9,OK,0000
LOT-20260802-AAC,line_03,pcb3,2026-08-02,2026-08-02 08:39:07,EQ-03-A,1,0,day,03,L03AAC100175,2026-08-02 08:39:07,2026-08-02 08:41:02,2,0.505,OK,0000,0.81,OK,0000
LOT-20260802-AAC,line_03,pcb3,2026-08-02,2026-08-02 08:39:41,EQ-03-A,1,0,day,03,L03AAC100176,2026-08-02 08:39:41,2026-08-02 08:41:42,1,0.569,RE,ESA6,1.18,OK,0000
LOT-20260802-AAC,line_03,pcb3,2026-08-02,2026-08-02 08:40:09,EQ-03-A,1,0,day,03,L03AAC100177,2026-08-02 08:40:09,2026-08-02 08:42:09,1,0.802,OK,0000,0.85,OK,0000
LOT-20260802-AAC,line_03,pcb3,2026-08-02,2026-08-02 08:40:47,EQ-03-A,1,0,day,03,L03AAC100178,2026-08-02 08:40:47,2026-08-02 08:42:45,1,0.445,OK,0000,0.85,OK,0000
LOT-20260802-AAC,line_03,pcb3,2026-08-02,2026-08-02 08:41:17,EQ-03-A,1,0,day,03,L03AAC100179,2026-08-02 08:41:17,2026-08-02 08:43:14,1,0.298,OK,0000,0.8,OK,0000
LOT-20260802-AAC,line_03,pcb3,2026-08-02,2026-08-02 08:41:56,EQ-03-A,1,0,day,03,L03AAC100180,2026-08-02 08:41:56,2026-08-02 08:44:01,2,0.68,OK,0000,0.81,OK,0000
LOT-20260802-AAC,line_03,pcb3,2026-08-02,2026-08-02 08:42:18,EQ-03-A,1,0,day,03,L03AAC100181,2026-08-02 08:42:18,2026-08-02 08:44:13,2,0.343,OK,0000,0.86,OK,0000
LOT-20260802-AAC,line_03,pcb3,2026-08-02,2026-08-02 08:42:47,EQ-03-A,1,0,day,03,L03AAC100182,2026-08-02 08:42:47,2026-08-02 08:44:43,1,0.678,OK,0000,0.87,OK,0000
LOT-20260802-AAC,line_03,pcb3,2026-08-02,2026-08-02 08:43:25,EQ-03-A,1,0,day,03,L03AAC100183,2026-08-02 08:43:25,2026-08-02 08:45:28,1,0.649,OK,0000,0.81,OK,0000
LOT-20260802-AAC,line_03,pcb3,2026-08-02,2026-08-02 08:44:00,EQ-03-A,1,0,day,03,L03AAC100184,2026-08-02 08:44:00,2026-08-02 08:45:59,2,0.287,OK,0000,0.9,OK,0000
LOT-20260802-AAC,line_03,pcb3,2026-08-02,2026-08-02 08:44:36,EQ-03-A,1,0,day,03,L03AAC100185,2026-08-02 08:44:36,2026-08-02 08:46:34,1,0.452,OK,0000,0.83,OK,0000
LOT-20260802-AAC,line_03,pcb3,2026-08-02,2026-08-02 08:45:09,EQ-03-A,1,0,day,03,L03AAC100186,2026-08-02 08:45:09,2026-08-02 08:47:12,2,0.699,OK,0000,0.86,OK,0000
LOT-20260802-AAC,line_03,pcb3,2026-08-02,2026-08-02 08:45:34,EQ-03-A,1,0,day,03,L03AAC100187,2026-08-02 08:45:34,2026-08-02 08:47:31,1,0.568,OK,0000,0.93,OK,0000
LOT-20260802-AAC,line_03,pcb3,2026-08-02,2026-08-02 08:46:12,EQ-03-A,1,0,day,03,L03AAC100188,2026-08-02 08:46:12,2026-08-02 08:48:14,2,0.403,OK,0000,0.88,OK,0000
LOT-20260802-AAC,line_03,pcb3,2026-08-02,2026-08-02 08:46:40,EQ-03-A,1,1,day,03,L03AAC100189,2026-08-02 08:46:40,2026-08-02 08:48:41,2,0.509,RE,ESA5,1.28,NG,ESA5
LOT-20260802-AAC,line_03,pcb3,2026-08-02,2026-08-02 08:47:18,EQ-03-A,1,0,day,03,L03AAC100190,2026-08-02 08:47:18,2026-08-02 08:49:16,2,0.729,OK,0000,0.86,OK,0000
LOT-20260802-AAC,line_03,pcb3,2026-08-02,2026-08-02 08:47:42,EQ-03-A,1,0,day,03,L03AAC100191,2026-08-02 08:47:42,2026-08-02 08:49:43,2,0.581,OK,0000,0.88,OK,0000
LOT-20260802-AAC,line_03,pcb3,2026-08-02,2026-08-02 08:48:12,EQ-03-A,1,0,day,03,L03AAC100192,2026-08-02 08:48:12,2026-08-02 08:50:13,2,0.445,OK,0000,0.81,OK,0000
LOT-20260802-AAC,line_03,pcb3,2026-08-02,2026-08-02 08:48:40,EQ-03-A,1,0,day,03,L03AAC100193,2026-08-02 08:48:40,2026-08-02 08:50:44,1,0.343,OK,0000,0.8,OK,0000
LOT-20260802-AAC,line_03,pcb3,2026-08-02,2026-08-02 08:49:07,EQ-03-A,1,0,day,03,L03AAC100194,2026-08-02 08:49:07,2026-08-02 08:51:05,1,0.808,OK,0000,0.8,OK,0000
LOT-20260802-AAC,line_03,pcb3,2026-08-02,2026-08-02 08:49:36,EQ-03-A,1,0,day,03,L03AAC100195,2026-08-02 08:49:36,2026-08-02 08:51:41,1,0.467,RE,ESA4,1.22,OK,0000
LOT-20260802-AAC,line_03,pcb3,2026-08-02,2026-08-02 08:49:57,EQ-03-A,1,0,day,03,L03AAC100196,2026-08-02 08:49:57,2026-08-02 08:52:02,1,0.546,OK,0000,0.87,OK,0000
LOT-20260802-AAD,line_04,pcb4,2026-08-02,2026-08-02 08:00:00,EQ-04-A,1,0,day,04,L04AAD100105,2026-08-02 08:00:00,2026-08-02 08:02:02,1,0.475,OK,0000,0.85,OK,0000
LOT-20260802-AAD,line_04,pcb4,2026-08-02,2026-08-02 08:00:20,EQ-04-A,1,0,day,04,L04AAD100106,2026-08-02 08:00:20,2026-08-02 08:02:19,2,0.463,OK,0000,0.9,OK,0000
LOT-20260802-AAD,line_04,pcb4,2026-08-02,2026-08-02 08:00:42,EQ-04-A,1,0,day,04,L04AAD100107,2026-08-02 08:00:42,2026-08-02 08:02:47,1,0.574,OK,0000,0.87,OK,0000
LOT-20260802-AAD,line_04,pcb4,2026-08-02,2026-08-02 08:01:04,EQ-04-A,1,0,day,04,L04AAD100108,2026-08-02 08:01:04,2026-08-02 08:03:02,2,0.599,OK,0000,0.89,OK,0000
LOT-20260802-AAD,line_04,pcb4,2026-08-02,2026-08-02 08:01:27,EQ-04-A,1,0,day,04,L04AAD100109,2026-08-02 08:01:27,2026-08-02 08:03:32,2,0.527,OK,0000,0.8,OK,0000
LOT-20260802-AAD,line_04,pcb4,2026-08-02,2026-08-02 08:02:05,EQ-04-A,1,0,day,04,L04AAD100110,2026-08-02 08:02:05,2026-08-02 08:04:01,2,0.56,OK,0000,0.81,OK,0000
LOT-20260802-AAD,line_04,pcb4,2026-08-02,2026-08-02 08:02:32,EQ-04-A,1,0,day,04,L04AAD100111,2026-08-02 08:02:32,2026-08-02 08:04:36,2,0.421,OK,0000,0.86,OK,0000
LOT-20260802-AAD,line_04,pcb4,2026-08-02,2026-08-02 08:03:04,EQ-04-A,1,0,day,04,L04AAD100112,2026-08-02 08:03:04,2026-08-02 08:05:02,1,0.686,OK,0000,0.84,OK,0000
LOT-20260802-AAD,line_04,pcb4,2026-08-02,2026-08-02 08:03:28,EQ-04-A,1,1,day,04,L04AAD100113,2026-08-02 08:03:28,2026-08-02 08:05:29,2,0.546,RE,ESA2,1.42,NG,ESA2
LOT-20260802-AAD,line_04,pcb4,2026-08-02,2026-08-02 08:03:56,EQ-04-A,1,0,day,04,L04AAD100114,2026-08-02 08:03:56,2026-08-02 08:05:52,2,0.536,OK,0000,0.94,OK,0000
LOT-20260802-AAD,line_04,pcb4,2026-08-02,2026-08-02 08:04:26,EQ-04-A,1,0,day,04,L04AAD100115,2026-08-02 08:04:26,2026-08-02 08:06:25,1,0.585,OK,0000,0.8,OK,0000
LOT-20260802-AAD,line_04,pcb4,2026-08-02,2026-08-02 08:04:50,EQ-04-A,1,0,day,04,L04AAD100116,2026-08-02 08:04:50,2026-08-02 08:06:45,2,0.613,OK,0000,0.86,OK,0000
LOT-20260802-AAD,line_04,pcb4,2026-08-02,2026-08-02 08:05:30,EQ-04-A,1,0,day,04,L04AAD100117,2026-08-02 08:05:30,2026-08-02 08:07:35,2,0.693,OK,0000,0.87,OK,0000
LOT-20260802-AAD,line_04,pcb4,2026-08-02,2026-08-02 08:05:51,EQ-04-A,1,0,day,04,L04AAD100118,2026-08-02 08:05:51,2026-08-02 08:07:54,1,0.479,OK,0000,0.8,OK,0000
LOT-20260802-AAD,line_04,pcb4,2026-08-02,2026-08-02 08:06:23,EQ-04-A,1,0,day,04,L04AAD100119,2026-08-02 08:06:23,2026-08-02 08:08:28,2,0.469,OK,0000,0.81,OK,0000
LOT-20260802-AAD,line_04,pcb4,2026-08-02,2026-08-02 08:06:46,EQ-04-A,1,0,day,04,L04AAD100120,2026-08-02 08:06:46,2026-08-02 08:08:41,2,0.413,OK,0000,0.86,OK,0000
LOT-20260802-AAD,line_04,pcb4,2026-08-02,2026-08-02 08:07:18,EQ-04-A,1,0,day,04,L04AAD100121,2026-08-02 08:07:18,2026-08-02 08:09:16,1,0.75,OK,0000,0.86,OK,0000
LOT-20260802-AAD,line_04,pcb4,2026-08-02,2026-08-02 08:07:47,EQ-04-A,1,0,day,04,L04AAD100122,2026-08-02 08:07:47,2026-08-02 08:09:52,2,0.321,OK,0000,0.86,OK,0000
LOT-20260802-AAD,line_04,pcb4,2026-08-02,2026-08-02 08:08:17,EQ-04-A,1,0,day,04,L04AAD100123,2026-08-02 08:08:17,2026-08-02 08:10:12,2,0.679,OK,0000,0.82,OK,0000
LOT-20260802-AAD,line_04,pcb4,2026-08-02,2026-08-02 08:08:45,EQ-04-A,1,0,day,04,L04AAD100124,2026-08-02 08:08:45,2026-08-02 08:10:47,2,0.48,OK,0000,0.84,OK,0000
LOT-20260802-AAD,line_04,pcb4,2026-08-02,2026-08-02 08:09:18,EQ-04-A,1,0,day,04,L04AAD100125,2026-08-02 08:09:18,2026-08-02 08:11:14,2,0.382,OK,0000,0.87,OK,0000
LOT-20260802-AAD,line_04,pcb4,2026-08-02,2026-08-02 08:09:43,EQ-04-A,1,0,day,04,L04AAD100126,2026-08-02 08:09:43,2026-08-02 08:11:47,2,0.482,RE,ESA2,1.29,OK,0000
LOT-20260802-AAD,line_04,pcb4,2026-08-02,2026-08-02 08:10:20,EQ-04-A,1,0,day,04,L04AAD100127,2026-08-02 08:10:20,2026-08-02 08:12:25,2,0.367,OK,0000,0.82,OK,0000
LOT-20260802-AAD,line_04,pcb4,2026-08-02,2026-08-02 08:10:54,EQ-04-A,1,0,day,04,L04AAD100128,2026-08-02 08:10:54,2026-08-02 08:12:59,1,0.608,OK,0000,0.83,OK,0000
LOT-20260802-AAD,line_04,pcb4,2026-08-02,2026-08-02 08:11:23,EQ-04-A,1,0,day,04,L04AAD100129,2026-08-02 08:11:23,2026-08-02 08:13:26,2,0.759,OK,0000,0.82,OK,0000
LOT-20260802-AAD,line_04,pcb4,2026-08-02,2026-08-02 08:12:03,EQ-04-A,1,0,day,04,L04AAD100130,2026-08-02 08:12:03,2026-08-02 08:14:03,1,0.534,OK,0000,0.88,OK,0000
LOT-20260802-AAD,line_04,pcb4,2026-08-02,2026-08-02 08:12:37,EQ-04-A,1,0,day,04,L04AAD100131,2026-08-02 08:12:37,2026-08-02 08:14:42,2,0.287,OK,0000,0.8,OK,0000
LOT-20260802-AAD,line_04,pcb4,2026-08-02,2026-08-02 08:13:15,EQ-04-A,1,0,day,04,L04AAD100132,2026-08-02 08:13:15,2026-08-02 08:15:16,1,0.271,OK,0000,0.89,OK,0000
LOT-20260802-AAD,line_04,pcb4,2026-08-02,2026-08-02 08:13:46,EQ-04-A,1,1,day,04,L04AAD100133,2026-08-02 08:13:46,2026-08-02 08:15:50,1,0.417,RE,ESA2,1.5,NG,ESA2
LOT-20260802-AAD,line_04,pcb4,2026-08-02,2026-08-02 08:14:13,EQ-04-A,1,0,day,04,L04AAD100134,2026-08-02 08:14:13,2026-08-02 08:16:11,2,0.415,OK,0000,0.85,OK,0000
LOT-20260802-AAD,line_04,pcb4,2026-08-02,2026-08-02 08:14:35,EQ-04-A,1,0,day,04,L04AAD100135,2026-08-02 08:14:35,2026-08-02 08:16:32,1,0.731,OK,0000,0.92,OK,0000
LOT-20260802-AAD,line_04,pcb4,2026-08-02,2026-08-02 08:14:56,EQ-04-A,1,0,day,04,L04AAD100136,2026-08-02 08:14:56,2026-08-02 08:16:52,1,0.809,RE,ESA7,1.37,OK,0000
LOT-20260802-AAD,line_04,pcb4,2026-08-02,2026-08-02 08:15:27,EQ-04-A,1,0,day,04,L04AAD100137,2026-08-02 08:15:27,2026-08-02 08:17:32,1,0.654,OK,0000,0.86,OK,0000
LOT-20260802-AAD,line_04,pcb4,2026-08-02,2026-08-02 08:16:02,EQ-04-A,1,0,day,04,L04AAD100138,2026-08-02 08:16:02,2026-08-02 08:18:01,2,0.617,OK,0000,0.82,OK,0000
LOT-20260802-AAD,line_04,pcb4,2026-08-02,2026-08-02 08:16:31,EQ-04-A,1,0,day,04,L04AAD100139,2026-08-02 08:16:31,2026-08-02 08:18:29,1,0.377,OK,0000,0.84,OK,0000
LOT-20260802-AAD,line_04,pcb4,2026-08-02,2026-08-02 08:17:10,EQ-04-A,1,0,day,04,L04AAD100140,2026-08-02 08:17:10,2026-08-02 08:19:08,1,0.474,NG,ESA3,1.75,OK,0000
LOT-20260802-AAD,line_04,pcb4,2026-08-02,2026-08-02 08:17:43,EQ-04-A,1,0,day,04,L04AAD100141,2026-08-02 08:17:43,2026-08-02 08:19:47,2,0.604,OK,0000,0.88,OK,0000
LOT-20260802-AAD,line_04,pcb4,2026-08-02,2026-08-02 08:18:17,EQ-04-A,1,0,day,04,L04AAD100142,2026-08-02 08:18:17,2026-08-02 08:20:19,1,0.513,OK,0000,0.9,OK,0000
LOT-20260802-AAD,line_04,pcb4,2026-08-02,2026-08-02 08:18:39,EQ-04-A,1,0,day,04,L04AAD100143,2026-08-02 08:18:39,2026-08-02 08:20:40,2,0.329,OK,0000,0.83,OK,0000
LOT-20260802-AAD,line_04,pcb4,2026-08-02,2026-08-02 08:19:05,EQ-04-A,1,1,day,04,L04AAD100144,2026-08-02 08:19:05,2026-08-02 08:21:04,1,0.392,RE,ESA4,1.06,NG,ESA4
LOT-20260802-AAD,line_04,pcb4,2026-08-02,2026-08-02 08:19:27,EQ-04-A,1,0,day,04,L04AAD100145,2026-08-02 08:19:27,2026-08-02 08:21:27,2,0.488,OK,0000,0.84,OK,0000
LOT-20260802-AAD,line_04,pcb4,2026-08-02,2026-08-02 08:20:06,EQ-04-A,1,0,day,04,L04AAD100146,2026-08-02 08:20:06,2026-08-02 08:22:01,1,0.727,OK,0000,0.87,OK,0000
LOT-20260802-AAD,line_04,pcb4,2026-08-02,2026-08-02 08:20:26,EQ-04-A,1,0,day,04,L04AAD100147,2026-08-02 08:20:26,2026-08-02 08:22:27,1,0.346,RE,ESA2,1.44,OK,0000
LOT-20260802-AAD,line_04,pcb4,2026-08-02,2026-08-02 08:20:57,EQ-04-A,1,0,day,04,L04AAD100148,2026-08-02 08:20:57,2026-08-02 08:23:00,2,0.683,OK,0000,0.86,OK,0000
LOT-20260802-AAD,line_04,pcb4,2026-08-02,2026-08-02 08:21:32,EQ-04-A,1,0,day,04,L04AAD100149,2026-08-02 08:21:32,2026-08-02 08:23:32,1,0.466,OK,0000,0.8,OK,0000
LOT-20260802-AAD,line_04,pcb4,2026-08-02,2026-08-02 08:22:08,EQ-04-A,1,0,day,04,L04AAD100150,2026-08-02 08:22:08,2026-08-02 08:24:05,2,0.444,OK,0000,0.88,OK,0000
LOT-20260802-AAD,line_04,pcb4,2026-08-02,2026-08-02 08:22:43,EQ-04-A,1,0,day,04,L04AAD100151,2026-08-02 08:22:43,2026-08-02 08:24:44,2,0.783,OK,0000,0.9,OK,0000
LOT-20260802-AAD,line_04,pcb4,2026-08-02,2026-08-02 08:23:12,EQ-04-A,1,0,day,04,L04AAD100152,2026-08-02 08:23:12,2026-08-02 08:25:11,1,0.427,OK,0000,0.8,OK,0000
LOT-20260802-AAD,line_04,pcb4,2026-08-02,2026-08-02 08:23:48,EQ-04-A,1,0,day,04,L04AAD100153,2026-08-02 08:23:48,2026-08-02 08:25:50,2,0.521,OK,0000,0.8,OK,0000
LOT-20260802-AAD,line_04,pcb4,2026-08-02,2026-08-02 08:24:12,EQ-04-A,1,1,day,04,L04AAD100154,2026-08-02 08:24:12,2026-08-02 08:26:14,1,0.548,RE,ESA4,1.24,NG,ESA4
LOT-20260802-AAD,line_04,pcb4,2026-08-02,2026-08-02 08:24:33,EQ-04-A,1,0,day,04,L04AAD100155,2026-08-02 08:24:33,2026-08-02 08:26:30,1,0.43,OK,0000,0.8,OK,0000
LOT-20260802-AAD,line_04,pcb4,2026-08-02,2026-08-02 08:25:07,EQ-04-A,1,0,day,04,L04AAD100156,2026-08-02 08:25:07,2026-08-02 08:27:02,1,0.577,OK,0000,0.82,OK,0000
LOT-20260802-AAD,line_04,pcb4,2026-08-02,2026-08-02 08:25:41,EQ-04-A,1,0,day,04,L04AAD100157,2026-08-02 08:25:41,2026-08-02 08:27:43,2,0.325,OK,0000,0.8,OK,0000
LOT-20260802-AAD,line_04,pcb4,2026-08-02,2026-08-02 08:26:04,EQ-04-A,1,0,day,04,L04AAD100158,2026-08-02 08:26:04,2026-08-02 08:28:00,2,0.496,OK,0000,0.91,OK,0000
LOT-20260802-AAD,line_04,pcb4,2026-08-02,2026-08-02 08:26:30,EQ-04-A,1,0,day,04,L04AAD100159,2026-08-02 08:26:30,2026-08-02 08:28:33,2,0.749,OK,0000,0.82,OK,0000
LOT-20260802-AAD,line_04,pcb4,2026-08-02,2026-08-02 08:26:58,EQ-04-A,1,0,day,04,L04AAD100160,2026-08-02 08:26:58,2026-08-02 08:28:53,2,0.41,OK,0000,0.86,OK,0000
LOT-20260802-AAD,line_04,pcb4,2026-08-02,2026-08-02 08:27:34,EQ-04-A,1,0,day,04,L04AAD100161,2026-08-02 08:27:34,2026-08-02 08:29:32,2,0.35,RE,ESA1,1.28,OK,0000
LOT-20260802-AAD,line_04,pcb4,2026-08-02,2026-08-02 08:28:09,EQ-04-A,1,0,day,04,L04AAD100162,2026-08-02 08:28:09,2026-08-02 08:30:10,2,0.615,OK,0000,0.89,OK,0000
LOT-20260802-AAD,line_04,pcb4,2026-08-02,2026-08-02 08:28:40,EQ-04-A,1,0,day,04,L04AAD100163,2026-08-02 08:28:40,2026-08-02 08:30:37,1,0.485,OK,0000,0.83,OK,0000
LOT-20260802-AAD,line_04,pcb4,2026-08-02,2026-08-02 08:29:00,EQ-04-A,1,0,day,04,L04AAD100164,2026-08-02 08:29:00,2026-08-02 08:31:02,2,0.368,NG,ESA7,1.72,OK,0000
LOT-20260802-AAD,line_04,pcb4,2026-08-02,2026-08-02 08:29:40,EQ-04-A,1,0,day,04,L04AAD100165,2026-08-02 08:29:40,2026-08-02 08:31:40,1,0.466,OK,0000,0.85,OK,0000
LOT-20260802-AAD,line_04,pcb4,2026-08-02,2026-08-02 08:30:18,EQ-04-A,1,0,day,04,L04AAD100166,2026-08-02 08:30:18,2026-08-02 08:32:17,2,0.637,OK,0000,0.81,OK,0000
LOT-20260802-AAD,line_04,pcb4,2026-08-02,2026-08-02 08:30:48,EQ-04-A,1,0,day,04,L04AAD100167,2026-08-02 08:30:48,2026-08-02 08:32:52,1,0.724,OK,0000,0.83,OK,0000
LOT-20260802-AAD,line_04,pcb4,2026-08-02,2026-08-02 08:31:20,EQ-04-A,1,0,day,04,L04AAD100168,2026-08-02 08:31:20,2026-08-02 08:33:21,1,0.497,OK,0000,0.81,OK,0000
LOT-20260802-AAD,line_04,pcb4,2026-08-02,2026-08-02 08:31:42,EQ-04-A,1,0,day,04,L04AAD100169,2026-08-02 08:31:42,2026-08-02 08:33:43,2,0.136,OK,0000,0.88,OK,0000
LOT-20260802-AAD,line_04,pcb4,2026-08-02,2026-08-02 08:32:11,EQ-04-A,1,0,day,04,L04AAD100170,2026-08-02 08:32:11,2026-08-02 08:34:10,2,0.611,OK,0000,0.83,OK,0000
LOT-20260802-AAD,line_04,pcb4,2026-08-02,2026-08-02 08:32:46,EQ-04-A,1,0,day,04,L04AAD100171,2026-08-02 08:32:46,2026-08-02 08:34:51,1,0.51,OK,0000,0.86,OK,0000
LOT-20260802-AAD,line_04,pcb4,2026-08-02,2026-08-02 08:33:25,EQ-04-A,1,0,day,04,L04AAD100172,2026-08-02 08:33:25,2026-08-02 08:35:28,1,0.266,OK,0000,0.82,OK,0000
LOT-20260802-AAD,line_04,pcb4,2026-08-02,2026-08-02 08:33:51,EQ-04-A,1,0,day,04,L04AAD100173,2026-08-02 08:33:51,2026-08-02 08:35:55,1,0.619,OK,0000,0.8,OK,0000
LOT-20260802-AAD,line_04,pcb4,2026-08-02,2026-08-02 08:34:30,EQ-04-A,1,0,day,04,L04AAD100174,2026-08-02 08:34:30,2026-08-02 08:36:34,1,0.544,RE,ESA7,1.11,OK,0000
LOT-20260802-AAD,line_04,pcb4,2026-08-02,2026-08-02 08:34:55,EQ-04-A,1,0,day,04,L04AAD100175,2026-08-02 08:34:55,2026-08-02 08:37:00,2,0.57,OK,0000,0.84,OK,0000
LOT-20260802-AAD,line_04,pcb4,2026-08-02,2026-08-02 08:35:22,EQ-04-A,1,0,day,04,L04AAD100176,2026-08-02 08:35:22,2026-08-02 08:37:25,2,0.258,OK,0000,0.89,OK,0000
LOT-20260802-AAD,line_04,pcb4,2026-08-02,2026-08-02 08:36:02,EQ-04-A,1,0,day,04,L04AAD100177,2026-08-02 08:36:02,2026-08-02 08:37:58,1,0.39,OK,0000,0.81,OK,0000
LOT-20260802-AAD,line_04,pcb4,2026-08-02,2026-08-02 08:36:37,EQ-04-A,1,0,day,04,L04AAD100178,2026-08-02 08:36:37,2026-08-02 08:38:36,2,0.53,OK,0000,0.89,OK,0000
LOT-20260802-AAD,line_04,pcb4,2026-08-02,2026-08-02 08:37:04,EQ-04-A,1,0,day,04,L04AAD100179,2026-08-02 08:37:04,2026-08-02 08:39:00,2,0.348,OK,0000,0.84,OK,0000
LOT-20260802-AAD,line_04,pcb4,2026-08-02,2026-08-02 08:37:25,EQ-04-A,1,0,day,04,L04AAD100180,2026-08-02 08:37:25,2026-08-02 08:39:27,2,0.564,OK,0000,0.87,OK,0000
LOT-20260802-AAD,line_04,pcb4,2026-08-02,2026-08-02 08:38:03,EQ-04-A,1,0,day,04,L04AAD100181,2026-08-02 08:38:03,2026-08-02 08:40:06,1,0.526,OK,0000,0.83,OK,0000
LOT-20260802-AAD,line_04,pcb4,2026-08-02,2026-08-02 08:38:23,EQ-04-A,1,0,day,04,L04AAD100182,2026-08-02 08:38:23,2026-08-02 08:40:20,1,0.376,OK,0000,0.84,OK,0000
LOT-20260802-AAD,line_04,pcb4,2026-08-02,2026-08-02 08:38:55,EQ-04-A,1,0,day,04,L04AAD100183,2026-08-02 08:38:55,2026-08-02 08:40:55,2,0.339,OK,0000,0.8,OK,0000
LOT-20260802-AAD,line_04,pcb4,2026-08-02,2026-08-02 08:39:33,EQ-04-A,1,0,day,04,L04AAD100184,2026-08-02 08:39:33,2026-08-02 08:41:32,2,0.565,OK,0000,0.88,OK,0000
LOT-20260802-AAD,line_04,pcb4,2026-08-02,2026-08-02 08:40:03,EQ-04-A,1,0,day,04,L04AAD100185,2026-08-02 08:40:03,2026-08-02 08:42:00,2,0.146,OK,0000,0.8,OK,0000
LOT-20260802-AAD,line_04,pcb4,2026-08-02,2026-08-02 08:40:25,EQ-04-A,1,1,day,04,L04AAD100186,2026-08-02 08:40:25,2026-08-02 08:42:21,2,0.593,RE,ESA2,1.46,NG,ESA2
LOT-20260802-AAD,line_04,pcb4,2026-08-02,2026-08-02 08:40:58,EQ-04-A,1,0,day,04,L04AAD100187,2026-08-02 08:40:58,2026-08-02 08:43:00,2,0.503,OK,0000,0.81,OK,0000
LOT-20260802-AAD,line_04,pcb4,2026-08-02,2026-08-02 08:41:32,EQ-04-A,1,0,day,04,L04AAD100188,2026-08-02 08:41:32,2026-08-02 08:43:36,1,0.473,OK,0000,0.89,OK,0000
LOT-20260802-AAD,line_04,pcb4,2026-08-02,2026-08-02 08:42:07,EQ-04-A,1,0,day,04,L04AAD100189,2026-08-02 08:42:07,2026-08-02 08:44:12,2,0.403,OK,0000,0.81,OK,0000
LOT-20260802-AAD,line_04,pcb4,2026-08-02,2026-08-02 08:42:39,EQ-04-A,1,0,day,04,L04AAD100190,2026-08-02 08:42:39,2026-08-02 08:44:37,2,0.428,OK,0000,0.8,OK,0000
LOT-20260802-AAD,line_04,pcb4,2026-08-02,2026-08-02 08:43:02,EQ-04-A,1,0,day,04,L04AAD100191,2026-08-02 08:43:02,2026-08-02 08:44:57,1,0.518,OK,0000,0.9,OK,0000
LOT-20260802-AAD,line_04,pcb4,2026-08-02,2026-08-02 08:43:28,EQ-04-A,1,0,day,04,L04AAD100192,2026-08-02 08:43:28,2026-08-02 08:45:33,1,0.548,OK,0000,0.83,OK,0000
LOT-20260802-AAD,line_04,pcb4,2026-08-02,2026-08-02 08:44:05,EQ-04-A,1,0,day,04,L04AAD100193,2026-08-02 08:44:05,2026-08-02 08:46:07,1,0.456,OK,0000,0.8,OK,0000
LOT-20260802-AAD,line_04,pcb4,2026-08-02,2026-08-02 08:44:38,EQ-04-A,1,0,day,04,L04AAD100194,2026-08-02 08:44:38,2026-08-02 08:46:40,1,0.632,OK,0000,0.84,OK,0000
LOT-20260802-AAD,line_04,pcb4,2026-08-02,2026-08-02 08:45:13,EQ-04-A,1,0,day,04,L04AAD100195,2026-08-02 08:45:13,2026-08-02 08:47:11,2,0.473,OK,0000,0.97,OK,0000
LOT-20260802-AAD,line_04,pcb4,2026-08-02,2026-08-02 08:45:42,EQ-04-A,1,0,day,04,L04AAD100196,2026-08-02 08:45:42,2026-08-02 08:47:37,2,0.545,OK,0000,0.81,OK,0000
LOT-20260802-AAD,line_04,pcb4,2026-08-02,2026-08-02 08:46:05,EQ-04-A,1,0,day,04,L04AAD100197,2026-08-02 08:46:05,2026-08-02 08:48:07,2,0.436,OK,0000,0.89,OK,0000
LOT-20260802-AAD,line_04,pcb4,2026-08-02,2026-08-02 08:46:43,EQ-04-A,1,0,day,04,L04AAD100198,2026-08-02 08:46:43,2026-08-02 08:48:45,1,0.517,OK,0000,0.8,OK,0000
LOT-20260802-AAD,line_04,pcb4,2026-08-02,2026-08-02 08:47:15,EQ-04-A,1,1,day,04,L04AAD100199,2026-08-02 08:47:15,2026-08-02 08:49:20,1,0.638,RE,ESA6,1.18,NG,ESA6
LOT-20260802-AAD,line_04,pcb4,2026-08-02,2026-08-02 08:47:50,EQ-04-A,1,0,day,04,L04AAD100200,2026-08-02 08:47:50,2026-08-02 08:49:53,1,0.781,OK,0000,0.88,OK,0000
LOT-20260802-AAF,line_04,pcb4,2026-08-02,2026-08-02 08:48:12,EQ-04-A,1,0,day,04,L04AAF100001,2026-08-02 08:48:12,2026-08-02 08:50:08,2,0.433,OK,0000,0.89,OK,0000
LOT-20260802-AAF,line_04,pcb4,2026-08-02,2026-08-02 08:48:47,EQ-04-A,1,0,day,04,L04AAF100002,2026-08-02 08:48:47,2026-08-02 08:50:48,1,0.51,OK,0000,0.87,OK,0000
LOT-20260802-AAF,line_04,pcb4,2026-08-02,2026-08-02 08:49:07,EQ-04-A,1,0,day,04,L04AAF100003,2026-08-02 08:49:07,2026-08-02 08:51:09,2,0.573,OK,0000,0.81,OK,0000
LOT-20260802-AAF,line_04,pcb4,2026-08-02,2026-08-02 08:49:34,EQ-04-A,1,0,day,04,L04AAF100004,2026-08-02 08:49:34,2026-08-02 08:51:38,1,0.403,OK,0000,0.88,OK,0000
LOT-20260802-AAF,line_04,pcb4,2026-08-02,2026-08-02 08:50:08,EQ-04-A,1,0,day,04,L04AAF100005,2026-08-02 08:50:08,2026-08-02 08:52:09,2,0.45,OK,0000,0.82,OK,0000
LOT-20260802-AAF,line_04,pcb4,2026-08-02,2026-08-02 08:50:48,EQ-04-A,1,0,day,04,L04AAF100006,2026-08-02 08:50:48,2026-08-02 08:52:45,1,0.357,OK,0000,0.86,OK,0000
LOT-20260802-AAF,line_04,pcb4,2026-08-02,2026-08-02 08:51:27,EQ-04-A,1,0,day,04,L04AAF100007,2026-08-02 08:51:27,2026-08-02 08:53:29,1,0.809,OK,0000,0.8,OK,0000
LOT-20260802-AAF,line_04,pcb4,2026-08-02,2026-08-02 08:51:51,EQ-04-A,1,0,day,04,L04AAF100008,2026-08-02 08:51:51,2026-08-02 08:53:52,1,0.504,RE,ESA4,1.39,OK,0000
LOT-20260802-AAF,line_04,pcb4,2026-08-02,2026-08-02 08:52:26,EQ-04-A,1,0,day,04,L04AAF100009,2026-08-02 08:52:26,2026-08-02 08:54:26,1,0.488,OK,0000,0.86,OK,0000
LOT-20260802-AAF,line_04,pcb4,2026-08-02,2026-08-02 08:52:51,EQ-04-A,1,0,day,04,L04AAF100010,2026-08-02 08:52:51,2026-08-02 08:54:47,1,0.341,OK,0000,0.86,OK,0000
LOT-20260802-AAF,line_04,pcb4,2026-08-02,2026-08-02 08:53:21,EQ-04-A,1,0,day,04,L04AAF100011,2026-08-02 08:53:21,2026-08-02 08:55:19,1,0.472,OK,0000,0.88,OK,0000
LOT-20260802-AAF,line_04,pcb4,2026-08-02,2026-08-02 08:53:56,EQ-04-A,1,0,day,04,L04AAF100012,2026-08-02 08:53:56,2026-08-02 08:55:51,1,0.678,OK,0000,0.94,OK,0000
LOT-20260803-AAE,line_02,pcb2,2026-08-03,2026-08-03 08:00:00,EQ-02-A,1,0,day,02,L02AAE100011,2026-08-03 08:00:00,2026-08-03 08:02:03,2,0.529,OK,0000,0.83,OK,0000
LOT-20260803-AAE,line_02,pcb2,2026-08-03,2026-08-03 08:00:39,EQ-02-A,1,0,day,02,L02AAE100012,2026-08-03 08:00:39,2026-08-03 08:02:41,2,0.551,OK,0000,0.83,OK,0000
LOT-20260803-AAE,line_02,pcb2,2026-08-03,2026-08-03 08:01:13,EQ-02-A,1,0,day,02,L02AAE100013,2026-08-03 08:01:13,2026-08-03 08:03:17,2,0.525,OK,0000,0.89,OK,0000
LOT-20260803-AAE,line_02,pcb2,2026-08-03,2026-08-03 08:01:52,EQ-02-A,1,0,day,02,L02AAE100014,2026-08-03 08:01:52,2026-08-03 08:03:47,1,0.349,OK,0000,0.89,OK,0000
LOT-20260803-AAE,line_02,pcb2,2026-08-03,2026-08-03 08:02:28,EQ-02-A,1,0,day,02,L02AAE100015,2026-08-03 08:02:28,2026-08-03 08:04:28,2,0.698,OK,0000,0.84,OK,0000
LOT-20260803-AAE,line_02,pcb2,2026-08-03,2026-08-03 08:02:53,EQ-02-A,1,0,day,02,L02AAE100016,2026-08-03 08:02:53,2026-08-03 08:04:55,1,0.182,OK,0000,0.82,OK,0000
LOT-20260803-AAE,line_02,pcb2,2026-08-03,2026-08-03 08:03:16,EQ-02-A,1,0,day,02,L02AAE100017,2026-08-03 08:03:16,2026-08-03 08:05:12,1,0.695,OK,0000,0.84,OK,0000
LOT-20260803-AAE,line_02,pcb2,2026-08-03,2026-08-03 08:03:42,EQ-02-A,1,0,day,02,L02AAE100018,2026-08-03 08:03:42,2026-08-03 08:05:40,1,0.35,OK,0000,0.82,OK,0000
LOT-20260803-AAE,line_02,pcb2,2026-08-03,2026-08-03 08:04:17,EQ-02-A,1,0,day,02,L02AAE100019,2026-08-03 08:04:17,2026-08-03 08:06:17,1,0.626,OK,0000,0.86,OK,0000
LOT-20260803-AAE,line_02,pcb2,2026-08-03,2026-08-03 08:04:50,EQ-02-A,1,0,day,02,L02AAE100020,2026-08-03 08:04:50,2026-08-03 08:06:53,2,0.464,OK,0000,0.83,OK,0000
LOT-20260803-AAE,line_02,pcb2,2026-08-03,2026-08-03 08:05:23,EQ-02-A,1,0,day,02,L02AAE100021,2026-08-03 08:05:23,2026-08-03 08:07:24,2,0.441,OK,0000,0.8,OK,0000
LOT-20260803-AAE,line_02,pcb2,2026-08-03,2026-08-03 08:05:57,EQ-02-A,1,1,day,02,L02AAE100022,2026-08-03 08:05:57,2026-08-03 08:07:52,1,0.742,RE,ESA5,1.22,NG,ESA5
LOT-20260803-AAE,line_02,pcb2,2026-08-03,2026-08-03 08:06:31,EQ-02-A,1,0,day,02,L02AAE100023,2026-08-03 08:06:31,2026-08-03 08:08:27,1,0.683,OK,0000,0.9,OK,0000
LOT-20260803-AAE,line_02,pcb2,2026-08-03,2026-08-03 08:07:01,EQ-02-A,1,0,day,02,L02AAE100024,2026-08-03 08:07:01,2026-08-03 08:08:56,2,0.65,OK,0000,0.82,OK,0000
LOT-20260803-AAE,line_02,pcb2,2026-08-03,2026-08-03 08:07:33,EQ-02-A,1,0,day,02,L02AAE100025,2026-08-03 08:07:33,2026-08-03 08:09:37,2,0.561,OK,0000,0.84,OK,0000
LOT-20260803-AAE,line_02,pcb2,2026-08-03,2026-08-03 08:07:54,EQ-02-A,1,0,day,02,L02AAE100026,2026-08-03 08:07:54,2026-08-03 08:09:57,1,0.364,OK,0000,0.85,OK,0000
LOT-20260803-AAE,line_02,pcb2,2026-08-03,2026-08-03 08:08:23,EQ-02-A,1,1,day,02,L02AAE100027,2026-08-03 08:08:23,2026-08-03 08:10:22,2,0.323,RE,ESA5,1.37,NG,ESA5
LOT-20260803-AAE,line_02,pcb2,2026-08-03,2026-08-03 08:08:53,EQ-02-A,1,0,day,02,L02AAE100028,2026-08-03 08:08:53,2026-08-03 08:10:50,1,0.43,OK,0000,0.85,OK,0000
LOT-20260803-AAE,line_02,pcb2,2026-08-03,2026-08-03 08:09:25,EQ-02-A,1,0,day,02,L02AAE100029,2026-08-03 08:09:25,2026-08-03 08:11:29,1,0.542,OK,0000,0.83,OK,0000
LOT-20260803-AAE,line_02,pcb2,2026-08-03,2026-08-03 08:10:05,EQ-02-A,1,0,day,02,L02AAE100030,2026-08-03 08:10:05,2026-08-03 08:12:10,2,0.588,OK,0000,0.82,OK,0000
LOT-20260803-AAE,line_02,pcb2,2026-08-03,2026-08-03 08:10:37,EQ-02-A,1,0,day,02,L02AAE100031,2026-08-03 08:10:37,2026-08-03 08:12:40,1,0.631,OK,0000,0.8,OK,0000
LOT-20260803-AAE,line_02,pcb2,2026-08-03,2026-08-03 08:11:07,EQ-02-A,1,0,day,02,L02AAE100032,2026-08-03 08:11:07,2026-08-03 08:13:10,1,0.519,OK,0000,0.92,OK,0000
LOT-20260803-AAE,line_02,pcb2,2026-08-03,2026-08-03 08:11:44,EQ-02-A,1,0,day,02,L02AAE100033,2026-08-03 08:11:44,2026-08-03 08:13:47,2,0.35,RE,ESA4,1.18,OK,0000
LOT-20260803-AAE,line_02,pcb2,2026-08-03,2026-08-03 08:12:14,EQ-02-A,1,0,day,02,L02AAE100034,2026-08-03 08:12:14,2026-08-03 08:14:12,2,0.577,OK,0000,0.85,OK,0000
LOT-20260803-AAE,line_02,pcb2,2026-08-03,2026-08-03 08:12:43,EQ-02-A,1,0,day,02,L02AAE100035,2026-08-03 08:12:43,2026-08-03 08:14:38,1,0.553,OK,0000,0.86,OK,0000
LOT-20260803-AAE,line_02,pcb2,2026-08-03,2026-08-03 08:13:14,EQ-02-A,1,0,day,02,L02AAE100036,2026-08-03 08:13:14,2026-08-03 08:15:19,1,0.595,RE,ESA3,1.36,OK,0000
LOT-20260803-AAE,line_02,pcb2,2026-08-03,2026-08-03 08:13:37,EQ-02-A,1,0,day,02,L02AAE100037,2026-08-03 08:13:37,2026-08-03 08:15:41,2,0.561,OK,0000,0.83,OK,0000
LOT-20260803-AAE,line_02,pcb2,2026-08-03,2026-08-03 08:14:15,EQ-02-A,1,0,day,02,L02AAE100038,2026-08-03 08:14:15,2026-08-03 08:16:19,1,0.601,OK,0000,0.92,OK,0000
LOT-20260803-AAE,line_02,pcb2,2026-08-03,2026-08-03 08:14:42,EQ-02-A,1,0,day,02,L02AAE100039,2026-08-03 08:14:42,2026-08-03 08:16:46,2,0.48,OK,0000,0.8,OK,0000
LOT-20260803-AAE,line_02,pcb2,2026-08-03,2026-08-03 08:15:06,EQ-02-A,1,0,day,02,L02AAE100040,2026-08-03 08:15:06,2026-08-03 08:17:06,2,0.666,OK,0000,0.84,OK,0000
LOT-20260803-AAE,line_02,pcb2,2026-08-03,2026-08-03 08:15:42,EQ-02-A,1,0,day,02,L02AAE100041,2026-08-03 08:15:42,2026-08-03 08:17:38,2,0.174,OK,0000,0.87,OK,0000
LOT-20260803-AAE,line_02,pcb2,2026-08-03,2026-08-03 08:16:06,EQ-02-A,1,0,day,02,L02AAE100042,2026-08-03 08:16:06,2026-08-03 08:18:01,2,0.42,OK,0000,0.84,OK,0000
LOT-20260803-AAE,line_02,pcb2,2026-08-03,2026-08-03 08:16:39,EQ-02-A,1,0,day,02,L02AAE100043,2026-08-03 08:16:39,2026-08-03 08:18:39,1,0.55,OK,0000,0.85,OK,0000
LOT-20260803-AAE,line_02,pcb2,2026-08-03,2026-08-03 08:17:15,EQ-02-A,1,0,day,02,L02AAE100044,2026-08-03 08:17:15,2026-08-03 08:19:14,1,0.606,OK,0000,0.82,OK,0000
LOT-20260803-AAE,line_02,pcb2,2026-08-03,2026-08-03 08:17:53,EQ-02-A,1,0,day,02,L02AAE100045,2026-08-03 08:17:53,2026-08-03 08:19:55,2,0.577,OK,0000,0.83,OK,0000
LOT-20260803-AAE,line_02,pcb2,2026-08-03,2026-08-03 08:18:26,EQ-02-A,1,0,day,02,L02AAE100046,2026-08-03 08:18:26,2026-08-03 08:20:28,2,0.611,OK,0000,0.86,OK,0000
LOT-20260803-AAE,line_02,pcb2,2026-08-03,2026-08-03 08:18:50,EQ-02-A,1,0,day,02,L02AAE100047,2026-08-03 08:18:50,2026-08-03 08:20:48,1,0.36,OK,0000,0.88,OK,0000
LOT-20260803-AAE,line_02,pcb2,2026-08-03,2026-08-03 08:19:24,EQ-02-A,1,0,day,02,L02AAE100048,2026-08-03 08:19:24,2026-08-03 08:21:24,2,0.42,OK,0000,0.87,OK,0000
LOT-20260803-AAE,line_02,pcb2,2026-08-03,2026-08-03 08:19:47,EQ-02-A,1,0,day,02,L02AAE100049,2026-08-03 08:19:47,2026-08-03 08:21:51,1,0.555,OK,0000,0.91,OK,0000
LOT-20260803-AAE,line_02,pcb2,2026-08-03,2026-08-03 08:20:16,EQ-02-A,1,1,day,02,L02AAE100050,2026-08-03 08:20:16,2026-08-03 08:22:16,1,0.466,RE,ESA5,1.22,NG,ESA5
LOT-20260803-AAE,line_02,pcb2,2026-08-03,2026-08-03 08:20:45,EQ-02-A,1,0,day,02,L02AAE100051,2026-08-03 08:20:45,2026-08-03 08:22:46,2,0.497,OK,0000,0.83,OK,0000
LOT-20260803-AAE,line_02,pcb2,2026-08-03,2026-08-03 08:21:06,EQ-02-A,1,0,day,02,L02AAE100052,2026-08-03 08:21:06,2026-08-03 08:23:03,1,0.62,OK,0000,0.8,OK,0000
LOT-20260803-AAE,line_02,pcb2,2026-08-03,2026-08-03 08:21:41,EQ-02-A,1,0,day,02,L02AAE100053,2026-08-03 08:21:41,2026-08-03 08:23:36,1,0.342,OK,0000,0.8,OK,0000
LOT-20260803-AAE,line_02,pcb2,2026-08-03,2026-08-03 08:22:14,EQ-02-A,1,0,day,02,L02AAE100054,2026-08-03 08:22:14,2026-08-03 08:24:14,1,0.643,OK,0000,0.91,OK,0000
LOT-20260803-AAE,line_02,pcb2,2026-08-03,2026-08-03 08:22:46,EQ-02-A,1,0,day,02,L02AAE100055,2026-08-03 08:22:46,2026-08-03 08:24:43,2,0.484,OK,0000,0.83,OK,0000
LOT-20260803-AAE,line_02,pcb2,2026-08-03,2026-08-03 08:23:22,EQ-02-A,1,0,day,02,L02AAE100056,2026-08-03 08:23:22,2026-08-03 08:25:19,1,0.511,OK,0000,0.89,OK,0000
LOT-20260803-AAE,line_02,pcb2,2026-08-03,2026-08-03 08:23:52,EQ-02-A,1,0,day,02,L02AAE100057,2026-08-03 08:23:52,2026-08-03 08:25:53,2,0.361,RE,ESA7,1.27,OK,0000
LOT-20260803-AAE,line_02,pcb2,2026-08-03,2026-08-03 08:24:19,EQ-02-A,1,0,day,02,L02AAE100058,2026-08-03 08:24:19,2026-08-03 08:26:18,1,0.646,RE,ESA4,1.3,OK,0000
LOT-20260803-AAE,line_02,pcb2,2026-08-03,2026-08-03 08:24:59,EQ-02-A,1,0,day,02,L02AAE100059,2026-08-03 08:24:59,2026-08-03 08:27:02,1,0.528,OK,0000,0.88,OK,0000
LOT-20260803-AAE,line_02,pcb2,2026-08-03,2026-08-03 08:25:39,EQ-02-A,1,1,day,02,L02AAE100060,2026-08-03 08:25:39,2026-08-03 08:27:43,2,0.095,RE,ESA5,1.32,NG,ESA5
LOT-20260803-AAE,line_02,pcb2,2026-08-03,2026-08-03 08:26:16,EQ-02-A,1,0,day,02,L02AAE100061,2026-08-03 08:26:16,2026-08-03 08:28:18,2,0.402,OK,0000,0.8,OK,0000
LOT-20260803-AAE,line_02,pcb2,2026-08-03,2026-08-03 08:26:52,EQ-02-A,1,0,day,02,L02AAE100062,2026-08-03 08:26:52,2026-08-03 08:28:49,1,0.577,OK,0000,0.89,OK,0000
LOT-20260803-AAE,line_02,pcb2,2026-08-03,2026-08-03 08:27:12,EQ-02-A,1,0,day,02,L02AAE100063,2026-08-03 08:27:12,2026-08-03 08:29:16,1,0.479,OK,0000,0.88,OK,0000
LOT-20260803-AAE,line_02,pcb2,2026-08-03,2026-08-03 08:27:46,EQ-02-A,1,0,day,02,L02AAE100064,2026-08-03 08:27:46,2026-08-03 08:29:50,1,0.742,OK,0000,0.89,OK,0000
LOT-20260803-AAE,line_02,pcb2,2026-08-03,2026-08-03 08:28:07,EQ-02-A,1,0,day,02,L02AAE100065,2026-08-03 08:28:07,2026-08-03 08:30:04,1,0.746,OK,0000,0.87,OK,0000
LOT-20260803-AAE,line_02,pcb2,2026-08-03,2026-08-03 08:28:40,EQ-02-A,1,0,day,02,L02AAE100066,2026-08-03 08:28:40,2026-08-03 08:30:36,2,0.511,OK,0000,0.8,OK,0000
LOT-20260803-AAE,line_02,pcb2,2026-08-03,2026-08-03 08:29:03,EQ-02-A,1,0,day,02,L02AAE100067,2026-08-03 08:29:03,2026-08-03 08:31:00,2,0.463,OK,0000,0.81,OK,0000
LOT-20260803-AAE,line_02,pcb2,2026-08-03,2026-08-03 08:29:31,EQ-02-A,1,0,day,02,L02AAE100068,2026-08-03 08:29:31,2026-08-03 08:31:36,1,0.826,OK,0000,0.83,OK,0000
LOT-20260803-AAE,line_02,pcb2,2026-08-03,2026-08-03 08:29:56,EQ-02-A,1,0,day,02,L02AAE100069,2026-08-03 08:29:56,2026-08-03 08:31:51,1,0.518,OK,0000,0.86,OK,0000
LOT-20260803-AAE,line_02,pcb2,2026-08-03,2026-08-03 08:30:25,EQ-02-A,1,0,day,02,L02AAE100070,2026-08-03 08:30:25,2026-08-03 08:32:25,1,0.507,OK,0000,0.91,OK,0000
LOT-20260803-AAE,line_02,pcb2,2026-08-03,2026-08-03 08:30:53,EQ-02-A,1,0,day,02,L02AAE100071,2026-08-03 08:30:53,2026-08-03 08:32:51,2,0.407,OK,0000,0.85,OK,0000
LOT-20260803-AAE,line_02,pcb2,2026-08-03,2026-08-03 08:31:20,EQ-02-A,1,0,day,02,L02AAE100072,2026-08-03 08:31:20,2026-08-03 08:33:23,2,0.389,OK,0000,0.8,OK,0000
LOT-20260803-AAE,line_02,pcb2,2026-08-03,2026-08-03 08:31:52,EQ-02-A,1,1,day,02,L02AAE100073,2026-08-03 08:31:52,2026-08-03 08:33:55,1,0.408,RE,ESA6,1.25,NG,ESA6
LOT-20260803-AAE,line_02,pcb2,2026-08-03,2026-08-03 08:32:25,EQ-02-A,1,0,day,02,L02AAE100074,2026-08-03 08:32:25,2026-08-03 08:34:20,2,0.436,OK,0000,0.81,OK,0000
LOT-20260803-AAE,line_02,pcb2,2026-08-03,2026-08-03 08:32:53,EQ-02-A,1,0,day,02,L02AAE100075,2026-08-03 08:32:53,2026-08-03 08:34:56,2,0.289,OK,0000,0.84,OK,0000
LOT-20260803-AAE,line_02,pcb2,2026-08-03,2026-08-03 08:33:33,EQ-02-A,1,0,day,02,L02AAE100076,2026-08-03 08:33:33,2026-08-03 08:35:29,2,0.274,OK,0000,0.87,OK,0000
LOT-20260803-AAE,line_02,pcb2,2026-08-03,2026-08-03 08:34:13,EQ-02-A,1,0,day,02,L02AAE100077,2026-08-03 08:34:13,2026-08-03 08:36:16,2,0.512,OK,0000,0.8,OK,0000
LOT-20260803-AAE,line_02,pcb2,2026-08-03,2026-08-03 08:34:38,EQ-02-A,1,0,day,02,L02AAE100078,2026-08-03 08:34:38,2026-08-03 08:36:41,1,0.454,OK,0000,0.81,OK,0000
LOT-20260803-AAE,line_02,pcb2,2026-08-03,2026-08-03 08:35:12,EQ-02-A,1,0,day,02,L02AAE100079,2026-08-03 08:35:12,2026-08-03 08:37:16,2,0.548,OK,0000,0.89,OK,0000
LOT-20260803-AAE,line_02,pcb2,2026-08-03,2026-08-03 08:35:41,EQ-02-A,1,0,day,02,L02AAE100080,2026-08-03 08:35:41,2026-08-03 08:37:43,2,0.219,OK,0000,0.84,OK,0000
LOT-20260803-AAE,line_02,pcb2,2026-08-03,2026-08-03 08:36:09,EQ-02-A,1,0,day,02,L02AAE100081,2026-08-03 08:36:09,2026-08-03 08:38:09,1,0.476,OK,0000,0.87,OK,0000
LOT-20260803-AAE,line_02,pcb2,2026-08-03,2026-08-03 08:36:49,EQ-02-A,1,0,day,02,L02AAE100082,2026-08-03 08:36:49,2026-08-03 08:38:46,2,0.532,OK,0000,0.81,OK,0000
LOT-20260803-AAE,line_02,pcb2,2026-08-03,2026-08-03 08:37:26,EQ-02-A,1,0,day,02,L02AAE100083,2026-08-03 08:37:26,2026-08-03 08:39:22,2,0.452,OK,0000,0.81,OK,0000
LOT-20260803-AAE,line_02,pcb2,2026-08-03,2026-08-03 08:37:50,EQ-02-A,1,0,day,02,L02AAE100084,2026-08-03 08:37:50,2026-08-03 08:39:48,2,0.661,OK,0000,0.84,OK,0000
LOT-20260803-AAE,line_02,pcb2,2026-08-03,2026-08-03 08:38:29,EQ-02-A,1,0,day,02,L02AAE100085,2026-08-03 08:38:29,2026-08-03 08:40:29,1,0.785,OK,0000,0.84,OK,0000
LOT-20260803-AAE,line_02,pcb2,2026-08-03,2026-08-03 08:39:09,EQ-02-A,1,0,day,02,L02AAE100086,2026-08-03 08:39:09,2026-08-03 08:41:07,1,0.394,OK,0000,0.8,OK,0000
LOT-20260803-AAE,line_02,pcb2,2026-08-03,2026-08-03 08:39:39,EQ-02-A,1,1,day,02,L02AAE100087,2026-08-03 08:39:39,2026-08-03 08:41:34,2,0.23,RE,ESA5,1.09,NG,ESA5
LOT-20260803-AAE,line_02,pcb2,2026-08-03,2026-08-03 08:40:03,EQ-02-A,1,0,day,02,L02AAE100088,2026-08-03 08:40:03,2026-08-03 08:42:08,1,0.54,OK,0000,0.86,OK,0000
LOT-20260803-AAE,line_02,pcb2,2026-08-03,2026-08-03 08:40:28,EQ-02-A,1,0,day,02,L02AAE100089,2026-08-03 08:40:28,2026-08-03 08:42:29,1,0.263,OK,0000,0.88,OK,0000
LOT-20260803-AAE,line_02,pcb2,2026-08-03,2026-08-03 08:41:05,EQ-02-A,1,0,day,02,L02AAE100090,2026-08-03 08:41:05,2026-08-03 08:43:08,2,0.428,OK,0000,0.85,OK,0000
LOT-20260803-AAE,line_02,pcb2,2026-08-03,2026-08-03 08:41:25,EQ-02-A,1,0,day,02,L02AAE100091,2026-08-03 08:41:25,2026-08-03 08:43:21,2,0.742,OK,0000,0.88,OK,0000
LOT-20260803-AAE,line_02,pcb2,2026-08-03,2026-08-03 08:41:56,EQ-02-A,1,0,day,02,L02AAE100092,2026-08-03 08:41:56,2026-08-03 08:43:57,2,0.46,OK,0000,0.8,OK,0000
LOT-20260803-AAE,line_02,pcb2,2026-08-03,2026-08-03 08:42:21,EQ-02-A,1,0,day,02,L02AAE100093,2026-08-03 08:42:21,2026-08-03 08:44:17,1,0.177,RE,ESA4,1.18,OK,0000
LOT-20260803-AAE,line_02,pcb2,2026-08-03,2026-08-03 08:42:55,EQ-02-A,1,0,day,02,L02AAE100094,2026-08-03 08:42:55,2026-08-03 08:45:00,1,0.468,OK,0000,0.8,OK,0000
LOT-20260803-AAE,line_02,pcb2,2026-08-03,2026-08-03 08:43:26,EQ-02-A,1,0,day,02,L02AAE100095,2026-08-03 08:43:26,2026-08-03 08:45:24,2,0.48,RE,ESA3,1.26,OK,0000
LOT-20260803-AAE,line_02,pcb2,2026-08-03,2026-08-03 08:43:53,EQ-02-A,1,0,day,02,L02AAE100096,2026-08-03 08:43:53,2026-08-03 08:45:48,2,0.466,OK,0000,0.81,OK,0000
LOT-20260803-AAE,line_02,pcb2,2026-08-03,2026-08-03 08:44:19,EQ-02-A,1,0,day,02,L02AAE100097,2026-08-03 08:44:19,2026-08-03 08:46:18,2,0.525,OK,0000,0.86,OK,0000
LOT-20260803-AAE,line_02,pcb2,2026-08-03,2026-08-03 08:44:57,EQ-02-A,1,1,day,02,L02AAE100098,2026-08-03 08:44:57,2026-08-03 08:47:01,2,0.336,RE,ESA5,1.39,NG,ESA5
LOT-20260803-AAE,line_02,pcb2,2026-08-03,2026-08-03 08:45:36,EQ-02-A,1,0,day,02,L02AAE100099,2026-08-03 08:45:36,2026-08-03 08:47:35,2,0.485,OK,0000,0.84,OK,0000
LOT-20260803-AAE,line_02,pcb2,2026-08-03,2026-08-03 08:46:14,EQ-02-A,1,1,day,02,L02AAE100100,2026-08-03 08:46:14,2026-08-03 08:48:13,2,0.606,NG,ESA7,1.82,NG,ESA7
LOT-20260803-AAE,line_02,pcb2,2026-08-03,2026-08-03 08:46:40,EQ-02-A,1,0,day,02,L02AAE100101,2026-08-03 08:46:40,2026-08-03 08:48:44,2,0.643,RE,ESA0,1.28,OK,0000
LOT-20260803-AAE,line_02,pcb2,2026-08-03,2026-08-03 08:47:08,EQ-02-A,1,0,day,02,L02AAE100102,2026-08-03 08:47:08,2026-08-03 08:49:08,2,0.408,OK,0000,0.85,OK,0000
LOT-20260803-AAE,line_02,pcb2,2026-08-03,2026-08-03 08:47:41,EQ-02-A,1,0,day,02,L02AAE100103,2026-08-03 08:47:41,2026-08-03 08:49:44,1,0.328,RE,ESA0,1.26,OK,0000
LOT-20260803-AAE,line_02,pcb2,2026-08-03,2026-08-03 08:48:15,EQ-02-A,1,0,day,02,L02AAE100104,2026-08-03 08:48:15,2026-08-03 08:50:14,2,0.495,OK,0000,0.83,OK,0000
LOT-20260803-AAE,line_02,pcb2,2026-08-03,2026-08-03 08:48:48,EQ-02-A,1,0,day,02,L02AAE100105,2026-08-03 08:48:48,2026-08-03 08:50:48,2,0.481,OK,0000,0.8,OK,0000
LOT-20260803-AAE,line_02,pcb2,2026-08-03,2026-08-03 08:49:10,EQ-02-A,1,0,day,02,L02AAE100106,2026-08-03 08:49:10,2026-08-03 08:51:08,2,0.418,OK,0000,0.84,OK,0000
LOT-20260803-AAE,line_02,pcb2,2026-08-03,2026-08-03 08:49:43,EQ-02-A,1,0,day,02,L02AAE100107,2026-08-03 08:49:43,2026-08-03 08:51:43,1,0.524,RE,ESA0,1.15,OK,0000
LOT-20260803-AAE,line_02,pcb2,2026-08-03,2026-08-03 08:50:12,EQ-02-A,1,0,day,02,L02AAE100108,2026-08-03 08:50:12,2026-08-03 08:52:16,2,0.69,OK,0000,0.81,OK,0000
LOT-20260803-AAE,line_02,pcb2,2026-08-03,2026-08-03 08:50:52,EQ-02-A,1,0,day,02,L02AAE100109,2026-08-03 08:50:52,2026-08-03 08:52:54,2,0.645,OK,0000,0.86,OK,0000
LOT-20260803-AAE,line_02,pcb2,2026-08-03,2026-08-03 08:51:19,EQ-02-A,1,0,day,02,L02AAE100110,2026-08-03 08:51:19,2026-08-03 08:53:22,2,0.403,OK,0000,0.91,OK,0000
LOT-20260803-AAE,line_02,pcb2,2026-08-03,2026-08-03 08:51:46,EQ-02-A,1,0,day,02,L02AAE100111,2026-08-03 08:51:46,2026-08-03 08:53:42,1,0.321,OK,0000,0.88,OK,0000
LOT-20260803-AAE,line_02,pcb2,2026-08-03,2026-08-03 08:52:26,EQ-02-A,1,0,day,02,L02AAE100112,2026-08-03 08:52:26,2026-08-03 08:54:21,1,0.65,OK,0000,0.81,OK,0000
LOT-20260803-AAE,line_02,pcb2,2026-08-03,2026-08-03 08:52:58,EQ-02-A,1,0,day,02,L02AAE100113,2026-08-03 08:52:58,2026-08-03 08:54:55,2,0.709,OK,0000,0.83,OK,0000
LOT-20260803-AAE,line_02,pcb2,2026-08-03,2026-08-03 08:53:19,EQ-02-A,1,0,day,02,L02AAE100114,2026-08-03 08:53:19,2026-08-03 08:55:24,1,0.543,OK,0000,0.85,OK,0000
LOT-20260803-AAE,line_02,pcb2,2026-08-03,2026-08-03 08:53:52,EQ-02-A,1,0,day,02,L02AAE100115,2026-08-03 08:53:52,2026-08-03 08:55:51,1,0.48,OK,0000,0.87,OK,0000
LOT-20260803-AAC,line_03,pcb3,2026-08-03,2026-08-03 08:00:00,EQ-03-A,1,0,day,03,L03AAC100197,2026-08-03 08:00:00,2026-08-03 08:02:04,1,0.696,OK,0000,0.8,OK,0000
LOT-20260803-AAC,line_03,pcb3,2026-08-03,2026-08-03 08:00:39,EQ-03-A,1,0,day,03,L03AAC100198,2026-08-03 08:00:39,2026-08-03 08:02:43,1,0.655,OK,0000,0.89,OK,0000
LOT-20260803-AAC,line_03,pcb3,2026-08-03,2026-08-03 08:01:18,EQ-03-A,1,0,day,03,L03AAC100199,2026-08-03 08:01:18,2026-08-03 08:03:13,2,0.336,OK,0000,0.82,OK,0000
LOT-20260803-AAC,line_03,pcb3,2026-08-03,2026-08-03 08:01:52,EQ-03-A,1,0,day,03,L03AAC100200,2026-08-03 08:01:52,2026-08-03 08:03:47,2,0.334,OK,0000,0.83,OK,0000
LOT-20260803-AAG,line_03,pcb3,2026-08-03,2026-08-03 08:02:31,EQ-03-A,1,0,day,03,L03AAG100001,2026-08-03 08:02:31,2026-08-03 08:04:35,2,0.454,OK,0000,0.87,OK,0000
LOT-20260803-AAG,line_03,pcb3,2026-08-03,2026-08-03 08:02:55,EQ-03-A,1,0,day,03,L03AAG100002,2026-08-03 08:02:55,2026-08-03 08:04:59,1,0.697,OK,0000,0.9,OK,0000
LOT-20260803-AAG,line_03,pcb3,2026-08-03,2026-08-03 08:03:29,EQ-03-A,1,0,day,03,L03AAG100003,2026-08-03 08:03:29,2026-08-03 08:05:26,2,0.416,OK,0000,0.83,OK,0000
LOT-20260803-AAG,line_03,pcb3,2026-08-03,2026-08-03 08:03:58,EQ-03-A,1,0,day,03,L03AAG100004,2026-08-03 08:03:58,2026-08-03 08:05:58,2,0.247,OK,0000,0.81,OK,0000
LOT-20260803-AAG,line_03,pcb3,2026-08-03,2026-08-03 08:04:27,EQ-03-A,1,0,day,03,L03AAG100005,2026-08-03 08:04:27,2026-08-03 08:06:29,2,0.645,OK,0000,0.9,OK,0000
LOT-20260803-AAG,line_03,pcb3,2026-08-03,2026-08-03 08:04:56,EQ-03-A,1,0,day,03,L03AAG100006,2026-08-03 08:04:56,2026-08-03 08:06:59,2,0.315,OK,0000,0.82,OK,0000
LOT-20260803-AAG,line_03,pcb3,2026-08-03,2026-08-03 08:05:34,EQ-03-A,1,0,day,03,L03AAG100007,2026-08-03 08:05:34,2026-08-03 08:07:37,1,0.496,OK,0000,0.85,OK,0000
LOT-20260803-AAG,line_03,pcb3,2026-08-03,2026-08-03 08:05:55,EQ-03-A,1,0,day,03,L03AAG100008,2026-08-03 08:05:55,2026-08-03 08:07:53,1,0.379,OK,0000,0.86,OK,0000
LOT-20260803-AAG,line_03,pcb3,2026-08-03,2026-08-03 08:06:17,EQ-03-A,1,0,day,03,L03AAG100009,2026-08-03 08:06:17,2026-08-03 08:08:19,2,0.429,OK,0000,0.84,OK,0000
LOT-20260803-AAG,line_03,pcb3,2026-08-03,2026-08-03 08:06:56,EQ-03-A,1,0,day,03,L03AAG100010,2026-08-03 08:06:56,2026-08-03 08:08:56,1,0.582,OK,0000,0.84,OK,0000
LOT-20260803-AAG,line_03,pcb3,2026-08-03,2026-08-03 08:07:35,EQ-03-A,1,1,day,03,L03AAG100011,2026-08-03 08:07:35,2026-08-03 08:09:30,1,0.435,RE,ESA5,1.24,NG,ESA5
LOT-20260803-AAG,line_03,pcb3,2026-08-03,2026-08-03 08:08:10,EQ-03-A,1,0,day,03,L03AAG100012,2026-08-03 08:08:10,2026-08-03 08:10:14,1,0.487,OK,0000,0.83,OK,0000
LOT-20260803-AAG,line_03,pcb3,2026-08-03,2026-08-03 08:08:36,EQ-03-A,1,0,day,03,L03AAG100013,2026-08-03 08:08:36,2026-08-03 08:10:36,1,0.461,OK,0000,0.9,OK,0000
LOT-20260803-AAG,line_03,pcb3,2026-08-03,2026-08-03 08:09:08,EQ-03-A,1,1,day,03,L03AAG100014,2026-08-03 08:09:08,2026-08-03 08:11:08,1,0.584,RE,ESA5,1.22,NG,ESA5
LOT-20260803-AAG,line_03,pcb3,2026-08-03,2026-08-03 08:09:28,EQ-03-A,1,0,day,03,L03AAG100015,2026-08-03 08:09:28,2026-08-03 08:11:26,2,0.605,OK,0000,0.83,OK,0000
LOT-20260803-AAG,line_03,pcb3,2026-08-03,2026-08-03 08:10:08,EQ-03-A,1,0,day,03,L03AAG100016,2026-08-03 08:10:08,2026-08-03 08:12:03,1,0.676,OK,0000,0.85,OK,0000
LOT-20260803-AAG,line_03,pcb3,2026-08-03,2026-08-03 08:10:34,EQ-03-A,1,0,day,03,L03AAG100017,2026-08-03 08:10:34,2026-08-03 08:12:31,2,0.484,OK,0000,0.86,OK,0000
LOT-20260803-AAG,line_03,pcb3,2026-08-03,2026-08-03 08:11:04,EQ-03-A,1,1,day,03,L03AAG100018,2026-08-03 08:11:04,2026-08-03 08:13:01,2,0.264,RE,ESA7,1.14,NG,ESA7
LOT-20260803-AAG,line_03,pcb3,2026-08-03,2026-08-03 08:11:32,EQ-03-A,1,0,day,03,L03AAG100019,2026-08-03 08:11:32,2026-08-03 08:13:28,2,0.321,OK,0000,0.85,OK,0000
LOT-20260803-AAG,line_03,pcb3,2026-08-03,2026-08-03 08:12:02,EQ-03-A,1,0,day,03,L03AAG100020,2026-08-03 08:12:02,2026-08-03 08:14:02,2,0.76,OK,0000,0.93,OK,0000
LOT-20260803-AAG,line_03,pcb3,2026-08-03,2026-08-03 08:12:27,EQ-03-A,1,0,day,03,L03AAG100021,2026-08-03 08:12:27,2026-08-03 08:14:28,1,0.596,OK,0000,0.86,OK,0000
LOT-20260803-AAG,line_03,pcb3,2026-08-03,2026-08-03 08:12:49,EQ-03-A,1,0,day,03,L03AAG100022,2026-08-03 08:12:49,2026-08-03 08:14:47,2,0.23,OK,0000,0.82,OK,0000
LOT-20260803-AAG,line_03,pcb3,2026-08-03,2026-08-03 08:13:15,EQ-03-A,1,1,day,03,L03AAG100023,2026-08-03 08:13:15,2026-08-03 08:15:16,1,0.382,RE,ESA7,1.19,NG,ESA7
LOT-20260803-AAG,line_03,pcb3,2026-08-03,2026-08-03 08:13:55,EQ-03-A,1,0,day,03,L03AAG100024,2026-08-03 08:13:55,2026-08-03 08:15:58,2,0.475,OK,0000,0.82,OK,0000
LOT-20260803-AAG,line_03,pcb3,2026-08-03,2026-08-03 08:14:24,EQ-03-A,1,0,day,03,L03AAG100025,2026-08-03 08:14:24,2026-08-03 08:16:23,2,0.203,OK,0000,0.87,OK,0000
LOT-20260803-AAG,line_03,pcb3,2026-08-03,2026-08-03 08:14:48,EQ-03-A,1,0,day,03,L03AAG100026,2026-08-03 08:14:48,2026-08-03 08:16:46,2,0.339,OK,0000,0.85,OK,0000
LOT-20260803-AAG,line_03,pcb3,2026-08-03,2026-08-03 08:15:10,EQ-03-A,1,0,day,03,L03AAG100027,2026-08-03 08:15:10,2026-08-03 08:17:07,1,0.811,OK,0000,0.8,OK,0000
LOT-20260803-AAG,line_03,pcb3,2026-08-03,2026-08-03 08:15:46,EQ-03-A,1,0,day,03,L03AAG100028,2026-08-03 08:15:46,2026-08-03 08:17:46,2,0.12,OK,0000,0.83,OK,0000
LOT-20260803-AAG,line_03,pcb3,2026-08-03,2026-08-03 08:16:21,EQ-03-A,1,0,day,03,L03AAG100029,2026-08-03 08:16:21,2026-08-03 08:18:24,2,0.665,OK,0000,0.92,OK,0000
LOT-20260803-AAG,line_03,pcb3,2026-08-03,2026-08-03 08:16:56,EQ-03-A,1,0,day,03,L03AAG100030,2026-08-03 08:16:56,2026-08-03 08:18:57,2,0.316,RE,ESA3,1.3,OK,0000
LOT-20260803-AAG,line_03,pcb3,2026-08-03,2026-08-03 08:17:36,EQ-03-A,1,0,day,03,L03AAG100031,2026-08-03 08:17:36,2026-08-03 08:19:38,1,0.43,OK,0000,0.84,OK,0000
LOT-20260803-AAG,line_03,pcb3,2026-08-03,2026-08-03 08:18:03,EQ-03-A,1,0,day,03,L03AAG100032,2026-08-03 08:18:03,2026-08-03 08:20:07,2,0.897,OK,0000,0.8,OK,0000
LOT-20260803-AAG,line_03,pcb3,2026-08-03,2026-08-03 08:18:28,EQ-03-A,1,0,day,03,L03AAG100033,2026-08-03 08:18:28,2026-08-03 08:20:25,1,0.538,OK,0000,0.86,OK,0000
LOT-20260803-AAG,line_03,pcb3,2026-08-03,2026-08-03 08:18:50,EQ-03-A,1,0,day,03,L03AAG100034,2026-08-03 08:18:50,2026-08-03 08:20:45,2,0.663,OK,0000,0.84,OK,0000
LOT-20260803-AAG,line_03,pcb3,2026-08-03,2026-08-03 08:19:24,EQ-03-A,1,0,day,03,L03AAG100035,2026-08-03 08:19:24,2026-08-03 08:21:25,1,0.546,OK,0000,0.82,OK,0000
LOT-20260803-AAG,line_03,pcb3,2026-08-03,2026-08-03 08:19:57,EQ-03-A,1,0,day,03,L03AAG100036,2026-08-03 08:19:57,2026-08-03 08:21:52,1,0.54,OK,0000,0.83,OK,0000
LOT-20260803-AAG,line_03,pcb3,2026-08-03,2026-08-03 08:20:22,EQ-03-A,1,0,day,03,L03AAG100037,2026-08-03 08:20:22,2026-08-03 08:22:18,2,0.593,OK,0000,0.83,OK,0000
LOT-20260803-AAG,line_03,pcb3,2026-08-03,2026-08-03 08:20:51,EQ-03-A,1,1,day,03,L03AAG100038,2026-08-03 08:20:51,2026-08-03 08:22:50,1,0.557,RE,ESA0,1.25,NG,ESA0
LOT-20260803-AAG,line_03,pcb3,2026-08-03,2026-08-03 08:21:18,EQ-03-A,1,0,day,03,L03AAG100039,2026-08-03 08:21:18,2026-08-03 08:23:16,1,0.669,OK,0000,0.84,OK,0000
LOT-20260803-AAG,line_03,pcb3,2026-08-03,2026-08-03 08:21:48,EQ-03-A,1,0,day,03,L03AAG100040,2026-08-03 08:21:48,2026-08-03 08:23:47,2,0.234,OK,0000,0.89,OK,0000
LOT-20260803-AAG,line_03,pcb3,2026-08-03,2026-08-03 08:22:14,EQ-03-A,1,0,day,03,L03AAG100041,2026-08-03 08:22:14,2026-08-03 08:24:17,1,0.364,OK,0000,0.81,OK,0000
LOT-20260803-AAG,line_03,pcb3,2026-08-03,2026-08-03 08:22:42,EQ-03-A,1,0,day,03,L03AAG100042,2026-08-03 08:22:42,2026-08-03 08:24:43,2,0.411,RE,ESA2,1.39,OK,0000
LOT-20260803-AAG,line_03,pcb3,2026-08-03,2026-08-03 08:23:14,EQ-03-A,1,0,day,03,L03AAG100043,2026-08-03 08:23:14,2026-08-03 08:25:15,1,0.18,OK,0000,0.97,OK,0000
LOT-20260803-AAG,line_03,pcb3,2026-08-03,2026-08-03 08:23:41,EQ-03-A,1,0,day,03,L03AAG100044,2026-08-03 08:23:41,2026-08-03 08:25:44,2,0.658,OK,0000,0.85,OK,0000
LOT-20260803-AAG,line_03,pcb3,2026-08-03,2026-08-03 08:24:19,EQ-03-A,1,0,day,03,L03AAG100045,2026-08-03 08:24:19,2026-08-03 08:26:21,2,0.492,OK,0000,0.85,OK,0000
LOT-20260803-AAG,line_03,pcb3,2026-08-03,2026-08-03 08:24:49,EQ-03-A,1,0,day,03,L03AAG100046,2026-08-03 08:24:49,2026-08-03 08:26:50,1,0.578,RE,ESA2,1.31,OK,0000
LOT-20260803-AAG,line_03,pcb3,2026-08-03,2026-08-03 08:25:15,EQ-03-A,1,0,day,03,L03AAG100047,2026-08-03 08:25:15,2026-08-03 08:27:14,1,0.583,OK,0000,0.84,OK,0000
LOT-20260803-AAG,line_03,pcb3,2026-08-03,2026-08-03 08:25:35,EQ-03-A,1,0,day,03,L03AAG100048,2026-08-03 08:25:35,2026-08-03 08:27:33,1,0.47,OK,0000,0.83,OK,0000
LOT-20260803-AAG,line_03,pcb3,2026-08-03,2026-08-03 08:26:08,EQ-03-A,1,1,day,03,L03AAG100049,2026-08-03 08:26:08,2026-08-03 08:28:11,1,0.471,RE,ESA5,1.36,NG,ESA5
LOT-20260803-AAG,line_03,pcb3,2026-08-03,2026-08-03 08:26:37,EQ-03-A,1,0,day,03,L03AAG100050,2026-08-03 08:26:37,2026-08-03 08:28:34,2,0.589,OK,0000,0.8,OK,0000
LOT-20260803-AAG,line_03,pcb3,2026-08-03,2026-08-03 08:27:07,EQ-03-A,1,0,day,03,L03AAG100051,2026-08-03 08:27:07,2026-08-03 08:29:11,2,0.598,OK,0000,0.85,OK,0000
LOT-20260803-AAG,line_03,pcb3,2026-08-03,2026-08-03 08:27:39,EQ-03-A,1,0,day,03,L03AAG100052,2026-08-03 08:27:39,2026-08-03 08:29:42,1,0.497,OK,0000,0.82,OK,0000
LOT-20260803-AAG,line_03,pcb3,2026-08-03,2026-08-03 08:28:11,EQ-03-A,1,0,day,03,L03AAG100053,2026-08-03 08:28:11,2026-08-03 08:30:13,2,0.669,OK,0000,0.88,OK,0000
LOT-20260803-AAG,line_03,pcb3,2026-08-03,2026-08-03 08:28:51,EQ-03-A,1,0,day,03,L03AAG100054,2026-08-03 08:28:51,2026-08-03 08:30:54,1,0.384,OK,0000,0.86,OK,0000
LOT-20260803-AAG,line_03,pcb3,2026-08-03,2026-08-03 08:29:16,EQ-03-A,1,0,day,03,L03AAG100055,2026-08-03 08:29:16,2026-08-03 08:31:13,1,0.354,OK,0000,0.8,OK,0000
LOT-20260803-AAG,line_03,pcb3,2026-08-03,2026-08-03 08:29:42,EQ-03-A,1,1,day,03,L03AAG100056,2026-08-03 08:29:42,2026-08-03 08:31:40,2,0.406,RE,ESA5,1.34,NG,ESA5
LOT-20260803-AAG,line_03,pcb3,2026-08-03,2026-08-03 08:30:11,EQ-03-A,1,0,day,03,L03AAG100057,2026-08-03 08:30:11,2026-08-03 08:32:08,2,0.643,OK,0000,0.86,OK,0000
LOT-20260803-AAG,line_03,pcb3,2026-08-03,2026-08-03 08:30:41,EQ-03-A,1,0,day,03,L03AAG100058,2026-08-03 08:30:41,2026-08-03 08:32:37,2,0.609,OK,0000,0.86,OK,0000
LOT-20260803-AAG,line_03,pcb3,2026-08-03,2026-08-03 08:31:05,EQ-03-A,1,0,day,03,L03AAG100059,2026-08-03 08:31:05,2026-08-03 08:33:03,2,0.404,OK,0000,0.86,OK,0000
LOT-20260803-AAG,line_03,pcb3,2026-08-03,2026-08-03 08:31:29,EQ-03-A,1,0,day,03,L03AAG100060,2026-08-03 08:31:29,2026-08-03 08:33:34,1,0.62,OK,0000,0.87,OK,0000
LOT-20260803-AAG,line_03,pcb3,2026-08-03,2026-08-03 08:32:04,EQ-03-A,1,0,day,03,L03AAG100061,2026-08-03 08:32:04,2026-08-03 08:34:02,2,0.678,OK,0000,0.87,OK,0000
LOT-20260803-AAG,line_03,pcb3,2026-08-03,2026-08-03 08:32:40,EQ-03-A,1,0,day,03,L03AAG100062,2026-08-03 08:32:40,2026-08-03 08:34:37,1,0.553,OK,0000,0.88,OK,0000
LOT-20260803-AAG,line_03,pcb3,2026-08-03,2026-08-03 08:33:14,EQ-03-A,1,0,day,03,L03AAG100063,2026-08-03 08:33:14,2026-08-03 08:35:17,2,0.496,OK,0000,0.8,OK,0000
LOT-20260803-AAG,line_03,pcb3,2026-08-03,2026-08-03 08:33:44,EQ-03-A,1,0,day,03,L03AAG100064,2026-08-03 08:33:44,2026-08-03 08:35:48,2,0.476,OK,0000,0.81,OK,0000
LOT-20260803-AAG,line_03,pcb3,2026-08-03,2026-08-03 08:34:05,EQ-03-A,1,0,day,03,L03AAG100065,2026-08-03 08:34:05,2026-08-03 08:36:07,2,0.399,OK,0000,0.83,OK,0000
LOT-20260803-AAG,line_03,pcb3,2026-08-03,2026-08-03 08:34:36,EQ-03-A,1,0,day,03,L03AAG100066,2026-08-03 08:34:36,2026-08-03 08:36:40,1,0.381,OK,0000,0.83,OK,0000
LOT-20260803-AAG,line_03,pcb3,2026-08-03,2026-08-03 08:35:01,EQ-03-A,1,0,day,03,L03AAG100067,2026-08-03 08:35:01,2026-08-03 08:37:02,1,0.216,OK,0000,0.85,OK,0000
LOT-20260803-AAG,line_03,pcb3,2026-08-03,2026-08-03 08:35:35,EQ-03-A,1,1,day,03,L03AAG100068,2026-08-03 08:35:35,2026-08-03 08:37:31,2,0.5,RE,ESA5,1.17,NG,ESA5
LOT-20260803-AAG,line_03,pcb3,2026-08-03,2026-08-03 08:36:07,EQ-03-A,1,0,day,03,L03AAG100069,2026-08-03 08:36:07,2026-08-03 08:38:12,1,0.599,OK,0000,0.88,OK,0000
LOT-20260803-AAG,line_03,pcb3,2026-08-03,2026-08-03 08:36:44,EQ-03-A,1,0,day,03,L03AAG100070,2026-08-03 08:36:44,2026-08-03 08:38:42,1,0.259,OK,0000,0.81,OK,0000
LOT-20260803-AAG,line_03,pcb3,2026-08-03,2026-08-03 08:37:19,EQ-03-A,1,0,day,03,L03AAG100071,2026-08-03 08:37:19,2026-08-03 08:39:19,2,0.385,OK,0000,0.8,OK,0000
LOT-20260803-AAG,line_03,pcb3,2026-08-03,2026-08-03 08:37:41,EQ-03-A,1,0,day,03,L03AAG100072,2026-08-03 08:37:41,2026-08-03 08:39:42,1,0.624,OK,0000,0.83,OK,0000
LOT-20260803-AAG,line_03,pcb3,2026-08-03,2026-08-03 08:38:15,EQ-03-A,1,0,day,03,L03AAG100073,2026-08-03 08:38:15,2026-08-03 08:40:10,2,0.46,OK,0000,0.8,OK,0000
LOT-20260803-AAG,line_03,pcb3,2026-08-03,2026-08-03 08:38:37,EQ-03-A,1,0,day,03,L03AAG100074,2026-08-03 08:38:37,2026-08-03 08:40:37,2,0.595,RE,ESA2,1.13,OK,0000
LOT-20260803-AAG,line_03,pcb3,2026-08-03,2026-08-03 08:39:09,EQ-03-A,1,1,day,03,L03AAG100075,2026-08-03 08:39:09,2026-08-03 08:41:09,1,0.509,RE,ESA5,1.28,NG,ESA5
LOT-20260803-AAG,line_03,pcb3,2026-08-03,2026-08-03 08:39:43,EQ-03-A,1,0,day,03,L03AAG100076,2026-08-03 08:39:43,2026-08-03 08:41:45,1,0.704,OK,0000,0.8,OK,0000
LOT-20260803-AAG,line_03,pcb3,2026-08-03,2026-08-03 08:40:07,EQ-03-A,1,0,day,03,L03AAG100077,2026-08-03 08:40:07,2026-08-03 08:42:02,1,0.047,OK,0000,0.85,OK,0000
LOT-20260803-AAG,line_03,pcb3,2026-08-03,2026-08-03 08:40:46,EQ-03-A,1,0,day,03,L03AAG100078,2026-08-03 08:40:46,2026-08-03 08:42:47,1,0.77,OK,0000,0.89,OK,0000
LOT-20260803-AAG,line_03,pcb3,2026-08-03,2026-08-03 08:41:11,EQ-03-A,1,0,day,03,L03AAG100079,2026-08-03 08:41:11,2026-08-03 08:43:08,1,0.531,RE,ESA3,1.2,OK,0000
LOT-20260803-AAG,line_03,pcb3,2026-08-03,2026-08-03 08:41:45,EQ-03-A,1,0,day,03,L03AAG100080,2026-08-03 08:41:45,2026-08-03 08:43:47,2,0.621,OK,0000,0.8,OK,0000
LOT-20260803-AAG,line_03,pcb3,2026-08-03,2026-08-03 08:42:06,EQ-03-A,1,0,day,03,L03AAG100081,2026-08-03 08:42:06,2026-08-03 08:44:11,1,0.571,OK,0000,0.86,OK,0000
LOT-20260803-AAG,line_03,pcb3,2026-08-03,2026-08-03 08:42:29,EQ-03-A,1,0,day,03,L03AAG100082,2026-08-03 08:42:29,2026-08-03 08:44:24,2,0.659,OK,0000,0.95,OK,0000
LOT-20260803-AAG,line_03,pcb3,2026-08-03,2026-08-03 08:42:50,EQ-03-A,1,1,day,03,L03AAG100083,2026-08-03 08:42:50,2026-08-03 08:44:50,1,0.559,RE,ESA0,1.2,NG,ESA0
LOT-20260803-AAG,line_03,pcb3,2026-08-03,2026-08-03 08:43:17,EQ-03-A,1,0,day,03,L03AAG100084,2026-08-03 08:43:17,2026-08-03 08:45:15,1,0.496,OK,0000,0.8,OK,0000
LOT-20260803-AAG,line_03,pcb3,2026-08-03,2026-08-03 08:43:39,EQ-03-A,1,1,day,03,L03AAG100085,2026-08-03 08:43:39,2026-08-03 08:45:44,2,0.396,RE,ESA0,1.21,NG,ESA0
LOT-20260803-AAG,line_03,pcb3,2026-08-03,2026-08-03 08:44:04,EQ-03-A,1,0,day,03,L03AAG100086,2026-08-03 08:44:04,2026-08-03 08:46:04,2,0.421,OK,0000,0.85,OK,0000
LOT-20260803-AAG,line_03,pcb3,2026-08-03,2026-08-03 08:44:41,EQ-03-A,1,0,day,03,L03AAG100087,2026-08-03 08:44:41,2026-08-03 08:46:42,1,0.377,OK,0000,0.88,OK,0000
LOT-20260803-AAG,line_03,pcb3,2026-08-03,2026-08-03 08:45:14,EQ-03-A,1,0,day,03,L03AAG100088,2026-08-03 08:45:14,2026-08-03 08:47:11,1,0.5,OK,0000,0.84,OK,0000
LOT-20260803-AAG,line_03,pcb3,2026-08-03,2026-08-03 08:45:34,EQ-03-A,1,0,day,03,L03AAG100089,2026-08-03 08:45:34,2026-08-03 08:47:36,1,0.451,OK,0000,0.85,OK,0000
LOT-20260803-AAG,line_03,pcb3,2026-08-03,2026-08-03 08:46:01,EQ-03-A,1,0,day,03,L03AAG100090,2026-08-03 08:46:01,2026-08-03 08:48:01,1,0.624,OK,0000,0.81,OK,0000
LOT-20260803-AAG,line_03,pcb3,2026-08-03,2026-08-03 08:46:22,EQ-03-A,1,0,day,03,L03AAG100091,2026-08-03 08:46:22,2026-08-03 08:48:26,2,0.401,OK,0000,0.83,OK,0000
LOT-20260803-AAG,line_03,pcb3,2026-08-03,2026-08-03 08:46:57,EQ-03-A,1,0,day,03,L03AAG100092,2026-08-03 08:46:57,2026-08-03 08:49:01,1,0.298,OK,0000,0.81,OK,0000
LOT-20260803-AAG,line_03,pcb3,2026-08-03,2026-08-03 08:47:22,EQ-03-A,1,0,day,03,L03AAG100093,2026-08-03 08:47:22,2026-08-03 08:49:27,2,0.429,OK,0000,0.87,OK,0000
LOT-20260803-AAG,line_03,pcb3,2026-08-03,2026-08-03 08:47:54,EQ-03-A,1,0,day,03,L03AAG100094,2026-08-03 08:47:54,2026-08-03 08:49:54,2,0.539,OK,0000,0.85,OK,0000
LOT-20260803-AAG,line_03,pcb3,2026-08-03,2026-08-03 08:48:19,EQ-03-A,1,1,day,03,L03AAG100095,2026-08-03 08:48:19,2026-08-03 08:50:24,1,0.628,NG,ESA7,1.79,NG,ESA7
LOT-20260803-AAG,line_03,pcb3,2026-08-03,2026-08-03 08:48:54,EQ-03-A,1,0,day,03,L03AAG100096,2026-08-03 08:48:54,2026-08-03 08:50:57,2,0.559,OK,0000,0.84,OK,0000
LOT-20260803-AAG,line_03,pcb3,2026-08-03,2026-08-03 08:49:34,EQ-03-A,1,0,day,03,L03AAG100097,2026-08-03 08:49:34,2026-08-03 08:51:29,1,0.54,OK,0000,0.82,OK,0000
LOT-20260803-AAG,line_03,pcb3,2026-08-03,2026-08-03 08:50:01,EQ-03-A,1,0,day,03,L03AAG100098,2026-08-03 08:50:01,2026-08-03 08:51:59,2,0.134,OK,0000,0.83,OK,0000
LOT-20260803-AAG,line_03,pcb3,2026-08-03,2026-08-03 08:50:34,EQ-03-A,1,0,day,03,L03AAG100099,2026-08-03 08:50:34,2026-08-03 08:52:34,1,0.713,OK,0000,0.88,OK,0000
LOT-20260803-AAG,line_03,pcb3,2026-08-03,2026-08-03 08:51:09,EQ-03-A,1,0,day,03,L03AAG100100,2026-08-03 08:51:09,2026-08-03 08:53:04,2,0.645,OK,0000,0.89,OK,0000
LOT-20260803-AAG,line_03,pcb3,2026-08-03,2026-08-03 08:51:36,EQ-03-A,1,0,day,03,L03AAG100101,2026-08-03 08:51:36,2026-08-03 08:53:36,1,0.513,OK,0000,0.85,OK,0000
LOT-20260803-AAG,line_03,pcb3,2026-08-03,2026-08-03 08:52:00,EQ-03-A,1,0,day,03,L03AAG100102,2026-08-03 08:52:00,2026-08-03 08:54:03,2,0.407,RE,ESA5,1.22,OK,0000
LOT-20260803-AAG,line_03,pcb3,2026-08-03,2026-08-03 08:52:33,EQ-03-A,1,1,day,03,L03AAG100103,2026-08-03 08:52:33,2026-08-03 08:54:33,1,0.592,NG,ESA3,1.92,NG,ESA6
LOT-20260803-AAF,line_04,pcb4,2026-08-03,2026-08-03 08:00:00,EQ-04-A,1,0,day,04,L04AAF100013,2026-08-03 08:00:00,2026-08-03 08:02:04,2,0.5,OK,0000,0.86,OK,0000
LOT-20260803-AAF,line_04,pcb4,2026-08-03,2026-08-03 08:00:32,EQ-04-A,1,0,day,04,L04AAF100014,2026-08-03 08:00:32,2026-08-03 08:02:28,1,0.283,OK,0000,0.8,OK,0000
LOT-20260803-AAF,line_04,pcb4,2026-08-03,2026-08-03 08:01:07,EQ-04-A,1,0,day,04,L04AAF100015,2026-08-03 08:01:07,2026-08-03 08:03:04,1,0.417,OK,0000,0.8,OK,0000
LOT-20260803-AAF,line_04,pcb4,2026-08-03,2026-08-03 08:01:33,EQ-04-A,1,0,day,04,L04AAF100016,2026-08-03 08:01:33,2026-08-03 08:03:31,2,0.424,OK,0000,0.83,OK,0000
LOT-20260803-AAF,line_04,pcb4,2026-08-03,2026-08-03 08:02:00,EQ-04-A,1,0,day,04,L04AAF100017,2026-08-03 08:02:00,2026-08-03 08:03:57,1,0.432,OK,0000,0.9,OK,0000
LOT-20260803-AAF,line_04,pcb4,2026-08-03,2026-08-03 08:02:26,EQ-04-A,1,0,day,04,L04AAF100018,2026-08-03 08:02:26,2026-08-03 08:04:25,1,0.549,OK,0000,0.85,OK,0000
LOT-20260803-AAF,line_04,pcb4,2026-08-03,2026-08-03 08:03:04,EQ-04-A,1,0,day,04,L04AAF100019,2026-08-03 08:03:04,2026-08-03 08:05:06,2,0.593,OK,0000,0.8,OK,0000
LOT-20260803-AAF,line_04,pcb4,2026-08-03,2026-08-03 08:03:26,EQ-04-A,1,0,day,04,L04AAF100020,2026-08-03 08:03:26,2026-08-03 08:05:28,1,0.656,OK,0000,0.84,OK,0000
LOT-20260803-AAF,line_04,pcb4,2026-08-03,2026-08-03 08:04:00,EQ-04-A,1,0,day,04,L04AAF100021,2026-08-03 08:04:00,2026-08-03 08:05:57,1,0.601,OK,0000,0.8,OK,0000
LOT-20260803-AAF,line_04,pcb4,2026-08-03,2026-08-03 08:04:35,EQ-04-A,1,0,day,04,L04AAF100022,2026-08-03 08:04:35,2026-08-03 08:06:34,2,0.267,OK,0000,0.87,OK,0000
LOT-20260803-AAF,line_04,pcb4,2026-08-03,2026-08-03 08:05:14,EQ-04-A,1,0,day,04,L04AAF100023,2026-08-03 08:05:14,2026-08-03 08:07:15,1,0.556,OK,0000,0.8,OK,0000
LOT-20260803-AAF,line_04,pcb4,2026-08-03,2026-08-03 08:05:48,EQ-04-A,1,0,day,04,L04AAF100024,2026-08-03 08:05:48,2026-08-03 08:07:50,1,0.37,OK,0000,0.89,OK,0000
LOT-20260803-AAF,line_04,pcb4,2026-08-03,2026-08-03 08:06:10,EQ-04-A,1,0,day,04,L04AAF100025,2026-08-03 08:06:10,2026-08-03 08:08:08,1,0.322,OK,0000,0.91,OK,0000
LOT-20260803-AAF,line_04,pcb4,2026-08-03,2026-08-03 08:06:30,EQ-04-A,1,0,day,04,L04AAF100026,2026-08-03 08:06:30,2026-08-03 08:08:32,2,0.365,OK,0000,0.87,OK,0000
LOT-20260803-AAF,line_04,pcb4,2026-08-03,2026-08-03 08:07:02,EQ-04-A,1,0,day,04,L04AAF100027,2026-08-03 08:07:02,2026-08-03 08:09:02,1,0.451,OK,0000,0.86,OK,0000
LOT-20260803-AAF,line_04,pcb4,2026-08-03,2026-08-03 08:07:34,EQ-04-A,1,0,day,04,L04AAF100028,2026-08-03 08:07:34,2026-08-03 08:09:35,2,0.418,OK,0000,0.83,OK,0000
LOT-20260803-AAF,line_04,pcb4,2026-08-03,2026-08-03 08:07:55,EQ-04-A,1,0,day,04,L04AAF100029,2026-08-03 08:07:55,2026-08-03 08:09:52,2,0.506,OK,0000,0.8,OK,0000
LOT-20260803-AAF,line_04,pcb4,2026-08-03,2026-08-03 08:08:21,EQ-04-A,1,0,day,04,L04AAF100030,2026-08-03 08:08:21,2026-08-03 08:10:21,2,0.611,OK,0000,0.82,OK,0000
LOT-20260803-AAF,line_04,pcb4,2026-08-03,2026-08-03 08:08:57,EQ-04-A,1,0,day,04,L04AAF100031,2026-08-03 08:08:57,2026-08-03 08:10:52,1,0.466,OK,0000,0.8,OK,0000
LOT-20260803-AAF,line_04,pcb4,2026-08-03,2026-08-03 08:09:37,EQ-04-A,1,0,day,04,L04AAF100032,2026-08-03 08:09:37,2026-08-03 08:11:39,2,0.116,OK,0000,0.83,OK,0000
LOT-20260803-AAF,line_04,pcb4,2026-08-03,2026-08-03 08:09:58,EQ-04-A,1,0,day,04,L04AAF100033,2026-08-03 08:09:58,2026-08-03 08:11:53,1,0.862,OK,0000,0.87,OK,0000
LOT-20260803-AAF,line_04,pcb4,2026-08-03,2026-08-03 08:10:38,EQ-04-A,1,0,day,04,L04AAF100034,2026-08-03 08:10:38,2026-08-03 08:12:35,1,0.497,OK,0000,0.83,OK,0000
LOT-20260803-AAF,line_04,pcb4,2026-08-03,2026-08-03 08:11:06,EQ-04-A,1,0,day,04,L04AAF100035,2026-08-03 08:11:06,2026-08-03 08:13:03,1,0.503,OK,0000,0.86,OK,0000
LOT-20260803-AAF,line_04,pcb4,2026-08-03,2026-08-03 08:11:26,EQ-04-A,1,0,day,04,L04AAF100036,2026-08-03 08:11:26,2026-08-03 08:13:27,2,0.323,OK,0000,0.88,OK,0000
LOT-20260803-AAF,line_04,pcb4,2026-08-03,2026-08-03 08:11:58,EQ-04-A,1,0,day,04,L04AAF100037,2026-08-03 08:11:58,2026-08-03 08:13:56,1,0.607,OK,0000,0.87,OK,0000
LOT-20260803-AAF,line_04,pcb4,2026-08-03,2026-08-03 08:12:31,EQ-04-A,1,0,day,04,L04AAF100038,2026-08-03 08:12:31,2026-08-03 08:14:34,2,0.566,OK,0000,0.84,OK,0000
LOT-20260803-AAF,line_04,pcb4,2026-08-03,2026-08-03 08:13:08,EQ-04-A,1,0,day,04,L04AAF100039,2026-08-03 08:13:08,2026-08-03 08:15:09,1,0.601,OK,0000,0.86,OK,0000
LOT-20260803-AAF,line_04,pcb4,2026-08-03,2026-08-03 08:13:30,EQ-04-A,1,0,day,04,L04AAF100040,2026-08-03 08:13:30,2026-08-03 08:15:27,2,0.447,OK,0000,0.82,OK,0000
LOT-20260803-AAF,line_04,pcb4,2026-08-03,2026-08-03 08:13:58,EQ-04-A,1,0,day,04,L04AAF100041,2026-08-03 08:13:58,2026-08-03 08:15:57,2,0.515,RE,ESA6,1.4,OK,0000
LOT-20260803-AAF,line_04,pcb4,2026-08-03,2026-08-03 08:14:18,EQ-04-A,1,0,day,04,L04AAF100042,2026-08-03 08:14:18,2026-08-03 08:16:21,2,0.314,OK,0000,0.8,OK,0000
LOT-20260803-AAF,line_04,pcb4,2026-08-03,2026-08-03 08:14:51,EQ-04-A,1,0,day,04,L04AAF100043,2026-08-03 08:14:51,2026-08-03 08:16:51,2,0.525,OK,0000,0.84,OK,0000
LOT-20260803-AAF,line_04,pcb4,2026-08-03,2026-08-03 08:15:16,EQ-04-A,1,0,day,04,L04AAF100044,2026-08-03 08:15:16,2026-08-03 08:17:12,2,0.526,OK,0000,0.85,OK,0000
LOT-20260803-AAF,line_04,pcb4,2026-08-03,2026-08-03 08:15:50,EQ-04-A,1,0,day,04,L04AAF100045,2026-08-03 08:15:50,2026-08-03 08:17:47,1,0.467,OK,0000,0.9,OK,0000
LOT-20260803-AAF,line_04,pcb4,2026-08-03,2026-08-03 08:16:16,EQ-04-A,1,0,day,04,L04AAF100046,2026-08-03 08:16:16,2026-08-03 08:18:21,1,0.26,OK,0000,0.81,OK,0000
LOT-20260803-AAF,line_04,pcb4,2026-08-03,2026-08-03 08:16:55,EQ-04-A,1,1,day,04,L04AAF100047,2026-08-03 08:16:55,2026-08-03 08:18:51,1,0.485,RE,ESA6,1.09,NG,ESA6
LOT-20260803-AAF,line_04,pcb4,2026-08-03,2026-08-03 08:17:27,EQ-04-A,1,0,day,04,L04AAF100048,2026-08-03 08:17:27,2026-08-03 08:19:29,1,0.474,OK,0000,0.91,OK,0000
LOT-20260803-AAF,line_04,pcb4,2026-08-03,2026-08-03 08:17:50,EQ-04-A,1,1,day,04,L04AAF100049,2026-08-03 08:17:50,2026-08-03 08:19:55,2,0.503,RE,ESA6,1.27,NG,ESA6
LOT-20260803-AAF,line_04,pcb4,2026-08-03,2026-08-03 08:18:28,EQ-04-A,1,0,day,04,L04AAF100050,2026-08-03 08:18:28,2026-08-03 08:20:29,2,0.311,OK,0000,0.82,OK,0000
LOT-20260803-AAF,line_04,pcb4,2026-08-03,2026-08-03 08:19:07,EQ-04-A,1,0,day,04,L04AAF100051,2026-08-03 08:19:07,2026-08-03 08:21:09,2,0.444,OK,0000,0.83,OK,0000
LOT-20260803-AAF,line_04,pcb4,2026-08-03,2026-08-03 08:19:42,EQ-04-A,1,0,day,04,L04AAF100052,2026-08-03 08:19:42,2026-08-03 08:21:47,2,0.692,OK,0000,0.86,OK,0000
LOT-20260803-AAF,line_04,pcb4,2026-08-03,2026-08-03 08:20:12,EQ-04-A,1,1,day,04,L04AAF100053,2026-08-03 08:20:12,2026-08-03 08:22:17,1,0.333,RE,ESA4,1.27,NG,ESA4
LOT-20260803-AAF,line_04,pcb4,2026-08-03,2026-08-03 08:20:44,EQ-04-A,1,0,day,04,L04AAF100054,2026-08-03 08:20:44,2026-08-03 08:22:40,1,0.575,OK,0000,0.89,OK,0000
LOT-20260803-AAF,line_04,pcb4,2026-08-03,2026-08-03 08:21:04,EQ-04-A,1,0,day,04,L04AAF100055,2026-08-03 08:21:04,2026-08-03 08:23:01,2,0.737,OK,0000,0.8,OK,0000
LOT-20260803-AAF,line_04,pcb4,2026-08-03,2026-08-03 08:21:24,EQ-04-A,1,0,day,04,L04AAF100056,2026-08-03 08:21:24,2026-08-03 08:23:22,1,0.378,OK,0000,0.8,OK,0000
LOT-20260803-AAF,line_04,pcb4,2026-08-03,2026-08-03 08:21:55,EQ-04-A,1,1,day,04,L04AAF100057,2026-08-03 08:21:55,2026-08-03 08:23:58,2,0.465,RE,ESA7,1.3,NG,ESA7
LOT-20260803-AAF,line_04,pcb4,2026-08-03,2026-08-03 08:22:28,EQ-04-A,1,0,day,04,L04AAF100058,2026-08-03 08:22:28,2026-08-03 08:24:28,2,0.648,OK,0000,0.84,OK,0000
LOT-20260803-AAF,line_04,pcb4,2026-08-03,2026-08-03 08:22:48,EQ-04-A,1,0,day,04,L04AAF100059,2026-08-03 08:22:48,2026-08-03 08:24:48,1,0.452,OK,0000,0.85,OK,0000
LOT-20260803-AAF,line_04,pcb4,2026-08-03,2026-08-03 08:23:22,EQ-04-A,1,0,day,04,L04AAF100060,2026-08-03 08:23:22,2026-08-03 08:25:18,1,0.375,OK,0000,0.92,OK,0000
LOT-20260803-AAF,line_04,pcb4,2026-08-03,2026-08-03 08:23:53,EQ-04-A,1,0,day,04,L04AAF100061,2026-08-03 08:23:53,2026-08-03 08:25:58,2,0.259,OK,0000,0.85,OK,0000
LOT-20260803-AAF,line_04,pcb4,2026-08-03,2026-08-03 08:24:16,EQ-04-A,1,0,day,04,L04AAF100062,2026-08-03 08:24:16,2026-08-03 08:26:13,2,0.804,OK,0000,0.84,OK,0000
LOT-20260803-AAF,line_04,pcb4,2026-08-03,2026-08-03 08:24:52,EQ-04-A,1,0,day,04,L04AAF100063,2026-08-03 08:24:52,2026-08-03 08:26:47,1,0.471,OK,0000,0.83,OK,0000
LOT-20260803-AAF,line_04,pcb4,2026-08-03,2026-08-03 08:25:16,EQ-04-A,1,0,day,04,L04AAF100064,2026-08-03 08:25:16,2026-08-03 08:27:19,1,0.473,OK,0000,0.89,OK,0000
LOT-20260803-AAF,line_04,pcb4,2026-08-03,2026-08-03 08:25:50,EQ-04-A,1,0,day,04,L04AAF100065,2026-08-03 08:25:50,2026-08-03 08:27:55,1,0.168,OK,0000,0.9,OK,0000
LOT-20260803-AAF,line_04,pcb4,2026-08-03,2026-08-03 08:26:27,EQ-04-A,1,0,day,04,L04AAF100066,2026-08-03 08:26:27,2026-08-03 08:28:32,1,0.286,NG,ESA5,1.77,OK,0000
LOT-20260803-AAF,line_04,pcb4,2026-08-03,2026-08-03 08:26:49,EQ-04-A,1,0,day,04,L04AAF100067,2026-08-03 08:26:49,2026-08-03 08:28:50,1,0.436,OK,0000,0.86,OK,0000
LOT-20260803-AAF,line_04,pcb4,2026-08-03,2026-08-03 08:27:17,EQ-04-A,1,0,day,04,L04AAF100068,2026-08-03 08:27:17,2026-08-03 08:29:22,2,0.26,OK,0000,0.86,OK,0000
LOT-20260803-AAF,line_04,pcb4,2026-08-03,2026-08-03 08:27:40,EQ-04-A,1,0,day,04,L04AAF100069,2026-08-03 08:27:40,2026-08-03 08:29:42,2,0.804,OK,0000,0.8,OK,0000
LOT-20260803-AAF,line_04,pcb4,2026-08-03,2026-08-03 08:28:02,EQ-04-A,1,0,day,04,L04AAF100070,2026-08-03 08:28:02,2026-08-03 08:30:06,1,0.528,OK,0000,0.81,OK,0000
LOT-20260803-AAF,line_04,pcb4,2026-08-03,2026-08-03 08:28:41,EQ-04-A,1,0,day,04,L04AAF100071,2026-08-03 08:28:41,2026-08-03 08:30:42,2,0.564,OK,0000,0.84,OK,0000
LOT-20260803-AAF,line_04,pcb4,2026-08-03,2026-08-03 08:29:21,EQ-04-A,1,0,day,04,L04AAF100072,2026-08-03 08:29:21,2026-08-03 08:31:19,1,0.404,OK,0000,0.86,OK,0000
LOT-20260803-AAF,line_04,pcb4,2026-08-03,2026-08-03 08:29:48,EQ-04-A,1,0,day,04,L04AAF100073,2026-08-03 08:29:48,2026-08-03 08:31:48,2,0.771,OK,0000,0.83,OK,0000
LOT-20260803-AAF,line_04,pcb4,2026-08-03,2026-08-03 08:30:26,EQ-04-A,1,0,day,04,L04AAF100074,2026-08-03 08:30:26,2026-08-03 08:32:26,2,0.608,OK,0000,0.8,OK,0000
LOT-20260803-AAF,line_04,pcb4,2026-08-03,2026-08-03 08:30:50,EQ-04-A,1,0,day,04,L04AAF100075,2026-08-03 08:30:50,2026-08-03 08:32:45,1,0.357,OK,0000,0.86,OK,0000
LOT-20260803-AAF,line_04,pcb4,2026-08-03,2026-08-03 08:31:19,EQ-04-A,1,0,day,04,L04AAF100076,2026-08-03 08:31:19,2026-08-03 08:33:20,2,0.723,OK,0000,0.85,OK,0000
LOT-20260803-AAF,line_04,pcb4,2026-08-03,2026-08-03 08:31:49,EQ-04-A,1,0,day,04,L04AAF100077,2026-08-03 08:31:49,2026-08-03 08:33:46,2,0.453,OK,0000,0.84,OK,0000
LOT-20260803-AAF,line_04,pcb4,2026-08-03,2026-08-03 08:32:25,EQ-04-A,1,0,day,04,L04AAF100078,2026-08-03 08:32:25,2026-08-03 08:34:20,2,0.312,OK,0000,0.86,OK,0000
LOT-20260803-AAF,line_04,pcb4,2026-08-03,2026-08-03 08:33:02,EQ-04-A,1,0,day,04,L04AAF100079,2026-08-03 08:33:02,2026-08-03 08:35:01,1,0.632,OK,0000,0.82,OK,0000
LOT-20260803-AAF,line_04,pcb4,2026-08-03,2026-08-03 08:33:29,EQ-04-A,1,0,day,04,L04AAF100080,2026-08-03 08:33:29,2026-08-03 08:35:26,2,0.429,OK,0000,0.85,OK,0000
LOT-20260803-AAF,line_04,pcb4,2026-08-03,2026-08-03 08:33:50,EQ-04-A,1,0,day,04,L04AAF100081,2026-08-03 08:33:50,2026-08-03 08:35:46,2,0.434,OK,0000,0.84,OK,0000
LOT-20260803-AAF,line_04,pcb4,2026-08-03,2026-08-03 08:34:18,EQ-04-A,1,0,day,04,L04AAF100082,2026-08-03 08:34:18,2026-08-03 08:36:16,1,0.815,OK,0000,0.83,OK,0000
LOT-20260803-AAF,line_04,pcb4,2026-08-03,2026-08-03 08:34:53,EQ-04-A,1,0,day,04,L04AAF100083,2026-08-03 08:34:53,2026-08-03 08:36:53,2,0.446,OK,0000,0.81,OK,0000
LOT-20260803-AAF,line_04,pcb4,2026-08-03,2026-08-03 08:35:17,EQ-04-A,1,0,day,04,L04AAF100084,2026-08-03 08:35:17,2026-08-03 08:37:15,2,0.612,OK,0000,0.83,OK,0000
LOT-20260803-AAF,line_04,pcb4,2026-08-03,2026-08-03 08:35:38,EQ-04-A,1,0,day,04,L04AAF100085,2026-08-03 08:35:38,2026-08-03 08:37:39,2,0.403,OK,0000,0.89,OK,0000
LOT-20260803-AAF,line_04,pcb4,2026-08-03,2026-08-03 08:36:07,EQ-04-A,1,0,day,04,L04AAF100086,2026-08-03 08:36:07,2026-08-03 08:38:02,1,0.713,OK,0000,0.82,OK,0000
LOT-20260803-AAF,line_04,pcb4,2026-08-03,2026-08-03 08:36:44,EQ-04-A,1,0,day,04,L04AAF100087,2026-08-03 08:36:44,2026-08-03 08:38:44,1,0.22,OK,0000,0.88,OK,0000
LOT-20260803-AAF,line_04,pcb4,2026-08-03,2026-08-03 08:37:16,EQ-04-A,1,0,day,04,L04AAF100088,2026-08-03 08:37:16,2026-08-03 08:39:14,1,0.397,OK,0000,0.87,OK,0000
LOT-20260803-AAF,line_04,pcb4,2026-08-03,2026-08-03 08:37:53,EQ-04-A,1,0,day,04,L04AAF100089,2026-08-03 08:37:53,2026-08-03 08:39:57,2,0.204,OK,0000,0.88,OK,0000
LOT-20260803-AAF,line_04,pcb4,2026-08-03,2026-08-03 08:38:14,EQ-04-A,1,0,day,04,L04AAF100090,2026-08-03 08:38:14,2026-08-03 08:40:11,1,0.318,OK,0000,0.87,OK,0000
LOT-20260803-AAF,line_04,pcb4,2026-08-03,2026-08-03 08:38:52,EQ-04-A,1,0,day,04,L04AAF100091,2026-08-03 08:38:52,2026-08-03 08:40:49,1,0.502,OK,0000,0.8,OK,0000
LOT-20260803-AAF,line_04,pcb4,2026-08-03,2026-08-03 08:39:18,EQ-04-A,1,0,day,04,L04AAF100092,2026-08-03 08:39:18,2026-08-03 08:41:13,2,0.439,OK,0000,0.87,OK,0000
LOT-20260803-AAF,line_04,pcb4,2026-08-03,2026-08-03 08:39:49,EQ-04-A,1,0,day,04,L04AAF100093,2026-08-03 08:39:49,2026-08-03 08:41:46,2,0.516,OK,0000,0.86,OK,0000
LOT-20260803-AAF,line_04,pcb4,2026-08-03,2026-08-03 08:40:21,EQ-04-A,1,0,day,04,L04AAF100094,2026-08-03 08:40:21,2026-08-03 08:42:16,1,0.796,OK,0000,0.8,OK,0000
LOT-20260803-AAF,line_04,pcb4,2026-08-03,2026-08-03 08:40:44,EQ-04-A,1,0,day,04,L04AAF100095,2026-08-03 08:40:44,2026-08-03 08:42:40,2,0.743,OK,0000,0.84,OK,0000
LOT-20260803-AAF,line_04,pcb4,2026-08-03,2026-08-03 08:41:20,EQ-04-A,1,0,day,04,L04AAF100096,2026-08-03 08:41:20,2026-08-03 08:43:25,1,0.365,OK,0000,0.8,OK,0000
LOT-20260803-AAF,line_04,pcb4,2026-08-03,2026-08-03 08:41:52,EQ-04-A,1,0,day,04,L04AAF100097,2026-08-03 08:41:52,2026-08-03 08:43:51,2,0.472,OK,0000,0.88,OK,0000
LOT-20260803-AAF,line_04,pcb4,2026-08-03,2026-08-03 08:42:31,EQ-04-A,1,0,day,04,L04AAF100098,2026-08-03 08:42:31,2026-08-03 08:44:36,2,0.481,OK,0000,0.9,OK,0000
LOT-20260803-AAF,line_04,pcb4,2026-08-03,2026-08-03 08:42:53,EQ-04-A,1,0,day,04,L04AAF100099,2026-08-03 08:42:53,2026-08-03 08:44:52,2,0.282,OK,0000,0.84,OK,0000
LOT-20260803-AAF,line_04,pcb4,2026-08-03,2026-08-03 08:43:33,EQ-04-A,1,0,day,04,L04AAF100100,2026-08-03 08:43:33,2026-08-03 08:45:29,1,0.312,OK,0000,0.85,OK,0000
LOT-20260803-AAF,line_04,pcb4,2026-08-03,2026-08-03 08:43:56,EQ-04-A,1,0,day,04,L04AAF100101,2026-08-03 08:43:56,2026-08-03 08:45:51,2,0.633,OK,0000,0.82,OK,0000
LOT-20260803-AAF,line_04,pcb4,2026-08-03,2026-08-03 08:44:34,EQ-04-A,1,0,day,04,L04AAF100102,2026-08-03 08:44:34,2026-08-03 08:46:30,1,0.109,OK,0000,0.85,OK,0000
LOT-20260803-AAF,line_04,pcb4,2026-08-03,2026-08-03 08:45:12,EQ-04-A,1,0,day,04,L04AAF100103,2026-08-03 08:45:12,2026-08-03 08:47:13,2,0.566,OK,0000,0.86,OK,0000
LOT-20260803-AAF,line_04,pcb4,2026-08-03,2026-08-03 08:45:41,EQ-04-A,1,0,day,04,L04AAF100104,2026-08-03 08:45:41,2026-08-03 08:47:44,1,0.685,OK,0000,0.8,OK,0000
LOT-20260803-AAF,line_04,pcb4,2026-08-03,2026-08-03 08:46:06,EQ-04-A,1,0,day,04,L04AAF100105,2026-08-03 08:46:06,2026-08-03 08:48:09,1,0.602,OK,0000,0.89,OK,0000
LOT-20260803-AAF,line_04,pcb4,2026-08-03,2026-08-03 08:46:42,EQ-04-A,1,0,day,04,L04AAF100106,2026-08-03 08:46:42,2026-08-03 08:48:47,2,0.233,OK,0000,0.85,OK,0000
LOT-20260803-AAF,line_04,pcb4,2026-08-03,2026-08-03 08:47:05,EQ-04-A,1,0,day,04,L04AAF100107,2026-08-03 08:47:05,2026-08-03 08:49:01,2,0.424,RE,ESA5,1.24,OK,0000
LOT-20260803-AAF,line_04,pcb4,2026-08-03,2026-08-03 08:47:30,EQ-04-A,1,0,day,04,L04AAF100108,2026-08-03 08:47:30,2026-08-03 08:49:26,1,0.552,OK,0000,0.82,OK,0000
LOT-20260803-AAF,line_04,pcb4,2026-08-03,2026-08-03 08:47:51,EQ-04-A,1,1,day,04,L04AAF100109,2026-08-03 08:47:51,2026-08-03 08:49:54,2,0.399,NG,ESA4,1.8,NG,ESA4
LOT-20260803-AAF,line_04,pcb4,2026-08-03,2026-08-03 08:48:19,EQ-04-A,1,0,day,04,L04AAF100110,2026-08-03 08:48:19,2026-08-03 08:50:19,1,0.337,OK,0000,0.8,OK,0000
LOT-20260804-AAA,line_01,pcb1,2026-08-04,2026-08-04 08:00:00,EQ-01-A,1,0,day,01,L01AAA100200,2026-08-04 08:00:00,2026-08-04 08:01:58,1,0.6,OK,0000,0.86,OK,0000
LOT-20260804-AAH,line_01,pcb1,2026-08-04,2026-08-04 08:00:29,EQ-01-A,1,0,day,01,L01AAH100001,2026-08-04 08:00:29,2026-08-04 08:02:28,1,0.241,OK,0000,0.81,OK,0000
LOT-20260804-AAH,line_01,pcb1,2026-08-04,2026-08-04 08:01:06,EQ-01-A,1,0,day,01,L01AAH100002,2026-08-04 08:01:06,2026-08-04 08:03:09,2,0.679,OK,0000,0.8,OK,0000
LOT-20260804-AAH,line_01,pcb1,2026-08-04,2026-08-04 08:01:37,EQ-01-A,1,0,day,01,L01AAH100003,2026-08-04 08:01:37,2026-08-04 08:03:42,1,0.43,OK,0000,0.86,OK,0000
LOT-20260804-AAH,line_01,pcb1,2026-08-04,2026-08-04 08:01:58,EQ-01-A,1,0,day,01,L01AAH100004,2026-08-04 08:01:58,2026-08-04 08:03:56,2,0.618,OK,0000,0.83,OK,0000
LOT-20260804-AAH,line_01,pcb1,2026-08-04,2026-08-04 08:02:22,EQ-01-A,1,0,day,01,L01AAH100005,2026-08-04 08:02:22,2026-08-04 08:04:19,1,0.41,OK,0000,0.9,OK,0000
LOT-20260804-AAH,line_01,pcb1,2026-08-04,2026-08-04 08:03:01,EQ-01-A,1,0,day,01,L01AAH100006,2026-08-04 08:03:01,2026-08-04 08:05:06,1,0.761,OK,0000,0.88,OK,0000
LOT-20260804-AAH,line_01,pcb1,2026-08-04,2026-08-04 08:03:26,EQ-01-A,1,1,day,01,L01AAH100007,2026-08-04 08:03:26,2026-08-04 08:05:27,2,0.513,RE,ESA3,1.17,NG,ESA5
LOT-20260804-AAH,line_01,pcb1,2026-08-04,2026-08-04 08:03:50,EQ-01-A,1,0,day,01,L01AAH100008,2026-08-04 08:03:50,2026-08-04 08:05:50,2,0.375,OK,0000,0.86,OK,0000
LOT-20260804-AAH,line_01,pcb1,2026-08-04,2026-08-04 08:04:28,EQ-01-A,1,0,day,01,L01AAH100009,2026-08-04 08:04:28,2026-08-04 08:06:29,1,0.563,OK,0000,0.9,OK,0000
LOT-20260804-AAH,line_01,pcb1,2026-08-04,2026-08-04 08:04:52,EQ-01-A,1,0,day,01,L01AAH100010,2026-08-04 08:04:52,2026-08-04 08:06:56,1,0.598,OK,0000,0.8,OK,0000
LOT-20260804-AAH,line_01,pcb1,2026-08-04,2026-08-04 08:05:19,EQ-01-A,1,0,day,01,L01AAH100011,2026-08-04 08:05:19,2026-08-04 08:07:22,1,0.658,OK,0000,0.8,OK,0000
LOT-20260804-AAH,line_01,pcb1,2026-08-04,2026-08-04 08:05:52,EQ-01-A,1,0,day,01,L01AAH100012,2026-08-04 08:05:52,2026-08-04 08:07:52,1,0.442,OK,0000,0.85,OK,0000
LOT-20260804-AAH,line_01,pcb1,2026-08-04,2026-08-04 08:06:20,EQ-01-A,1,0,day,01,L01AAH100013,2026-08-04 08:06:20,2026-08-04 08:08:16,2,0.799,OK,0000,0.96,OK,0000
LOT-20260804-AAH,line_01,pcb1,2026-08-04,2026-08-04 08:06:52,EQ-01-A,1,0,day,01,L01AAH100014,2026-08-04 08:06:52,2026-08-04 08:08:48,2,0.591,OK,0000,0.83,OK,0000
LOT-20260804-AAH,line_01,pcb1,2026-08-04,2026-08-04 08:07:17,EQ-01-A,1,0,day,01,L01AAH100015,2026-08-04 08:07:17,2026-08-04 08:09:19,2,0.58,OK,0000,0.88,OK,0000
LOT-20260804-AAH,line_01,pcb1,2026-08-04,2026-08-04 08:07:40,EQ-01-A,1,0,day,01,L01AAH100016,2026-08-04 08:07:40,2026-08-04 08:09:43,2,0.452,OK,0000,0.91,OK,0000
LOT-20260804-AAH,line_01,pcb1,2026-08-04,2026-08-04 08:08:08,EQ-01-A,1,0,day,01,L01AAH100017,2026-08-04 08:08:08,2026-08-04 08:10:09,1,0.535,OK,0000,0.86,OK,0000
LOT-20260804-AAH,line_01,pcb1,2026-08-04,2026-08-04 08:08:33,EQ-01-A,1,0,day,01,L01AAH100018,2026-08-04 08:08:33,2026-08-04 08:10:36,2,0.6,OK,0000,0.86,OK,0000
LOT-20260804-AAH,line_01,pcb1,2026-08-04,2026-08-04 08:09:10,EQ-01-A,1,0,day,01,L01AAH100019,2026-08-04 08:09:10,2026-08-04 08:11:07,1,0.626,OK,0000,0.82,OK,0000
LOT-20260804-AAH,line_01,pcb1,2026-08-04,2026-08-04 08:09:38,EQ-01-A,1,0,day,01,L01AAH100020,2026-08-04 08:09:38,2026-08-04 08:11:35,1,0.416,OK,0000,0.8,OK,0000
LOT-20260804-AAH,line_01,pcb1,2026-08-04,2026-08-04 08:10:02,EQ-01-A,1,0,day,01,L01AAH100021,2026-08-04 08:10:02,2026-08-04 08:12:07,2,0.566,OK,0000,0.87,OK,0000
LOT-20260804-AAH,line_01,pcb1,2026-08-04,2026-08-04 08:10:33,EQ-01-A,1,0,day,01,L01AAH100022,2026-08-04 08:10:33,2026-08-04 08:12:35,1,0.569,OK,0000,0.91,OK,0000
LOT-20260804-AAH,line_01,pcb1,2026-08-04,2026-08-04 08:10:58,EQ-01-A,1,0,day,01,L01AAH100023,2026-08-04 08:10:58,2026-08-04 08:12:57,2,0.499,OK,0000,0.87,OK,0000
LOT-20260804-AAH,line_01,pcb1,2026-08-04,2026-08-04 08:11:26,EQ-01-A,1,0,day,01,L01AAH100024,2026-08-04 08:11:26,2026-08-04 08:13:24,2,0.336,OK,0000,0.82,OK,0000
LOT-20260804-AAH,line_01,pcb1,2026-08-04,2026-08-04 08:11:55,EQ-01-A,1,1,day,01,L01AAH100025,2026-08-04 08:11:55,2026-08-04 08:13:55,2,0.604,RE,ESA5,1.33,NG,ESA5
LOT-20260804-AAH,line_01,pcb1,2026-08-04,2026-08-04 08:12:17,EQ-01-A,1,0,day,01,L01AAH100026,2026-08-04 08:12:17,2026-08-04 08:14:21,1,0.456,OK,0000,0.84,OK,0000
LOT-20260804-AAH,line_01,pcb1,2026-08-04,2026-08-04 08:12:38,EQ-01-A,1,0,day,01,L01AAH100027,2026-08-04 08:12:38,2026-08-04 08:14:33,2,0.272,OK,0000,0.83,OK,0000
LOT-20260804-AAH,line_01,pcb1,2026-08-04,2026-08-04 08:13:11,EQ-01-A,1,0,day,01,L01AAH100028,2026-08-04 08:13:11,2026-08-04 08:15:13,2,0.634,OK,0000,0.86,OK,0000
LOT-20260804-AAH,line_01,pcb1,2026-08-04,2026-08-04 08:13:47,EQ-01-A,1,0,day,01,L01AAH100029,2026-08-04 08:13:47,2026-08-04 08:15:43,1,0.575,OK,0000,0.84,OK,0000
LOT-20260804-AAH,line_01,pcb1,2026-08-04,2026-08-04 08:14:19,EQ-01-A,1,0,day,01,L01AAH100030,2026-08-04 08:14:19,2026-08-04 08:16:14,2,0.501,OK,0000,0.81,OK,0000
LOT-20260804-AAH,line_01,pcb1,2026-08-04,2026-08-04 08:14:52,EQ-01-A,1,1,day,01,L01AAH100031,2026-08-04 08:14:52,2026-08-04 08:16:57,2,0.605,RE,ESA5,1.29,NG,ESA5
LOT-20260804-AAH,line_01,pcb1,2026-08-04,2026-08-04 08:15:28,EQ-01-A,1,0,day,01,L01AAH100032,2026-08-04 08:15:28,2026-08-04 08:17:31,1,0.574,OK,0000,0.82,OK,0000
LOT-20260804-AAH,line_01,pcb1,2026-08-04,2026-08-04 08:15:55,EQ-01-A,1,0,day,01,L01AAH100033,2026-08-04 08:15:55,2026-08-04 08:17:55,1,0.177,OK,0000,0.88,OK,0000
LOT-20260804-AAH,line_01,pcb1,2026-08-04,2026-08-04 08:16:16,EQ-01-A,1,0,day,01,L01AAH100034,2026-08-04 08:16:16,2026-08-04 08:18:12,2,0.428,OK,0000,0.81,OK,0000
LOT-20260804-AAH,line_01,pcb1,2026-08-04,2026-08-04 08:16:46,EQ-01-A,1,0,day,01,L01AAH100035,2026-08-04 08:16:46,2026-08-04 08:18:42,1,0.604,OK,0000,0.82,OK,0000
LOT-20260804-AAH,line_01,pcb1,2026-08-04,2026-08-04 08:17:15,EQ-01-A,1,0,day,01,L01AAH100036,2026-08-04 08:17:15,2026-08-04 08:19:20,1,0.659,OK,0000,0.86,OK,0000
LOT-20260804-AAH,line_01,pcb1,2026-08-04,2026-08-04 08:17:53,EQ-01-A,1,1,day,01,L01AAH100037,2026-08-04 08:17:53,2026-08-04 08:19:58,2,0.603,RE,ESA5,1.11,NG,ESA5
LOT-20260804-AAH,line_01,pcb1,2026-08-04,2026-08-04 08:18:29,EQ-01-A,1,0,day,01,L01AAH100038,2026-08-04 08:18:29,2026-08-04 08:20:31,1,0.682,OK,0000,0.85,OK,0000
LOT-20260804-AAH,line_01,pcb1,2026-08-04,2026-08-04 08:18:50,EQ-01-A,1,0,day,01,L01AAH100039,2026-08-04 08:18:50,2026-08-04 08:20:50,1,0.445,OK,0000,0.85,OK,0000
LOT-20260804-AAH,line_01,pcb1,2026-08-04,2026-08-04 08:19:13,EQ-01-A,1,0,day,01,L01AAH100040,2026-08-04 08:19:13,2026-08-04 08:21:13,1,0.234,OK,0000,0.86,OK,0000
LOT-20260804-AAH,line_01,pcb1,2026-08-04,2026-08-04 08:19:33,EQ-01-A,1,0,day,01,L01AAH100041,2026-08-04 08:19:33,2026-08-04 08:21:36,1,0.346,RE,ESA4,1.11,OK,0000
LOT-20260804-AAH,line_01,pcb1,2026-08-04,2026-08-04 08:19:57,EQ-01-A,1,0,day,01,L01AAH100042,2026-08-04 08:19:57,2026-08-04 08:21:55,1,0.272,OK,0000,0.88,OK,0000
LOT-20260804-AAH,line_01,pcb1,2026-08-04,2026-08-04 08:20:32,EQ-01-A,1,0,day,01,L01AAH100043,2026-08-04 08:20:32,2026-08-04 08:22:29,2,0.406,OK,0000,0.9,OK,0000
LOT-20260804-AAH,line_01,pcb1,2026-08-04,2026-08-04 08:21:09,EQ-01-A,1,0,day,01,L01AAH100044,2026-08-04 08:21:09,2026-08-04 08:23:11,1,0.42,RE,ESA3,1.08,OK,0000
LOT-20260804-AAH,line_01,pcb1,2026-08-04,2026-08-04 08:21:34,EQ-01-A,1,0,day,01,L01AAH100045,2026-08-04 08:21:34,2026-08-04 08:23:30,1,0.333,OK,0000,0.89,OK,0000
LOT-20260804-AAH,line_01,pcb1,2026-08-04,2026-08-04 08:22:00,EQ-01-A,1,0,day,01,L01AAH100046,2026-08-04 08:22:00,2026-08-04 08:24:00,1,0.477,OK,0000,0.82,OK,0000
LOT-20260804-AAH,line_01,pcb1,2026-08-04,2026-08-04 08:22:21,EQ-01-A,1,0,day,01,L01AAH100047,2026-08-04 08:22:21,2026-08-04 08:24:26,1,0.524,OK,0000,0.86,OK,0000
LOT-20260804-AAH,line_01,pcb1,2026-08-04,2026-08-04 08:22:49,EQ-01-A,1,0,day,01,L01AAH100048,2026-08-04 08:22:49,2026-08-04 08:24:54,1,0.668,OK,0000,0.9,OK,0000
LOT-20260804-AAH,line_01,pcb1,2026-08-04,2026-08-04 08:23:13,EQ-01-A,1,0,day,01,L01AAH100049,2026-08-04 08:23:13,2026-08-04 08:25:16,1,0.446,OK,0000,0.8,OK,0000
LOT-20260804-AAH,line_01,pcb1,2026-08-04,2026-08-04 08:23:45,EQ-01-A,1,1,day,01,L01AAH100050,2026-08-04 08:23:45,2026-08-04 08:25:42,1,0.438,RE,ESA5,1.28,NG,ESA5
LOT-20260804-AAH,line_01,pcb1,2026-08-04,2026-08-04 08:24:09,EQ-01-A,1,0,day,01,L01AAH100051,2026-08-04 08:24:09,2026-08-04 08:26:09,2,0.355,OK,0000,0.8,OK,0000
LOT-20260804-AAH,line_01,pcb1,2026-08-04,2026-08-04 08:24:42,EQ-01-A,1,0,day,01,L01AAH100052,2026-08-04 08:24:42,2026-08-04 08:26:41,1,0.552,OK,0000,0.84,OK,0000
LOT-20260804-AAH,line_01,pcb1,2026-08-04,2026-08-04 08:25:11,EQ-01-A,1,0,day,01,L01AAH100053,2026-08-04 08:25:11,2026-08-04 08:27:08,1,0.505,OK,0000,0.81,OK,0000
LOT-20260804-AAH,line_01,pcb1,2026-08-04,2026-08-04 08:25:47,EQ-01-A,1,0,day,01,L01AAH100054,2026-08-04 08:25:47,2026-08-04 08:27:46,2,0.465,OK,0000,0.8,OK,0000
LOT-20260804-AAH,line_01,pcb1,2026-08-04,2026-08-04 08:26:14,EQ-01-A,1,0,day,01,L01AAH100055,2026-08-04 08:26:14,2026-08-04 08:28:10,2,0.634,OK,0000,0.88,OK,0000
LOT-20260804-AAH,line_01,pcb1,2026-08-04,2026-08-04 08:26:50,EQ-01-A,1,0,day,01,L01AAH100056,2026-08-04 08:26:50,2026-08-04 08:28:55,1,0.223,OK,0000,0.8,OK,0000
LOT-20260804-AAH,line_01,pcb1,2026-08-04,2026-08-04 08:27:30,EQ-01-A,1,0,day,01,L01AAH100057,2026-08-04 08:27:30,2026-08-04 08:29:29,2,0.276,OK,0000,0.81,OK,0000
LOT-20260804-AAH,line_01,pcb1,2026-08-04,2026-08-04 08:27:56,EQ-01-A,1,0,day,01,L01AAH100058,2026-08-04 08:27:56,2026-08-04 08:29:52,1,0.487,OK,0000,0.8,OK,0000
LOT-20260804-AAH,line_01,pcb1,2026-08-04,2026-08-04 08:28:17,EQ-01-A,1,0,day,01,L01AAH100059,2026-08-04 08:28:17,2026-08-04 08:30:15,1,0.362,OK,0000,0.8,OK,0000
LOT-20260804-AAH,line_01,pcb1,2026-08-04,2026-08-04 08:28:44,EQ-01-A,1,0,day,01,L01AAH100060,2026-08-04 08:28:44,2026-08-04 08:30:49,1,0.531,OK,0000,0.84,OK,0000
LOT-20260804-AAH,line_01,pcb1,2026-08-04,2026-08-04 08:29:05,EQ-01-A,1,0,day,01,L01AAH100061,2026-08-04 08:29:05,2026-08-04 08:31:05,1,0.392,OK,0000,0.85,OK,0000
LOT-20260804-AAH,line_01,pcb1,2026-08-04,2026-08-04 08:29:38,EQ-01-A,1,0,day,01,L01AAH100062,2026-08-04 08:29:38,2026-08-04 08:31:33,2,0.418,OK,0000,0.83,OK,0000
LOT-20260804-AAH,line_01,pcb1,2026-08-04,2026-08-04 08:29:59,EQ-01-A,1,0,day,01,L01AAH100063,2026-08-04 08:29:59,2026-08-04 08:31:58,1,0.751,OK,0000,0.89,OK,0000
LOT-20260804-AAH,line_01,pcb1,2026-08-04,2026-08-04 08:30:38,EQ-01-A,1,0,day,01,L01AAH100064,2026-08-04 08:30:38,2026-08-04 08:32:38,1,0.305,RE,ESA2,1.33,OK,0000
LOT-20260804-AAH,line_01,pcb1,2026-08-04,2026-08-04 08:31:08,EQ-01-A,1,0,day,01,L01AAH100065,2026-08-04 08:31:08,2026-08-04 08:33:08,2,0.622,OK,0000,0.8,OK,0000
LOT-20260804-AAH,line_01,pcb1,2026-08-04,2026-08-04 08:31:39,EQ-01-A,1,0,day,01,L01AAH100066,2026-08-04 08:31:39,2026-08-04 08:33:42,1,0.623,OK,0000,0.9,OK,0000
LOT-20260804-AAH,line_01,pcb1,2026-08-04,2026-08-04 08:32:18,EQ-01-A,1,0,day,01,L01AAH100067,2026-08-04 08:32:18,2026-08-04 08:34:19,2,0.332,OK,0000,0.8,OK,0000
LOT-20260804-AAH,line_01,pcb1,2026-08-04,2026-08-04 08:32:40,EQ-01-A,1,0,day,01,L01AAH100068,2026-08-04 08:32:40,2026-08-04 08:34:36,2,0.653,OK,0000,0.85,OK,0000
LOT-20260804-AAH,line_01,pcb1,2026-08-04,2026-08-04 08:33:01,EQ-01-A,1,0,day,01,L01AAH100069,2026-08-04 08:33:01,2026-08-04 08:34:59,2,0.583,OK,0000,0.85,OK,0000
LOT-20260804-AAH,line_01,pcb1,2026-08-04,2026-08-04 08:33:27,EQ-01-A,1,0,day,01,L01AAH100070,2026-08-04 08:33:27,2026-08-04 08:35:30,1,0.559,OK,0000,0.8,OK,0000
LOT-20260804-AAH,line_01,pcb1,2026-08-04,2026-08-04 08:34:06,EQ-01-A,1,1,day,01,L01AAH100071,2026-08-04 08:34:06,2026-08-04 08:36:04,2,0.657,RE,ESA5,1.37,NG,ESA5
LOT-20260804-AAH,line_01,pcb1,2026-08-04,2026-08-04 08:34:43,EQ-01-A,1,0,day,01,L01AAH100072,2026-08-04 08:34:43,2026-08-04 08:36:42,2,0.466,OK,0000,0.84,OK,0000
LOT-20260804-AAH,line_01,pcb1,2026-08-04,2026-08-04 08:35:20,EQ-01-A,1,0,day,01,L01AAH100073,2026-08-04 08:35:20,2026-08-04 08:37:16,1,0.27,OK,0000,0.86,OK,0000
LOT-20260804-AAH,line_01,pcb1,2026-08-04,2026-08-04 08:35:53,EQ-01-A,1,0,day,01,L01AAH100074,2026-08-04 08:35:53,2026-08-04 08:37:56,1,0.586,OK,0000,0.84,OK,0000
LOT-20260804-AAH,line_01,pcb1,2026-08-04,2026-08-04 08:36:13,EQ-01-A,1,1,day,01,L01AAH100075,2026-08-04 08:36:13,2026-08-04 08:38:12,2,0.669,NG,ESA0,1.77,NG,ESA0
LOT-20260804-AAH,line_01,pcb1,2026-08-04,2026-08-04 08:36:34,EQ-01-A,1,0,day,01,L01AAH100076,2026-08-04 08:36:34,2026-08-04 08:38:35,2,0.585,OK,0000,0.8,OK,0000
LOT-20260804-AAH,line_01,pcb1,2026-08-04,2026-08-04 08:37:09,EQ-01-A,1,0,day,01,L01AAH100077,2026-08-04 08:37:09,2026-08-04 08:39:06,2,0.496,OK,0000,0.83,OK,0000
LOT-20260804-AAH,line_01,pcb1,2026-08-04,2026-08-04 08:37:43,EQ-01-A,1,0,day,01,L01AAH100078,2026-08-04 08:37:43,2026-08-04 08:39:44,1,0.534,OK,0000,0.83,OK,0000
LOT-20260804-AAH,line_01,pcb1,2026-08-04,2026-08-04 08:38:22,EQ-01-A,1,0,day,01,L01AAH100079,2026-08-04 08:38:22,2026-08-04 08:40:20,2,0.48,OK,0000,0.87,OK,0000
LOT-20260804-AAH,line_01,pcb1,2026-08-04,2026-08-04 08:39:00,EQ-01-A,1,0,day,01,L01AAH100080,2026-08-04 08:39:00,2026-08-04 08:41:02,2,0.434,OK,0000,0.8,OK,0000
LOT-20260804-AAH,line_01,pcb1,2026-08-04,2026-08-04 08:39:36,EQ-01-A,1,0,day,01,L01AAH100081,2026-08-04 08:39:36,2026-08-04 08:41:34,2,0.762,OK,0000,0.9,OK,0000
LOT-20260804-AAH,line_01,pcb1,2026-08-04,2026-08-04 08:40:05,EQ-01-A,1,1,day,01,L01AAH100082,2026-08-04 08:40:05,2026-08-04 08:42:00,1,0.306,RE,ESA5,1.32,NG,ESA5
LOT-20260804-AAH,line_01,pcb1,2026-08-04,2026-08-04 08:40:42,EQ-01-A,1,1,day,01,L01AAH100083,2026-08-04 08:40:42,2026-08-04 08:42:39,2,0.425,NG,ESA3,1.83,NG,ESA5
LOT-20260804-AAH,line_01,pcb1,2026-08-04,2026-08-04 08:41:10,EQ-01-A,1,0,day,01,L01AAH100084,2026-08-04 08:41:10,2026-08-04 08:43:13,1,0.544,OK,0000,0.83,OK,0000
LOT-20260804-AAH,line_01,pcb1,2026-08-04,2026-08-04 08:41:33,EQ-01-A,1,0,day,01,L01AAH100085,2026-08-04 08:41:33,2026-08-04 08:43:33,1,0.382,OK,0000,0.81,OK,0000
LOT-20260804-AAH,line_01,pcb1,2026-08-04,2026-08-04 08:42:03,EQ-01-A,1,0,day,01,L01AAH100086,2026-08-04 08:42:03,2026-08-04 08:44:00,2,0.363,OK,0000,0.81,OK,0000
LOT-20260804-AAH,line_01,pcb1,2026-08-04,2026-08-04 08:42:36,EQ-01-A,1,0,day,01,L01AAH100087,2026-08-04 08:42:36,2026-08-04 08:44:41,2,0.49,OK,0000,0.81,OK,0000
LOT-20260804-AAH,line_01,pcb1,2026-08-04,2026-08-04 08:42:56,EQ-01-A,1,0,day,01,L01AAH100088,2026-08-04 08:42:56,2026-08-04 08:44:53,2,0.602,OK,0000,0.9,OK,0000
LOT-20260804-AAH,line_01,pcb1,2026-08-04,2026-08-04 08:43:24,EQ-01-A,1,0,day,01,L01AAH100089,2026-08-04 08:43:24,2026-08-04 08:45:28,2,0.413,OK,0000,0.85,OK,0000
LOT-20260804-AAH,line_01,pcb1,2026-08-04,2026-08-04 08:43:47,EQ-01-A,1,0,day,01,L01AAH100090,2026-08-04 08:43:47,2026-08-04 08:45:46,2,0.575,OK,0000,0.86,OK,0000
LOT-20260804-AAH,line_01,pcb1,2026-08-04,2026-08-04 08:44:27,EQ-01-A,1,0,day,01,L01AAH100091,2026-08-04 08:44:27,2026-08-04 08:46:25,1,0.511,OK,0000,0.87,OK,0000
LOT-20260804-AAH,line_01,pcb1,2026-08-04,2026-08-04 08:44:57,EQ-01-A,1,0,day,01,L01AAH100092,2026-08-04 08:44:57,2026-08-04 08:46:58,1,0.572,OK,0000,0.8,OK,0000
LOT-20260804-AAH,line_01,pcb1,2026-08-04,2026-08-04 08:45:21,EQ-01-A,1,0,day,01,L01AAH100093,2026-08-04 08:45:21,2026-08-04 08:47:18,1,0.63,OK,0000,0.88,OK,0000
LOT-20260804-AAH,line_01,pcb1,2026-08-04,2026-08-04 08:45:56,EQ-01-A,1,0,day,01,L01AAH100094,2026-08-04 08:45:56,2026-08-04 08:47:53,2,0.386,OK,0000,0.84,OK,0000
LOT-20260804-AAH,line_01,pcb1,2026-08-04,2026-08-04 08:46:22,EQ-01-A,1,0,day,01,L01AAH100095,2026-08-04 08:46:22,2026-08-04 08:48:21,1,0.602,OK,0000,0.83,OK,0000
LOT-20260804-AAH,line_01,pcb1,2026-08-04,2026-08-04 08:46:42,EQ-01-A,1,0,day,01,L01AAH100096,2026-08-04 08:46:42,2026-08-04 08:48:47,1,0.661,OK,0000,0.93,OK,0000
LOT-20260804-AAH,line_01,pcb1,2026-08-04,2026-08-04 08:47:21,EQ-01-A,1,0,day,01,L01AAH100097,2026-08-04 08:47:21,2026-08-04 08:49:23,2,0.382,OK,0000,0.8,OK,0000
LOT-20260804-AAH,line_01,pcb1,2026-08-04,2026-08-04 08:48:01,EQ-01-A,1,0,day,01,L01AAH100098,2026-08-04 08:48:01,2026-08-04 08:49:56,1,0.546,OK,0000,0.87,OK,0000
LOT-20260804-AAH,line_01,pcb1,2026-08-04,2026-08-04 08:48:40,EQ-01-A,1,0,day,01,L01AAH100099,2026-08-04 08:48:40,2026-08-04 08:50:35,2,0.465,OK,0000,0.9,OK,0000
LOT-20260804-AAH,line_01,pcb1,2026-08-04,2026-08-04 08:49:20,EQ-01-A,1,0,day,01,L01AAH100100,2026-08-04 08:49:20,2026-08-04 08:51:19,2,0.299,OK,0000,0.87,OK,0000
LOT-20260804-AAH,line_01,pcb1,2026-08-04,2026-08-04 08:49:44,EQ-01-A,1,0,day,01,L01AAH100101,2026-08-04 08:49:44,2026-08-04 08:51:39,2,0.409,OK,0000,0.91,OK,0000
LOT-20260804-AAH,line_01,pcb1,2026-08-04,2026-08-04 08:50:07,EQ-01-A,1,0,day,01,L01AAH100102,2026-08-04 08:50:07,2026-08-04 08:52:03,1,0.799,OK,0000,0.81,OK,0000
LOT-20260804-AAH,line_01,pcb1,2026-08-04,2026-08-04 08:50:33,EQ-01-A,1,0,day,01,L01AAH100103,2026-08-04 08:50:33,2026-08-04 08:52:30,1,0.418,OK,0000,0.87,OK,0000
LOT-20260804-AAH,line_01,pcb1,2026-08-04,2026-08-04 08:51:02,EQ-01-A,1,1,day,01,L01AAH100104,2026-08-04 08:51:02,2026-08-04 08:53:01,2,0.442,RE,ESA5,1.25,NG,ESA5
LOT-20260804-AAH,line_01,pcb1,2026-08-04,2026-08-04 08:51:42,EQ-01-A,1,0,day,01,L01AAH100105,2026-08-04 08:51:42,2026-08-04 08:53:38,2,0.504,RE,ESA3,1.06,OK,0000
LOT-20260804-AAE,line_02,pcb2,2026-08-04,2026-08-04 08:00:00,EQ-02-A,1,0,day,02,L02AAE100116,2026-08-04 08:00:00,2026-08-04 08:02:01,1,0.426,OK,0000,0.9,OK,0000
LOT-20260804-AAE,line_02,pcb2,2026-08-04,2026-08-04 08:00:32,EQ-02-A,1,0,day,02,L02AAE100117,2026-08-04 08:00:32,2026-08-04 08:02:37,2,0.312,OK,0000,0.87,OK,0000
LOT-20260804-AAE,line_02,pcb2,2026-08-04,2026-08-04 08:01:04,EQ-02-A,1,0,day,02,L02AAE100118,2026-08-04 08:01:04,2026-08-04 08:03:06,2,0.458,OK,0000,0.83,OK,0000
LOT-20260804-AAE,line_02,pcb2,2026-08-04,2026-08-04 08:01:29,EQ-02-A,1,0,day,02,L02AAE100119,2026-08-04 08:01:29,2026-08-04 08:03:28,1,0.619,OK,0000,0.85,OK,0000
LOT-20260804-AAE,line_02,pcb2,2026-08-04,2026-08-04 08:02:00,EQ-02-A,1,0,day,02,L02AAE100120,2026-08-04 08:02:00,2026-08-04 08:03:56,2,0.586,OK,0000,0.88,OK,0000
LOT-20260804-AAE,line_02,pcb2,2026-08-04,2026-08-04 08:02:21,EQ-02-A,1,0,day,02,L02AAE100121,2026-08-04 08:02:21,2026-08-04 08:04:25,2,0.45,OK,0000,0.82,OK,0000
LOT-20260804-AAE,line_02,pcb2,2026-08-04,2026-08-04 08:02:46,EQ-02-A,1,0,day,02,L02AAE100122,2026-08-04 08:02:46,2026-08-04 08:04:45,2,0.337,OK,0000,0.81,OK,0000
LOT-20260804-AAE,line_02,pcb2,2026-08-04,2026-08-04 08:03:25,EQ-02-A,1,0,day,02,L02AAE100123,2026-08-04 08:03:25,2026-08-04 08:05:27,2,0.942,OK,0000,0.89,OK,0000
LOT-20260804-AAE,line_02,pcb2,2026-08-04,2026-08-04 08:03:56,EQ-02-A,1,0,day,02,L02AAE100124,2026-08-04 08:03:56,2026-08-04 08:05:52,2,0.297,OK,0000,0.8,OK,0000
LOT-20260804-AAE,line_02,pcb2,2026-08-04,2026-08-04 08:04:16,EQ-02-A,1,0,day,02,L02AAE100125,2026-08-04 08:04:16,2026-08-04 08:06:13,1,0.572,OK,0000,0.86,OK,0000
LOT-20260804-AAE,line_02,pcb2,2026-08-04,2026-08-04 08:04:46,EQ-02-A,1,0,day,02,L02AAE100126,2026-08-04 08:04:46,2026-08-04 08:06:48,1,0.582,OK,0000,0.83,OK,0000
LOT-20260804-AAE,line_02,pcb2,2026-08-04,2026-08-04 08:05:08,EQ-02-A,1,0,day,02,L02AAE100127,2026-08-04 08:05:08,2026-08-04 08:07:05,1,0.481,OK,0000,0.85,OK,0000
LOT-20260804-AAE,line_02,pcb2,2026-08-04,2026-08-04 08:05:30,EQ-02-A,1,0,day,02,L02AAE100128,2026-08-04 08:05:30,2026-08-04 08:07:30,1,0.513,OK,0000,0.8,OK,0000
LOT-20260804-AAE,line_02,pcb2,2026-08-04,2026-08-04 08:06:00,EQ-02-A,1,0,day,02,L02AAE100129,2026-08-04 08:06:00,2026-08-04 08:08:04,1,0.466,OK,0000,0.81,OK,0000
LOT-20260804-AAE,line_02,pcb2,2026-08-04,2026-08-04 08:06:40,EQ-02-A,1,0,day,02,L02AAE100130,2026-08-04 08:06:40,2026-08-04 08:08:38,1,0.526,OK,0000,0.96,OK,0000
LOT-20260804-AAE,line_02,pcb2,2026-08-04,2026-08-04 08:07:12,EQ-02-A,1,0,day,02,L02AAE100131,2026-08-04 08:07:12,2026-08-04 08:09:15,2,0.555,OK,0000,0.83,OK,0000
LOT-20260804-AAE,line_02,pcb2,2026-08-04,2026-08-04 08:07:49,EQ-02-A,1,0,day,02,L02AAE100132,2026-08-04 08:07:49,2026-08-04 08:09:50,2,0.638,OK,0000,0.86,OK,0000
LOT-20260804-AAE,line_02,pcb2,2026-08-04,2026-08-04 08:08:25,EQ-02-A,1,0,day,02,L02AAE100133,2026-08-04 08:08:25,2026-08-04 08:10:21,1,0.563,OK,0000,0.86,OK,0000
LOT-20260804-AAE,line_02,pcb2,2026-08-04,2026-08-04 08:08:52,EQ-02-A,1,0,day,02,L02AAE100134,2026-08-04 08:08:52,2026-08-04 08:10:52,1,0.808,OK,0000,0.8,OK,0000
LOT-20260804-AAE,line_02,pcb2,2026-08-04,2026-08-04 08:09:29,EQ-02-A,1,0,day,02,L02AAE100135,2026-08-04 08:09:29,2026-08-04 08:11:29,2,0.571,OK,0000,0.8,OK,0000
LOT-20260804-AAE,line_02,pcb2,2026-08-04,2026-08-04 08:10:00,EQ-02-A,1,0,day,02,L02AAE100136,2026-08-04 08:10:00,2026-08-04 08:11:59,1,0.583,OK,0000,0.8,OK,0000
LOT-20260804-AAE,line_02,pcb2,2026-08-04,2026-08-04 08:10:34,EQ-02-A,1,0,day,02,L02AAE100137,2026-08-04 08:10:34,2026-08-04 08:12:35,1,0.437,OK,0000,0.83,OK,0000
LOT-20260804-AAE,line_02,pcb2,2026-08-04,2026-08-04 08:11:01,EQ-02-A,1,1,day,02,L02AAE100138,2026-08-04 08:11:01,2026-08-04 08:12:57,1,0.646,NG,ESA6,1.89,NG,ESA6
LOT-20260804-AAE,line_02,pcb2,2026-08-04,2026-08-04 08:11:25,EQ-02-A,1,0,day,02,L02AAE100139,2026-08-04 08:11:25,2026-08-04 08:13:21,1,0.313,OK,0000,0.84,OK,0000
LOT-20260804-AAE,line_02,pcb2,2026-08-04,2026-08-04 08:12:03,EQ-02-A,1,1,day,02,L02AAE100140,2026-08-04 08:12:03,2026-08-04 08:13:58,1,0.394,RE,ESA5,1.12,NG,ESA5
LOT-20260804-AAE,line_02,pcb2,2026-08-04,2026-08-04 08:12:27,EQ-02-A,1,0,day,02,L02AAE100141,2026-08-04 08:12:27,2026-08-04 08:14:28,2,0.467,OK,0000,0.83,OK,0000
LOT-20260804-AAE,line_02,pcb2,2026-08-04,2026-08-04 08:12:51,EQ-02-A,1,0,day,02,L02AAE100142,2026-08-04 08:12:51,2026-08-04 08:14:54,1,0.864,OK,0000,0.86,OK,0000
LOT-20260804-AAE,line_02,pcb2,2026-08-04,2026-08-04 08:13:20,EQ-02-A,1,0,day,02,L02AAE100143,2026-08-04 08:13:20,2026-08-04 08:15:25,1,0.293,OK,0000,0.82,OK,0000
LOT-20260804-AAE,line_02,pcb2,2026-08-04,2026-08-04 08:13:40,EQ-02-A,1,0,day,02,L02AAE100144,2026-08-04 08:13:40,2026-08-04 08:15:35,2,0.653,RE,ESA7,1.46,OK,0000
LOT-20260804-AAE,line_02,pcb2,2026-08-04,2026-08-04 08:14:19,EQ-02-A,1,0,day,02,L02AAE100145,2026-08-04 08:14:19,2026-08-04 08:16:22,2,0.262,OK,0000,0.8,OK,0000
LOT-20260804-AAE,line_02,pcb2,2026-08-04,2026-08-04 08:14:47,EQ-02-A,1,0,day,02,L02AAE100146,2026-08-04 08:14:47,2026-08-04 08:16:48,1,0.781,OK,0000,0.86,OK,0000
LOT-20260804-AAE,line_02,pcb2,2026-08-04,2026-08-04 08:15:12,EQ-02-A,1,1,day,02,L02AAE100147,2026-08-04 08:15:12,2026-08-04 08:17:09,1,0.37,RE,ESA0,1.3,NG,ESA0
LOT-20260804-AAE,line_02,pcb2,2026-08-04,2026-08-04 08:15:38,EQ-02-A,1,0,day,02,L02AAE100148,2026-08-04 08:15:38,2026-08-04 08:17:41,2,0.105,OK,0000,0.84,OK,0000
LOT-20260804-AAE,line_02,pcb2,2026-08-04,2026-08-04 08:16:17,EQ-02-A,1,0,day,02,L02AAE100149,2026-08-04 08:16:17,2026-08-04 08:18:17,2,0.549,OK,0000,0.88,OK,0000
LOT-20260804-AAE,line_02,pcb2,2026-08-04,2026-08-04 08:16:57,EQ-02-A,1,0,day,02,L02AAE100150,2026-08-04 08:16:57,2026-08-04 08:18:57,1,0.348,OK,0000,0.84,OK,0000
LOT-20260804-AAE,line_02,pcb2,2026-08-04,2026-08-04 08:17:37,EQ-02-A,1,0,day,02,L02AAE100151,2026-08-04 08:17:37,2026-08-04 08:19:37,2,0.361,OK,0000,0.85,OK,0000
LOT-20260804-AAE,line_02,pcb2,2026-08-04,2026-08-04 08:18:16,EQ-02-A,1,0,day,02,L02AAE100152,2026-08-04 08:18:16,2026-08-04 08:20:13,1,0.366,NG,ESA3,1.76,OK,0000
LOT-20260804-AAE,line_02,pcb2,2026-08-04,2026-08-04 08:18:53,EQ-02-A,1,1,day,02,L02AAE100153,2026-08-04 08:18:53,2026-08-04 08:20:56,2,0.351,RE,ESA0,1.32,NG,ESA6
LOT-20260804-AAE,line_02,pcb2,2026-08-04,2026-08-04 08:19:19,EQ-02-A,1,0,day,02,L02AAE100154,2026-08-04 08:19:19,2026-08-04 08:21:23,1,0.629,OK,0000,0.83,OK,0000
LOT-20260804-AAE,line_02,pcb2,2026-08-04,2026-08-04 08:19:54,EQ-02-A,1,0,day,02,L02AAE100155,2026-08-04 08:19:54,2026-08-04 08:21:49,2,0.506,OK,0000,0.8,OK,0000
LOT-20260804-AAE,line_02,pcb2,2026-08-04,2026-08-04 08:20:25,EQ-02-A,1,0,day,02,L02AAE100156,2026-08-04 08:20:25,2026-08-04 08:22:25,2,0.455,OK,0000,0.84,OK,0000
LOT-20260804-AAE,line_02,pcb2,2026-08-04,2026-08-04 08:20:57,EQ-02-A,1,0,day,02,L02AAE100157,2026-08-04 08:20:57,2026-08-04 08:22:53,1,0.893,OK,0000,0.8,OK,0000
LOT-20260804-AAE,line_02,pcb2,2026-08-04,2026-08-04 08:21:27,EQ-02-A,1,0,day,02,L02AAE100158,2026-08-04 08:21:27,2026-08-04 08:23:24,2,0.72,OK,0000,0.88,OK,0000
LOT-20260804-AAE,line_02,pcb2,2026-08-04,2026-08-04 08:21:47,EQ-02-A,1,0,day,02,L02AAE100159,2026-08-04 08:21:47,2026-08-04 08:23:42,1,0.542,OK,0000,0.91,OK,0000
LOT-20260804-AAE,line_02,pcb2,2026-08-04,2026-08-04 08:22:16,EQ-02-A,1,0,day,02,L02AAE100160,2026-08-04 08:22:16,2026-08-04 08:24:21,2,0.556,OK,0000,0.86,OK,0000
LOT-20260804-AAE,line_02,pcb2,2026-08-04,2026-08-04 08:22:38,EQ-02-A,1,0,day,02,L02AAE100161,2026-08-04 08:22:38,2026-08-04 08:24:43,1,0.492,OK,0000,0.89,OK,0000
LOT-20260804-AAE,line_02,pcb2,2026-08-04,2026-08-04 08:23:18,EQ-02-A,1,0,day,02,L02AAE100162,2026-08-04 08:23:18,2026-08-04 08:25:21,2,0.664,OK,0000,0.81,OK,0000
LOT-20260804-AAE,line_02,pcb2,2026-08-04,2026-08-04 08:23:54,EQ-02-A,1,0,day,02,L02AAE100163,2026-08-04 08:23:54,2026-08-04 08:25:54,2,0.302,OK,0000,0.83,OK,0000
LOT-20260804-AAE,line_02,pcb2,2026-08-04,2026-08-04 08:24:28,EQ-02-A,1,0,day,02,L02AAE100164,2026-08-04 08:24:28,2026-08-04 08:26:29,2,0.38,OK,0000,0.84,OK,0000
LOT-20260804-AAE,line_02,pcb2,2026-08-04,2026-08-04 08:24:49,EQ-02-A,1,0,day,02,L02AAE100165,2026-08-04 08:24:49,2026-08-04 08:26:47,2,0.686,OK,0000,0.82,OK,0000
LOT-20260804-AAE,line_02,pcb2,2026-08-04,2026-08-04 08:25:28,EQ-02-A,1,0,day,02,L02AAE100166,2026-08-04 08:25:28,2026-08-04 08:27:30,2,0.494,OK,0000,0.84,OK,0000
LOT-20260804-AAE,line_02,pcb2,2026-08-04,2026-08-04 08:25:51,EQ-02-A,1,0,day,02,L02AAE100167,2026-08-04 08:25:51,2026-08-04 08:27:54,1,0.627,OK,0000,0.8,OK,0000
LOT-20260804-AAE,line_02,pcb2,2026-08-04,2026-08-04 08:26:13,EQ-02-A,1,0,day,02,L02AAE100168,2026-08-04 08:26:13,2026-08-04 08:28:12,1,0.409,OK,0000,0.85,OK,0000
LOT-20260804-AAE,line_02,pcb2,2026-08-04,2026-08-04 08:26:38,EQ-02-A,1,0,day,02,L02AAE100169,2026-08-04 08:26:38,2026-08-04 08:28:34,2,0.68,OK,0000,0.82,OK,0000
LOT-20260804-AAE,line_02,pcb2,2026-08-04,2026-08-04 08:27:03,EQ-02-A,1,0,day,02,L02AAE100170,2026-08-04 08:27:03,2026-08-04 08:29:02,2,0.219,OK,0000,0.86,OK,0000
LOT-20260804-AAE,line_02,pcb2,2026-08-04,2026-08-04 08:27:37,EQ-02-A,1,0,day,02,L02AAE100171,2026-08-04 08:27:37,2026-08-04 08:29:41,1,0.405,OK,0000,0.8,OK,0000
LOT-20260804-AAE,line_02,pcb2,2026-08-04,2026-08-04 08:28:12,EQ-02-A,1,0,day,02,L02AAE100172,2026-08-04 08:28:12,2026-08-04 08:30:16,1,0.406,OK,0000,0.83,OK,0000
LOT-20260804-AAE,line_02,pcb2,2026-08-04,2026-08-04 08:28:36,EQ-02-A,1,0,day,02,L02AAE100173,2026-08-04 08:28:36,2026-08-04 08:30:36,1,0.409,OK,0000,0.8,OK,0000
LOT-20260804-AAE,line_02,pcb2,2026-08-04,2026-08-04 08:29:07,EQ-02-A,1,0,day,02,L02AAE100174,2026-08-04 08:29:07,2026-08-04 08:31:12,2,0.635,OK,0000,0.89,OK,0000
LOT-20260804-AAE,line_02,pcb2,2026-08-04,2026-08-04 08:29:28,EQ-02-A,1,0,day,02,L02AAE100175,2026-08-04 08:29:28,2026-08-04 08:31:26,1,0.598,OK,0000,0.8,OK,0000
LOT-20260804-AAE,line_02,pcb2,2026-08-04,2026-08-04 08:30:05,EQ-02-A,1,1,day,02,L02AAE100176,2026-08-04 08:30:05,2026-08-04 08:32:02,1,0.47,RE,ESA5,1.25,NG,ESA5
LOT-20260804-AAE,line_02,pcb2,2026-08-04,2026-08-04 08:30:43,EQ-02-A,1,0,day,02,L02AAE100177,2026-08-04 08:30:43,2026-08-04 08:32:39,1,0.59,OK,0000,0.87,OK,0000
LOT-20260804-AAE,line_02,pcb2,2026-08-04,2026-08-04 08:31:14,EQ-02-A,1,0,day,02,L02AAE100178,2026-08-04 08:31:14,2026-08-04 08:33:16,1,0.39,OK,0000,0.84,OK,0000
LOT-20260804-AAE,line_02,pcb2,2026-08-04,2026-08-04 08:31:37,EQ-02-A,1,0,day,02,L02AAE100179,2026-08-04 08:31:37,2026-08-04 08:33:38,1,0.569,OK,0000,0.9,OK,0000
LOT-20260804-AAE,line_02,pcb2,2026-08-04,2026-08-04 08:32:10,EQ-02-A,1,0,day,02,L02AAE100180,2026-08-04 08:32:10,2026-08-04 08:34:14,1,0.606,OK,0000,0.87,OK,0000
LOT-20260804-AAE,line_02,pcb2,2026-08-04,2026-08-04 08:32:45,EQ-02-A,1,0,day,02,L02AAE100181,2026-08-04 08:32:45,2026-08-04 08:34:47,2,0.513,OK,0000,0.9,OK,0000
LOT-20260804-AAE,line_02,pcb2,2026-08-04,2026-08-04 08:33:06,EQ-02-A,1,0,day,02,L02AAE100182,2026-08-04 08:33:06,2026-08-04 08:35:04,2,0.561,OK,0000,0.81,OK,0000
LOT-20260804-AAE,line_02,pcb2,2026-08-04,2026-08-04 08:33:36,EQ-02-A,1,0,day,02,L02AAE100183,2026-08-04 08:33:36,2026-08-04 08:35:31,2,0.711,OK,0000,0.87,OK,0000
LOT-20260804-AAE,line_02,pcb2,2026-08-04,2026-08-04 08:34:07,EQ-02-A,1,0,day,02,L02AAE100184,2026-08-04 08:34:07,2026-08-04 08:36:05,2,0.434,OK,0000,0.82,OK,0000
LOT-20260804-AAE,line_02,pcb2,2026-08-04,2026-08-04 08:34:27,EQ-02-A,1,1,day,02,L02AAE100185,2026-08-04 08:34:27,2026-08-04 08:36:32,1,0.544,RE,ESA5,1.3,NG,ESA5
LOT-20260804-AAE,line_02,pcb2,2026-08-04,2026-08-04 08:34:52,EQ-02-A,1,0,day,02,L02AAE100186,2026-08-04 08:34:52,2026-08-04 08:36:54,2,0.53,OK,0000,0.85,OK,0000
LOT-20260804-AAE,line_02,pcb2,2026-08-04,2026-08-04 08:35:25,EQ-02-A,1,0,day,02,L02AAE100187,2026-08-04 08:35:25,2026-08-04 08:37:20,2,0.755,OK,0000,0.88,OK,0000
LOT-20260804-AAE,line_02,pcb2,2026-08-04,2026-08-04 08:35:47,EQ-02-A,1,0,day,02,L02AAE100188,2026-08-04 08:35:47,2026-08-04 08:37:46,1,0.529,OK,0000,0.88,OK,0000
LOT-20260804-AAE,line_02,pcb2,2026-08-04,2026-08-04 08:36:12,EQ-02-A,1,0,day,02,L02AAE100189,2026-08-04 08:36:12,2026-08-04 08:38:15,2,0.345,OK,0000,0.86,OK,0000
LOT-20260804-AAE,line_02,pcb2,2026-08-04,2026-08-04 08:36:37,EQ-02-A,1,0,day,02,L02AAE100190,2026-08-04 08:36:37,2026-08-04 08:38:41,2,0.771,OK,0000,0.83,OK,0000
LOT-20260804-AAE,line_02,pcb2,2026-08-04,2026-08-04 08:37:09,EQ-02-A,1,0,day,02,L02AAE100191,2026-08-04 08:37:09,2026-08-04 08:39:07,2,0.373,OK,0000,0.81,OK,0000
LOT-20260804-AAE,line_02,pcb2,2026-08-04,2026-08-04 08:37:31,EQ-02-A,1,0,day,02,L02AAE100192,2026-08-04 08:37:31,2026-08-04 08:39:36,1,0.337,OK,0000,0.81,OK,0000
LOT-20260804-AAE,line_02,pcb2,2026-08-04,2026-08-04 08:38:01,EQ-02-A,1,0,day,02,L02AAE100193,2026-08-04 08:38:01,2026-08-04 08:40:03,1,0.444,OK,0000,0.8,OK,0000
LOT-20260804-AAE,line_02,pcb2,2026-08-04,2026-08-04 08:38:31,EQ-02-A,1,0,day,02,L02AAE100194,2026-08-04 08:38:31,2026-08-04 08:40:34,2,0.502,OK,0000,0.88,OK,0000
LOT-20260804-AAE,line_02,pcb2,2026-08-04,2026-08-04 08:38:51,EQ-02-A,1,0,day,02,L02AAE100195,2026-08-04 08:38:51,2026-08-04 08:40:56,2,0.364,RE,ESA3,1.4,OK,0000
LOT-20260804-AAE,line_02,pcb2,2026-08-04,2026-08-04 08:39:25,EQ-02-A,1,0,day,02,L02AAE100196,2026-08-04 08:39:25,2026-08-04 08:41:26,2,0.577,OK,0000,0.88,OK,0000
LOT-20260804-AAE,line_02,pcb2,2026-08-04,2026-08-04 08:40:02,EQ-02-A,1,0,day,02,L02AAE100197,2026-08-04 08:40:02,2026-08-04 08:42:00,2,0.401,RE,ESA0,1.34,OK,0000
LOT-20260804-AAE,line_02,pcb2,2026-08-04,2026-08-04 08:40:28,EQ-02-A,1,0,day,02,L02AAE100198,2026-08-04 08:40:28,2026-08-04 08:42:27,2,0.336,OK,0000,0.88,OK,0000
LOT-20260804-AAE,line_02,pcb2,2026-08-04,2026-08-04 08:40:57,EQ-02-A,1,0,day,02,L02AAE100199,2026-08-04 08:40:57,2026-08-04 08:43:02,1,0.526,OK,0000,0.86,OK,0000
LOT-20260804-AAE,line_02,pcb2,2026-08-04,2026-08-04 08:41:31,EQ-02-A,1,0,day,02,L02AAE100200,2026-08-04 08:41:31,2026-08-04 08:43:32,2,0.324,OK,0000,0.8,OK,0000
LOT-20260804-AAI,line_02,pcb2,2026-08-04,2026-08-04 08:42:07,EQ-02-A,1,0,day,02,L02AAI100001,2026-08-04 08:42:07,2026-08-04 08:44:09,1,0.59,OK,0000,0.8,OK,0000
LOT-20260804-AAI,line_02,pcb2,2026-08-04,2026-08-04 08:42:40,EQ-02-A,1,0,day,02,L02AAI100002,2026-08-04 08:42:40,2026-08-04 08:44:41,1,0.569,OK,0000,0.8,OK,0000
LOT-20260804-AAI,line_02,pcb2,2026-08-04,2026-08-04 08:43:12,EQ-02-A,1,0,day,02,L02AAI100003,2026-08-04 08:43:12,2026-08-04 08:45:17,2,0.627,OK,0000,0.8,OK,0000
LOT-20260804-AAI,line_02,pcb2,2026-08-04,2026-08-04 08:43:41,EQ-02-A,1,0,day,02,L02AAI100004,2026-08-04 08:43:41,2026-08-04 08:45:37,2,0.583,OK,0000,0.87,OK,0000
LOT-20260804-AAI,line_02,pcb2,2026-08-04,2026-08-04 08:44:03,EQ-02-A,1,0,day,02,L02AAI100005,2026-08-04 08:44:03,2026-08-04 08:46:07,1,0.395,OK,0000,0.86,OK,0000
LOT-20260804-AAI,line_02,pcb2,2026-08-04,2026-08-04 08:44:36,EQ-02-A,1,0,day,02,L02AAI100006,2026-08-04 08:44:36,2026-08-04 08:46:39,2,0.539,OK,0000,0.82,OK,0000
LOT-20260804-AAI,line_02,pcb2,2026-08-04,2026-08-04 08:44:59,EQ-02-A,1,0,day,02,L02AAI100007,2026-08-04 08:44:59,2026-08-04 08:47:04,2,0.349,OK,0000,0.8,OK,0000
LOT-20260804-AAI,line_02,pcb2,2026-08-04,2026-08-04 08:45:28,EQ-02-A,1,0,day,02,L02AAI100008,2026-08-04 08:45:28,2026-08-04 08:47:31,1,0.552,OK,0000,0.8,OK,0000
LOT-20260804-AAI,line_02,pcb2,2026-08-04,2026-08-04 08:46:00,EQ-02-A,1,0,day,02,L02AAI100009,2026-08-04 08:46:00,2026-08-04 08:48:00,1,0.514,OK,0000,0.83,OK,0000
LOT-20260804-AAI,line_02,pcb2,2026-08-04,2026-08-04 08:46:34,EQ-02-A,1,0,day,02,L02AAI100010,2026-08-04 08:46:34,2026-08-04 08:48:35,2,0.602,OK,0000,0.83,OK,0000
LOT-20260804-AAI,line_02,pcb2,2026-08-04,2026-08-04 08:46:54,EQ-02-A,1,0,day,02,L02AAI100011,2026-08-04 08:46:54,2026-08-04 08:48:53,1,0.451,OK,0000,0.87,OK,0000
LOT-20260804-AAI,line_02,pcb2,2026-08-04,2026-08-04 08:47:22,EQ-02-A,1,0,day,02,L02AAI100012,2026-08-04 08:47:22,2026-08-04 08:49:27,1,0.55,RE,ESA5,1.28,OK,0000
LOT-20260804-AAI,line_02,pcb2,2026-08-04,2026-08-04 08:47:49,EQ-02-A,1,0,day,02,L02AAI100013,2026-08-04 08:47:49,2026-08-04 08:49:52,1,0.57,OK,0000,0.8,OK,0000
LOT-20260804-AAI,line_02,pcb2,2026-08-04,2026-08-04 08:48:28,EQ-02-A,1,0,day,02,L02AAI100014,2026-08-04 08:48:28,2026-08-04 08:50:29,2,0.614,OK,0000,0.86,OK,0000
LOT-20260804-AAG,line_03,pcb3,2026-08-04,2026-08-04 08:00:00,EQ-03-A,1,0,day,03,L03AAG100104,2026-08-04 08:00:00,2026-08-04 08:02:01,2,0.494,OK,0000,0.83,OK,0000
LOT-20260804-AAG,line_03,pcb3,2026-08-04,2026-08-04 08:00:21,EQ-03-A,1,0,day,03,L03AAG100105,2026-08-04 08:00:21,2026-08-04 08:02:26,2,0.55,OK,0000,0.9,OK,0000
LOT-20260804-AAG,line_03,pcb3,2026-08-04,2026-08-04 08:00:53,EQ-03-A,1,0,day,03,L03AAG100106,2026-08-04 08:00:53,2026-08-04 08:02:56,1,0.662,OK,0000,0.8,OK,0000
LOT-20260804-AAG,line_03,pcb3,2026-08-04,2026-08-04 08:01:18,EQ-03-A,1,0,day,03,L03AAG100107,2026-08-04 08:01:18,2026-08-04 08:03:21,2,0.593,OK,0000,0.89,OK,0000
LOT-20260804-AAG,line_03,pcb3,2026-08-04,2026-08-04 08:01:41,EQ-03-A,1,0,day,03,L03AAG100108,2026-08-04 08:01:41,2026-08-04 08:03:46,2,0.558,OK,0000,0.88,OK,0000
LOT-20260804-AAG,line_03,pcb3,2026-08-04,2026-08-04 08:02:09,EQ-03-A,1,1,day,03,L03AAG100109,2026-08-04 08:02:09,2026-08-04 08:04:05,1,0.802,RE,ESA5,1.35,NG,ESA5
LOT-20260804-AAG,line_03,pcb3,2026-08-04,2026-08-04 08:02:31,EQ-03-A,1,1,day,03,L03AAG100110,2026-08-04 08:02:31,2026-08-04 08:04:35,2,0.537,RE,ESA6,1.35,NG,ESA6
LOT-20260804-AAG,line_03,pcb3,2026-08-04,2026-08-04 08:03:08,EQ-03-A,1,0,day,03,L03AAG100111,2026-08-04 08:03:08,2026-08-04 08:05:05,2,0.522,OK,0000,0.84,OK,0000
LOT-20260804-AAG,line_03,pcb3,2026-08-04,2026-08-04 08:03:42,EQ-03-A,1,0,day,03,L03AAG100112,2026-08-04 08:03:42,2026-08-04 08:05:47,1,0.447,OK,0000,0.9,OK,0000
LOT-20260804-AAG,line_03,pcb3,2026-08-04,2026-08-04 08:04:09,EQ-03-A,1,0,day,03,L03AAG100113,2026-08-04 08:04:09,2026-08-04 08:06:10,2,0.377,OK,0000,0.9,OK,0000
LOT-20260804-AAG,line_03,pcb3,2026-08-04,2026-08-04 08:04:37,EQ-03-A,1,0,day,03,L03AAG100114,2026-08-04 08:04:37,2026-08-04 08:06:42,2,0.575,OK,0000,0.8,OK,0000
LOT-20260804-AAG,line_03,pcb3,2026-08-04,2026-08-04 08:04:57,EQ-03-A,1,0,day,03,L03AAG100115,2026-08-04 08:04:57,2026-08-04 08:06:59,1,0.555,OK,0000,0.8,OK,0000
LOT-20260804-AAG,line_03,pcb3,2026-08-04,2026-08-04 08:05:36,EQ-03-A,1,0,day,03,L03AAG100116,2026-08-04 08:05:36,2026-08-04 08:07:33,1,0.594,OK,0000,0.88,OK,0000
LOT-20260804-AAG,line_03,pcb3,2026-08-04,2026-08-04 08:05:58,EQ-03-A,1,0,day,03,L03AAG100117,2026-08-04 08:05:58,2026-08-04 08:07:56,1,0.411,OK,0000,0.84,OK,0000
LOT-20260804-AAG,line_03,pcb3,2026-08-04,2026-08-04 08:06:30,EQ-03-A,1,0,day,03,L03AAG100118,2026-08-04 08:06:30,2026-08-04 08:08:32,1,0.793,OK,0000,0.82,OK,0000
LOT-20260804-AAG,line_03,pcb3,2026-08-04,2026-08-04 08:07:10,EQ-03-A,1,0,day,03,L03AAG100119,2026-08-04 08:07:10,2026-08-04 08:09:10,2,0.341,OK,0000,0.9,OK,0000
LOT-20260804-AAG,line_03,pcb3,2026-08-04,2026-08-04 08:07:50,EQ-03-A,1,0,day,03,L03AAG100120,2026-08-04 08:07:50,2026-08-04 08:09:45,2,0.794,OK,0000,0.84,OK,0000
LOT-20260804-AAG,line_03,pcb3,2026-08-04,2026-08-04 08:08:15,EQ-03-A,1,0,day,03,L03AAG100121,2026-08-04 08:08:15,2026-08-04 08:10:11,2,0.652,OK,0000,0.89,OK,0000
LOT-20260804-AAG,line_03,pcb3,2026-08-04,2026-08-04 08:08:45,EQ-03-A,1,0,day,03,L03AAG100122,2026-08-04 08:08:45,2026-08-04 08:10:48,1,0.389,OK,0000,0.82,OK,0000
LOT-20260804-AAG,line_03,pcb3,2026-08-04,2026-08-04 08:09:05,EQ-03-A,1,1,day,03,L03AAG100123,2026-08-04 08:09:05,2026-08-04 08:11:03,1,0.685,RE,ESA5,1.42,NG,ESA5
LOT-20260804-AAG,line_03,pcb3,2026-08-04,2026-08-04 08:09:44,EQ-03-A,1,1,day,03,L03AAG100124,2026-08-04 08:09:44,2026-08-04 08:11:44,2,0.584,RE,ESA5,1.16,NG,ESA5
LOT-20260804-AAG,line_03,pcb3,2026-08-04,2026-08-04 08:10:07,EQ-03-A,1,0,day,03,L03AAG100125,2026-08-04 08:10:07,2026-08-04 08:12:04,1,0.798,OK,0000,0.82,OK,0000
LOT-20260804-AAG,line_03,pcb3,2026-08-04,2026-08-04 08:10:35,EQ-03-A,1,0,day,03,L03AAG100126,2026-08-04 08:10:35,2026-08-04 08:12:38,1,0.45,OK,0000,0.85,OK,0000
LOT-20260804-AAG,line_03,pcb3,2026-08-04,2026-08-04 08:11:15,EQ-03-A,1,0,day,03,L03AAG100127,2026-08-04 08:11:15,2026-08-04 08:13:18,2,0.733,OK,0000,0.87,OK,0000
LOT-20260804-AAG,line_03,pcb3,2026-08-04,2026-08-04 08:11:47,EQ-03-A,1,0,day,03,L03AAG100128,2026-08-04 08:11:47,2026-08-04 08:13:46,1,0.562,OK,0000,0.86,OK,0000
LOT-20260804-AAG,line_03,pcb3,2026-08-04,2026-08-04 08:12:19,EQ-03-A,1,0,day,03,L03AAG100129,2026-08-04 08:12:19,2026-08-04 08:14:16,2,0.507,OK,0000,0.86,OK,0000
LOT-20260804-AAG,line_03,pcb3,2026-08-04,2026-08-04 08:12:45,EQ-03-A,1,0,day,03,L03AAG100130,2026-08-04 08:12:45,2026-08-04 08:14:46,2,0.121,OK,0000,0.83,OK,0000
LOT-20260804-AAG,line_03,pcb3,2026-08-04,2026-08-04 08:13:24,EQ-03-A,1,0,day,03,L03AAG100131,2026-08-04 08:13:24,2026-08-04 08:15:28,1,0.536,OK,0000,0.8,OK,0000
LOT-20260804-AAG,line_03,pcb3,2026-08-04,2026-08-04 08:13:56,EQ-03-A,1,0,day,03,L03AAG100132,2026-08-04 08:13:56,2026-08-04 08:16:01,1,0.558,OK,0000,0.83,OK,0000
LOT-20260804-AAG,line_03,pcb3,2026-08-04,2026-08-04 08:14:18,EQ-03-A,1,0,day,03,L03AAG100133,2026-08-04 08:14:18,2026-08-04 08:16:17,1,0.763,OK,0000,0.9,OK,0000
LOT-20260804-AAG,line_03,pcb3,2026-08-04,2026-08-04 08:14:56,EQ-03-A,1,0,day,03,L03AAG100134,2026-08-04 08:14:56,2026-08-04 08:16:59,1,0.43,OK,0000,0.83,OK,0000
LOT-20260804-AAG,line_03,pcb3,2026-08-04,2026-08-04 08:15:27,EQ-03-A,1,1,day,03,L03AAG100135,2026-08-04 08:15:27,2026-08-04 08:17:28,1,0.489,RE,ESA0,1.2,NG,ESA0
LOT-20260804-AAG,line_03,pcb3,2026-08-04,2026-08-04 08:15:52,EQ-03-A,1,0,day,03,L03AAG100136,2026-08-04 08:15:52,2026-08-04 08:17:52,1,0.529,OK,0000,0.81,OK,0000
LOT-20260804-AAG,line_03,pcb3,2026-08-04,2026-08-04 08:16:15,EQ-03-A,1,0,day,03,L03AAG100137,2026-08-04 08:16:15,2026-08-04 08:18:13,2,0.33,OK,0000,0.86,OK,0000
LOT-20260804-AAG,line_03,pcb3,2026-08-04,2026-08-04 08:16:49,EQ-03-A,1,0,day,03,L03AAG100138,2026-08-04 08:16:49,2026-08-04 08:18:45,1,0.594,OK,0000,0.81,OK,0000
LOT-20260804-AAG,line_03,pcb3,2026-08-04,2026-08-04 08:17:21,EQ-03-A,1,0,day,03,L03AAG100139,2026-08-04 08:17:21,2026-08-04 08:19:24,2,0.634,OK,0000,0.81,OK,0000
LOT-20260804-AAG,line_03,pcb3,2026-08-04,2026-08-04 08:17:49,EQ-03-A,1,0,day,03,L03AAG100140,2026-08-04 08:17:49,2026-08-04 08:19:54,2,0.538,OK,0000,0.87,OK,0000
LOT-20260804-AAG,line_03,pcb3,2026-08-04,2026-08-04 08:18:11,EQ-03-A,1,0,day,03,L03AAG100141,2026-08-04 08:18:11,2026-08-04 08:20:12,2,0.495,OK,0000,0.86,OK,0000
LOT-20260804-AAG,line_03,pcb3,2026-08-04,2026-08-04 08:18:41,EQ-03-A,1,0,day,03,L03AAG100142,2026-08-04 08:18:41,2026-08-04 08:20:43,1,0.423,OK,0000,0.83,OK,0000
LOT-20260804-AAG,line_03,pcb3,2026-08-04,2026-08-04 08:19:16,EQ-03-A,1,0,day,03,L03AAG100143,2026-08-04 08:19:16,2026-08-04 08:21:18,2,0.469,OK,0000,0.81,OK,0000
LOT-20260804-AAG,line_03,pcb3,2026-08-04,2026-08-04 08:19:41,EQ-03-A,1,0,day,03,L03AAG100144,2026-08-04 08:19:41,2026-08-04 08:21:36,1,0.473,OK,0000,0.8,OK,0000
LOT-20260804-AAG,line_03,pcb3,2026-08-04,2026-08-04 08:20:10,EQ-03-A,1,0,day,03,L03AAG100145,2026-08-04 08:20:10,2026-08-04 08:22:05,1,0.426,OK,0000,0.83,OK,0000
LOT-20260804-AAG,line_03,pcb3,2026-08-04,2026-08-04 08:20:44,EQ-03-A,1,0,day,03,L03AAG100146,2026-08-04 08:20:44,2026-08-04 08:22:47,1,0.462,OK,0000,0.83,OK,0000
LOT-20260804-AAG,line_03,pcb3,2026-08-04,2026-08-04 08:21:20,EQ-03-A,1,0,day,03,L03AAG100147,2026-08-04 08:21:20,2026-08-04 08:23:16,2,0.491,OK,0000,0.86,OK,0000
LOT-20260804-AAG,line_03,pcb3,2026-08-04,2026-08-04 08:21:53,EQ-03-A,1,0,day,03,L03AAG100148,2026-08-04 08:21:53,2026-08-04 08:23:54,2,0.631,OK,0000,0.81,OK,0000
LOT-20260804-AAG,line_03,pcb3,2026-08-04,2026-08-04 08:22:15,EQ-03-A,1,0,day,03,L03AAG100149,2026-08-04 08:22:15,2026-08-04 08:24:16,2,0.32,OK,0000,0.8,OK,0000
LOT-20260804-AAG,line_03,pcb3,2026-08-04,2026-08-04 08:22:44,EQ-03-A,1,0,day,03,L03AAG100150,2026-08-04 08:22:44,2026-08-04 08:24:40,2,0.427,OK,0000,0.83,OK,0000
LOT-20260804-AAG,line_03,pcb3,2026-08-04,2026-08-04 08:23:15,EQ-03-A,1,0,day,03,L03AAG100151,2026-08-04 08:23:15,2026-08-04 08:25:10,1,0.385,OK,0000,0.8,OK,0000
LOT-20260804-AAG,line_03,pcb3,2026-08-04,2026-08-04 08:23:39,EQ-03-A,1,0,day,03,L03AAG100152,2026-08-04 08:23:39,2026-08-04 08:25:40,1,0.432,OK,0000,0.85,OK,0000
LOT-20260804-AAG,line_03,pcb3,2026-08-04,2026-08-04 08:24:06,EQ-03-A,1,0,day,03,L03AAG100153,2026-08-04 08:24:06,2026-08-04 08:26:06,2,0.589,OK,0000,0.82,OK,0000
LOT-20260804-AAG,line_03,pcb3,2026-08-04,2026-08-04 08:24:43,EQ-03-A,1,0,day,03,L03AAG100154,2026-08-04 08:24:43,2026-08-04 08:26:42,1,0.438,OK,0000,0.8,OK,0000
LOT-20260804-AAG,line_03,pcb3,2026-08-04,2026-08-04 08:25:04,EQ-03-A,1,0,day,03,L03AAG100155,2026-08-04 08:25:04,2026-08-04 08:27:04,2,0.495,OK,0000,0.81,OK,0000
LOT-20260804-AAG,line_03,pcb3,2026-08-04,2026-08-04 08:25:43,EQ-03-A,1,0,day,03,L03AAG100156,2026-08-04 08:25:43,2026-08-04 08:27:40,1,0.586,OK,0000,0.8,OK,0000
LOT-20260804-AAG,line_03,pcb3,2026-08-04,2026-08-04 08:26:21,EQ-03-A,1,0,day,03,L03AAG100157,2026-08-04 08:26:21,2026-08-04 08:28:25,2,0.446,OK,0000,0.85,OK,0000
LOT-20260804-AAG,line_03,pcb3,2026-08-04,2026-08-04 08:26:54,EQ-03-A,1,0,day,03,L03AAG100158,2026-08-04 08:26:54,2026-08-04 08:28:52,1,0.528,OK,0000,0.95,OK,0000
LOT-20260804-AAG,line_03,pcb3,2026-08-04,2026-08-04 08:27:32,EQ-03-A,1,0,day,03,L03AAG100159,2026-08-04 08:27:32,2026-08-04 08:29:34,1,0.552,OK,0000,0.8,OK,0000
LOT-20260804-AAG,line_03,pcb3,2026-08-04,2026-08-04 08:27:59,EQ-03-A,1,0,day,03,L03AAG100160,2026-08-04 08:27:59,2026-08-04 08:29:59,2,0.486,OK,0000,0.8,OK,0000
LOT-20260804-AAG,line_03,pcb3,2026-08-04,2026-08-04 08:28:36,EQ-03-A,1,0,day,03,L03AAG100161,2026-08-04 08:28:36,2026-08-04 08:30:34,1,0.488,OK,0000,0.81,OK,0000
LOT-20260804-AAG,line_03,pcb3,2026-08-04,2026-08-04 08:28:58,EQ-03-A,1,0,day,03,L03AAG100162,2026-08-04 08:28:58,2026-08-04 08:31:03,1,0.637,OK,0000,0.82,OK,0000
LOT-20260804-AAG,line_03,pcb3,2026-08-04,2026-08-04 08:29:24,EQ-03-A,1,0,day,03,L03AAG100163,2026-08-04 08:29:24,2026-08-04 08:31:24,2,0.482,OK,0000,0.81,OK,0000
LOT-20260804-AAG,line_03,pcb3,2026-08-04,2026-08-04 08:29:50,EQ-03-A,1,0,day,03,L03AAG100164,2026-08-04 08:29:50,2026-08-04 08:31:50,2,0.761,OK,0000,0.83,OK,0000
LOT-20260804-AAG,line_03,pcb3,2026-08-04,2026-08-04 08:30:19,EQ-03-A,1,0,day,03,L03AAG100165,2026-08-04 08:30:19,2026-08-04 08:32:15,1,0.775,OK,0000,0.87,OK,0000
LOT-20260804-AAG,line_03,pcb3,2026-08-04,2026-08-04 08:30:43,EQ-03-A,1,0,day,03,L03AAG100166,2026-08-04 08:30:43,2026-08-04 08:32:47,1,0.572,OK,0000,0.85,OK,0000
LOT-20260804-AAG,line_03,pcb3,2026-08-04,2026-08-04 08:31:19,EQ-03-A,1,0,day,03,L03AAG100167,2026-08-04 08:31:19,2026-08-04 08:33:20,2,0.559,OK,0000,0.8,OK,0000
LOT-20260804-AAG,line_03,pcb3,2026-08-04,2026-08-04 08:31:44,EQ-03-A,1,0,day,03,L03AAG100168,2026-08-04 08:31:44,2026-08-04 08:33:40,1,0.458,OK,0000,0.87,OK,0000
LOT-20260804-AAG,line_03,pcb3,2026-08-04,2026-08-04 08:32:08,EQ-03-A,1,1,day,03,L03AAG100169,2026-08-04 08:32:08,2026-08-04 08:34:03,1,0.493,RE,ESA5,1.11,NG,ESA5
LOT-20260804-AAG,line_03,pcb3,2026-08-04,2026-08-04 08:32:42,EQ-03-A,1,0,day,03,L03AAG100170,2026-08-04 08:32:42,2026-08-04 08:34:41,2,0.492,OK,0000,0.91,OK,0000
LOT-20260804-AAG,line_03,pcb3,2026-08-04,2026-08-04 08:33:05,EQ-03-A,1,0,day,03,L03AAG100171,2026-08-04 08:33:05,2026-08-04 08:35:02,2,0.687,OK,0000,0.84,OK,0000
LOT-20260804-AAG,line_03,pcb3,2026-08-04,2026-08-04 08:33:37,EQ-03-A,1,0,day,03,L03AAG100172,2026-08-04 08:33:37,2026-08-04 08:35:36,1,0.643,OK,0000,0.83,OK,0000
LOT-20260804-AAG,line_03,pcb3,2026-08-04,2026-08-04 08:34:08,EQ-03-A,1,0,day,03,L03AAG100173,2026-08-04 08:34:08,2026-08-04 08:36:09,1,0.244,OK,0000,0.8,OK,0000
LOT-20260804-AAG,line_03,pcb3,2026-08-04,2026-08-04 08:34:34,EQ-03-A,1,0,day,03,L03AAG100174,2026-08-04 08:34:34,2026-08-04 08:36:37,1,0.734,OK,0000,0.83,OK,0000
LOT-20260804-AAG,line_03,pcb3,2026-08-04,2026-08-04 08:35:13,EQ-03-A,1,0,day,03,L03AAG100175,2026-08-04 08:35:13,2026-08-04 08:37:18,2,0.463,OK,0000,0.83,OK,0000
LOT-20260804-AAG,line_03,pcb3,2026-08-04,2026-08-04 08:35:40,EQ-03-A,1,1,day,03,L03AAG100176,2026-08-04 08:35:40,2026-08-04 08:37:35,1,0.786,RE,ESA5,1.41,NG,ESA5
LOT-20260804-AAG,line_03,pcb3,2026-08-04,2026-08-04 08:36:18,EQ-03-A,1,0,day,03,L03AAG100177,2026-08-04 08:36:18,2026-08-04 08:38:22,1,0.833,OK,0000,0.83,OK,0000
LOT-20260804-AAG,line_03,pcb3,2026-08-04,2026-08-04 08:36:50,EQ-03-A,1,0,day,03,L03AAG100178,2026-08-04 08:36:50,2026-08-04 08:38:49,1,0.544,OK,0000,0.8,OK,0000
LOT-20260804-AAG,line_03,pcb3,2026-08-04,2026-08-04 08:37:25,EQ-03-A,1,1,day,03,L03AAG100179,2026-08-04 08:37:25,2026-08-04 08:39:24,1,0.722,RE,ESA7,1.13,NG,ESA7
LOT-20260804-AAG,line_03,pcb3,2026-08-04,2026-08-04 08:38:04,EQ-03-A,1,0,day,03,L03AAG100180,2026-08-04 08:38:04,2026-08-04 08:40:08,2,0.533,OK,0000,0.8,OK,0000
LOT-20260804-AAG,line_03,pcb3,2026-08-04,2026-08-04 08:38:39,EQ-03-A,1,0,day,03,L03AAG100181,2026-08-04 08:38:39,2026-08-04 08:40:36,2,0.412,OK,0000,0.81,OK,0000
LOT-20260804-AAG,line_03,pcb3,2026-08-04,2026-08-04 08:39:09,EQ-03-A,1,0,day,03,L03AAG100182,2026-08-04 08:39:09,2026-08-04 08:41:11,2,0.409,OK,0000,0.82,OK,0000
LOT-20260804-AAG,line_03,pcb3,2026-08-04,2026-08-04 08:39:33,EQ-03-A,1,0,day,03,L03AAG100183,2026-08-04 08:39:33,2026-08-04 08:41:28,2,0.418,OK,0000,0.87,OK,0000
LOT-20260804-AAG,line_03,pcb3,2026-08-04,2026-08-04 08:39:58,EQ-03-A,1,0,day,03,L03AAG100184,2026-08-04 08:39:58,2026-08-04 08:41:53,1,0.334,RE,ESA7,1.27,OK,0000
LOT-20260804-AAG,line_03,pcb3,2026-08-04,2026-08-04 08:40:37,EQ-03-A,1,0,day,03,L03AAG100185,2026-08-04 08:40:37,2026-08-04 08:42:33,2,0.683,OK,0000,0.82,OK,0000
LOT-20260804-AAG,line_03,pcb3,2026-08-04,2026-08-04 08:40:58,EQ-03-A,1,0,day,03,L03AAG100186,2026-08-04 08:40:58,2026-08-04 08:42:56,2,0.392,OK,0000,0.83,OK,0000
LOT-20260804-AAG,line_03,pcb3,2026-08-04,2026-08-04 08:41:34,EQ-03-A,1,0,day,03,L03AAG100187,2026-08-04 08:41:34,2026-08-04 08:43:30,2,0.677,OK,0000,0.85,OK,0000
LOT-20260804-AAG,line_03,pcb3,2026-08-04,2026-08-04 08:42:03,EQ-03-A,1,0,day,03,L03AAG100188,2026-08-04 08:42:03,2026-08-04 08:44:03,1,0.42,OK,0000,0.86,OK,0000
LOT-20260804-AAG,line_03,pcb3,2026-08-04,2026-08-04 08:42:40,EQ-03-A,1,0,day,03,L03AAG100189,2026-08-04 08:42:40,2026-08-04 08:44:35,1,0.335,OK,0000,0.87,OK,0000
LOT-20260804-AAG,line_03,pcb3,2026-08-04,2026-08-04 08:43:11,EQ-03-A,1,0,day,03,L03AAG100190,2026-08-04 08:43:11,2026-08-04 08:45:16,1,0.561,OK,0000,0.83,OK,0000
LOT-20260804-AAG,line_03,pcb3,2026-08-04,2026-08-04 08:43:50,EQ-03-A,1,0,day,03,L03AAG100191,2026-08-04 08:43:50,2026-08-04 08:45:55,1,0.374,OK,0000,0.8,OK,0000
LOT-20260804-AAG,line_03,pcb3,2026-08-04,2026-08-04 08:44:10,EQ-03-A,1,0,day,03,L03AAG100192,2026-08-04 08:44:10,2026-08-04 08:46:07,1,0.58,OK,0000,0.89,OK,0000
LOT-20260804-AAF,line_04,pcb4,2026-08-04,2026-08-04 08:00:00,EQ-04-A,1,0,day,04,L04AAF100111,2026-08-04 08:00:00,2026-08-04 08:02:01,1,0.187,OK,0000,0.82,OK,0000
LOT-20260804-AAF,line_04,pcb4,2026-08-04,2026-08-04 08:00:31,EQ-04-A,1,0,day,04,L04AAF100112,2026-08-04 08:00:31,2026-08-04 08:02:32,1,0.495,OK,0000,0.8,OK,0000
LOT-20260804-AAF,line_04,pcb4,2026-08-04,2026-08-04 08:01:11,EQ-04-A,1,0,day,04,L04AAF100113,2026-08-04 08:01:11,2026-08-04 08:03:14,2,0.36,OK,0000,0.81,OK,0000
LOT-20260804-AAF,line_04,pcb4,2026-08-04,2026-08-04 08:01:45,EQ-04-A,1,0,day,04,L04AAF100114,2026-08-04 08:01:45,2026-08-04 08:03:50,2,0.544,OK,0000,0.83,OK,0000
LOT-20260804-AAF,line_04,pcb4,2026-08-04,2026-08-04 08:02:16,EQ-04-A,1,0,day,04,L04AAF100115,2026-08-04 08:02:16,2026-08-04 08:04:15,1,0.164,OK,0000,0.8,OK,0000
LOT-20260804-AAF,line_04,pcb4,2026-08-04,2026-08-04 08:02:45,EQ-04-A,1,0,day,04,L04AAF100116,2026-08-04 08:02:45,2026-08-04 08:04:49,1,0.409,OK,0000,0.86,OK,0000
LOT-20260804-AAF,line_04,pcb4,2026-08-04,2026-08-04 08:03:08,EQ-04-A,1,1,day,04,L04AAF100117,2026-08-04 08:03:08,2026-08-04 08:05:08,1,0.088,NG,ESA1,1.75,NG,ESA1
LOT-20260804-AAF,line_04,pcb4,2026-08-04,2026-08-04 08:03:37,EQ-04-A,1,0,day,04,L04AAF100118,2026-08-04 08:03:37,2026-08-04 08:05:42,2,0.421,OK,0000,0.9,OK,0000
LOT-20260804-AAF,line_04,pcb4,2026-08-04,2026-08-04 08:04:01,EQ-04-A,1,1,day,04,L04AAF100119,2026-08-04 08:04:01,2026-08-04 08:05:58,1,0.442,RE,ESA4,1.29,NG,ESA4
LOT-20260804-AAF,line_04,pcb4,2026-08-04,2026-08-04 08:04:30,EQ-04-A,1,0,day,04,L04AAF100120,2026-08-04 08:04:30,2026-08-04 08:06:28,2,0.521,OK,0000,0.8,OK,0000
LOT-20260804-AAF,line_04,pcb4,2026-08-04,2026-08-04 08:04:59,EQ-04-A,1,0,day,04,L04AAF100121,2026-08-04 08:04:59,2026-08-04 08:06:54,1,0.615,RE,ESA4,1.27,OK,0000
LOT-20260804-AAF,line_04,pcb4,2026-08-04,2026-08-04 08:05:32,EQ-04-A,1,0,day,04,L04AAF100122,2026-08-04 08:05:32,2026-08-04 08:07:35,1,0.576,OK,0000,1.0,OK,0000
LOT-20260804-AAF,line_04,pcb4,2026-08-04,2026-08-04 08:06:09,EQ-04-A,1,0,day,04,L04AAF100123,2026-08-04 08:06:09,2026-08-04 08:08:07,2,0.187,OK,0000,0.91,OK,0000
LOT-20260804-AAF,line_04,pcb4,2026-08-04,2026-08-04 08:06:42,EQ-04-A,1,0,day,04,L04AAF100124,2026-08-04 08:06:42,2026-08-04 08:08:44,1,0.457,OK,0000,0.85,OK,0000
LOT-20260804-AAF,line_04,pcb4,2026-08-04,2026-08-04 08:07:13,EQ-04-A,1,0,day,04,L04AAF100125,2026-08-04 08:07:13,2026-08-04 08:09:14,2,0.493,OK,0000,0.82,OK,0000
LOT-20260804-AAF,line_04,pcb4,2026-08-04,2026-08-04 08:07:36,EQ-04-A,1,0,day,04,L04AAF100126,2026-08-04 08:07:36,2026-08-04 08:09:33,1,0.415,OK,0000,0.85,OK,0000
LOT-20260804-AAF,line_04,pcb4,2026-08-04,2026-08-04 08:08:14,EQ-04-A,1,0,day,04,L04AAF100127,2026-08-04 08:08:14,2026-08-04 08:10:11,1,0.272,OK,0000,0.87,OK,0000
LOT-20260804-AAF,line_04,pcb4,2026-08-04,2026-08-04 08:08:40,EQ-04-A,1,0,day,04,L04AAF100128,2026-08-04 08:08:40,2026-08-04 08:10:39,1,0.438,OK,0000,0.8,OK,0000
LOT-20260804-AAF,line_04,pcb4,2026-08-04,2026-08-04 08:09:02,EQ-04-A,1,0,day,04,L04AAF100129,2026-08-04 08:09:02,2026-08-04 08:10:59,2,0.432,OK,0000,0.89,OK,0000
LOT-20260804-AAF,line_04,pcb4,2026-08-04,2026-08-04 08:09:34,EQ-04-A,1,0,day,04,L04AAF100130,2026-08-04 08:09:34,2026-08-04 08:11:37,2,0.42,OK,0000,0.85,OK,0000
LOT-20260804-AAF,line_04,pcb4,2026-08-04,2026-08-04 08:10:08,EQ-04-A,1,0,day,04,L04AAF100131,2026-08-04 08:10:08,2026-08-04 08:12:08,1,0.39,OK,0000,0.87,OK,0000
LOT-20260804-AAF,line_04,pcb4,2026-08-04,2026-08-04 08:10:42,EQ-04-A,1,1,day,04,L04AAF100132,2026-08-04 08:10:42,2026-08-04 08:12:44,2,0.603,RE,ESA4,1.43,NG,ESA4
LOT-20260804-AAF,line_04,pcb4,2026-08-04,2026-08-04 08:11:02,EQ-04-A,1,0,day,04,L04AAF100133,2026-08-04 08:11:02,2026-08-04 08:12:59,2,0.474,OK,0000,0.87,OK,0000
LOT-20260804-AAF,line_04,pcb4,2026-08-04,2026-08-04 08:11:41,EQ-04-A,1,0,day,04,L04AAF100134,2026-08-04 08:11:41,2026-08-04 08:13:41,2,0.515,OK,0000,0.89,OK,0000
LOT-20260804-AAF,line_04,pcb4,2026-08-04,2026-08-04 08:12:05,EQ-04-A,1,0,day,04,L04AAF100135,2026-08-04 08:12:05,2026-08-04 08:14:00,1,0.392,OK,0000,0.87,OK,0000
LOT-20260804-AAF,line_04,pcb4,2026-08-04,2026-08-04 08:12:37,EQ-04-A,1,0,day,04,L04AAF100136,2026-08-04 08:12:37,2026-08-04 08:14:40,2,0.471,OK,0000,0.84,OK,0000
LOT-20260804-AAF,line_04,pcb4,2026-08-04,2026-08-04 08:13:11,EQ-04-A,1,0,day,04,L04AAF100137,2026-08-04 08:13:11,2026-08-04 08:15:16,1,0.514,OK,0000,0.85,OK,0000
LOT-20260804-AAF,line_04,pcb4,2026-08-04,2026-08-04 08:13:34,EQ-04-A,1,0,day,04,L04AAF100138,2026-08-04 08:13:34,2026-08-04 08:15:36,2,0.483,OK,0000,0.85,OK,0000
LOT-20260804-AAF,line_04,pcb4,2026-08-04,2026-08-04 08:14:04,EQ-04-A,1,0,day,04,L04AAF100139,2026-08-04 08:14:04,2026-08-04 08:16:07,2,0.737,OK,0000,0.88,OK,0000
LOT-20260804-AAF,line_04,pcb4,2026-08-04,2026-08-04 08:14:25,EQ-04-A,1,0,day,04,L04AAF100140,2026-08-04 08:14:25,2026-08-04 08:16:27,1,0.63,OK,0000,0.82,OK,0000
LOT-20260804-AAF,line_04,pcb4,2026-08-04,2026-08-04 08:14:49,EQ-04-A,1,0,day,04,L04AAF100141,2026-08-04 08:14:49,2026-08-04 08:16:48,1,0.367,RE,ESA3,1.35,OK,0000
LOT-20260804-AAF,line_04,pcb4,2026-08-04,2026-08-04 08:15:29,EQ-04-A,1,0,day,04,L04AAF100142,2026-08-04 08:15:29,2026-08-04 08:17:25,1,0.631,OK,0000,0.9,OK,0000
LOT-20260804-AAF,line_04,pcb4,2026-08-04,2026-08-04 08:15:51,EQ-04-A,1,0,day,04,L04AAF100143,2026-08-04 08:15:51,2026-08-04 08:17:47,1,0.409,OK,0000,0.83,OK,0000
LOT-20260804-AAF,line_04,pcb4,2026-08-04,2026-08-04 08:16:18,EQ-04-A,1,0,day,04,L04AAF100144,2026-08-04 08:16:18,2026-08-04 08:18:20,1,0.254,OK,0000,0.82,OK,0000
LOT-20260804-AAF,line_04,pcb4,2026-08-04,2026-08-04 08:16:50,EQ-04-A,1,0,day,04,L04AAF100145,2026-08-04 08:16:50,2026-08-04 08:18:47,2,0.649,OK,0000,0.82,OK,0000
LOT-20260804-AAF,line_04,pcb4,2026-08-04,2026-08-04 08:17:17,EQ-04-A,1,0,day,04,L04AAF100146,2026-08-04 08:17:17,2026-08-04 08:19:22,2,0.596,OK,0000,0.83,OK,0000
LOT-20260804-AAF,line_04,pcb4,2026-08-04,2026-08-04 08:17:51,EQ-04-A,1,0,day,04,L04AAF100147,2026-08-04 08:17:51,2026-08-04 08:19:56,1,0.549,OK,0000,0.8,OK,0000
LOT-20260804-AAF,line_04,pcb4,2026-08-04,2026-08-04 08:18:11,EQ-04-A,1,0,day,04,L04AAF100148,2026-08-04 08:18:11,2026-08-04 08:20:08,2,0.513,OK,0000,0.8,OK,0000
LOT-20260804-AAF,line_04,pcb4,2026-08-04,2026-08-04 08:18:47,EQ-04-A,1,0,day,04,L04AAF100149,2026-08-04 08:18:47,2026-08-04 08:20:46,2,0.472,OK,0000,0.8,OK,0000
LOT-20260804-AAF,line_04,pcb4,2026-08-04,2026-08-04 08:19:16,EQ-04-A,1,0,day,04,L04AAF100150,2026-08-04 08:19:16,2026-08-04 08:21:21,1,0.681,OK,0000,0.87,OK,0000
LOT-20260804-AAF,line_04,pcb4,2026-08-04,2026-08-04 08:19:44,EQ-04-A,1,0,day,04,L04AAF100151,2026-08-04 08:19:44,2026-08-04 08:21:45,1,0.57,OK,0000,0.9,OK,0000
LOT-20260804-AAF,line_04,pcb4,2026-08-04,2026-08-04 08:20:17,EQ-04-A,1,1,day,04,L04AAF100152,2026-08-04 08:20:17,2026-08-04 08:22:18,2,0.358,RE,ESA6,1.42,NG,ESA6
LOT-20260804-AAF,line_04,pcb4,2026-08-04,2026-08-04 08:20:37,EQ-04-A,1,0,day,04,L04AAF100153,2026-08-04 08:20:37,2026-08-04 08:22:39,2,0.64,OK,0000,0.83,OK,0000
LOT-20260804-AAF,line_04,pcb4,2026-08-04,2026-08-04 08:20:58,EQ-04-A,1,0,day,04,L04AAF100154,2026-08-04 08:20:58,2026-08-04 08:23:00,1,0.67,OK,0000,0.8,OK,0000
LOT-20260804-AAF,line_04,pcb4,2026-08-04,2026-08-04 08:21:26,EQ-04-A,1,0,day,04,L04AAF100155,2026-08-04 08:21:26,2026-08-04 08:23:29,1,0.376,OK,0000,0.82,OK,0000
LOT-20260804-AAF,line_04,pcb4,2026-08-04,2026-08-04 08:21:52,EQ-04-A,1,0,day,04,L04AAF100156,2026-08-04 08:21:52,2026-08-04 08:23:48,2,0.421,OK,0000,0.8,OK,0000
LOT-20260804-AAF,line_04,pcb4,2026-08-04,2026-08-04 08:22:17,EQ-04-A,1,0,day,04,L04AAF100157,2026-08-04 08:22:17,2026-08-04 08:24:17,2,0.683,OK,0000,0.83,OK,0000
LOT-20260804-AAF,line_04,pcb4,2026-08-04,2026-08-04 08:22:51,EQ-04-A,1,1,day,04,L04AAF100158,2026-08-04 08:22:51,2026-08-04 08:24:56,2,0.553,RE,ESA6,1.19,NG,ESA6
LOT-20260804-AAF,line_04,pcb4,2026-08-04,2026-08-04 08:23:20,EQ-04-A,1,0,day,04,L04AAF100159,2026-08-04 08:23:20,2026-08-04 08:25:22,2,0.227,OK,0000,0.85,OK,0000
LOT-20260804-AAF,line_04,pcb4,2026-08-04,2026-08-04 08:23:59,EQ-04-A,1,0,day,04,L04AAF100160,2026-08-04 08:23:59,2026-08-04 08:26:04,1,0.213,OK,0000,0.84,OK,0000
LOT-20260804-AAF,line_04,pcb4,2026-08-04,2026-08-04 08:24:35,EQ-04-A,1,0,day,04,L04AAF100161,2026-08-04 08:24:35,2026-08-04 08:26:39,2,0.295,OK,0000,0.92,OK,0000
LOT-20260804-AAF,line_04,pcb4,2026-08-04,2026-08-04 08:25:06,EQ-04-A,1,0,day,04,L04AAF100162,2026-08-04 08:25:06,2026-08-04 08:27:01,1,0.637,OK,0000,0.84,OK,0000
LOT-20260804-AAF,line_04,pcb4,2026-08-04,2026-08-04 08:25:31,EQ-04-A,1,0,day,04,L04AAF100163,2026-08-04 08:25:31,2026-08-04 08:27:36,1,0.69,OK,0000,0.81,OK,0000
LOT-20260804-AAF,line_04,pcb4,2026-08-04,2026-08-04 08:26:06,EQ-04-A,1,0,day,04,L04AAF100164,2026-08-04 08:26:06,2026-08-04 08:28:04,2,0.582,OK,0000,0.85,OK,0000
LOT-20260804-AAF,line_04,pcb4,2026-08-04,2026-08-04 08:26:29,EQ-04-A,1,0,day,04,L04AAF100165,2026-08-04 08:26:29,2026-08-04 08:28:30,1,0.54,RE,ESA7,1.38,OK,0000
LOT-20260804-AAF,line_04,pcb4,2026-08-04,2026-08-04 08:26:51,EQ-04-A,1,1,day,04,L04AAF100166,2026-08-04 08:26:51,2026-08-04 08:28:51,2,0.61,RE,ESA8,1.28,NG,ESA8
LOT-20260804-AAF,line_04,pcb4,2026-08-04,2026-08-04 08:27:30,EQ-04-A,1,0,day,04,L04AAF100167,2026-08-04 08:27:30,2026-08-04 08:29:32,1,0.252,OK,0000,0.8,OK,0000
LOT-20260804-AAF,line_04,pcb4,2026-08-04,2026-08-04 08:28:02,EQ-04-A,1,0,day,04,L04AAF100168,2026-08-04 08:28:02,2026-08-04 08:30:00,1,0.482,OK,0000,0.84,OK,0000
LOT-20260804-AAF,line_04,pcb4,2026-08-04,2026-08-04 08:28:30,EQ-04-A,1,0,day,04,L04AAF100169,2026-08-04 08:28:30,2026-08-04 08:30:27,2,0.33,OK,0000,0.94,OK,0000
LOT-20260804-AAF,line_04,pcb4,2026-08-04,2026-08-04 08:29:03,EQ-04-A,1,0,day,04,L04AAF100170,2026-08-04 08:29:03,2026-08-04 08:31:07,2,0.727,OK,0000,0.86,OK,0000
LOT-20260804-AAF,line_04,pcb4,2026-08-04,2026-08-04 08:29:23,EQ-04-A,1,0,day,04,L04AAF100171,2026-08-04 08:29:23,2026-08-04 08:31:20,1,0.511,OK,0000,0.83,OK,0000
LOT-20260804-AAF,line_04,pcb4,2026-08-04,2026-08-04 08:29:43,EQ-04-A,1,0,day,04,L04AAF100172,2026-08-04 08:29:43,2026-08-04 08:31:39,1,0.357,OK,0000,0.84,OK,0000
LOT-20260804-AAF,line_04,pcb4,2026-08-04,2026-08-04 08:30:13,EQ-04-A,1,0,day,04,L04AAF100173,2026-08-04 08:30:13,2026-08-04 08:32:18,1,0.539,OK,0000,0.8,OK,0000
LOT-20260804-AAF,line_04,pcb4,2026-08-04,2026-08-04 08:30:49,EQ-04-A,1,0,day,04,L04AAF100174,2026-08-04 08:30:49,2026-08-04 08:32:51,1,0.55,OK,0000,0.83,OK,0000
LOT-20260804-AAF,line_04,pcb4,2026-08-04,2026-08-04 08:31:25,EQ-04-A,1,0,day,04,L04AAF100175,2026-08-04 08:31:25,2026-08-04 08:33:22,1,0.214,OK,0000,0.81,OK,0000
LOT-20260804-AAF,line_04,pcb4,2026-08-04,2026-08-04 08:31:47,EQ-04-A,1,0,day,04,L04AAF100176,2026-08-04 08:31:47,2026-08-04 08:33:51,1,0.438,OK,0000,0.92,OK,0000
LOT-20260804-AAF,line_04,pcb4,2026-08-04,2026-08-04 08:32:09,EQ-04-A,1,0,day,04,L04AAF100177,2026-08-04 08:32:09,2026-08-04 08:34:11,1,0.583,RE,ESA4,1.12,OK,0000
LOT-20260804-AAF,line_04,pcb4,2026-08-04,2026-08-04 08:32:36,EQ-04-A,1,1,day,04,L04AAF100178,2026-08-04 08:32:36,2026-08-04 08:34:35,2,0.573,RE,ESA1,1.1,NG,ESA6
LOT-20260804-AAF,line_04,pcb4,2026-08-04,2026-08-04 08:33:08,EQ-04-A,1,0,day,04,L04AAF100179,2026-08-04 08:33:08,2026-08-04 08:35:11,1,0.662,OK,0000,0.82,OK,0000
LOT-20260804-AAF,line_04,pcb4,2026-08-04,2026-08-04 08:33:46,EQ-04-A,1,0,day,04,L04AAF100180,2026-08-04 08:33:46,2026-08-04 08:35:45,2,0.486,OK,0000,0.89,OK,0000
LOT-20260804-AAF,line_04,pcb4,2026-08-04,2026-08-04 08:34:18,EQ-04-A,1,0,day,04,L04AAF100181,2026-08-04 08:34:18,2026-08-04 08:36:22,2,0.307,OK,0000,0.8,OK,0000
LOT-20260804-AAF,line_04,pcb4,2026-08-04,2026-08-04 08:34:53,EQ-04-A,1,0,day,04,L04AAF100182,2026-08-04 08:34:53,2026-08-04 08:36:48,1,0.412,OK,0000,0.88,OK,0000
LOT-20260804-AAF,line_04,pcb4,2026-08-04,2026-08-04 08:35:23,EQ-04-A,1,0,day,04,L04AAF100183,2026-08-04 08:35:23,2026-08-04 08:37:18,1,0.272,OK,0000,0.8,OK,0000
LOT-20260804-AAF,line_04,pcb4,2026-08-04,2026-08-04 08:35:47,EQ-04-A,1,1,day,04,L04AAF100184,2026-08-04 08:35:47,2026-08-04 08:37:52,1,0.432,NG,ESA2,1.86,NG,ESA2
LOT-20260804-AAF,line_04,pcb4,2026-08-04,2026-08-04 08:36:08,EQ-04-A,1,0,day,04,L04AAF100185,2026-08-04 08:36:08,2026-08-04 08:38:03,2,0.68,OK,0000,0.82,OK,0000
LOT-20260804-AAF,line_04,pcb4,2026-08-04,2026-08-04 08:36:39,EQ-04-A,1,0,day,04,L04AAF100186,2026-08-04 08:36:39,2026-08-04 08:38:43,2,0.438,OK,0000,0.89,OK,0000
LOT-20260804-AAF,line_04,pcb4,2026-08-04,2026-08-04 08:37:01,EQ-04-A,1,0,day,04,L04AAF100187,2026-08-04 08:37:01,2026-08-04 08:38:56,1,0.22,OK,0000,0.82,OK,0000
LOT-20260804-AAF,line_04,pcb4,2026-08-04,2026-08-04 08:37:24,EQ-04-A,1,0,day,04,L04AAF100188,2026-08-04 08:37:24,2026-08-04 08:39:25,1,0.529,OK,0000,0.86,OK,0000
LOT-20260804-AAF,line_04,pcb4,2026-08-04,2026-08-04 08:37:59,EQ-04-A,1,0,day,04,L04AAF100189,2026-08-04 08:37:59,2026-08-04 08:39:54,1,0.424,OK,0000,0.84,OK,0000
LOT-20260804-AAF,line_04,pcb4,2026-08-04,2026-08-04 08:38:20,EQ-04-A,1,0,day,04,L04AAF100190,2026-08-04 08:38:20,2026-08-04 08:40:24,2,0.127,OK,0000,0.81,OK,0000
LOT-20260804-AAF,line_04,pcb4,2026-08-04,2026-08-04 08:38:52,EQ-04-A,1,0,day,04,L04AAF100191,2026-08-04 08:38:52,2026-08-04 08:40:47,2,0.568,OK,0000,0.8,OK,0000
LOT-20260804-AAF,line_04,pcb4,2026-08-04,2026-08-04 08:39:24,EQ-04-A,1,0,day,04,L04AAF100192,2026-08-04 08:39:24,2026-08-04 08:41:25,1,0.509,OK,0000,0.86,OK,0000
LOT-20260804-AAF,line_04,pcb4,2026-08-04,2026-08-04 08:40:01,EQ-04-A,1,0,day,04,L04AAF100193,2026-08-04 08:40:01,2026-08-04 08:42:01,1,0.449,OK,0000,0.85,OK,0000
LOT-20260804-AAF,line_04,pcb4,2026-08-04,2026-08-04 08:40:32,EQ-04-A,1,0,day,04,L04AAF100194,2026-08-04 08:40:32,2026-08-04 08:42:30,2,0.356,OK,0000,0.83,OK,0000
LOT-20260804-AAF,line_04,pcb4,2026-08-04,2026-08-04 08:40:54,EQ-04-A,1,0,day,04,L04AAF100195,2026-08-04 08:40:54,2026-08-04 08:42:57,1,0.592,OK,0000,0.85,OK,0000
LOT-20260804-AAF,line_04,pcb4,2026-08-04,2026-08-04 08:41:32,EQ-04-A,1,0,day,04,L04AAF100196,2026-08-04 08:41:32,2026-08-04 08:43:30,1,0.412,OK,0000,0.85,OK,0000
LOT-20260804-AAF,line_04,pcb4,2026-08-04,2026-08-04 08:41:53,EQ-04-A,1,0,day,04,L04AAF100197,2026-08-04 08:41:53,2026-08-04 08:43:48,1,0.607,OK,0000,0.8,OK,0000
LOT-20260804-AAF,line_04,pcb4,2026-08-04,2026-08-04 08:42:23,EQ-04-A,1,0,day,04,L04AAF100198,2026-08-04 08:42:23,2026-08-04 08:44:22,2,0.674,OK,0000,0.83,OK,0000
LOT-20260804-AAF,line_04,pcb4,2026-08-04,2026-08-04 08:42:47,EQ-04-A,1,0,day,04,L04AAF100199,2026-08-04 08:42:47,2026-08-04 08:44:43,1,0.564,OK,0000,0.89,OK,0000
LOT-20260804-AAF,line_04,pcb4,2026-08-04,2026-08-04 08:43:09,EQ-04-A,1,0,day,04,L04AAF100200,2026-08-04 08:43:09,2026-08-04 08:45:09,1,0.294,OK,0000,0.81,OK,0000
LOT-20260804-AAJ,line_04,pcb4,2026-08-04,2026-08-04 08:43:36,EQ-04-A,1,0,day,04,L04AAJ100001,2026-08-04 08:43:36,2026-08-04 08:45:39,2,0.457,OK,0000,0.81,OK,0000
LOT-20260804-AAJ,line_04,pcb4,2026-08-04,2026-08-04 08:44:05,EQ-04-A,1,1,day,04,L04AAJ100002,2026-08-04 08:44:05,2026-08-04 08:46:05,2,0.76,NG,ESA7,1.71,NG,ESA7
LOT-20260804-AAJ,line_04,pcb4,2026-08-04,2026-08-04 08:44:42,EQ-04-A,1,0,day,04,L04AAJ100003,2026-08-04 08:44:42,2026-08-04 08:46:46,1,0.417,OK,0000,0.85,OK,0000
LOT-20260805-AAH,line_01,pcb1,2026-08-05,2026-08-05 08:00:00,EQ-01-A,1,0,day,01,L01AAH100106,2026-08-05 08:00:00,2026-08-05 08:02:03,2,0.548,OK,0000,0.83,OK,0000
LOT-20260805-AAH,line_01,pcb1,2026-08-05,2026-08-05 08:00:27,EQ-01-A,1,0,day,01,L01AAH100107,2026-08-05 08:00:27,2026-08-05 08:02:24,1,0.486,OK,0000,0.82,OK,0000
LOT-20260805-AAH,line_01,pcb1,2026-08-05,2026-08-05 08:00:48,EQ-01-A,1,0,day,01,L01AAH100108,2026-08-05 08:00:48,2026-08-05 08:02:50,2,0.273,OK,0000,0.85,OK,0000
LOT-20260805-AAH,line_01,pcb1,2026-08-05,2026-08-05 08:01:11,EQ-01-A,1,0,day,01,L01AAH100109,2026-08-05 08:01:11,2026-08-05 08:03:15,2,0.763,OK,0000,0.84,OK,0000
LOT-20260805-AAH,line_01,pcb1,2026-08-05,2026-08-05 08:01:43,EQ-01-A,1,0,day,01,L01AAH100110,2026-08-05 08:01:43,2026-08-05 08:03:47,2,0.534,OK,0000,0.87,OK,0000
LOT-20260805-AAH,line_01,pcb1,2026-08-05,2026-08-05 08:02:15,EQ-01-A,1,1,day,01,L01AAH100111,2026-08-05 08:02:15,2026-08-05 08:04:10,2,0.31,RE,ESA5,1.42,NG,ESA5
LOT-20260805-AAH,line_01,pcb1,2026-08-05,2026-08-05 08:02:42,EQ-01-A,1,1,day,01,L01AAH100112,2026-08-05 08:02:42,2026-08-05 08:04:41,2,0.53,RE,ESA5,1.41,NG,ESA5
LOT-20260805-AAH,line_01,pcb1,2026-08-05,2026-08-05 08:03:03,EQ-01-A,1,0,day,01,L01AAH100113,2026-08-05 08:03:03,2026-08-05 08:05:03,1,0.39,OK,0000,0.91,OK,0000
LOT-20260805-AAH,line_01,pcb1,2026-08-05,2026-08-05 08:03:31,EQ-01-A,1,0,day,01,L01AAH100114,2026-08-05 08:03:31,2026-08-05 08:05:31,2,0.616,OK,0000,0.86,OK,0000
LOT-20260805-AAH,line_01,pcb1,2026-08-05,2026-08-05 08:04:10,EQ-01-A,1,0,day,01,L01AAH100115,2026-08-05 08:04:10,2026-08-05 08:06:05,2,0.535,OK,0000,0.83,OK,0000
LOT-20260805-AAH,line_01,pcb1,2026-08-05,2026-08-05 08:04:33,EQ-01-A,1,0,day,01,L01AAH100116,2026-08-05 08:04:33,2026-08-05 08:06:32,2,0.68,OK,0000,0.85,OK,0000
LOT-20260805-AAH,line_01,pcb1,2026-08-05,2026-08-05 08:05:10,EQ-01-A,1,0,day,01,L01AAH100117,2026-08-05 08:05:10,2026-08-05 08:07:13,2,0.205,OK,0000,0.8,OK,0000
LOT-20260805-AAH,line_01,pcb1,2026-08-05,2026-08-05 08:05:38,EQ-01-A,1,0,day,01,L01AAH100118,2026-08-05 08:05:38,2026-08-05 08:07:36,1,0.472,OK,0000,0.85,OK,0000
LOT-20260805-AAH,line_01,pcb1,2026-08-05,2026-08-05 08:06:02,EQ-01-A,1,0,day,01,L01AAH100119,2026-08-05 08:06:02,2026-08-05 08:08:01,1,0.492,OK,0000,0.89,OK,0000
LOT-20260805-AAH,line_01,pcb1,2026-08-05,2026-08-05 08:06:24,EQ-01-A,1,1,day,01,L01AAH100120,2026-08-05 08:06:24,2026-08-05 08:08:28,2,0.207,RE,ESA6,1.26,NG,ESA6
LOT-20260805-AAH,line_01,pcb1,2026-08-05,2026-08-05 08:06:56,EQ-01-A,1,1,day,01,L01AAH100121,2026-08-05 08:06:56,2026-08-05 08:09:01,2,0.227,RE,ESA5,1.33,NG,ESA5
LOT-20260805-AAH,line_01,pcb1,2026-08-05,2026-08-05 08:07:35,EQ-01-A,1,0,day,01,L01AAH100122,2026-08-05 08:07:35,2026-08-05 08:09:32,2,0.486,OK,0000,0.86,OK,0000
LOT-20260805-AAH,line_01,pcb1,2026-08-05,2026-08-05 08:08:09,EQ-01-A,1,0,day,01,L01AAH100123,2026-08-05 08:08:09,2026-08-05 08:10:09,2,0.37,OK,0000,0.89,OK,0000
LOT-20260805-AAH,line_01,pcb1,2026-08-05,2026-08-05 08:08:44,EQ-01-A,1,0,day,01,L01AAH100124,2026-08-05 08:08:44,2026-08-05 08:10:48,2,0.656,OK,0000,0.86,OK,0000
LOT-20260805-AAH,line_01,pcb1,2026-08-05,2026-08-05 08:09:06,EQ-01-A,1,0,day,01,L01AAH100125,2026-08-05 08:09:06,2026-08-05 08:11:02,2,0.481,OK,0000,0.86,OK,0000
LOT-20260805-AAH,line_01,pcb1,2026-08-05,2026-08-05 08:09:40,EQ-01-A,1,1,day,01,L01AAH100126,2026-08-05 08:09:40,2026-08-05 08:11:42,2,0.394,RE,ESA6,1.34,NG,ESA6
LOT-20260805-AAH,line_01,pcb1,2026-08-05,2026-08-05 08:10:04,EQ-01-A,1,1,day,01,L01AAH100127,2026-08-05 08:10:04,2026-08-05 08:12:02,2,0.747,RE,ESA5,1.36,NG,ESA5
LOT-20260805-AAH,line_01,pcb1,2026-08-05,2026-08-05 08:10:27,EQ-01-A,1,1,day,01,L01AAH100128,2026-08-05 08:10:27,2026-08-05 08:12:27,2,0.391,NG,ESA4,1.84,NG,ESA5
LOT-20260805-AAH,line_01,pcb1,2026-08-05,2026-08-05 08:10:48,EQ-01-A,1,1,day,01,L01AAH100129,2026-08-05 08:10:48,2026-08-05 08:12:43,2,0.306,RE,ESA5,1.31,NG,ESA5
LOT-20260805-AAH,line_01,pcb1,2026-08-05,2026-08-05 08:11:19,EQ-01-A,1,1,day,01,L01AAH100130,2026-08-05 08:11:19,2026-08-05 08:13:22,2,0.568,RE,ESA5,1.06,NG,ESA5
LOT-20260805-AAH,line_01,pcb1,2026-08-05,2026-08-05 08:11:53,EQ-01-A,1,0,day,01,L01AAH100131,2026-08-05 08:11:53,2026-08-05 08:13:58,2,0.326,OK,0000,0.83,OK,0000
LOT-20260805-AAH,line_01,pcb1,2026-08-05,2026-08-05 08:12:26,EQ-01-A,1,0,day,01,L01AAH100132,2026-08-05 08:12:26,2026-08-05 08:14:21,2,0.455,OK,0000,0.8,OK,0000
LOT-20260805-AAH,line_01,pcb1,2026-08-05,2026-08-05 08:12:56,EQ-01-A,1,0,day,01,L01AAH100133,2026-08-05 08:12:56,2026-08-05 08:15:01,2,0.558,OK,0000,0.85,OK,0000
LOT-20260805-AAH,line_01,pcb1,2026-08-05,2026-08-05 08:13:27,EQ-01-A,1,0,day,01,L01AAH100134,2026-08-05 08:13:27,2026-08-05 08:15:24,2,0.471,OK,0000,0.81,OK,0000
LOT-20260805-AAH,line_01,pcb1,2026-08-05,2026-08-05 08:13:58,EQ-01-A,1,0,day,01,L01AAH100135,2026-08-05 08:13:58,2026-08-05 08:15:53,2,0.657,OK,0000,0.91,OK,0000
LOT-20260805-AAH,line_01,pcb1,2026-08-05,2026-08-05 08:14:21,EQ-01-A,1,0,day,01,L01AAH100136,2026-08-05 08:14:21,2026-08-05 08:16:24,1,0.427,OK,0000,0.82,OK,0000
LOT-20260805-AAH,line_01,pcb1,2026-08-05,2026-08-05 08:14:59,EQ-01-A,1,1,day,01,L01AAH100137,2026-08-05 08:14:59,2026-08-05 08:17:03,2,0.574,RE,ESA5,1.21,NG,ESA5
LOT-20260805-AAH,line_01,pcb1,2026-08-05,2026-08-05 08:15:20,EQ-01-A,1,0,day,01,L01AAH100138,2026-08-05 08:15:20,2026-08-05 08:17:16,2,0.479,OK,0000,0.87,OK,0000
LOT-20260805-AAH,line_01,pcb1,2026-08-05,2026-08-05 08:15:47,EQ-01-A,1,0,day,01,L01AAH100139,2026-08-05 08:15:47,2026-08-05 08:17:48,1,0.214,OK,0000,0.89,OK,0000
LOT-20260805-AAH,line_01,pcb1,2026-08-05,2026-08-05 08:16:24,EQ-01-A,1,0,day,01,L01AAH100140,2026-08-05 08:16:24,2026-08-05 08:18:19,2,0.511,OK,0000,0.82,OK,0000
LOT-20260805-AAH,line_01,pcb1,2026-08-05,2026-08-05 08:17:03,EQ-01-A,1,0,day,01,L01AAH100141,2026-08-05 08:17:03,2026-08-05 08:19:02,1,0.487,OK,0000,0.84,OK,0000
LOT-20260805-AAH,line_01,pcb1,2026-08-05,2026-08-05 08:17:29,EQ-01-A,1,1,day,01,L01AAH100142,2026-08-05 08:17:29,2026-08-05 08:19:27,2,0.24,NG,ESA5,1.95,NG,ESA5
LOT-20260805-AAH,line_01,pcb1,2026-08-05,2026-08-05 08:18:00,EQ-01-A,1,0,day,01,L01AAH100143,2026-08-05 08:18:00,2026-08-05 08:20:02,2,0.506,OK,0000,0.86,OK,0000
LOT-20260805-AAH,line_01,pcb1,2026-08-05,2026-08-05 08:18:33,EQ-01-A,1,1,day,01,L01AAH100144,2026-08-05 08:18:33,2026-08-05 08:20:33,2,0.643,RE,ESA0,1.15,NG,ESA0
LOT-20260805-AAH,line_01,pcb1,2026-08-05,2026-08-05 08:19:13,EQ-01-A,1,0,day,01,L01AAH100145,2026-08-05 08:19:13,2026-08-05 08:21:10,2,0.571,OK,0000,0.83,OK,0000
LOT-20260805-AAH,line_01,pcb1,2026-08-05,2026-08-05 08:19:50,EQ-01-A,1,0,day,01,L01AAH100146,2026-08-05 08:19:50,2026-08-05 08:21:55,2,0.627,OK,0000,0.8,OK,0000
LOT-20260805-AAH,line_01,pcb1,2026-08-05,2026-08-05 08:20:14,EQ-01-A,1,0,day,01,L01AAH100147,2026-08-05 08:20:14,2026-08-05 08:22:10,2,0.485,OK,0000,0.82,OK,0000
LOT-20260805-AAH,line_01,pcb1,2026-08-05,2026-08-05 08:20:36,EQ-01-A,1,0,day,01,L01AAH100148,2026-08-05 08:20:36,2026-08-05 08:22:38,1,0.565,OK,0000,0.86,OK,0000
LOT-20260805-AAH,line_01,pcb1,2026-08-05,2026-08-05 08:21:16,EQ-01-A,1,0,day,01,L01AAH100149,2026-08-05 08:21:16,2026-08-05 08:23:18,2,0.394,OK,0000,0.81,OK,0000
LOT-20260805-AAH,line_01,pcb1,2026-08-05,2026-08-05 08:21:36,EQ-01-A,1,1,day,01,L01AAH100150,2026-08-05 08:21:36,2026-08-05 08:23:38,2,0.483,RE,ESA0,1.16,NG,ESA0
LOT-20260805-AAH,line_01,pcb1,2026-08-05,2026-08-05 08:21:59,EQ-01-A,1,0,day,01,L01AAH100151,2026-08-05 08:21:59,2026-08-05 08:23:55,2,0.626,OK,0000,0.83,OK,0000
LOT-20260805-AAH,line_01,pcb1,2026-08-05,2026-08-05 08:22:23,EQ-01-A,1,0,day,01,L01AAH100152,2026-08-05 08:22:23,2026-08-05 08:24:24,2,0.064,OK,0000,0.83,OK,0000
LOT-20260805-AAH,line_01,pcb1,2026-08-05,2026-08-05 08:22:54,EQ-01-A,1,0,day,01,L01AAH100153,2026-08-05 08:22:54,2026-08-05 08:24:53,2,0.344,OK,0000,0.8,OK,0000
LOT-20260805-AAH,line_01,pcb1,2026-08-05,2026-08-05 08:23:17,EQ-01-A,1,0,day,01,L01AAH100154,2026-08-05 08:23:17,2026-08-05 08:25:21,2,0.314,OK,0000,0.84,OK,0000
LOT-20260805-AAH,line_01,pcb1,2026-08-05,2026-08-05 08:23:56,EQ-01-A,1,0,day,01,L01AAH100155,2026-08-05 08:23:56,2026-08-05 08:25:56,1,0.699,OK,0000,0.85,OK,0000
LOT-20260805-AAH,line_01,pcb1,2026-08-05,2026-08-05 08:24:30,EQ-01-A,1,0,day,01,L01AAH100156,2026-08-05 08:24:30,2026-08-05 08:26:31,1,0.409,OK,0000,0.86,OK,0000
LOT-20260805-AAH,line_01,pcb1,2026-08-05,2026-08-05 08:24:59,EQ-01-A,1,0,day,01,L01AAH100157,2026-08-05 08:24:59,2026-08-05 08:27:03,2,0.431,OK,0000,0.81,OK,0000
LOT-20260805-AAH,line_01,pcb1,2026-08-05,2026-08-05 08:25:35,EQ-01-A,1,1,day,01,L01AAH100158,2026-08-05 08:25:35,2026-08-05 08:27:35,2,0.327,RE,ESA6,1.07,NG,ESA6
LOT-20260805-AAH,line_01,pcb1,2026-08-05,2026-08-05 08:26:15,EQ-01-A,1,0,day,01,L01AAH100159,2026-08-05 08:26:15,2026-08-05 08:28:14,2,0.442,OK,0000,0.85,OK,0000
LOT-20260805-AAH,line_01,pcb1,2026-08-05,2026-08-05 08:26:38,EQ-01-A,1,0,day,01,L01AAH100160,2026-08-05 08:26:38,2026-08-05 08:28:41,2,0.486,OK,0000,0.82,OK,0000
LOT-20260805-AAH,line_01,pcb1,2026-08-05,2026-08-05 08:27:14,EQ-01-A,1,1,day,01,L01AAH100161,2026-08-05 08:27:14,2026-08-05 08:29:14,2,0.358,RE,ESA6,1.31,NG,ESA6
LOT-20260805-AAH,line_01,pcb1,2026-08-05,2026-08-05 08:27:46,EQ-01-A,1,0,day,01,L01AAH100162,2026-08-05 08:27:46,2026-08-05 08:29:44,2,0.302,OK,0000,0.87,OK,0000
LOT-20260805-AAH,line_01,pcb1,2026-08-05,2026-08-05 08:28:19,EQ-01-A,1,1,day,01,L01AAH100163,2026-08-05 08:28:19,2026-08-05 08:30:15,2,0.35,RE,ESA5,1.17,NG,ESA5
LOT-20260805-AAH,line_01,pcb1,2026-08-05,2026-08-05 08:28:50,EQ-01-A,1,0,day,01,L01AAH100164,2026-08-05 08:28:50,2026-08-05 08:30:47,1,0.28,OK,0000,0.82,OK,0000
LOT-20260805-AAH,line_01,pcb1,2026-08-05,2026-08-05 08:29:19,EQ-01-A,1,1,day,01,L01AAH100165,2026-08-05 08:29:19,2026-08-05 08:31:15,2,0.646,RE,ESA5,1.3,NG,ESA5
LOT-20260805-AAH,line_01,pcb1,2026-08-05,2026-08-05 08:29:46,EQ-01-A,1,1,day,01,L01AAH100166,2026-08-05 08:29:46,2026-08-05 08:31:43,2,0.647,RE,ESA5,1.3,NG,ESA5
LOT-20260805-AAH,line_01,pcb1,2026-08-05,2026-08-05 08:30:06,EQ-01-A,1,0,day,01,L01AAH100167,2026-08-05 08:30:06,2026-08-05 08:32:04,2,0.334,OK,0000,0.83,OK,0000
LOT-20260805-AAH,line_01,pcb1,2026-08-05,2026-08-05 08:30:26,EQ-01-A,1,0,day,01,L01AAH100168,2026-08-05 08:30:26,2026-08-05 08:32:25,2,0.383,OK,0000,0.89,OK,0000
LOT-20260805-AAH,line_01,pcb1,2026-08-05,2026-08-05 08:31:04,EQ-01-A,1,0,day,01,L01AAH100169,2026-08-05 08:31:04,2026-08-05 08:33:06,1,0.32,OK,0000,0.88,OK,0000
LOT-20260805-AAH,line_01,pcb1,2026-08-05,2026-08-05 08:31:33,EQ-01-A,1,0,day,01,L01AAH100170,2026-08-05 08:31:33,2026-08-05 08:33:29,1,0.634,OK,0000,0.91,OK,0000
LOT-20260805-AAH,line_01,pcb1,2026-08-05,2026-08-05 08:32:07,EQ-01-A,1,0,day,01,L01AAH100171,2026-08-05 08:32:07,2026-08-05 08:34:04,1,0.439,OK,0000,0.87,OK,0000
LOT-20260805-AAH,line_01,pcb1,2026-08-05,2026-08-05 08:32:35,EQ-01-A,1,0,day,01,L01AAH100172,2026-08-05 08:32:35,2026-08-05 08:34:31,1,0.842,OK,0000,0.82,OK,0000
LOT-20260805-AAH,line_01,pcb1,2026-08-05,2026-08-05 08:33:02,EQ-01-A,1,0,day,01,L01AAH100173,2026-08-05 08:33:02,2026-08-05 08:35:01,2,0.27,OK,0000,0.8,OK,0000
LOT-20260805-AAH,line_01,pcb1,2026-08-05,2026-08-05 08:33:36,EQ-01-A,1,0,day,01,L01AAH100174,2026-08-05 08:33:36,2026-08-05 08:35:36,2,0.607,OK,0000,0.8,OK,0000
LOT-20260805-AAH,line_01,pcb1,2026-08-05,2026-08-05 08:33:57,EQ-01-A,1,0,day,01,L01AAH100175,2026-08-05 08:33:57,2026-08-05 08:35:57,1,0.444,OK,0000,0.86,OK,0000
LOT-20260805-AAH,line_01,pcb1,2026-08-05,2026-08-05 08:34:23,EQ-01-A,1,1,day,01,L01AAH100176,2026-08-05 08:34:23,2026-08-05 08:36:18,2,0.528,RE,ESA0,1.29,NG,ESA0
LOT-20260805-AAH,line_01,pcb1,2026-08-05,2026-08-05 08:35:03,EQ-01-A,1,1,day,01,L01AAH100177,2026-08-05 08:35:03,2026-08-05 08:37:01,2,0.533,RE,ESA5,1.38,NG,ESA5
LOT-20260805-AAH,line_01,pcb1,2026-08-05,2026-08-05 08:35:29,EQ-01-A,1,0,day,01,L01AAH100178,2026-08-05 08:35:29,2026-08-05 08:37:28,2,0.357,OK,0000,0.81,OK,0000
LOT-20260805-AAH,line_01,pcb1,2026-08-05,2026-08-05 08:35:53,EQ-01-A,1,0,day,01,L01AAH100179,2026-08-05 08:35:53,2026-08-05 08:37:51,2,0.384,OK,0000,0.87,OK,0000
LOT-20260805-AAH,line_01,pcb1,2026-08-05,2026-08-05 08:36:13,EQ-01-A,1,1,day,01,L01AAH100180,2026-08-05 08:36:13,2026-08-05 08:38:10,2,0.635,RE,ESA7,1.3,NG,ESA7
LOT-20260805-AAH,line_01,pcb1,2026-08-05,2026-08-05 08:36:34,EQ-01-A,1,0,day,01,L01AAH100181,2026-08-05 08:36:34,2026-08-05 08:38:39,2,0.678,OK,0000,0.8,OK,0000
LOT-20260805-AAH,line_01,pcb1,2026-08-05,2026-08-05 08:37:05,EQ-01-A,1,0,day,01,L01AAH100182,2026-08-05 08:37:05,2026-08-05 08:39:04,1,0.75,OK,0000,0.9,OK,0000
LOT-20260805-AAH,line_01,pcb1,2026-08-05,2026-08-05 08:37:32,EQ-01-A,1,0,day,01,L01AAH100183,2026-08-05 08:37:32,2026-08-05 08:39:37,2,0.61,OK,0000,0.91,OK,0000
LOT-20260805-AAH,line_01,pcb1,2026-08-05,2026-08-05 08:38:04,EQ-01-A,1,0,day,01,L01AAH100184,2026-08-05 08:38:04,2026-08-05 08:40:02,1,0.252,OK,0000,0.82,OK,0000
LOT-20260805-AAH,line_01,pcb1,2026-08-05,2026-08-05 08:38:27,EQ-01-A,1,0,day,01,L01AAH100185,2026-08-05 08:38:27,2026-08-05 08:40:28,2,0.39,OK,0000,0.87,OK,0000
LOT-20260805-AAH,line_01,pcb1,2026-08-05,2026-08-05 08:39:01,EQ-01-A,1,1,day,01,L01AAH100186,2026-08-05 08:39:01,2026-08-05 08:41:03,2,0.342,RE,ESA6,1.33,NG,ESA6
LOT-20260805-AAH,line_01,pcb1,2026-08-05,2026-08-05 08:39:31,EQ-01-A,1,0,day,01,L01AAH100187,2026-08-05 08:39:31,2026-08-05 08:41:33,2,0.706,RE,ESA3,1.32,OK,0000
LOT-20260805-AAH,line_01,pcb1,2026-08-05,2026-08-05 08:40:06,EQ-01-A,1,1,day,01,L01AAH100188,2026-08-05 08:40:06,2026-08-05 08:42:07,2,0.543,RE,ESA5,1.15,NG,ESA5
LOT-20260805-AAH,line_01,pcb1,2026-08-05,2026-08-05 08:40:27,EQ-01-A,1,0,day,01,L01AAH100189,2026-08-05 08:40:27,2026-08-05 08:42:29,2,0.373,OK,0000,0.89,OK,0000
LOT-20260805-AAH,line_01,pcb1,2026-08-05,2026-08-05 08:41:00,EQ-01-A,1,1,day,01,L01AAH100190,2026-08-05 08:41:00,2026-08-05 08:42:58,2,0.617,RE,ESA7,1.25,NG,ESA7
LOT-20260805-AAH,line_01,pcb1,2026-08-05,2026-08-05 08:41:30,EQ-01-A,1,0,day,01,L01AAH100191,2026-08-05 08:41:30,2026-08-05 08:43:27,2,0.437,OK,0000,0.8,OK,0000
LOT-20260805-AAH,line_01,pcb1,2026-08-05,2026-08-05 08:42:07,EQ-01-A,1,0,day,01,L01AAH100192,2026-08-05 08:42:07,2026-08-05 08:44:11,2,0.339,RE,ESA6,1.44,OK,0000
LOT-20260805-AAI,line_02,pcb2,2026-08-05,2026-08-05 08:00:00,EQ-02-A,1,0,day,02,L02AAI100015,2026-08-05 08:00:00,2026-08-05 08:01:56,2,0.651,OK,0000,0.8,OK,0000
LOT-20260805-AAI,line_02,pcb2,2026-08-05,2026-08-05 08:00:30,EQ-02-A,1,0,day,02,L02AAI100016,2026-08-05 08:00:30,2026-08-05 08:02:35,2,0.528,OK,0000,0.88,OK,0000
LOT-20260805-AAI,line_02,pcb2,2026-08-05,2026-08-05 08:00:51,EQ-02-A,1,0,day,02,L02AAI100017,2026-08-05 08:00:51,2026-08-05 08:02:48,1,0.502,OK,0000,0.95,OK,0000
LOT-20260805-AAI,line_02,pcb2,2026-08-05,2026-08-05 08:01:28,EQ-02-A,1,0,day,02,L02AAI100018,2026-08-05 08:01:28,2026-08-05 08:03:25,1,0.25,OK,0000,0.88,OK,0000
LOT-20260805-AAI,line_02,pcb2,2026-08-05,2026-08-05 08:01:59,EQ-02-A,1,0,day,02,L02AAI100019,2026-08-05 08:01:59,2026-08-05 08:03:54,2,0.474,OK,0000,0.87,OK,0000
LOT-20260805-AAI,line_02,pcb2,2026-08-05,2026-08-05 08:02:20,EQ-02-A,1,1,day,02,L02AAI100020,2026-08-05 08:02:20,2026-08-05 08:04:23,2,0.566,RE,ESA5,1.18,NG,ESA5
LOT-20260805-AAI,line_02,pcb2,2026-08-05,2026-08-05 08:02:52,EQ-02-A,1,0,day,02,L02AAI100021,2026-08-05 08:02:52,2026-08-05 08:04:57,1,0.534,OK,0000,0.8,OK,0000
LOT-20260805-AAI,line_02,pcb2,2026-08-05,2026-08-05 08:03:19,EQ-02-A,1,0,day,02,L02AAI100022,2026-08-05 08:03:19,2026-08-05 08:05:20,1,0.59,OK,0000,0.85,OK,0000
LOT-20260805-AAI,line_02,pcb2,2026-08-05,2026-08-05 08:03:59,EQ-02-A,1,0,day,02,L02AAI100023,2026-08-05 08:03:59,2026-08-05 08:05:55,1,0.596,OK,0000,0.88,OK,0000
LOT-20260805-AAI,line_02,pcb2,2026-08-05,2026-08-05 08:04:21,EQ-02-A,1,0,day,02,L02AAI100024,2026-08-05 08:04:21,2026-08-05 08:06:22,1,0.555,OK,0000,0.85,OK,0000
LOT-20260805-AAI,line_02,pcb2,2026-08-05,2026-08-05 08:04:41,EQ-02-A,1,0,day,02,L02AAI100025,2026-08-05 08:04:41,2026-08-05 08:06:38,2,0.368,OK,0000,0.81,OK,0000
LOT-20260805-AAI,line_02,pcb2,2026-08-05,2026-08-05 08:05:04,EQ-02-A,1,0,day,02,L02AAI100026,2026-08-05 08:05:04,2026-08-05 08:07:08,2,0.678,OK,0000,0.9,OK,0000
LOT-20260805-AAI,line_02,pcb2,2026-08-05,2026-08-05 08:05:33,EQ-02-A,1,0,day,02,L02AAI100027,2026-08-05 08:05:33,2026-08-05 08:07:32,1,0.464,OK,0000,0.84,OK,0000
LOT-20260805-AAI,line_02,pcb2,2026-08-05,2026-08-05 08:06:01,EQ-02-A,1,0,day,02,L02AAI100028,2026-08-05 08:06:01,2026-08-05 08:08:05,1,0.364,OK,0000,0.89,OK,0000
LOT-20260805-AAI,line_02,pcb2,2026-08-05,2026-08-05 08:06:36,EQ-02-A,1,0,day,02,L02AAI100029,2026-08-05 08:06:36,2026-08-05 08:08:37,1,0.6,OK,0000,0.92,OK,0000
LOT-20260805-AAI,line_02,pcb2,2026-08-05,2026-08-05 08:07:13,EQ-02-A,1,0,day,02,L02AAI100030,2026-08-05 08:07:13,2026-08-05 08:09:16,1,0.368,OK,0000,0.82,OK,0000
LOT-20260805-AAI,line_02,pcb2,2026-08-05,2026-08-05 08:07:40,EQ-02-A,1,0,day,02,L02AAI100031,2026-08-05 08:07:40,2026-08-05 08:09:40,2,0.535,OK,0000,0.87,OK,0000
LOT-20260805-AAI,line_02,pcb2,2026-08-05,2026-08-05 08:08:17,EQ-02-A,1,0,day,02,L02AAI100032,2026-08-05 08:08:17,2026-08-05 08:10:12,2,0.468,OK,0000,0.81,OK,0000
LOT-20260805-AAI,line_02,pcb2,2026-08-05,2026-08-05 08:08:49,EQ-02-A,1,0,day,02,L02AAI100033,2026-08-05 08:08:49,2026-08-05 08:10:45,1,0.632,OK,0000,0.87,OK,0000
LOT-20260805-AAI,line_02,pcb2,2026-08-05,2026-08-05 08:09:29,EQ-02-A,1,0,day,02,L02AAI100034,2026-08-05 08:09:29,2026-08-05 08:11:25,2,0.363,OK,0000,0.89,OK,0000
LOT-20260805-AAI,line_02,pcb2,2026-08-05,2026-08-05 08:09:52,EQ-02-A,1,0,day,02,L02AAI100035,2026-08-05 08:09:52,2026-08-05 08:11:56,1,0.676,OK,0000,0.85,OK,0000
LOT-20260805-AAI,line_02,pcb2,2026-08-05,2026-08-05 08:10:19,EQ-02-A,1,1,day,02,L02AAI100036,2026-08-05 08:10:19,2026-08-05 08:12:22,2,0.512,RE,ESA5,1.31,NG,ESA5
LOT-20260805-AAI,line_02,pcb2,2026-08-05,2026-08-05 08:10:57,EQ-02-A,1,0,day,02,L02AAI100037,2026-08-05 08:10:57,2026-08-05 08:12:57,1,0.371,OK,0000,0.84,OK,0000
LOT-20260805-AAI,line_02,pcb2,2026-08-05,2026-08-05 08:11:21,EQ-02-A,1,0,day,02,L02AAI100038,2026-08-05 08:11:21,2026-08-05 08:13:16,2,0.177,OK,0000,0.88,OK,0000
LOT-20260805-AAI,line_02,pcb2,2026-08-05,2026-08-05 08:11:49,EQ-02-A,1,0,day,02,L02AAI100039,2026-08-05 08:11:49,2026-08-05 08:13:52,1,0.266,OK,0000,0.9,OK,0000
LOT-20260805-AAI,line_02,pcb2,2026-08-05,2026-08-05 08:12:24,EQ-02-A,1,0,day,02,L02AAI100040,2026-08-05 08:12:24,2026-08-05 08:14:26,2,0.45,OK,0000,0.83,OK,0000
LOT-20260805-AAI,line_02,pcb2,2026-08-05,2026-08-05 08:13:00,EQ-02-A,1,0,day,02,L02AAI100041,2026-08-05 08:13:00,2026-08-05 08:14:56,2,0.406,OK,0000,0.83,OK,0000
LOT-20260805-AAI,line_02,pcb2,2026-08-05,2026-08-05 08:13:33,EQ-02-A,1,0,day,02,L02AAI100042,2026-08-05 08:13:33,2026-08-05 08:15:30,2,0.713,OK,0000,0.8,OK,0000
LOT-20260805-AAI,line_02,pcb2,2026-08-05,2026-08-05 08:14:09,EQ-02-A,1,0,day,02,L02AAI100043,2026-08-05 08:14:09,2026-08-05 08:16:05,2,0.692,OK,0000,0.85,OK,0000
LOT-20260805-AAI,line_02,pcb2,2026-08-05,2026-08-05 08:14:30,EQ-02-A,1,0,day,02,L02AAI100044,2026-08-05 08:14:30,2026-08-05 08:16:33,1,0.319,OK,0000,0.8,OK,0000
LOT-20260805-AAI,line_02,pcb2,2026-08-05,2026-08-05 08:15:05,EQ-02-A,1,0,day,02,L02AAI100045,2026-08-05 08:15:05,2026-08-05 08:17:00,1,0.751,OK,0000,0.8,OK,0000
LOT-20260805-AAI,line_02,pcb2,2026-08-05,2026-08-05 08:15:34,EQ-02-A,1,0,day,02,L02AAI100046,2026-08-05 08:15:34,2026-08-05 08:17:39,2,0.327,OK,0000,0.89,OK,0000
LOT-20260805-AAI,line_02,pcb2,2026-08-05,2026-08-05 08:16:02,EQ-02-A,1,0,day,02,L02AAI100047,2026-08-05 08:16:02,2026-08-05 08:18:07,1,0.551,OK,0000,0.8,OK,0000
LOT-20260805-AAI,line_02,pcb2,2026-08-05,2026-08-05 08:16:27,EQ-02-A,1,0,day,02,L02AAI100048,2026-08-05 08:16:27,2026-08-05 08:18:31,2,0.532,OK,0000,0.8,OK,0000
LOT-20260805-AAI,line_02,pcb2,2026-08-05,2026-08-05 08:16:58,EQ-02-A,1,0,day,02,L02AAI100049,2026-08-05 08:16:58,2026-08-05 08:18:58,1,0.665,OK,0000,0.88,OK,0000
LOT-20260805-AAI,line_02,pcb2,2026-08-05,2026-08-05 08:17:22,EQ-02-A,1,0,day,02,L02AAI100050,2026-08-05 08:17:22,2026-08-05 08:19:22,1,0.58,OK,0000,0.85,OK,0000
LOT-20260805-AAI,line_02,pcb2,2026-08-05,2026-08-05 08:17:55,EQ-02-A,1,0,day,02,L02AAI100051,2026-08-05 08:17:55,2026-08-05 08:19:50,2,0.764,OK,0000,0.84,OK,0000
LOT-20260805-AAI,line_02,pcb2,2026-08-05,2026-08-05 08:18:24,EQ-02-A,1,0,day,02,L02AAI100052,2026-08-05 08:18:24,2026-08-05 08:20:26,1,0.323,OK,0000,0.86,OK,0000
LOT-20260805-AAI,line_02,pcb2,2026-08-05,2026-08-05 08:18:54,EQ-02-A,1,0,day,02,L02AAI100053,2026-08-05 08:18:54,2026-08-05 08:20:50,2,0.813,OK,0000,0.8,OK,0000
LOT-20260805-AAI,line_02,pcb2,2026-08-05,2026-08-05 08:19:25,EQ-02-A,1,0,day,02,L02AAI100054,2026-08-05 08:19:25,2026-08-05 08:21:20,1,0.446,OK,0000,0.86,OK,0000
LOT-20260805-AAI,line_02,pcb2,2026-08-05,2026-08-05 08:19:51,EQ-02-A,1,0,day,02,L02AAI100055,2026-08-05 08:19:51,2026-08-05 08:21:55,1,0.492,OK,0000,0.8,OK,0000
LOT-20260805-AAI,line_02,pcb2,2026-08-05,2026-08-05 08:20:20,EQ-02-A,1,0,day,02,L02AAI100056,2026-08-05 08:20:20,2026-08-05 08:22:23,2,0.668,OK,0000,0.93,OK,0000
LOT-20260805-AAI,line_02,pcb2,2026-08-05,2026-08-05 08:20:57,EQ-02-A,1,0,day,02,L02AAI100057,2026-08-05 08:20:57,2026-08-05 08:22:53,1,0.529,OK,0000,0.8,OK,0000
LOT-20260805-AAI,line_02,pcb2,2026-08-05,2026-08-05 08:21:23,EQ-02-A,1,0,day,02,L02AAI100058,2026-08-05 08:21:23,2026-08-05 08:23:26,2,0.268,OK,0000,0.85,OK,0000
LOT-20260805-AAI,line_02,pcb2,2026-08-05,2026-08-05 08:22:01,EQ-02-A,1,0,day,02,L02AAI100059,2026-08-05 08:22:01,2026-08-05 08:24:05,1,0.666,OK,0000,0.86,OK,0000
LOT-20260805-AAI,line_02,pcb2,2026-08-05,2026-08-05 08:22:40,EQ-02-A,1,1,day,02,L02AAI100060,2026-08-05 08:22:40,2026-08-05 08:24:45,1,0.5,RE,ESA5,1.19,NG,ESA5
LOT-20260805-AAI,line_02,pcb2,2026-08-05,2026-08-05 08:23:15,EQ-02-A,1,0,day,02,L02AAI100061,2026-08-05 08:23:15,2026-08-05 08:25:19,1,0.336,RE,ESA0,1.33,OK,0000
LOT-20260805-AAI,line_02,pcb2,2026-08-05,2026-08-05 08:23:39,EQ-02-A,1,0,day,02,L02AAI100062,2026-08-05 08:23:39,2026-08-05 08:25:36,2,0.637,OK,0000,0.8,OK,0000
LOT-20260805-AAI,line_02,pcb2,2026-08-05,2026-08-05 08:24:15,EQ-02-A,1,0,day,02,L02AAI100063,2026-08-05 08:24:15,2026-08-05 08:26:14,2,0.738,OK,0000,0.86,OK,0000
LOT-20260805-AAI,line_02,pcb2,2026-08-05,2026-08-05 08:24:51,EQ-02-A,1,0,day,02,L02AAI100064,2026-08-05 08:24:51,2026-08-05 08:26:52,1,0.71,OK,0000,0.8,OK,0000
LOT-20260805-AAI,line_02,pcb2,2026-08-05,2026-08-05 08:25:26,EQ-02-A,1,0,day,02,L02AAI100065,2026-08-05 08:25:26,2026-08-05 08:27:22,2,0.295,OK,0000,0.83,OK,0000
LOT-20260805-AAI,line_02,pcb2,2026-08-05,2026-08-05 08:26:05,EQ-02-A,1,0,day,02,L02AAI100066,2026-08-05 08:26:05,2026-08-05 08:28:04,2,0.575,OK,0000,0.91,OK,0000
LOT-20260805-AAI,line_02,pcb2,2026-08-05,2026-08-05 08:26:29,EQ-02-A,1,0,day,02,L02AAI100067,2026-08-05 08:26:29,2026-08-05 08:28:28,2,0.606,OK,0000,0.83,OK,0000
LOT-20260805-AAI,line_02,pcb2,2026-08-05,2026-08-05 08:26:52,EQ-02-A,1,0,day,02,L02AAI100068,2026-08-05 08:26:52,2026-08-05 08:28:47,2,0.346,OK,0000,0.89,OK,0000
LOT-20260805-AAI,line_02,pcb2,2026-08-05,2026-08-05 08:27:23,EQ-02-A,1,0,day,02,L02AAI100069,2026-08-05 08:27:23,2026-08-05 08:29:24,2,0.355,OK,0000,0.91,OK,0000
LOT-20260805-AAI,line_02,pcb2,2026-08-05,2026-08-05 08:27:49,EQ-02-A,1,0,day,02,L02AAI100070,2026-08-05 08:27:49,2026-08-05 08:29:47,1,0.457,OK,0000,0.9,OK,0000
LOT-20260805-AAI,line_02,pcb2,2026-08-05,2026-08-05 08:28:21,EQ-02-A,1,0,day,02,L02AAI100071,2026-08-05 08:28:21,2026-08-05 08:30:19,1,0.602,OK,0000,0.83,OK,0000
LOT-20260805-AAI,line_02,pcb2,2026-08-05,2026-08-05 08:28:55,EQ-02-A,1,0,day,02,L02AAI100072,2026-08-05 08:28:55,2026-08-05 08:30:55,2,0.422,OK,0000,0.83,OK,0000
LOT-20260805-AAI,line_02,pcb2,2026-08-05,2026-08-05 08:29:18,EQ-02-A,1,0,day,02,L02AAI100073,2026-08-05 08:29:18,2026-08-05 08:31:13,1,0.564,OK,0000,0.84,OK,0000
LOT-20260805-AAI,line_02,pcb2,2026-08-05,2026-08-05 08:29:57,EQ-02-A,1,0,day,02,L02AAI100074,2026-08-05 08:29:57,2026-08-05 08:31:58,2,0.411,OK,0000,0.83,OK,0000
LOT-20260805-AAI,line_02,pcb2,2026-08-05,2026-08-05 08:30:18,EQ-02-A,1,0,day,02,L02AAI100075,2026-08-05 08:30:18,2026-08-05 08:32:13,2,0.512,OK,0000,0.8,OK,0000
LOT-20260805-AAI,line_02,pcb2,2026-08-05,2026-08-05 08:30:56,EQ-02-A,1,0,day,02,L02AAI100076,2026-08-05 08:30:56,2026-08-05 08:33:00,1,0.569,OK,0000,0.8,OK,0000
LOT-20260805-AAI,line_02,pcb2,2026-08-05,2026-08-05 08:31:36,EQ-02-A,1,1,day,02,L02AAI100077,2026-08-05 08:31:36,2026-08-05 08:33:41,2,0.327,RE,ESA5,1.08,NG,ESA5
LOT-20260805-AAI,line_02,pcb2,2026-08-05,2026-08-05 08:32:13,EQ-02-A,1,0,day,02,L02AAI100078,2026-08-05 08:32:13,2026-08-05 08:34:10,2,0.231,OK,0000,0.8,OK,0000
LOT-20260805-AAI,line_02,pcb2,2026-08-05,2026-08-05 08:32:38,EQ-02-A,1,0,day,02,L02AAI100079,2026-08-05 08:32:38,2026-08-05 08:34:34,1,0.394,OK,0000,0.92,OK,0000
LOT-20260805-AAI,line_02,pcb2,2026-08-05,2026-08-05 08:32:59,EQ-02-A,1,0,day,02,L02AAI100080,2026-08-05 08:32:59,2026-08-05 08:35:02,2,0.421,OK,0000,0.85,OK,0000
LOT-20260805-AAI,line_02,pcb2,2026-08-05,2026-08-05 08:33:27,EQ-02-A,1,0,day,02,L02AAI100081,2026-08-05 08:33:27,2026-08-05 08:35:22,2,0.56,OK,0000,0.85,OK,0000
LOT-20260805-AAI,line_02,pcb2,2026-08-05,2026-08-05 08:33:57,EQ-02-A,1,0,day,02,L02AAI100082,2026-08-05 08:33:57,2026-08-05 08:35:54,2,0.488,RE,ESA6,1.13,OK,0000
LOT-20260805-AAI,line_02,pcb2,2026-08-05,2026-08-05 08:34:35,EQ-02-A,1,0,day,02,L02AAI100083,2026-08-05 08:34:35,2026-08-05 08:36:40,1,0.718,OK,0000,0.91,OK,0000
LOT-20260805-AAI,line_02,pcb2,2026-08-05,2026-08-05 08:34:56,EQ-02-A,1,1,day,02,L02AAI100084,2026-08-05 08:34:56,2026-08-05 08:36:55,1,0.248,RE,ESA6,1.15,NG,ESA6
LOT-20260805-AAI,line_02,pcb2,2026-08-05,2026-08-05 08:35:18,EQ-02-A,1,0,day,02,L02AAI100085,2026-08-05 08:35:18,2026-08-05 08:37:19,2,0.458,OK,0000,0.8,OK,0000
LOT-20260805-AAI,line_02,pcb2,2026-08-05,2026-08-05 08:35:43,EQ-02-A,1,0,day,02,L02AAI100086,2026-08-05 08:35:43,2026-08-05 08:37:42,2,0.576,OK,0000,0.81,OK,0000
LOT-20260805-AAI,line_02,pcb2,2026-08-05,2026-08-05 08:36:11,EQ-02-A,1,0,day,02,L02AAI100087,2026-08-05 08:36:11,2026-08-05 08:38:07,2,0.825,OK,0000,0.89,OK,0000
LOT-20260805-AAI,line_02,pcb2,2026-08-05,2026-08-05 08:36:49,EQ-02-A,1,0,day,02,L02AAI100088,2026-08-05 08:36:49,2026-08-05 08:38:46,1,0.532,OK,0000,0.88,OK,0000
LOT-20260805-AAI,line_02,pcb2,2026-08-05,2026-08-05 08:37:11,EQ-02-A,1,0,day,02,L02AAI100089,2026-08-05 08:37:11,2026-08-05 08:39:08,1,0.666,OK,0000,0.82,OK,0000
LOT-20260805-AAI,line_02,pcb2,2026-08-05,2026-08-05 08:37:31,EQ-02-A,1,0,day,02,L02AAI100090,2026-08-05 08:37:31,2026-08-05 08:39:29,2,0.378,OK,0000,0.84,OK,0000
LOT-20260805-AAI,line_02,pcb2,2026-08-05,2026-08-05 08:38:00,EQ-02-A,1,0,day,02,L02AAI100091,2026-08-05 08:38:00,2026-08-05 08:39:58,1,0.629,OK,0000,0.85,OK,0000
LOT-20260805-AAI,line_02,pcb2,2026-08-05,2026-08-05 08:38:24,EQ-02-A,1,0,day,02,L02AAI100092,2026-08-05 08:38:24,2026-08-05 08:40:23,2,0.263,OK,0000,0.81,OK,0000
LOT-20260805-AAI,line_02,pcb2,2026-08-05,2026-08-05 08:38:48,EQ-02-A,1,0,day,02,L02AAI100093,2026-08-05 08:38:48,2026-08-05 08:40:47,1,0.489,OK,0000,0.84,OK,0000
LOT-20260805-AAI,line_02,pcb2,2026-08-05,2026-08-05 08:39:14,EQ-02-A,1,0,day,02,L02AAI100094,2026-08-05 08:39:14,2026-08-05 08:41:13,1,0.796,OK,0000,0.8,OK,0000
LOT-20260805-AAI,line_02,pcb2,2026-08-05,2026-08-05 08:39:36,EQ-02-A,1,0,day,02,L02AAI100095,2026-08-05 08:39:36,2026-08-05 08:41:41,1,0.576,OK,0000,0.9,OK,0000
LOT-20260805-AAI,line_02,pcb2,2026-08-05,2026-08-05 08:40:12,EQ-02-A,1,0,day,02,L02AAI100096,2026-08-05 08:40:12,2026-08-05 08:42:07,1,0.841,OK,0000,0.82,OK,0000
LOT-20260805-AAI,line_02,pcb2,2026-08-05,2026-08-05 08:40:50,EQ-02-A,1,0,day,02,L02AAI100097,2026-08-05 08:40:50,2026-08-05 08:42:51,2,0.574,OK,0000,0.86,OK,0000
LOT-20260805-AAI,line_02,pcb2,2026-08-05,2026-08-05 08:41:21,EQ-02-A,1,0,day,02,L02AAI100098,2026-08-05 08:41:21,2026-08-05 08:43:21,2,0.529,OK,0000,0.84,OK,0000
LOT-20260805-AAI,line_02,pcb2,2026-08-05,2026-08-05 08:41:57,EQ-02-A,1,0,day,02,L02AAI100099,2026-08-05 08:41:57,2026-08-05 08:44:00,1,0.565,RE,ESA2,1.01,OK,0000
LOT-20260805-AAI,line_02,pcb2,2026-08-05,2026-08-05 08:42:23,EQ-02-A,1,0,day,02,L02AAI100100,2026-08-05 08:42:23,2026-08-05 08:44:25,1,0.602,OK,0000,0.85,OK,0000
LOT-20260805-AAI,line_02,pcb2,2026-08-05,2026-08-05 08:42:47,EQ-02-A,1,0,day,02,L02AAI100101,2026-08-05 08:42:47,2026-08-05 08:44:52,2,0.467,OK,0000,0.92,OK,0000
LOT-20260805-AAG,line_03,pcb3,2026-08-05,2026-08-05 08:00:00,EQ-03-A,1,0,day,03,L03AAG100193,2026-08-05 08:00:00,2026-08-05 08:02:00,1,0.799,OK,0000,0.81,OK,0000
LOT-20260805-AAG,line_03,pcb3,2026-08-05,2026-08-05 08:00:20,EQ-03-A,1,0,day,03,L03AAG100194,2026-08-05 08:00:20,2026-08-05 08:02:16,2,0.417,OK,0000,0.83,OK,0000
LOT-20260805-AAG,line_03,pcb3,2026-08-05,2026-08-05 08:00:45,EQ-03-A,1,0,day,03,L03AAG100195,2026-08-05 08:00:45,2026-08-05 08:02:42,1,0.626,OK,0000,0.85,OK,0000
LOT-20260805-AAG,line_03,pcb3,2026-08-05,2026-08-05 08:01:05,EQ-03-A,1,0,day,03,L03AAG100196,2026-08-05 08:01:05,2026-08-05 08:03:06,1,0.306,OK,0000,0.82,OK,0000
LOT-20260805-AAG,line_03,pcb3,2026-08-05,2026-08-05 08:01:37,EQ-03-A,1,0,day,03,L03AAG100197,2026-08-05 08:01:37,2026-08-05 08:03:41,1,0.409,NG,ESA3,1.79,OK,0000
LOT-20260805-AAG,line_03,pcb3,2026-08-05,2026-08-05 08:02:07,EQ-03-A,1,0,day,03,L03AAG100198,2026-08-05 08:02:07,2026-08-05 08:04:10,1,0.564,OK,0000,0.86,OK,0000
LOT-20260805-AAG,line_03,pcb3,2026-08-05,2026-08-05 08:02:30,EQ-03-A,1,0,day,03,L03AAG100199,2026-08-05 08:02:30,2026-08-05 08:04:31,1,0.234,OK,0000,0.88,OK,0000
LOT-20260805-AAG,line_03,pcb3,2026-08-05,2026-08-05 08:03:08,EQ-03-A,1,0,day,03,L03AAG100200,2026-08-05 08:03:08,2026-08-05 08:05:12,1,0.538,OK,0000,0.9,OK,0000
LOT-20260805-AAK,line_03,pcb3,2026-08-05,2026-08-05 08:03:44,EQ-03-A,1,1,day,03,L03AAK100001,2026-08-05 08:03:44,2026-08-05 08:05:41,2,0.567,RE,ESA5,1.36,NG,ESA5
LOT-20260805-AAK,line_03,pcb3,2026-08-05,2026-08-05 08:04:14,EQ-03-A,1,0,day,03,L03AAK100002,2026-08-05 08:04:14,2026-08-05 08:06:11,1,0.57,RE,ESA2,1.38,OK,0000
LOT-20260805-AAK,line_03,pcb3,2026-08-05,2026-08-05 08:04:45,EQ-03-A,1,0,day,03,L03AAK100003,2026-08-05 08:04:45,2026-08-05 08:06:44,1,0.578,OK,0000,0.84,OK,0000
LOT-20260805-AAK,line_03,pcb3,2026-08-05,2026-08-05 08:05:14,EQ-03-A,1,0,day,03,L03AAK100004,2026-08-05 08:05:14,2026-08-05 08:07:10,1,0.841,OK,0000,0.88,OK,0000
LOT-20260805-AAK,line_03,pcb3,2026-08-05,2026-08-05 08:05:41,EQ-03-A,1,0,day,03,L03AAK100005,2026-08-05 08:05:41,2026-08-05 08:07:36,1,0.586,OK,0000,0.8,OK,0000
LOT-20260805-AAK,line_03,pcb3,2026-08-05,2026-08-05 08:06:16,EQ-03-A,1,0,day,03,L03AAK100006,2026-08-05 08:06:16,2026-08-05 08:08:17,2,0.307,OK,0000,0.85,OK,0000
LOT-20260805-AAK,line_03,pcb3,2026-08-05,2026-08-05 08:06:42,EQ-03-A,1,0,day,03,L03AAK100007,2026-08-05 08:06:42,2026-08-05 08:08:40,1,0.522,OK,0000,0.82,OK,0000
LOT-20260805-AAK,line_03,pcb3,2026-08-05,2026-08-05 08:07:05,EQ-03-A,1,0,day,03,L03AAK100008,2026-08-05 08:07:05,2026-08-05 08:09:06,2,0.521,OK,0000,0.9,OK,0000
LOT-20260805-AAK,line_03,pcb3,2026-08-05,2026-08-05 08:07:35,EQ-03-A,1,1,day,03,L03AAK100009,2026-08-05 08:07:35,2026-08-05 08:09:36,1,0.604,RE,ESA6,1.14,NG,ESA6
LOT-20260805-AAK,line_03,pcb3,2026-08-05,2026-08-05 08:08:14,EQ-03-A,1,0,day,03,L03AAK100010,2026-08-05 08:08:14,2026-08-05 08:10:18,1,0.483,OK,0000,0.81,OK,0000
LOT-20260805-AAK,line_03,pcb3,2026-08-05,2026-08-05 08:08:34,EQ-03-A,1,0,day,03,L03AAK100011,2026-08-05 08:08:34,2026-08-05 08:10:34,1,0.442,OK,0000,0.82,OK,0000
LOT-20260805-AAK,line_03,pcb3,2026-08-05,2026-08-05 08:09:05,EQ-03-A,1,0,day,03,L03AAK100012,2026-08-05 08:09:05,2026-08-05 08:11:06,2,0.428,OK,0000,0.8,OK,0000
LOT-20260805-AAK,line_03,pcb3,2026-08-05,2026-08-05 08:09:27,EQ-03-A,1,0,day,03,L03AAK100013,2026-08-05 08:09:27,2026-08-05 08:11:25,1,0.481,OK,0000,0.82,OK,0000
LOT-20260805-AAK,line_03,pcb3,2026-08-05,2026-08-05 08:09:56,EQ-03-A,1,0,day,03,L03AAK100014,2026-08-05 08:09:56,2026-08-05 08:11:57,1,0.061,OK,0000,0.92,OK,0000
LOT-20260805-AAK,line_03,pcb3,2026-08-05,2026-08-05 08:10:20,EQ-03-A,1,0,day,03,L03AAK100015,2026-08-05 08:10:20,2026-08-05 08:12:15,2,0.663,OK,0000,0.82,OK,0000
LOT-20260805-AAK,line_03,pcb3,2026-08-05,2026-08-05 08:10:48,EQ-03-A,1,0,day,03,L03AAK100016,2026-08-05 08:10:48,2026-08-05 08:12:53,2,0.503,OK,0000,0.8,OK,0000
LOT-20260805-AAK,line_03,pcb3,2026-08-05,2026-08-05 08:11:24,EQ-03-A,1,0,day,03,L03AAK100017,2026-08-05 08:11:24,2026-08-05 08:13:29,2,0.754,OK,0000,0.92,OK,0000
LOT-20260805-AAK,line_03,pcb3,2026-08-05,2026-08-05 08:11:47,EQ-03-A,1,0,day,03,L03AAK100018,2026-08-05 08:11:47,2026-08-05 08:13:44,1,0.524,OK,0000,0.88,OK,0000
LOT-20260805-AAK,line_03,pcb3,2026-08-05,2026-08-05 08:12:17,EQ-03-A,1,0,day,03,L03AAK100019,2026-08-05 08:12:17,2026-08-05 08:14:12,2,0.526,OK,0000,0.8,OK,0000
LOT-20260805-AAK,line_03,pcb3,2026-08-05,2026-08-05 08:12:52,EQ-03-A,1,0,day,03,L03AAK100020,2026-08-05 08:12:52,2026-08-05 08:14:47,1,0.438,OK,0000,0.85,OK,0000
LOT-20260805-AAK,line_03,pcb3,2026-08-05,2026-08-05 08:13:21,EQ-03-A,1,0,day,03,L03AAK100021,2026-08-05 08:13:21,2026-08-05 08:15:23,1,0.432,OK,0000,0.83,OK,0000
LOT-20260805-AAK,line_03,pcb3,2026-08-05,2026-08-05 08:13:57,EQ-03-A,1,0,day,03,L03AAK100022,2026-08-05 08:13:57,2026-08-05 08:16:00,1,0.486,OK,0000,0.84,OK,0000
LOT-20260805-AAK,line_03,pcb3,2026-08-05,2026-08-05 08:14:28,EQ-03-A,1,0,day,03,L03AAK100023,2026-08-05 08:14:28,2026-08-05 08:16:29,1,0.508,OK,0000,0.8,OK,0000
LOT-20260805-AAK,line_03,pcb3,2026-08-05,2026-08-05 08:14:50,EQ-03-A,1,0,day,03,L03AAK100024,2026-08-05 08:14:50,2026-08-05 08:16:54,1,0.392,OK,0000,0.8,OK,0000
LOT-20260805-AAK,line_03,pcb3,2026-08-05,2026-08-05 08:15:18,EQ-03-A,1,0,day,03,L03AAK100025,2026-08-05 08:15:18,2026-08-05 08:17:20,1,0.647,OK,0000,0.8,OK,0000
LOT-20260805-AAK,line_03,pcb3,2026-08-05,2026-08-05 08:15:51,EQ-03-A,1,0,day,03,L03AAK100026,2026-08-05 08:15:51,2026-08-05 08:17:53,1,0.673,OK,0000,0.9,OK,0000
LOT-20260805-AAK,line_03,pcb3,2026-08-05,2026-08-05 08:16:25,EQ-03-A,1,0,day,03,L03AAK100027,2026-08-05 08:16:25,2026-08-05 08:18:24,1,0.455,OK,0000,0.8,OK,0000
LOT-20260805-AAK,line_03,pcb3,2026-08-05,2026-08-05 08:16:58,EQ-03-A,1,0,day,03,L03AAK100028,2026-08-05 08:16:58,2026-08-05 08:19:01,1,0.446,RE,ESA0,1.24,OK,0000
LOT-20260805-AAK,line_03,pcb3,2026-08-05,2026-08-05 08:17:26,EQ-03-A,1,1,day,03,L03AAK100029,2026-08-05 08:17:26,2026-08-05 08:19:30,1,0.348,RE,ESA5,1.2,NG,ESA5
LOT-20260805-AAK,line_03,pcb3,2026-08-05,2026-08-05 08:17:49,EQ-03-A,1,0,day,03,L03AAK100030,2026-08-05 08:17:49,2026-08-05 08:19:45,1,0.73,OK,0000,0.87,OK,0000
LOT-20260805-AAK,line_03,pcb3,2026-08-05,2026-08-05 08:18:26,EQ-03-A,1,0,day,03,L03AAK100031,2026-08-05 08:18:26,2026-08-05 08:20:27,1,0.361,OK,0000,0.8,OK,0000
LOT-20260805-AAK,line_03,pcb3,2026-08-05,2026-08-05 08:18:54,EQ-03-A,1,1,day,03,L03AAK100032,2026-08-05 08:18:54,2026-08-05 08:20:57,1,0.451,RE,ESA5,1.23,NG,ESA5
LOT-20260805-AAK,line_03,pcb3,2026-08-05,2026-08-05 08:19:32,EQ-03-A,1,0,day,03,L03AAK100033,2026-08-05 08:19:32,2026-08-05 08:21:37,1,0.574,OK,0000,0.82,OK,0000
LOT-20260805-AAK,line_03,pcb3,2026-08-05,2026-08-05 08:19:55,EQ-03-A,1,1,day,03,L03AAK100034,2026-08-05 08:19:55,2026-08-05 08:22:00,1,0.577,NG,ESA5,1.99,NG,ESA5
LOT-20260805-AAK,line_03,pcb3,2026-08-05,2026-08-05 08:20:24,EQ-03-A,1,0,day,03,L03AAK100035,2026-08-05 08:20:24,2026-08-05 08:22:29,2,0.622,OK,0000,0.84,OK,0000
LOT-20260805-AAK,line_03,pcb3,2026-08-05,2026-08-05 08:20:46,EQ-03-A,1,0,day,03,L03AAK100036,2026-08-05 08:20:46,2026-08-05 08:22:44,1,0.473,OK,0000,0.83,OK,0000
LOT-20260805-AAK,line_03,pcb3,2026-08-05,2026-08-05 08:21:24,EQ-03-A,1,0,day,03,L03AAK100037,2026-08-05 08:21:24,2026-08-05 08:23:22,1,0.677,OK,0000,0.81,OK,0000
LOT-20260805-AAK,line_03,pcb3,2026-08-05,2026-08-05 08:21:45,EQ-03-A,1,0,day,03,L03AAK100038,2026-08-05 08:21:45,2026-08-05 08:23:46,2,0.507,OK,0000,0.84,OK,0000
LOT-20260805-AAK,line_03,pcb3,2026-08-05,2026-08-05 08:22:13,EQ-03-A,1,0,day,03,L03AAK100039,2026-08-05 08:22:13,2026-08-05 08:24:18,2,0.425,OK,0000,0.8,OK,0000
LOT-20260805-AAK,line_03,pcb3,2026-08-05,2026-08-05 08:22:34,EQ-03-A,1,1,day,03,L03AAK100040,2026-08-05 08:22:34,2026-08-05 08:24:33,1,0.548,RE,ESA0,1.24,NG,ESA0
LOT-20260805-AAK,line_03,pcb3,2026-08-05,2026-08-05 08:22:54,EQ-03-A,1,0,day,03,L03AAK100041,2026-08-05 08:22:54,2026-08-05 08:24:53,2,0.575,OK,0000,0.82,OK,0000
LOT-20260805-AAK,line_03,pcb3,2026-08-05,2026-08-05 08:23:28,EQ-03-A,1,0,day,03,L03AAK100042,2026-08-05 08:23:28,2026-08-05 08:25:26,1,0.683,OK,0000,0.8,OK,0000
LOT-20260805-AAK,line_03,pcb3,2026-08-05,2026-08-05 08:23:55,EQ-03-A,1,0,day,03,L03AAK100043,2026-08-05 08:23:55,2026-08-05 08:25:54,2,0.757,OK,0000,0.8,OK,0000
LOT-20260805-AAK,line_03,pcb3,2026-08-05,2026-08-05 08:24:34,EQ-03-A,1,0,day,03,L03AAK100044,2026-08-05 08:24:34,2026-08-05 08:26:34,1,0.565,RE,ESA5,1.3,OK,0000
LOT-20260805-AAK,line_03,pcb3,2026-08-05,2026-08-05 08:25:11,EQ-03-A,1,0,day,03,L03AAK100045,2026-08-05 08:25:11,2026-08-05 08:27:13,1,0.381,OK,0000,0.86,OK,0000
LOT-20260805-AAK,line_03,pcb3,2026-08-05,2026-08-05 08:25:35,EQ-03-A,1,1,day,03,L03AAK100046,2026-08-05 08:25:35,2026-08-05 08:27:32,1,0.692,RE,ESA7,1.03,NG,ESA5
LOT-20260805-AAK,line_03,pcb3,2026-08-05,2026-08-05 08:26:07,EQ-03-A,1,0,day,03,L03AAK100047,2026-08-05 08:26:07,2026-08-05 08:28:10,1,0.575,OK,0000,0.8,OK,0000
LOT-20260805-AAK,line_03,pcb3,2026-08-05,2026-08-05 08:26:38,EQ-03-A,1,0,day,03,L03AAK100048,2026-08-05 08:26:38,2026-08-05 08:28:37,2,0.355,OK,0000,0.91,OK,0000
LOT-20260805-AAK,line_03,pcb3,2026-08-05,2026-08-05 08:27:07,EQ-03-A,1,0,day,03,L03AAK100049,2026-08-05 08:27:07,2026-08-05 08:29:04,2,0.413,OK,0000,0.8,OK,0000
LOT-20260805-AAK,line_03,pcb3,2026-08-05,2026-08-05 08:27:46,EQ-03-A,1,0,day,03,L03AAK100050,2026-08-05 08:27:46,2026-08-05 08:29:47,2,0.47,OK,0000,0.92,OK,0000
LOT-20260805-AAK,line_03,pcb3,2026-08-05,2026-08-05 08:28:06,EQ-03-A,1,0,day,03,L03AAK100051,2026-08-05 08:28:06,2026-08-05 08:30:04,2,0.225,OK,0000,0.8,OK,0000
LOT-20260805-AAK,line_03,pcb3,2026-08-05,2026-08-05 08:28:38,EQ-03-A,1,0,day,03,L03AAK100052,2026-08-05 08:28:38,2026-08-05 08:30:34,1,0.725,OK,0000,0.91,OK,0000
LOT-20260805-AAK,line_03,pcb3,2026-08-05,2026-08-05 08:29:01,EQ-03-A,1,0,day,03,L03AAK100053,2026-08-05 08:29:01,2026-08-05 08:31:00,2,0.484,OK,0000,0.8,OK,0000
LOT-20260805-AAK,line_03,pcb3,2026-08-05,2026-08-05 08:29:26,EQ-03-A,1,0,day,03,L03AAK100054,2026-08-05 08:29:26,2026-08-05 08:31:27,1,0.814,OK,0000,0.9,OK,0000
LOT-20260805-AAK,line_03,pcb3,2026-08-05,2026-08-05 08:30:03,EQ-03-A,1,0,day,03,L03AAK100055,2026-08-05 08:30:03,2026-08-05 08:32:07,1,0.602,OK,0000,0.81,OK,0000
LOT-20260805-AAK,line_03,pcb3,2026-08-05,2026-08-05 08:30:31,EQ-03-A,1,0,day,03,L03AAK100056,2026-08-05 08:30:31,2026-08-05 08:32:36,2,0.493,OK,0000,0.83,OK,0000
LOT-20260805-AAK,line_03,pcb3,2026-08-05,2026-08-05 08:31:11,EQ-03-A,1,0,day,03,L03AAK100057,2026-08-05 08:31:11,2026-08-05 08:33:12,2,0.55,OK,0000,0.9,OK,0000
LOT-20260805-AAK,line_03,pcb3,2026-08-05,2026-08-05 08:31:38,EQ-03-A,1,0,day,03,L03AAK100058,2026-08-05 08:31:38,2026-08-05 08:33:40,2,0.632,OK,0000,0.8,OK,0000
LOT-20260805-AAK,line_03,pcb3,2026-08-05,2026-08-05 08:32:03,EQ-03-A,1,0,day,03,L03AAK100059,2026-08-05 08:32:03,2026-08-05 08:34:06,2,0.706,OK,0000,0.85,OK,0000
LOT-20260805-AAK,line_03,pcb3,2026-08-05,2026-08-05 08:32:33,EQ-03-A,1,0,day,03,L03AAK100060,2026-08-05 08:32:33,2026-08-05 08:34:29,2,0.603,OK,0000,0.9,OK,0000
LOT-20260805-AAK,line_03,pcb3,2026-08-05,2026-08-05 08:33:05,EQ-03-A,1,0,day,03,L03AAK100061,2026-08-05 08:33:05,2026-08-05 08:35:03,1,0.333,OK,0000,0.84,OK,0000
LOT-20260805-AAK,line_03,pcb3,2026-08-05,2026-08-05 08:33:45,EQ-03-A,1,0,day,03,L03AAK100062,2026-08-05 08:33:45,2026-08-05 08:35:48,2,0.42,OK,0000,0.8,OK,0000
LOT-20260805-AAK,line_03,pcb3,2026-08-05,2026-08-05 08:34:07,EQ-03-A,1,0,day,03,L03AAK100063,2026-08-05 08:34:07,2026-08-05 08:36:07,1,0.552,OK,0000,0.94,OK,0000
LOT-20260805-AAK,line_03,pcb3,2026-08-05,2026-08-05 08:34:46,EQ-03-A,1,0,day,03,L03AAK100064,2026-08-05 08:34:46,2026-08-05 08:36:42,1,0.224,OK,0000,0.84,OK,0000
LOT-20260805-AAK,line_03,pcb3,2026-08-05,2026-08-05 08:35:17,EQ-03-A,1,0,day,03,L03AAK100065,2026-08-05 08:35:17,2026-08-05 08:37:18,2,0.596,OK,0000,0.84,OK,0000
LOT-20260805-AAK,line_03,pcb3,2026-08-05,2026-08-05 08:35:54,EQ-03-A,1,0,day,03,L03AAK100066,2026-08-05 08:35:54,2026-08-05 08:37:56,2,0.483,OK,0000,0.8,OK,0000
LOT-20260805-AAK,line_03,pcb3,2026-08-05,2026-08-05 08:36:25,EQ-03-A,1,1,day,03,L03AAK100067,2026-08-05 08:36:25,2026-08-05 08:38:23,1,0.535,RE,ESA0,1.17,NG,ESA0
LOT-20260805-AAK,line_03,pcb3,2026-08-05,2026-08-05 08:36:55,EQ-03-A,1,0,day,03,L03AAK100068,2026-08-05 08:36:55,2026-08-05 08:38:57,2,0.172,OK,0000,0.89,OK,0000
LOT-20260805-AAK,line_03,pcb3,2026-08-05,2026-08-05 08:37:22,EQ-03-A,1,0,day,03,L03AAK100069,2026-08-05 08:37:22,2026-08-05 08:39:19,2,0.644,OK,0000,0.84,OK,0000
LOT-20260805-AAK,line_03,pcb3,2026-08-05,2026-08-05 08:37:56,EQ-03-A,1,0,day,03,L03AAK100070,2026-08-05 08:37:56,2026-08-05 08:39:56,1,0.534,OK,0000,0.88,OK,0000
LOT-20260805-AAK,line_03,pcb3,2026-08-05,2026-08-05 08:38:21,EQ-03-A,1,0,day,03,L03AAK100071,2026-08-05 08:38:21,2026-08-05 08:40:16,2,0.534,OK,0000,0.88,OK,0000
LOT-20260805-AAK,line_03,pcb3,2026-08-05,2026-08-05 08:38:54,EQ-03-A,1,0,day,03,L03AAK100072,2026-08-05 08:38:54,2026-08-05 08:40:50,2,0.455,OK,0000,0.89,OK,0000
LOT-20260805-AAK,line_03,pcb3,2026-08-05,2026-08-05 08:39:27,EQ-03-A,1,0,day,03,L03AAK100073,2026-08-05 08:39:27,2026-08-05 08:41:31,2,0.548,OK,0000,0.85,OK,0000
LOT-20260805-AAK,line_03,pcb3,2026-08-05,2026-08-05 08:40:07,EQ-03-A,1,0,day,03,L03AAK100074,2026-08-05 08:40:07,2026-08-05 08:42:02,2,0.309,OK,0000,0.85,OK,0000
LOT-20260805-AAK,line_03,pcb3,2026-08-05,2026-08-05 08:40:36,EQ-03-A,1,0,day,03,L03AAK100075,2026-08-05 08:40:36,2026-08-05 08:42:31,1,0.375,OK,0000,0.81,OK,0000
LOT-20260805-AAK,line_03,pcb3,2026-08-05,2026-08-05 08:41:07,EQ-03-A,1,0,day,03,L03AAK100076,2026-08-05 08:41:07,2026-08-05 08:43:09,2,0.378,OK,0000,0.8,OK,0000
LOT-20260805-AAK,line_03,pcb3,2026-08-05,2026-08-05 08:41:40,EQ-03-A,1,0,day,03,L03AAK100077,2026-08-05 08:41:40,2026-08-05 08:43:44,2,0.819,OK,0000,0.89,OK,0000
LOT-20260805-AAK,line_03,pcb3,2026-08-05,2026-08-05 08:42:03,EQ-03-A,1,0,day,03,L03AAK100078,2026-08-05 08:42:03,2026-08-05 08:44:00,2,0.788,OK,0000,0.8,OK,0000
LOT-20260805-AAK,line_03,pcb3,2026-08-05,2026-08-05 08:42:30,EQ-03-A,1,0,day,03,L03AAK100079,2026-08-05 08:42:30,2026-08-05 08:44:35,1,0.511,OK,0000,0.8,OK,0000
LOT-20260805-AAK,line_03,pcb3,2026-08-05,2026-08-05 08:42:52,EQ-03-A,1,0,day,03,L03AAK100080,2026-08-05 08:42:52,2026-08-05 08:44:51,1,0.396,OK,0000,0.8,OK,0000
LOT-20260805-AAK,line_03,pcb3,2026-08-05,2026-08-05 08:43:22,EQ-03-A,1,1,day,03,L03AAK100081,2026-08-05 08:43:22,2026-08-05 08:45:21,1,0.686,RE,ESA7,1.21,NG,ESA7
LOT-20260805-AAK,line_03,pcb3,2026-08-05,2026-08-05 08:44:00,EQ-03-A,1,0,day,03,L03AAK100082,2026-08-05 08:44:00,2026-08-05 08:45:55,2,0.66,OK,0000,0.86,OK,0000
LOT-20260805-AAK,line_03,pcb3,2026-08-05,2026-08-05 08:44:27,EQ-03-A,1,0,day,03,L03AAK100083,2026-08-05 08:44:27,2026-08-05 08:46:26,2,0.846,OK,0000,0.8,OK,0000
LOT-20260805-AAK,line_03,pcb3,2026-08-05,2026-08-05 08:44:52,EQ-03-A,1,0,day,03,L03AAK100084,2026-08-05 08:44:52,2026-08-05 08:46:57,1,0.689,OK,0000,0.89,OK,0000
LOT-20260805-AAK,line_03,pcb3,2026-08-05,2026-08-05 08:45:21,EQ-03-A,1,0,day,03,L03AAK100085,2026-08-05 08:45:21,2026-08-05 08:47:25,2,0.354,OK,0000,0.88,OK,0000
LOT-20260805-AAJ,line_04,pcb4,2026-08-05,2026-08-05 08:00:00,EQ-04-A,1,0,day,04,L04AAJ100004,2026-08-05 08:00:00,2026-08-05 08:01:58,1,0.376,OK,0000,0.81,OK,0000
LOT-20260805-AAJ,line_04,pcb4,2026-08-05,2026-08-05 08:00:38,EQ-04-A,1,0,day,04,L04AAJ100005,2026-08-05 08:00:38,2026-08-05 08:02:41,1,0.807,OK,0000,0.84,OK,0000
LOT-20260805-AAJ,line_04,pcb4,2026-08-05,2026-08-05 08:01:14,EQ-04-A,1,0,day,04,L04AAJ100006,2026-08-05 08:01:14,2026-08-05 08:03:14,1,0.617,OK,0000,0.81,OK,0000
LOT-20260805-AAJ,line_04,pcb4,2026-08-05,2026-08-05 08:01:54,EQ-04-A,1,0,day,04,L04AAJ100007,2026-08-05 08:01:54,2026-08-05 08:03:54,2,0.383,OK,0000,0.88,OK,0000
LOT-20260805-AAJ,line_04,pcb4,2026-08-05,2026-08-05 08:02:26,EQ-04-A,1,0,day,04,L04AAJ100008,2026-08-05 08:02:26,2026-08-05 08:04:29,1,0.298,NG,ESA5,1.76,OK,0000
LOT-20260805-AAJ,line_04,pcb4,2026-08-05,2026-08-05 08:03:01,EQ-04-A,1,0,day,04,L04AAJ100009,2026-08-05 08:03:01,2026-08-05 08:04:59,1,0.505,OK,0000,0.84,OK,0000
LOT-20260805-AAJ,line_04,pcb4,2026-08-05,2026-08-05 08:03:30,EQ-04-A,1,0,day,04,L04AAJ100010,2026-08-05 08:03:30,2026-08-05 08:05:26,1,0.473,OK,0000,0.86,OK,0000
LOT-20260805-AAJ,line_04,pcb4,2026-08-05,2026-08-05 08:04:10,EQ-04-A,1,0,day,04,L04AAJ100011,2026-08-05 08:04:10,2026-08-05 08:06:15,2,0.604,OK,0000,0.87,OK,0000
LOT-20260805-AAJ,line_04,pcb4,2026-08-05,2026-08-05 08:04:30,EQ-04-A,1,0,day,04,L04AAJ100012,2026-08-05 08:04:30,2026-08-05 08:06:33,2,0.352,RE,ESA5,1.22,OK,0000
LOT-20260805-AAJ,line_04,pcb4,2026-08-05,2026-08-05 08:04:57,EQ-04-A,1,0,day,04,L04AAJ100013,2026-08-05 08:04:57,2026-08-05 08:07:00,1,0.679,OK,0000,0.88,OK,0000
LOT-20260805-AAJ,line_04,pcb4,2026-08-05,2026-08-05 08:05:19,EQ-04-A,1,1,day,04,L04AAJ100014,2026-08-05 08:05:19,2026-08-05 08:07:22,2,0.294,RE,ESA6,1.29,NG,ESA6
LOT-20260805-AAJ,line_04,pcb4,2026-08-05,2026-08-05 08:05:41,EQ-04-A,1,0,day,04,L04AAJ100015,2026-08-05 08:05:41,2026-08-05 08:07:40,2,0.203,OK,0000,0.84,OK,0000
LOT-20260805-AAJ,line_04,pcb4,2026-08-05,2026-08-05 08:06:06,EQ-04-A,1,0,day,04,L04AAJ100016,2026-08-05 08:06:06,2026-08-05 08:08:08,1,0.785,OK,0000,0.8,OK,0000
LOT-20260805-AAJ,line_04,pcb4,2026-08-05,2026-08-05 08:06:31,EQ-04-A,1,0,day,04,L04AAJ100017,2026-08-05 08:06:31,2026-08-05 08:08:27,2,0.375,OK,0000,0.87,OK,0000
LOT-20260805-AAJ,line_04,pcb4,2026-08-05,2026-08-05 08:06:57,EQ-04-A,1,0,day,04,L04AAJ100018,2026-08-05 08:06:57,2026-08-05 08:08:54,1,0.269,OK,0000,0.81,OK,0000
LOT-20260805-AAJ,line_04,pcb4,2026-08-05,2026-08-05 08:07:33,EQ-04-A,1,0,day,04,L04AAJ100019,2026-08-05 08:07:33,2026-08-05 08:09:37,1,0.589,OK,0000,0.81,OK,0000
LOT-20260805-AAJ,line_04,pcb4,2026-08-05,2026-08-05 08:08:08,EQ-04-A,1,0,day,04,L04AAJ100020,2026-08-05 08:08:08,2026-08-05 08:10:08,1,0.465,OK,0000,0.87,OK,0000
LOT-20260805-AAJ,line_04,pcb4,2026-08-05,2026-08-05 08:08:48,EQ-04-A,1,0,day,04,L04AAJ100021,2026-08-05 08:08:48,2026-08-05 08:10:50,1,0.563,OK,0000,0.85,OK,0000
LOT-20260805-AAJ,line_04,pcb4,2026-08-05,2026-08-05 08:09:14,EQ-04-A,1,0,day,04,L04AAJ100022,2026-08-05 08:09:14,2026-08-05 08:11:13,1,0.449,OK,0000,0.85,OK,0000
LOT-20260805-AAJ,line_04,pcb4,2026-08-05,2026-08-05 08:09:52,EQ-04-A,1,0,day,04,L04AAJ100023,2026-08-05 08:09:52,2026-08-05 08:11:54,1,0.481,OK,0000,0.86,OK,0000
LOT-20260805-AAJ,line_04,pcb4,2026-08-05,2026-08-05 08:10:32,EQ-04-A,1,0,day,04,L04AAJ100024,2026-08-05 08:10:32,2026-08-05 08:12:34,1,0.425,OK,0000,0.83,OK,0000
LOT-20260805-AAJ,line_04,pcb4,2026-08-05,2026-08-05 08:10:52,EQ-04-A,1,0,day,04,L04AAJ100025,2026-08-05 08:10:52,2026-08-05 08:12:57,1,0.352,OK,0000,0.84,OK,0000
LOT-20260805-AAJ,line_04,pcb4,2026-08-05,2026-08-05 08:11:17,EQ-04-A,1,0,day,04,L04AAJ100026,2026-08-05 08:11:17,2026-08-05 08:13:22,1,0.378,OK,0000,0.8,OK,0000
LOT-20260805-AAJ,line_04,pcb4,2026-08-05,2026-08-05 08:11:46,EQ-04-A,1,0,day,04,L04AAJ100027,2026-08-05 08:11:46,2026-08-05 08:13:51,2,0.539,OK,0000,0.85,OK,0000
LOT-20260805-AAJ,line_04,pcb4,2026-08-05,2026-08-05 08:12:23,EQ-04-A,1,0,day,04,L04AAJ100028,2026-08-05 08:12:23,2026-08-05 08:14:20,1,0.617,OK,0000,0.82,OK,0000
LOT-20260805-AAJ,line_04,pcb4,2026-08-05,2026-08-05 08:12:58,EQ-04-A,1,0,day,04,L04AAJ100029,2026-08-05 08:12:58,2026-08-05 08:15:00,1,0.561,OK,0000,0.86,OK,0000
LOT-20260805-AAJ,line_04,pcb4,2026-08-05,2026-08-05 08:13:23,EQ-04-A,1,0,day,04,L04AAJ100030,2026-08-05 08:13:23,2026-08-05 08:15:19,1,0.567,OK,0000,0.81,OK,0000
LOT-20260805-AAJ,line_04,pcb4,2026-08-05,2026-08-05 08:13:57,EQ-04-A,1,0,day,04,L04AAJ100031,2026-08-05 08:13:57,2026-08-05 08:15:55,2,0.522,OK,0000,0.85,OK,0000
LOT-20260805-AAJ,line_04,pcb4,2026-08-05,2026-08-05 08:14:20,EQ-04-A,1,0,day,04,L04AAJ100032,2026-08-05 08:14:20,2026-08-05 08:16:20,1,0.501,OK,0000,0.8,OK,0000
LOT-20260805-AAJ,line_04,pcb4,2026-08-05,2026-08-05 08:14:56,EQ-04-A,1,0,day,04,L04AAJ100033,2026-08-05 08:14:56,2026-08-05 08:16:54,2,0.524,OK,0000,0.93,OK,0000
LOT-20260805-AAJ,line_04,pcb4,2026-08-05,2026-08-05 08:15:34,EQ-04-A,1,0,day,04,L04AAJ100034,2026-08-05 08:15:34,2026-08-05 08:17:35,2,0.446,OK,0000,0.81,OK,0000
LOT-20260805-AAJ,line_04,pcb4,2026-08-05,2026-08-05 08:15:59,EQ-04-A,1,0,day,04,L04AAJ100035,2026-08-05 08:15:59,2026-08-05 08:18:02,2,0.556,OK,0000,0.85,OK,0000
LOT-20260805-AAJ,line_04,pcb4,2026-08-05,2026-08-05 08:16:34,EQ-04-A,1,0,day,04,L04AAJ100036,2026-08-05 08:16:34,2026-08-05 08:18:33,2,0.679,OK,0000,0.8,OK,0000
LOT-20260805-AAJ,line_04,pcb4,2026-08-05,2026-08-05 08:17:01,EQ-04-A,1,0,day,04,L04AAJ100037,2026-08-05 08:17:01,2026-08-05 08:19:00,1,0.61,OK,0000,0.86,OK,0000
LOT-20260805-AAJ,line_04,pcb4,2026-08-05,2026-08-05 08:17:32,EQ-04-A,1,0,day,04,L04AAJ100038,2026-08-05 08:17:32,2026-08-05 08:19:32,1,0.479,OK,0000,0.85,OK,0000
LOT-20260805-AAJ,line_04,pcb4,2026-08-05,2026-08-05 08:18:06,EQ-04-A,1,0,day,04,L04AAJ100039,2026-08-05 08:18:06,2026-08-05 08:20:01,1,0.654,OK,0000,0.87,OK,0000
LOT-20260805-AAJ,line_04,pcb4,2026-08-05,2026-08-05 08:18:38,EQ-04-A,1,1,day,04,L04AAJ100040,2026-08-05 08:18:38,2026-08-05 08:20:35,2,0.329,RE,ESA1,1.33,NG,ESA1
LOT-20260805-AAJ,line_04,pcb4,2026-08-05,2026-08-05 08:19:12,EQ-04-A,1,1,day,04,L04AAJ100041,2026-08-05 08:19:12,2026-08-05 08:21:11,2,0.49,RE,ESA6,1.26,NG,ESA6
LOT-20260805-AAJ,line_04,pcb4,2026-08-05,2026-08-05 08:19:41,EQ-04-A,1,0,day,04,L04AAJ100042,2026-08-05 08:19:41,2026-08-05 08:21:44,2,0.511,OK,0000,0.83,OK,0000
LOT-20260805-AAJ,line_04,pcb4,2026-08-05,2026-08-05 08:20:18,EQ-04-A,1,0,day,04,L04AAJ100043,2026-08-05 08:20:18,2026-08-05 08:22:20,1,0.679,OK,0000,0.84,OK,0000
LOT-20260805-AAJ,line_04,pcb4,2026-08-05,2026-08-05 08:20:46,EQ-04-A,1,0,day,04,L04AAJ100044,2026-08-05 08:20:46,2026-08-05 08:22:48,1,0.332,RE,ESA7,1.21,OK,0000
LOT-20260805-AAJ,line_04,pcb4,2026-08-05,2026-08-05 08:21:24,EQ-04-A,1,0,day,04,L04AAJ100045,2026-08-05 08:21:24,2026-08-05 08:23:22,2,0.527,OK,0000,0.89,OK,0000
LOT-20260805-AAJ,line_04,pcb4,2026-08-05,2026-08-05 08:21:52,EQ-04-A,1,0,day,04,L04AAJ100046,2026-08-05 08:21:52,2026-08-05 08:23:47,1,0.59,OK,0000,0.81,OK,0000
LOT-20260805-AAJ,line_04,pcb4,2026-08-05,2026-08-05 08:22:32,EQ-04-A,1,0,day,04,L04AAJ100047,2026-08-05 08:22:32,2026-08-05 08:24:31,1,0.873,OK,0000,0.85,OK,0000
LOT-20260805-AAJ,line_04,pcb4,2026-08-05,2026-08-05 08:22:55,EQ-04-A,1,0,day,04,L04AAJ100048,2026-08-05 08:22:55,2026-08-05 08:24:56,2,0.691,OK,0000,0.83,OK,0000
LOT-20260805-AAJ,line_04,pcb4,2026-08-05,2026-08-05 08:23:19,EQ-04-A,1,0,day,04,L04AAJ100049,2026-08-05 08:23:19,2026-08-05 08:25:22,1,0.58,OK,0000,0.87,OK,0000
LOT-20260805-AAJ,line_04,pcb4,2026-08-05,2026-08-05 08:23:41,EQ-04-A,1,0,day,04,L04AAJ100050,2026-08-05 08:23:41,2026-08-05 08:25:46,2,0.683,OK,0000,0.88,OK,0000
LOT-20260805-AAJ,line_04,pcb4,2026-08-05,2026-08-05 08:24:09,EQ-04-A,1,0,day,04,L04AAJ100051,2026-08-05 08:24:09,2026-08-05 08:26:06,2,0.631,OK,0000,0.83,OK,0000
LOT-20260805-AAJ,line_04,pcb4,2026-08-05,2026-08-05 08:24:31,EQ-04-A,1,0,day,04,L04AAJ100052,2026-08-05 08:24:31,2026-08-05 08:26:31,2,0.414,OK,0000,0.85,OK,0000
LOT-20260805-AAJ,line_04,pcb4,2026-08-05,2026-08-05 08:25:05,EQ-04-A,1,0,day,04,L04AAJ100053,2026-08-05 08:25:05,2026-08-05 08:27:03,1,0.64,OK,0000,0.83,OK,0000
LOT-20260805-AAJ,line_04,pcb4,2026-08-05,2026-08-05 08:25:39,EQ-04-A,1,0,day,04,L04AAJ100054,2026-08-05 08:25:39,2026-08-05 08:27:38,2,0.66,OK,0000,0.9,OK,0000
LOT-20260805-AAJ,line_04,pcb4,2026-08-05,2026-08-05 08:26:07,EQ-04-A,1,0,day,04,L04AAJ100055,2026-08-05 08:26:07,2026-08-05 08:28:12,1,0.363,OK,0000,0.81,OK,0000
LOT-20260805-AAJ,line_04,pcb4,2026-08-05,2026-08-05 08:26:40,EQ-04-A,1,0,day,04,L04AAJ100056,2026-08-05 08:26:40,2026-08-05 08:28:43,2,0.479,RE,ESA0,1.28,OK,0000
LOT-20260805-AAJ,line_04,pcb4,2026-08-05,2026-08-05 08:27:01,EQ-04-A,1,0,day,04,L04AAJ100057,2026-08-05 08:27:01,2026-08-05 08:29:04,2,0.421,OK,0000,0.89,OK,0000
LOT-20260805-AAJ,line_04,pcb4,2026-08-05,2026-08-05 08:27:31,EQ-04-A,1,0,day,04,L04AAJ100058,2026-08-05 08:27:31,2026-08-05 08:29:36,2,0.564,OK,0000,0.84,OK,0000
LOT-20260805-AAJ,line_04,pcb4,2026-08-05,2026-08-05 08:27:53,EQ-04-A,1,0,day,04,L04AAJ100059,2026-08-05 08:27:53,2026-08-05 08:29:49,1,0.285,OK,0000,0.8,OK,0000
LOT-20260805-AAJ,line_04,pcb4,2026-08-05,2026-08-05 08:28:30,EQ-04-A,1,0,day,04,L04AAJ100060,2026-08-05 08:28:30,2026-08-05 08:30:34,2,0.542,OK,0000,0.8,OK,0000
LOT-20260805-AAJ,line_04,pcb4,2026-08-05,2026-08-05 08:29:04,EQ-04-A,1,0,day,04,L04AAJ100061,2026-08-05 08:29:04,2026-08-05 08:31:09,2,0.652,OK,0000,0.83,OK,0000
LOT-20260805-AAJ,line_04,pcb4,2026-08-05,2026-08-05 08:29:37,EQ-04-A,1,0,day,04,L04AAJ100062,2026-08-05 08:29:37,2026-08-05 08:31:34,1,0.986,OK,0000,0.93,OK,0000
LOT-20260805-AAJ,line_04,pcb4,2026-08-05,2026-08-05 08:30:17,EQ-04-A,1,0,day,04,L04AAJ100063,2026-08-05 08:30:17,2026-08-05 08:32:19,2,0.473,OK,0000,0.84,OK,0000
LOT-20260805-AAJ,line_04,pcb4,2026-08-05,2026-08-05 08:30:53,EQ-04-A,1,1,day,04,L04AAJ100064,2026-08-05 08:30:53,2026-08-05 08:32:48,2,0.649,RE,ESA2,1.42,NG,ESA2
LOT-20260805-AAJ,line_04,pcb4,2026-08-05,2026-08-05 08:31:25,EQ-04-A,1,0,day,04,L04AAJ100065,2026-08-05 08:31:25,2026-08-05 08:33:23,1,0.254,OK,0000,0.8,OK,0000
LOT-20260805-AAJ,line_04,pcb4,2026-08-05,2026-08-05 08:31:55,EQ-04-A,1,0,day,04,L04AAJ100066,2026-08-05 08:31:55,2026-08-05 08:34:00,2,0.407,OK,0000,0.86,OK,0000
LOT-20260805-AAJ,line_04,pcb4,2026-08-05,2026-08-05 08:32:25,EQ-04-A,1,0,day,04,L04AAJ100067,2026-08-05 08:32:25,2026-08-05 08:34:29,2,0.575,OK,0000,0.88,OK,0000
LOT-20260805-AAJ,line_04,pcb4,2026-08-05,2026-08-05 08:32:56,EQ-04-A,1,0,day,04,L04AAJ100068,2026-08-05 08:32:56,2026-08-05 08:34:54,1,0.32,RE,ESA0,1.02,OK,0000
LOT-20260805-AAJ,line_04,pcb4,2026-08-05,2026-08-05 08:33:20,EQ-04-A,1,1,day,04,L04AAJ100069,2026-08-05 08:33:20,2026-08-05 08:35:17,1,0.629,RE,ESA4,1.17,NG,ESA4
LOT-20260805-AAJ,line_04,pcb4,2026-08-05,2026-08-05 08:33:57,EQ-04-A,1,0,day,04,L04AAJ100070,2026-08-05 08:33:57,2026-08-05 08:36:02,1,0.197,OK,0000,0.85,OK,0000
LOT-20260805-AAJ,line_04,pcb4,2026-08-05,2026-08-05 08:34:23,EQ-04-A,1,1,day,04,L04AAJ100071,2026-08-05 08:34:23,2026-08-05 08:36:21,2,0.619,RE,ESA6,1.24,NG,ESA6
LOT-20260805-AAJ,line_04,pcb4,2026-08-05,2026-08-05 08:34:49,EQ-04-A,1,0,day,04,L04AAJ100072,2026-08-05 08:34:49,2026-08-05 08:36:45,1,0.431,OK,0000,0.83,OK,0000
LOT-20260805-AAJ,line_04,pcb4,2026-08-05,2026-08-05 08:35:21,EQ-04-A,1,0,day,04,L04AAJ100073,2026-08-05 08:35:21,2026-08-05 08:37:19,1,0.444,OK,0000,0.8,OK,0000
LOT-20260805-AAJ,line_04,pcb4,2026-08-05,2026-08-05 08:35:53,EQ-04-A,1,0,day,04,L04AAJ100074,2026-08-05 08:35:53,2026-08-05 08:37:54,2,0.393,OK,0000,0.86,OK,0000
LOT-20260805-AAJ,line_04,pcb4,2026-08-05,2026-08-05 08:36:31,EQ-04-A,1,0,day,04,L04AAJ100075,2026-08-05 08:36:31,2026-08-05 08:38:35,1,0.548,OK,0000,0.85,OK,0000
LOT-20260805-AAJ,line_04,pcb4,2026-08-05,2026-08-05 08:37:07,EQ-04-A,1,0,day,04,L04AAJ100076,2026-08-05 08:37:07,2026-08-05 08:39:09,1,0.351,OK,0000,0.83,OK,0000
LOT-20260805-AAJ,line_04,pcb4,2026-08-05,2026-08-05 08:37:46,EQ-04-A,1,0,day,04,L04AAJ100077,2026-08-05 08:37:46,2026-08-05 08:39:44,2,0.173,OK,0000,0.85,OK,0000
LOT-20260805-AAJ,line_04,pcb4,2026-08-05,2026-08-05 08:38:08,EQ-04-A,1,0,day,04,L04AAJ100078,2026-08-05 08:38:08,2026-08-05 08:40:04,1,0.714,OK,0000,0.8,OK,0000
LOT-20260805-AAJ,line_04,pcb4,2026-08-05,2026-08-05 08:38:42,EQ-04-A,1,0,day,04,L04AAJ100079,2026-08-05 08:38:42,2026-08-05 08:40:38,1,0.412,OK,0000,0.85,OK,0000
LOT-20260805-AAJ,line_04,pcb4,2026-08-05,2026-08-05 08:39:13,EQ-04-A,1,0,day,04,L04AAJ100080,2026-08-05 08:39:13,2026-08-05 08:41:18,1,0.688,OK,0000,0.82,OK,0000
LOT-20260805-AAJ,line_04,pcb4,2026-08-05,2026-08-05 08:39:42,EQ-04-A,1,0,day,04,L04AAJ100081,2026-08-05 08:39:42,2026-08-05 08:41:43,1,0.396,OK,0000,0.8,OK,0000
LOT-20260805-AAJ,line_04,pcb4,2026-08-05,2026-08-05 08:40:17,EQ-04-A,1,0,day,04,L04AAJ100082,2026-08-05 08:40:17,2026-08-05 08:42:17,1,0.516,OK,0000,0.92,OK,0000
LOT-20260805-AAJ,line_04,pcb4,2026-08-05,2026-08-05 08:40:38,EQ-04-A,1,0,day,04,L04AAJ100083,2026-08-05 08:40:38,2026-08-05 08:42:35,1,0.542,OK,0000,0.84,OK,0000
LOT-20260805-AAJ,line_04,pcb4,2026-08-05,2026-08-05 08:41:14,EQ-04-A,1,0,day,04,L04AAJ100084,2026-08-05 08:41:14,2026-08-05 08:43:09,2,0.548,OK,0000,0.84,OK,0000
LOT-20260805-AAJ,line_04,pcb4,2026-08-05,2026-08-05 08:41:53,EQ-04-A,1,0,day,04,L04AAJ100085,2026-08-05 08:41:53,2026-08-05 08:43:53,1,0.378,OK,0000,0.87,OK,0000
LOT-20260805-AAJ,line_04,pcb4,2026-08-05,2026-08-05 08:42:32,EQ-04-A,1,0,day,04,L04AAJ100086,2026-08-05 08:42:32,2026-08-05 08:44:35,2,0.534,OK,0000,0.84,OK,0000
LOT-20260805-AAJ,line_04,pcb4,2026-08-05,2026-08-05 08:42:56,EQ-04-A,1,0,day,04,L04AAJ100087,2026-08-05 08:42:56,2026-08-05 08:44:52,1,0.354,OK,0000,0.89,OK,0000
LOT-20260805-AAJ,line_04,pcb4,2026-08-05,2026-08-05 08:43:21,EQ-04-A,1,1,day,04,L04AAJ100088,2026-08-05 08:43:21,2026-08-05 08:45:21,2,0.6,RE,ESA4,1.19,NG,ESA4
LOT-20260805-AAJ,line_04,pcb4,2026-08-05,2026-08-05 08:43:49,EQ-04-A,1,0,day,04,L04AAJ100089,2026-08-05 08:43:49,2026-08-05 08:45:51,2,0.65,OK,0000,0.82,OK,0000
LOT-20260805-AAJ,line_04,pcb4,2026-08-05,2026-08-05 08:44:10,EQ-04-A,1,0,day,04,L04AAJ100090,2026-08-05 08:44:10,2026-08-05 08:46:13,2,0.383,OK,0000,0.81,OK,0000
LOT-20260805-AAJ,line_04,pcb4,2026-08-05,2026-08-05 08:44:42,EQ-04-A,1,0,day,04,L04AAJ100091,2026-08-05 08:44:42,2026-08-05 08:46:38,1,0.234,OK,0000,0.86,OK,0000
LOT-20260805-AAJ,line_04,pcb4,2026-08-05,2026-08-05 08:45:02,EQ-04-A,1,0,day,04,L04AAJ100092,2026-08-05 08:45:02,2026-08-05 08:46:58,2,0.225,OK,0000,0.8,OK,0000
LOT-20260805-AAJ,line_04,pcb4,2026-08-05,2026-08-05 08:45:25,EQ-04-A,1,0,day,04,L04AAJ100093,2026-08-05 08:45:25,2026-08-05 08:47:28,1,0.189,OK,0000,0.84,OK,0000
LOT-20260805-AAJ,line_04,pcb4,2026-08-05,2026-08-05 08:45:59,EQ-04-A,1,0,day,04,L04AAJ100094,2026-08-05 08:45:59,2026-08-05 08:47:58,1,0.477,OK,0000,0.83,OK,0000
LOT-20260805-AAJ,line_04,pcb4,2026-08-05,2026-08-05 08:46:34,EQ-04-A,1,0,day,04,L04AAJ100095,2026-08-05 08:46:34,2026-08-05 08:48:39,1,0.344,OK,0000,0.8,OK,0000
LOT-20260805-AAJ,line_04,pcb4,2026-08-05,2026-08-05 08:47:11,EQ-04-A,1,0,day,04,L04AAJ100096,2026-08-05 08:47:11,2026-08-05 08:49:13,2,0.57,OK,0000,0.82,OK,0000
LOT-20260805-AAJ,line_04,pcb4,2026-08-05,2026-08-05 08:47:46,EQ-04-A,1,0,day,04,L04AAJ100097,2026-08-05 08:47:46,2026-08-05 08:49:44,1,0.547,OK,0000,0.8,OK,0000
LOT-20260805-AAJ,line_04,pcb4,2026-08-05,2026-08-05 08:48:22,EQ-04-A,1,0,day,04,L04AAJ100098,2026-08-05 08:48:22,2026-08-05 08:50:18,2,0.527,OK,0000,0.89,OK,0000
LOT-20260805-AAJ,line_04,pcb4,2026-08-05,2026-08-05 08:48:45,EQ-04-A,1,0,day,04,L04AAJ100099,2026-08-05 08:48:45,2026-08-05 08:50:43,1,0.588,OK,0000,0.82,OK,0000
LOT-20260805-AAJ,line_04,pcb4,2026-08-05,2026-08-05 08:49:12,EQ-04-A,1,0,day,04,L04AAJ100100,2026-08-05 08:49:12,2026-08-05 08:51:14,2,0.539,OK,0000,0.83,OK,0000
LOT-20260805-AAJ,line_04,pcb4,2026-08-05,2026-08-05 08:49:50,EQ-04-A,1,0,day,04,L04AAJ100101,2026-08-05 08:49:50,2026-08-05 08:51:47,1,0.501,OK,0000,0.83,OK,0000
LOT-20260805-AAJ,line_04,pcb4,2026-08-05,2026-08-05 08:50:20,EQ-04-A,1,0,day,04,L04AAJ100102,2026-08-05 08:50:20,2026-08-05 08:52:15,2,0.475,OK,0000,0.85,OK,0000
LOT-20260805-AAJ,line_04,pcb4,2026-08-05,2026-08-05 08:50:52,EQ-04-A,1,0,day,04,L04AAJ100103,2026-08-05 08:50:52,2026-08-05 08:52:47,2,0.351,OK,0000,0.8,OK,0000
LOT-20260805-AAJ,line_04,pcb4,2026-08-05,2026-08-05 08:51:16,EQ-04-A,1,0,day,04,L04AAJ100104,2026-08-05 08:51:16,2026-08-05 08:53:17,1,0.292,OK,0000,0.8,OK,0000
LOT-20260805-AAJ,line_04,pcb4,2026-08-05,2026-08-05 08:51:46,EQ-04-A,1,0,day,04,L04AAJ100105,2026-08-05 08:51:46,2026-08-05 08:53:44,2,0.317,OK,0000,0.85,OK,0000
LOT-20260805-AAJ,line_04,pcb4,2026-08-05,2026-08-05 08:52:26,EQ-04-A,1,0,day,04,L04AAJ100106,2026-08-05 08:52:26,2026-08-05 08:54:24,2,0.366,OK,0000,0.86,OK,0000
LOT-20260806-AAH,line_01,pcb1,2026-08-06,2026-08-06 08:00:00,EQ-01-A,1,0,day,01,L01AAH100193,2026-08-06 08:00:00,2026-08-06 08:01:59,2,0.598,OK,0000,0.87,OK,0000
LOT-20260806-AAH,line_01,pcb1,2026-08-06,2026-08-06 08:00:40,EQ-01-A,1,0,day,01,L01AAH100194,2026-08-06 08:00:40,2026-08-06 08:02:37,1,0.351,OK,0000,0.86,OK,0000
LOT-20260806-AAH,line_01,pcb1,2026-08-06,2026-08-06 08:01:08,EQ-01-A,1,0,day,01,L01AAH100195,2026-08-06 08:01:08,2026-08-06 08:03:10,2,0.372,OK,0000,0.84,OK,0000
LOT-20260806-AAH,line_01,pcb1,2026-08-06,2026-08-06 08:01:31,EQ-01-A,1,1,day,01,L01AAH100196,2026-08-06 08:01:31,2026-08-06 08:03:27,1,0.31,RE,ESA5,1.07,NG,ESA5
LOT-20260806-AAH,line_01,pcb1,2026-08-06,2026-08-06 08:02:02,EQ-01-A,1,0,day,01,L01AAH100197,2026-08-06 08:02:02,2026-08-06 08:04:04,1,0.443,OK,0000,0.84,OK,0000
LOT-20260806-AAH,line_01,pcb1,2026-08-06,2026-08-06 08:02:25,EQ-01-A,1,0,day,01,L01AAH100198,2026-08-06 08:02:25,2026-08-06 08:04:25,1,0.44,OK,0000,0.8,OK,0000
LOT-20260806-AAH,line_01,pcb1,2026-08-06,2026-08-06 08:02:54,EQ-01-A,1,0,day,01,L01AAH100199,2026-08-06 08:02:54,2026-08-06 08:04:57,1,0.44,OK,0000,0.85,OK,0000
LOT-20260806-AAH,line_01,pcb1,2026-08-06,2026-08-06 08:03:19,EQ-01-A,1,0,day,01,L01AAH100200,2026-08-06 08:03:19,2026-08-06 08:05:17,2,0.493,RE,ESA5,1.27,OK,0000
LOT-20260806-AAL,line_01,pcb1,2026-08-06,2026-08-06 08:03:43,EQ-01-A,1,0,day,01,L01AAL100001,2026-08-06 08:03:43,2026-08-06 08:05:46,2,0.399,OK,0000,0.89,OK,0000
LOT-20260806-AAL,line_01,pcb1,2026-08-06,2026-08-06 08:04:22,EQ-01-A,1,0,day,01,L01AAL100002,2026-08-06 08:04:22,2026-08-06 08:06:17,1,0.324,OK,0000,0.86,OK,0000
LOT-20260806-AAL,line_01,pcb1,2026-08-06,2026-08-06 08:04:59,EQ-01-A,1,0,day,01,L01AAL100003,2026-08-06 08:04:59,2026-08-06 08:07:02,1,0.677,OK,0000,0.86,OK,0000
LOT-20260806-AAL,line_01,pcb1,2026-08-06,2026-08-06 08:05:24,EQ-01-A,1,0,day,01,L01AAL100004,2026-08-06 08:05:24,2026-08-06 08:07:29,1,0.47,OK,0000,0.82,OK,0000
LOT-20260806-AAL,line_01,pcb1,2026-08-06,2026-08-06 08:06:03,EQ-01-A,1,0,day,01,L01AAL100005,2026-08-06 08:06:03,2026-08-06 08:08:06,1,0.655,OK,0000,0.8,OK,0000
LOT-20260806-AAL,line_01,pcb1,2026-08-06,2026-08-06 08:06:42,EQ-01-A,1,0,day,01,L01AAL100006,2026-08-06 08:06:42,2026-08-06 08:08:43,1,0.354,OK,0000,0.82,OK,0000
LOT-20260806-AAL,line_01,pcb1,2026-08-06,2026-08-06 08:07:11,EQ-01-A,1,0,day,01,L01AAL100007,2026-08-06 08:07:11,2026-08-06 08:09:13,1,0.686,OK,0000,0.86,OK,0000
LOT-20260806-AAL,line_01,pcb1,2026-08-06,2026-08-06 08:07:45,EQ-01-A,1,0,day,01,L01AAL100008,2026-08-06 08:07:45,2026-08-06 08:09:41,2,0.355,OK,0000,0.83,OK,0000
LOT-20260806-AAL,line_01,pcb1,2026-08-06,2026-08-06 08:08:13,EQ-01-A,1,1,day,01,L01AAL100009,2026-08-06 08:08:13,2026-08-06 08:10:17,2,0.408,RE,ESA7,1.18,NG,ESA7
LOT-20260806-AAL,line_01,pcb1,2026-08-06,2026-08-06 08:08:52,EQ-01-A,1,0,day,01,L01AAL100010,2026-08-06 08:08:52,2026-08-06 08:10:49,1,0.647,OK,0000,0.8,OK,0000
LOT-20260806-AAL,line_01,pcb1,2026-08-06,2026-08-06 08:09:19,EQ-01-A,1,0,day,01,L01AAL100011,2026-08-06 08:09:19,2026-08-06 08:11:23,1,0.741,OK,0000,0.87,OK,0000
LOT-20260806-AAL,line_01,pcb1,2026-08-06,2026-08-06 08:09:45,EQ-01-A,1,0,day,01,L01AAL100012,2026-08-06 08:09:45,2026-08-06 08:11:44,2,0.664,OK,0000,0.82,OK,0000
LOT-20260806-AAL,line_01,pcb1,2026-08-06,2026-08-06 08:10:09,EQ-01-A,1,0,day,01,L01AAL100013,2026-08-06 08:10:09,2026-08-06 08:12:14,1,0.478,OK,0000,0.8,OK,0000
LOT-20260806-AAL,line_01,pcb1,2026-08-06,2026-08-06 08:10:33,EQ-01-A,1,0,day,01,L01AAL100014,2026-08-06 08:10:33,2026-08-06 08:12:33,2,0.421,OK,0000,0.86,OK,0000
LOT-20260806-AAL,line_01,pcb1,2026-08-06,2026-08-06 08:10:53,EQ-01-A,1,0,day,01,L01AAL100015,2026-08-06 08:10:53,2026-08-06 08:12:58,1,0.694,OK,0000,0.8,OK,0000
LOT-20260806-AAL,line_01,pcb1,2026-08-06,2026-08-06 08:11:32,EQ-01-A,1,0,day,01,L01AAL100016,2026-08-06 08:11:32,2026-08-06 08:13:28,2,0.445,OK,0000,0.83,OK,0000
LOT-20260806-AAL,line_01,pcb1,2026-08-06,2026-08-06 08:12:09,EQ-01-A,1,1,day,01,L01AAL100017,2026-08-06 08:12:09,2026-08-06 08:14:09,2,0.291,RE,ESA6,1.31,NG,ESA6
LOT-20260806-AAL,line_01,pcb1,2026-08-06,2026-08-06 08:12:37,EQ-01-A,1,0,day,01,L01AAL100018,2026-08-06 08:12:37,2026-08-06 08:14:42,1,0.391,OK,0000,0.83,OK,0000
LOT-20260806-AAL,line_01,pcb1,2026-08-06,2026-08-06 08:13:11,EQ-01-A,1,0,day,01,L01AAL100019,2026-08-06 08:13:11,2026-08-06 08:15:13,1,0.432,OK,0000,0.81,OK,0000
LOT-20260806-AAL,line_01,pcb1,2026-08-06,2026-08-06 08:13:40,EQ-01-A,1,0,day,01,L01AAL100020,2026-08-06 08:13:40,2026-08-06 08:15:44,2,0.499,OK,0000,0.83,OK,0000
LOT-20260806-AAL,line_01,pcb1,2026-08-06,2026-08-06 08:14:19,EQ-01-A,1,0,day,01,L01AAL100021,2026-08-06 08:14:19,2026-08-06 08:16:21,1,0.444,OK,0000,0.81,OK,0000
LOT-20260806-AAL,line_01,pcb1,2026-08-06,2026-08-06 08:14:52,EQ-01-A,1,0,day,01,L01AAL100022,2026-08-06 08:14:52,2026-08-06 08:16:51,2,0.548,OK,0000,0.91,OK,0000
LOT-20260806-AAL,line_01,pcb1,2026-08-06,2026-08-06 08:15:20,EQ-01-A,1,0,day,01,L01AAL100023,2026-08-06 08:15:20,2026-08-06 08:17:25,2,0.521,OK,0000,0.88,OK,0000
LOT-20260806-AAL,line_01,pcb1,2026-08-06,2026-08-06 08:15:48,EQ-01-A,1,0,day,01,L01AAL100024,2026-08-06 08:15:48,2026-08-06 08:17:50,2,0.291,OK,0000,0.85,OK,0000
LOT-20260806-AAL,line_01,pcb1,2026-08-06,2026-08-06 08:16:15,EQ-01-A,1,0,day,01,L01AAL100025,2026-08-06 08:16:15,2026-08-06 08:18:14,2,0.335,OK,0000,0.8,OK,0000
LOT-20260806-AAL,line_01,pcb1,2026-08-06,2026-08-06 08:16:38,EQ-01-A,1,0,day,01,L01AAL100026,2026-08-06 08:16:38,2026-08-06 08:18:42,1,0.389,OK,0000,0.89,OK,0000
LOT-20260806-AAL,line_01,pcb1,2026-08-06,2026-08-06 08:17:16,EQ-01-A,1,0,day,01,L01AAL100027,2026-08-06 08:17:16,2026-08-06 08:19:17,2,0.643,OK,0000,0.85,OK,0000
LOT-20260806-AAL,line_01,pcb1,2026-08-06,2026-08-06 08:17:37,EQ-01-A,1,0,day,01,L01AAL100028,2026-08-06 08:17:37,2026-08-06 08:19:33,1,0.27,OK,0000,0.83,OK,0000
LOT-20260806-AAL,line_01,pcb1,2026-08-06,2026-08-06 08:18:15,EQ-01-A,1,0,day,01,L01AAL100029,2026-08-06 08:18:15,2026-08-06 08:20:19,1,0.545,OK,0000,0.85,OK,0000
LOT-20260806-AAL,line_01,pcb1,2026-08-06,2026-08-06 08:18:54,EQ-01-A,1,0,day,01,L01AAL100030,2026-08-06 08:18:54,2026-08-06 08:20:54,2,0.223,OK,0000,0.8,OK,0000
LOT-20260806-AAL,line_01,pcb1,2026-08-06,2026-08-06 08:19:34,EQ-01-A,1,0,day,01,L01AAL100031,2026-08-06 08:19:34,2026-08-06 08:21:37,2,0.49,OK,0000,0.86,OK,0000
LOT-20260806-AAL,line_01,pcb1,2026-08-06,2026-08-06 08:19:55,EQ-01-A,1,0,day,01,L01AAL100032,2026-08-06 08:19:55,2026-08-06 08:21:56,1,0.171,OK,0000,0.83,OK,0000
LOT-20260806-AAL,line_01,pcb1,2026-08-06,2026-08-06 08:20:15,EQ-01-A,1,0,day,01,L01AAL100033,2026-08-06 08:20:15,2026-08-06 08:22:15,1,0.521,RE,ESA4,1.33,OK,0000
LOT-20260806-AAL,line_01,pcb1,2026-08-06,2026-08-06 08:20:38,EQ-01-A,1,0,day,01,L01AAL100034,2026-08-06 08:20:38,2026-08-06 08:22:38,1,0.604,OK,0000,0.86,OK,0000
LOT-20260806-AAL,line_01,pcb1,2026-08-06,2026-08-06 08:21:09,EQ-01-A,1,0,day,01,L01AAL100035,2026-08-06 08:21:09,2026-08-06 08:23:04,1,0.38,OK,0000,0.8,OK,0000
LOT-20260806-AAL,line_01,pcb1,2026-08-06,2026-08-06 08:21:39,EQ-01-A,1,0,day,01,L01AAL100036,2026-08-06 08:21:39,2026-08-06 08:23:36,2,0.441,OK,0000,0.88,OK,0000
LOT-20260806-AAL,line_01,pcb1,2026-08-06,2026-08-06 08:22:05,EQ-01-A,1,0,day,01,L01AAL100037,2026-08-06 08:22:05,2026-08-06 08:24:06,2,0.709,OK,0000,0.87,OK,0000
LOT-20260806-AAL,line_01,pcb1,2026-08-06,2026-08-06 08:22:36,EQ-01-A,1,0,day,01,L01AAL100038,2026-08-06 08:22:36,2026-08-06 08:24:32,1,0.564,OK,0000,0.86,OK,0000
LOT-20260806-AAL,line_01,pcb1,2026-08-06,2026-08-06 08:23:06,EQ-01-A,1,0,day,01,L01AAL100039,2026-08-06 08:23:06,2026-08-06 08:25:04,2,0.417,OK,0000,0.83,OK,0000
LOT-20260806-AAL,line_01,pcb1,2026-08-06,2026-08-06 08:23:36,EQ-01-A,1,0,day,01,L01AAL100040,2026-08-06 08:23:36,2026-08-06 08:25:41,1,0.75,OK,0000,0.8,OK,0000
LOT-20260806-AAL,line_01,pcb1,2026-08-06,2026-08-06 08:24:08,EQ-01-A,1,0,day,01,L01AAL100041,2026-08-06 08:24:08,2026-08-06 08:26:09,1,0.742,OK,0000,0.83,OK,0000
LOT-20260806-AAL,line_01,pcb1,2026-08-06,2026-08-06 08:24:34,EQ-01-A,1,0,day,01,L01AAL100042,2026-08-06 08:24:34,2026-08-06 08:26:36,2,0.699,OK,0000,0.8,OK,0000
LOT-20260806-AAL,line_01,pcb1,2026-08-06,2026-08-06 08:25:05,EQ-01-A,1,0,day,01,L01AAL100043,2026-08-06 08:25:05,2026-08-06 08:27:01,2,0.588,OK,0000,0.81,OK,0000
LOT-20260806-AAL,line_01,pcb1,2026-08-06,2026-08-06 08:25:31,EQ-01-A,1,0,day,01,L01AAL100044,2026-08-06 08:25:31,2026-08-06 08:27:34,2,0.288,OK,0000,0.85,OK,0000
LOT-20260806-AAL,line_01,pcb1,2026-08-06,2026-08-06 08:26:00,EQ-01-A,1,0,day,01,L01AAL100045,2026-08-06 08:26:00,2026-08-06 08:27:56,1,0.651,OK,0000,0.81,OK,0000
LOT-20260806-AAL,line_01,pcb1,2026-08-06,2026-08-06 08:26:26,EQ-01-A,1,0,day,01,L01AAL100046,2026-08-06 08:26:26,2026-08-06 08:28:31,2,0.275,OK,0000,0.84,OK,0000
LOT-20260806-AAL,line_01,pcb1,2026-08-06,2026-08-06 08:26:58,EQ-01-A,1,0,day,01,L01AAL100047,2026-08-06 08:26:58,2026-08-06 08:28:58,1,0.487,OK,0000,0.86,OK,0000
LOT-20260806-AAL,line_01,pcb1,2026-08-06,2026-08-06 08:27:30,EQ-01-A,1,0,day,01,L01AAL100048,2026-08-06 08:27:30,2026-08-06 08:29:29,2,0.642,OK,0000,0.84,OK,0000
LOT-20260806-AAL,line_01,pcb1,2026-08-06,2026-08-06 08:28:09,EQ-01-A,1,0,day,01,L01AAL100049,2026-08-06 08:28:09,2026-08-06 08:30:11,1,0.778,OK,0000,0.85,OK,0000
LOT-20260806-AAL,line_01,pcb1,2026-08-06,2026-08-06 08:28:30,EQ-01-A,1,0,day,01,L01AAL100050,2026-08-06 08:28:30,2026-08-06 08:30:25,1,0.448,OK,0000,0.8,OK,0000
LOT-20260806-AAL,line_01,pcb1,2026-08-06,2026-08-06 08:29:05,EQ-01-A,1,0,day,01,L01AAL100051,2026-08-06 08:29:05,2026-08-06 08:31:03,2,0.461,RE,ESA0,1.22,OK,0000
LOT-20260806-AAL,line_01,pcb1,2026-08-06,2026-08-06 08:29:39,EQ-01-A,1,0,day,01,L01AAL100052,2026-08-06 08:29:39,2026-08-06 08:31:43,2,0.644,OK,0000,0.86,OK,0000
LOT-20260806-AAL,line_01,pcb1,2026-08-06,2026-08-06 08:30:14,EQ-01-A,1,0,day,01,L01AAL100053,2026-08-06 08:30:14,2026-08-06 08:32:18,1,0.323,OK,0000,0.85,OK,0000
LOT-20260806-AAL,line_01,pcb1,2026-08-06,2026-08-06 08:30:40,EQ-01-A,1,0,day,01,L01AAL100054,2026-08-06 08:30:40,2026-08-06 08:32:45,2,0.601,OK,0000,0.9,OK,0000
LOT-20260806-AAL,line_01,pcb1,2026-08-06,2026-08-06 08:31:18,EQ-01-A,1,0,day,01,L01AAL100055,2026-08-06 08:31:18,2026-08-06 08:33:18,1,0.633,OK,0000,0.87,OK,0000
LOT-20260806-AAL,line_01,pcb1,2026-08-06,2026-08-06 08:31:46,EQ-01-A,1,1,day,01,L01AAL100056,2026-08-06 08:31:46,2026-08-06 08:33:44,2,0.509,RE,ESA5,1.29,NG,ESA5
LOT-20260806-AAL,line_01,pcb1,2026-08-06,2026-08-06 08:32:16,EQ-01-A,1,0,day,01,L01AAL100057,2026-08-06 08:32:16,2026-08-06 08:34:14,2,0.687,OK,0000,0.8,OK,0000
LOT-20260806-AAL,line_01,pcb1,2026-08-06,2026-08-06 08:32:53,EQ-01-A,1,0,day,01,L01AAL100058,2026-08-06 08:32:53,2026-08-06 08:34:56,2,0.448,OK,0000,0.81,OK,0000
LOT-20260806-AAL,line_01,pcb1,2026-08-06,2026-08-06 08:33:28,EQ-01-A,1,0,day,01,L01AAL100059,2026-08-06 08:33:28,2026-08-06 08:35:26,2,0.557,OK,0000,0.89,OK,0000
LOT-20260806-AAL,line_01,pcb1,2026-08-06,2026-08-06 08:33:59,EQ-01-A,1,0,day,01,L01AAL100060,2026-08-06 08:33:59,2026-08-06 08:35:57,1,0.41,OK,0000,0.8,OK,0000
LOT-20260806-AAL,line_01,pcb1,2026-08-06,2026-08-06 08:34:33,EQ-01-A,1,1,day,01,L01AAL100061,2026-08-06 08:34:33,2026-08-06 08:36:35,2,0.438,NG,ESA5,1.89,NG,ESA5
LOT-20260806-AAL,line_01,pcb1,2026-08-06,2026-08-06 08:35:08,EQ-01-A,1,0,day,01,L01AAL100062,2026-08-06 08:35:08,2026-08-06 08:37:10,2,0.581,OK,0000,0.86,OK,0000
LOT-20260806-AAL,line_01,pcb1,2026-08-06,2026-08-06 08:35:45,EQ-01-A,1,1,day,01,L01AAL100063,2026-08-06 08:35:45,2026-08-06 08:37:42,2,0.458,RE,ESA7,1.12,NG,ESA7
LOT-20260806-AAL,line_01,pcb1,2026-08-06,2026-08-06 08:36:07,EQ-01-A,1,0,day,01,L01AAL100064,2026-08-06 08:36:07,2026-08-06 08:38:02,1,0.577,OK,0000,0.81,OK,0000
LOT-20260806-AAL,line_01,pcb1,2026-08-06,2026-08-06 08:36:46,EQ-01-A,1,0,day,01,L01AAL100065,2026-08-06 08:36:46,2026-08-06 08:38:47,2,0.828,OK,0000,0.86,OK,0000
LOT-20260806-AAL,line_01,pcb1,2026-08-06,2026-08-06 08:37:12,EQ-01-A,1,0,day,01,L01AAL100066,2026-08-06 08:37:12,2026-08-06 08:39:11,1,0.413,OK,0000,0.82,OK,0000
LOT-20260806-AAL,line_01,pcb1,2026-08-06,2026-08-06 08:37:42,EQ-01-A,1,0,day,01,L01AAL100067,2026-08-06 08:37:42,2026-08-06 08:39:43,2,0.486,OK,0000,0.83,OK,0000
LOT-20260806-AAL,line_01,pcb1,2026-08-06,2026-08-06 08:38:06,EQ-01-A,1,0,day,01,L01AAL100068,2026-08-06 08:38:06,2026-08-06 08:40:01,1,0.668,OK,0000,0.85,OK,0000
LOT-20260806-AAL,line_01,pcb1,2026-08-06,2026-08-06 08:38:45,EQ-01-A,1,0,day,01,L01AAL100069,2026-08-06 08:38:45,2026-08-06 08:40:41,1,0.39,OK,0000,0.92,OK,0000
LOT-20260806-AAL,line_01,pcb1,2026-08-06,2026-08-06 08:39:24,EQ-01-A,1,0,day,01,L01AAL100070,2026-08-06 08:39:24,2026-08-06 08:41:22,2,0.507,OK,0000,0.87,OK,0000
LOT-20260806-AAL,line_01,pcb1,2026-08-06,2026-08-06 08:39:51,EQ-01-A,1,0,day,01,L01AAL100071,2026-08-06 08:39:51,2026-08-06 08:41:48,2,0.409,OK,0000,0.85,OK,0000
LOT-20260806-AAL,line_01,pcb1,2026-08-06,2026-08-06 08:40:11,EQ-01-A,1,0,day,01,L01AAL100072,2026-08-06 08:40:11,2026-08-06 08:42:07,2,0.547,OK,0000,0.8,OK,0000
LOT-20260806-AAL,line_01,pcb1,2026-08-06,2026-08-06 08:40:34,EQ-01-A,1,0,day,01,L01AAL100073,2026-08-06 08:40:34,2026-08-06 08:42:35,1,0.802,OK,0000,0.89,OK,0000
LOT-20260806-AAL,line_01,pcb1,2026-08-06,2026-08-06 08:41:07,EQ-01-A,1,0,day,01,L01AAL100074,2026-08-06 08:41:07,2026-08-06 08:43:04,1,0.44,OK,0000,0.8,OK,0000
LOT-20260806-AAL,line_01,pcb1,2026-08-06,2026-08-06 08:41:30,EQ-01-A,1,0,day,01,L01AAL100075,2026-08-06 08:41:30,2026-08-06 08:43:29,1,0.552,OK,0000,0.84,OK,0000
LOT-20260806-AAL,line_01,pcb1,2026-08-06,2026-08-06 08:42:05,EQ-01-A,1,0,day,01,L01AAL100076,2026-08-06 08:42:05,2026-08-06 08:44:05,2,0.553,OK,0000,0.85,OK,0000
LOT-20260806-AAL,line_01,pcb1,2026-08-06,2026-08-06 08:42:45,EQ-01-A,1,0,day,01,L01AAL100077,2026-08-06 08:42:45,2026-08-06 08:44:48,1,0.576,OK,0000,0.9,OK,0000
LOT-20260806-AAL,line_01,pcb1,2026-08-06,2026-08-06 08:43:13,EQ-01-A,1,1,day,01,L01AAL100078,2026-08-06 08:43:13,2026-08-06 08:45:08,1,0.585,NG,ESA0,1.7,NG,ESA0
LOT-20260806-AAL,line_01,pcb1,2026-08-06,2026-08-06 08:43:44,EQ-01-A,1,0,day,01,L01AAL100079,2026-08-06 08:43:44,2026-08-06 08:45:44,1,0.704,OK,0000,0.91,OK,0000
LOT-20260806-AAL,line_01,pcb1,2026-08-06,2026-08-06 08:44:16,EQ-01-A,1,0,day,01,L01AAL100080,2026-08-06 08:44:16,2026-08-06 08:46:16,2,0.973,OK,0000,0.8,OK,0000
LOT-20260806-AAL,line_01,pcb1,2026-08-06,2026-08-06 08:44:38,EQ-01-A,1,0,day,01,L01AAL100081,2026-08-06 08:44:38,2026-08-06 08:46:35,1,0.536,OK,0000,0.8,OK,0000
LOT-20260806-AAL,line_01,pcb1,2026-08-06,2026-08-06 08:45:15,EQ-01-A,1,0,day,01,L01AAL100082,2026-08-06 08:45:15,2026-08-06 08:47:12,1,0.583,OK,0000,0.82,OK,0000
LOT-20260806-AAL,line_01,pcb1,2026-08-06,2026-08-06 08:45:54,EQ-01-A,1,0,day,01,L01AAL100083,2026-08-06 08:45:54,2026-08-06 08:47:51,1,0.789,RE,ESA8,1.17,OK,0000
LOT-20260806-AAL,line_01,pcb1,2026-08-06,2026-08-06 08:46:30,EQ-01-A,1,0,day,01,L01AAL100084,2026-08-06 08:46:30,2026-08-06 08:48:26,2,0.247,OK,0000,0.82,OK,0000
LOT-20260806-AAL,line_01,pcb1,2026-08-06,2026-08-06 08:46:59,EQ-01-A,1,0,day,01,L01AAL100085,2026-08-06 08:46:59,2026-08-06 08:49:03,1,0.204,OK,0000,0.87,OK,0000
LOT-20260806-AAL,line_01,pcb1,2026-08-06,2026-08-06 08:47:35,EQ-01-A,1,0,day,01,L01AAL100086,2026-08-06 08:47:35,2026-08-06 08:49:32,2,0.19,OK,0000,0.84,OK,0000
LOT-20260806-AAL,line_01,pcb1,2026-08-06,2026-08-06 08:48:14,EQ-01-A,1,0,day,01,L01AAL100087,2026-08-06 08:48:14,2026-08-06 08:50:17,2,0.188,OK,0000,0.83,OK,0000
LOT-20260806-AAL,line_01,pcb1,2026-08-06,2026-08-06 08:48:46,EQ-01-A,1,0,day,01,L01AAL100088,2026-08-06 08:48:46,2026-08-06 08:50:42,1,0.747,OK,0000,0.85,OK,0000
LOT-20260806-AAL,line_01,pcb1,2026-08-06,2026-08-06 08:49:16,EQ-01-A,1,1,day,01,L01AAL100089,2026-08-06 08:49:16,2026-08-06 08:51:18,2,0.37,RE,ESA7,1.25,NG,ESA0
LOT-20260806-AAL,line_01,pcb1,2026-08-06,2026-08-06 08:49:42,EQ-01-A,1,0,day,01,L01AAL100090,2026-08-06 08:49:42,2026-08-06 08:51:47,1,0.503,OK,0000,0.86,OK,0000
LOT-20260806-AAL,line_01,pcb1,2026-08-06,2026-08-06 08:50:20,EQ-01-A,1,0,day,01,L01AAL100091,2026-08-06 08:50:20,2026-08-06 08:52:20,2,0.295,OK,0000,0.86,OK,0000
LOT-20260806-AAL,line_01,pcb1,2026-08-06,2026-08-06 08:50:56,EQ-01-A,1,0,day,01,L01AAL100092,2026-08-06 08:50:56,2026-08-06 08:52:59,1,0.094,OK,0000,0.81,OK,0000
LOT-20260806-AAI,line_02,pcb2,2026-08-06,2026-08-06 08:00:00,EQ-02-A,1,0,day,02,L02AAI100102,2026-08-06 08:00:00,2026-08-06 08:01:58,2,0.503,OK,0000,0.8,OK,0000
LOT-20260806-AAI,line_02,pcb2,2026-08-06,2026-08-06 08:00:29,EQ-02-A,1,0,day,02,L02AAI100103,2026-08-06 08:00:29,2026-08-06 08:02:25,1,0.352,OK,0000,0.85,OK,0000
LOT-20260806-AAI,line_02,pcb2,2026-08-06,2026-08-06 08:01:04,EQ-02-A,1,0,day,02,L02AAI100104,2026-08-06 08:01:04,2026-08-06 08:03:08,1,0.488,OK,0000,0.82,OK,0000
LOT-20260806-AAI,line_02,pcb2,2026-08-06,2026-08-06 08:01:36,EQ-02-A,1,1,day,02,L02AAI100105,2026-08-06 08:01:36,2026-08-06 08:03:41,2,0.428,NG,ESA6,1.87,NG,ESA6
LOT-20260806-AAI,line_02,pcb2,2026-08-06,2026-08-06 08:01:57,EQ-02-A,1,0,day,02,L02AAI100106,2026-08-06 08:01:57,2026-08-06 08:04:01,2,0.422,OK,0000,0.84,OK,0000
LOT-20260806-AAI,line_02,pcb2,2026-08-06,2026-08-06 08:02:35,EQ-02-A,1,0,day,02,L02AAI100107,2026-08-06 08:02:35,2026-08-06 08:04:38,1,0.825,OK,0000,0.8,OK,0000
LOT-20260806-AAI,line_02,pcb2,2026-08-06,2026-08-06 08:02:55,EQ-02-A,1,0,day,02,L02AAI100108,2026-08-06 08:02:55,2026-08-06 08:04:58,2,0.222,OK,0000,0.87,OK,0000
LOT-20260806-AAI,line_02,pcb2,2026-08-06,2026-08-06 08:03:16,EQ-02-A,1,0,day,02,L02AAI100109,2026-08-06 08:03:16,2026-08-06 08:05:19,2,0.398,OK,0000,0.83,OK,0000
LOT-20260806-AAI,line_02,pcb2,2026-08-06,2026-08-06 08:03:52,EQ-02-A,1,0,day,02,L02AAI100110,2026-08-06 08:03:52,2026-08-06 08:05:47,1,0.383,OK,0000,0.83,OK,0000
LOT-20260806-AAI,line_02,pcb2,2026-08-06,2026-08-06 08:04:18,EQ-02-A,1,0,day,02,L02AAI100111,2026-08-06 08:04:18,2026-08-06 08:06:18,2,0.74,OK,0000,0.87,OK,0000
LOT-20260806-AAI,line_02,pcb2,2026-08-06,2026-08-06 08:04:40,EQ-02-A,1,0,day,02,L02AAI100112,2026-08-06 08:04:40,2026-08-06 08:06:44,1,0.629,OK,0000,0.8,OK,0000
LOT-20260806-AAI,line_02,pcb2,2026-08-06,2026-08-06 08:05:00,EQ-02-A,1,0,day,02,L02AAI100113,2026-08-06 08:05:00,2026-08-06 08:06:56,1,0.327,OK,0000,0.8,OK,0000
LOT-20260806-AAI,line_02,pcb2,2026-08-06,2026-08-06 08:05:29,EQ-02-A,1,0,day,02,L02AAI100114,2026-08-06 08:05:29,2026-08-06 08:07:29,2,0.379,OK,0000,0.88,OK,0000
LOT-20260806-AAI,line_02,pcb2,2026-08-06,2026-08-06 08:05:54,EQ-02-A,1,0,day,02,L02AAI100115,2026-08-06 08:05:54,2026-08-06 08:07:55,1,0.578,OK,0000,0.83,OK,0000
LOT-20260806-AAI,line_02,pcb2,2026-08-06,2026-08-06 08:06:15,EQ-02-A,1,0,day,02,L02AAI100116,2026-08-06 08:06:15,2026-08-06 08:08:14,2,0.497,OK,0000,0.81,OK,0000
LOT-20260806-AAI,line_02,pcb2,2026-08-06,2026-08-06 08:06:48,EQ-02-A,1,0,day,02,L02AAI100117,2026-08-06 08:06:48,2026-08-06 08:08:47,2,0.531,OK,0000,0.87,OK,0000
LOT-20260806-AAI,line_02,pcb2,2026-08-06,2026-08-06 08:07:14,EQ-02-A,1,0,day,02,L02AAI100118,2026-08-06 08:07:14,2026-08-06 08:09:15,1,0.258,OK,0000,0.85,OK,0000
LOT-20260806-AAI,line_02,pcb2,2026-08-06,2026-08-06 08:07:34,EQ-02-A,1,1,day,02,L02AAI100119,2026-08-06 08:07:34,2026-08-06 08:09:32,1,0.64,RE,ESA0,1.21,NG,ESA0
LOT-20260806-AAI,line_02,pcb2,2026-08-06,2026-08-06 08:08:09,EQ-02-A,1,0,day,02,L02AAI100120,2026-08-06 08:08:09,2026-08-06 08:10:11,2,0.605,OK,0000,0.95,OK,0000
LOT-20260806-AAI,line_02,pcb2,2026-08-06,2026-08-06 08:08:33,EQ-02-A,1,0,day,02,L02AAI100121,2026-08-06 08:08:33,2026-08-06 08:10:29,2,0.484,OK,0000,0.86,OK,0000
LOT-20260806-AAI,line_02,pcb2,2026-08-06,2026-08-06 08:08:58,EQ-02-A,1,0,day,02,L02AAI100122,2026-08-06 08:08:58,2026-08-06 08:10:58,2,0.389,OK,0000,0.85,OK,0000
LOT-20260806-AAI,line_02,pcb2,2026-08-06,2026-08-06 08:09:23,EQ-02-A,1,0,day,02,L02AAI100123,2026-08-06 08:09:23,2026-08-06 08:11:24,2,0.569,OK,0000,0.85,OK,0000
LOT-20260806-AAI,line_02,pcb2,2026-08-06,2026-08-06 08:09:52,EQ-02-A,1,0,day,02,L02AAI100124,2026-08-06 08:09:52,2026-08-06 08:11:48,1,0.347,OK,0000,0.85,OK,0000
LOT-20260806-AAI,line_02,pcb2,2026-08-06,2026-08-06 08:10:15,EQ-02-A,1,0,day,02,L02AAI100125,2026-08-06 08:10:15,2026-08-06 08:12:11,2,0.719,OK,0000,0.86,OK,0000
LOT-20260806-AAI,line_02,pcb2,2026-08-06,2026-08-06 08:10:52,EQ-02-A,1,0,day,02,L02AAI100126,2026-08-06 08:10:52,2026-08-06 08:12:47,1,0.644,RE,ESA1,1.23,OK,0000
LOT-20260806-AAI,line_02,pcb2,2026-08-06,2026-08-06 08:11:27,EQ-02-A,1,0,day,02,L02AAI100127,2026-08-06 08:11:27,2026-08-06 08:13:23,1,0.612,OK,0000,0.85,OK,0000
LOT-20260806-AAI,line_02,pcb2,2026-08-06,2026-08-06 08:11:54,EQ-02-A,1,0,day,02,L02AAI100128,2026-08-06 08:11:54,2026-08-06 08:13:56,2,0.357,OK,0000,0.85,OK,0000
LOT-20260806-AAI,line_02,pcb2,2026-08-06,2026-08-06 08:12:33,EQ-02-A,1,1,day,02,L02AAI100129,2026-08-06 08:12:33,2026-08-06 08:14:31,2,0.351,RE,ESA0,1.19,NG,ESA0
LOT-20260806-AAI,line_02,pcb2,2026-08-06,2026-08-06 08:12:59,EQ-02-A,1,0,day,02,L02AAI100130,2026-08-06 08:12:59,2026-08-06 08:14:58,1,0.528,OK,0000,0.85,OK,0000
LOT-20260806-AAI,line_02,pcb2,2026-08-06,2026-08-06 08:13:24,EQ-02-A,1,0,day,02,L02AAI100131,2026-08-06 08:13:24,2026-08-06 08:15:25,1,0.322,OK,0000,0.88,OK,0000
LOT-20260806-AAI,line_02,pcb2,2026-08-06,2026-08-06 08:13:56,EQ-02-A,1,0,day,02,L02AAI100132,2026-08-06 08:13:56,2026-08-06 08:15:53,1,0.586,OK,0000,0.81,OK,0000
LOT-20260806-AAI,line_02,pcb2,2026-08-06,2026-08-06 08:14:36,EQ-02-A,1,0,day,02,L02AAI100133,2026-08-06 08:14:36,2026-08-06 08:16:38,2,0.269,OK,0000,0.83,OK,0000
LOT-20260806-AAI,line_02,pcb2,2026-08-06,2026-08-06 08:14:58,EQ-02-A,1,0,day,02,L02AAI100134,2026-08-06 08:14:58,2026-08-06 08:16:55,2,0.433,OK,0000,0.84,OK,0000
LOT-20260806-AAI,line_02,pcb2,2026-08-06,2026-08-06 08:15:22,EQ-02-A,1,1,day,02,L02AAI100135,2026-08-06 08:15:22,2026-08-06 08:17:18,2,0.446,RE,ESA7,1.05,NG,ESA7
LOT-20260806-AAI,line_02,pcb2,2026-08-06,2026-08-06 08:15:55,EQ-02-A,1,0,day,02,L02AAI100136,2026-08-06 08:15:55,2026-08-06 08:17:55,1,0.442,OK,0000,0.83,OK,0000
LOT-20260806-AAI,line_02,pcb2,2026-08-06,2026-08-06 08:16:26,EQ-02-A,1,1,day,02,L02AAI100137,2026-08-06 08:16:26,2026-08-06 08:18:21,1,0.595,RE,ESA5,1.18,NG,ESA5
LOT-20260806-AAI,line_02,pcb2,2026-08-06,2026-08-06 08:16:58,EQ-02-A,1,0,day,02,L02AAI100138,2026-08-06 08:16:58,2026-08-06 08:18:56,1,0.752,RE,ESA7,1.06,OK,0000
LOT-20260806-AAI,line_02,pcb2,2026-08-06,2026-08-06 08:17:38,EQ-02-A,1,0,day,02,L02AAI100139,2026-08-06 08:17:38,2026-08-06 08:19:42,1,0.697,OK,0000,0.83,OK,0000
LOT-20260806-AAI,line_02,pcb2,2026-08-06,2026-08-06 08:18:18,EQ-02-A,1,0,day,02,L02AAI100140,2026-08-06 08:18:18,2026-08-06 08:20:16,2,0.629,OK,0000,0.84,OK,0000
LOT-20260806-AAI,line_02,pcb2,2026-08-06,2026-08-06 08:18:53,EQ-02-A,1,0,day,02,L02AAI100141,2026-08-06 08:18:53,2026-08-06 08:20:55,2,0.671,OK,0000,0.82,OK,0000
LOT-20260806-AAI,line_02,pcb2,2026-08-06,2026-08-06 08:19:28,EQ-02-A,1,0,day,02,L02AAI100142,2026-08-06 08:19:28,2026-08-06 08:21:28,1,0.335,OK,0000,0.9,OK,0000
LOT-20260806-AAI,line_02,pcb2,2026-08-06,2026-08-06 08:19:55,EQ-02-A,1,0,day,02,L02AAI100143,2026-08-06 08:19:55,2026-08-06 08:21:56,2,0.483,RE,ESA2,1.27,OK,0000
LOT-20260806-AAI,line_02,pcb2,2026-08-06,2026-08-06 08:20:23,EQ-02-A,1,0,day,02,L02AAI100144,2026-08-06 08:20:23,2026-08-06 08:22:18,1,0.685,OK,0000,0.8,OK,0000
LOT-20260806-AAI,line_02,pcb2,2026-08-06,2026-08-06 08:20:57,EQ-02-A,1,0,day,02,L02AAI100145,2026-08-06 08:20:57,2026-08-06 08:22:58,2,0.589,OK,0000,0.82,OK,0000
LOT-20260806-AAI,line_02,pcb2,2026-08-06,2026-08-06 08:21:21,EQ-02-A,1,0,day,02,L02AAI100146,2026-08-06 08:21:21,2026-08-06 08:23:22,1,0.48,OK,0000,0.84,OK,0000
LOT-20260806-AAI,line_02,pcb2,2026-08-06,2026-08-06 08:21:54,EQ-02-A,1,0,day,02,L02AAI100147,2026-08-06 08:21:54,2026-08-06 08:23:56,1,0.275,OK,0000,0.81,OK,0000
LOT-20260806-AAI,line_02,pcb2,2026-08-06,2026-08-06 08:22:25,EQ-02-A,1,0,day,02,L02AAI100148,2026-08-06 08:22:25,2026-08-06 08:24:28,1,0.703,OK,0000,0.88,OK,0000
LOT-20260806-AAI,line_02,pcb2,2026-08-06,2026-08-06 08:22:51,EQ-02-A,1,0,day,02,L02AAI100149,2026-08-06 08:22:51,2026-08-06 08:24:56,1,0.491,OK,0000,0.85,OK,0000
LOT-20260806-AAI,line_02,pcb2,2026-08-06,2026-08-06 08:23:30,EQ-02-A,1,0,day,02,L02AAI100150,2026-08-06 08:23:30,2026-08-06 08:25:31,2,0.456,OK,0000,0.89,OK,0000
LOT-20260806-AAI,line_02,pcb2,2026-08-06,2026-08-06 08:24:01,EQ-02-A,1,0,day,02,L02AAI100151,2026-08-06 08:24:01,2026-08-06 08:25:57,2,0.47,OK,0000,0.85,OK,0000
LOT-20260806-AAI,line_02,pcb2,2026-08-06,2026-08-06 08:24:38,EQ-02-A,1,0,day,02,L02AAI100152,2026-08-06 08:24:38,2026-08-06 08:26:42,1,0.672,OK,0000,0.81,OK,0000
LOT-20260806-AAI,line_02,pcb2,2026-08-06,2026-08-06 08:25:11,EQ-02-A,1,0,day,02,L02AAI100153,2026-08-06 08:25:11,2026-08-06 08:27:08,2,0.734,OK,0000,0.8,OK,0000
LOT-20260806-AAI,line_02,pcb2,2026-08-06,2026-08-06 08:25:43,EQ-02-A,1,0,day,02,L02AAI100154,2026-08-06 08:25:43,2026-08-06 08:27:38,1,0.744,OK,0000,0.83,OK,0000
LOT-20260806-AAI,line_02,pcb2,2026-08-06,2026-08-06 08:26:09,EQ-02-A,1,0,day,02,L02AAI100155,2026-08-06 08:26:09,2026-08-06 08:28:14,2,0.464,OK,0000,0.8,OK,0000
LOT-20260806-AAI,line_02,pcb2,2026-08-06,2026-08-06 08:26:47,EQ-02-A,1,0,day,02,L02AAI100156,2026-08-06 08:26:47,2026-08-06 08:28:45,1,0.432,OK,0000,0.8,OK,0000
LOT-20260806-AAI,line_02,pcb2,2026-08-06,2026-08-06 08:27:11,EQ-02-A,1,0,day,02,L02AAI100157,2026-08-06 08:27:11,2026-08-06 08:29:08,1,0.409,OK,0000,0.83,OK,0000
LOT-20260806-AAI,line_02,pcb2,2026-08-06,2026-08-06 08:27:46,EQ-02-A,1,0,day,02,L02AAI100158,2026-08-06 08:27:46,2026-08-06 08:29:51,2,0.644,OK,0000,0.85,OK,0000
LOT-20260806-AAI,line_02,pcb2,2026-08-06,2026-08-06 08:28:07,EQ-02-A,1,0,day,02,L02AAI100159,2026-08-06 08:28:07,2026-08-06 08:30:02,1,0.546,OK,0000,0.8,OK,0000
LOT-20260806-AAI,line_02,pcb2,2026-08-06,2026-08-06 08:28:28,EQ-02-A,1,0,day,02,L02AAI100160,2026-08-06 08:28:28,2026-08-06 08:30:28,2,0.368,OK,0000,0.91,OK,0000
LOT-20260806-AAI,line_02,pcb2,2026-08-06,2026-08-06 08:28:54,EQ-02-A,1,0,day,02,L02AAI100161,2026-08-06 08:28:54,2026-08-06 08:30:50,2,0.39,OK,0000,0.91,OK,0000
LOT-20260806-AAI,line_02,pcb2,2026-08-06,2026-08-06 08:29:25,EQ-02-A,1,0,day,02,L02AAI100162,2026-08-06 08:29:25,2026-08-06 08:31:27,1,0.464,OK,0000,0.84,OK,0000
LOT-20260806-AAI,line_02,pcb2,2026-08-06,2026-08-06 08:30:00,EQ-02-A,1,0,day,02,L02AAI100163,2026-08-06 08:30:00,2026-08-06 08:32:03,2,0.661,OK,0000,0.89,OK,0000
LOT-20260806-AAI,line_02,pcb2,2026-08-06,2026-08-06 08:30:25,EQ-02-A,1,0,day,02,L02AAI100164,2026-08-06 08:30:25,2026-08-06 08:32:28,1,0.483,OK,0000,0.82,OK,0000
LOT-20260806-AAI,line_02,pcb2,2026-08-06,2026-08-06 08:31:04,EQ-02-A,1,0,day,02,L02AAI100165,2026-08-06 08:31:04,2026-08-06 08:33:03,2,0.492,OK,0000,0.85,OK,0000
LOT-20260806-AAI,line_02,pcb2,2026-08-06,2026-08-06 08:31:31,EQ-02-A,1,0,day,02,L02AAI100166,2026-08-06 08:31:31,2026-08-06 08:33:33,2,0.634,OK,0000,0.84,OK,0000
LOT-20260806-AAI,line_02,pcb2,2026-08-06,2026-08-06 08:31:54,EQ-02-A,1,1,day,02,L02AAI100167,2026-08-06 08:31:54,2026-08-06 08:33:55,1,0.593,RE,ESA5,1.41,NG,ESA5
LOT-20260806-AAI,line_02,pcb2,2026-08-06,2026-08-06 08:32:29,EQ-02-A,1,0,day,02,L02AAI100168,2026-08-06 08:32:29,2026-08-06 08:34:31,2,0.557,RE,ESA5,1.28,OK,0000
LOT-20260806-AAI,line_02,pcb2,2026-08-06,2026-08-06 08:33:07,EQ-02-A,1,1,day,02,L02AAI100169,2026-08-06 08:33:07,2026-08-06 08:35:07,2,0.272,RE,ESA5,1.01,NG,ESA5
LOT-20260806-AAI,line_02,pcb2,2026-08-06,2026-08-06 08:33:29,EQ-02-A,1,0,day,02,L02AAI100170,2026-08-06 08:33:29,2026-08-06 08:35:30,1,0.558,OK,0000,0.84,OK,0000
LOT-20260806-AAI,line_02,pcb2,2026-08-06,2026-08-06 08:33:53,EQ-02-A,1,0,day,02,L02AAI100171,2026-08-06 08:33:53,2026-08-06 08:35:51,1,0.423,OK,0000,0.85,OK,0000
LOT-20260806-AAI,line_02,pcb2,2026-08-06,2026-08-06 08:34:33,EQ-02-A,1,0,day,02,L02AAI100172,2026-08-06 08:34:33,2026-08-06 08:36:29,2,0.491,RE,ESA6,1.36,OK,0000
LOT-20260806-AAI,line_02,pcb2,2026-08-06,2026-08-06 08:35:04,EQ-02-A,1,0,day,02,L02AAI100173,2026-08-06 08:35:04,2026-08-06 08:37:01,2,0.513,OK,0000,0.81,OK,0000
LOT-20260806-AAI,line_02,pcb2,2026-08-06,2026-08-06 08:35:35,EQ-02-A,1,0,day,02,L02AAI100174,2026-08-06 08:35:35,2026-08-06 08:37:38,1,0.649,RE,ESA4,1.23,OK,0000
LOT-20260806-AAI,line_02,pcb2,2026-08-06,2026-08-06 08:35:55,EQ-02-A,1,0,day,02,L02AAI100175,2026-08-06 08:35:55,2026-08-06 08:37:54,2,0.579,OK,0000,0.82,OK,0000
LOT-20260806-AAI,line_02,pcb2,2026-08-06,2026-08-06 08:36:29,EQ-02-A,1,0,day,02,L02AAI100176,2026-08-06 08:36:29,2026-08-06 08:38:34,2,0.403,RE,ESA0,1.26,OK,0000
LOT-20260806-AAI,line_02,pcb2,2026-08-06,2026-08-06 08:37:03,EQ-02-A,1,0,day,02,L02AAI100177,2026-08-06 08:37:03,2026-08-06 08:39:07,1,0.502,OK,0000,0.86,OK,0000
LOT-20260806-AAI,line_02,pcb2,2026-08-06,2026-08-06 08:37:23,EQ-02-A,1,0,day,02,L02AAI100178,2026-08-06 08:37:23,2026-08-06 08:39:24,2,0.46,OK,0000,0.8,OK,0000
LOT-20260806-AAI,line_02,pcb2,2026-08-06,2026-08-06 08:37:44,EQ-02-A,1,0,day,02,L02AAI100179,2026-08-06 08:37:44,2026-08-06 08:39:44,2,0.435,OK,0000,0.87,OK,0000
LOT-20260806-AAI,line_02,pcb2,2026-08-06,2026-08-06 08:38:20,EQ-02-A,1,0,day,02,L02AAI100180,2026-08-06 08:38:20,2026-08-06 08:40:20,2,0.455,OK,0000,0.83,OK,0000
LOT-20260806-AAI,line_02,pcb2,2026-08-06,2026-08-06 08:38:44,EQ-02-A,1,0,day,02,L02AAI100181,2026-08-06 08:38:44,2026-08-06 08:40:46,1,0.648,OK,0000,0.81,OK,0000
LOT-20260806-AAI,line_02,pcb2,2026-08-06,2026-08-06 08:39:13,EQ-02-A,1,0,day,02,L02AAI100182,2026-08-06 08:39:13,2026-08-06 08:41:09,2,0.269,RE,ESA1,1.23,OK,0000
LOT-20260806-AAI,line_02,pcb2,2026-08-06,2026-08-06 08:39:43,EQ-02-A,1,1,day,02,L02AAI100183,2026-08-06 08:39:43,2026-08-06 08:41:41,1,0.427,RE,ESA5,1.15,NG,ESA5
LOT-20260806-AAI,line_02,pcb2,2026-08-06,2026-08-06 08:40:05,EQ-02-A,1,1,day,02,L02AAI100184,2026-08-06 08:40:05,2026-08-06 08:42:01,1,0.474,RE,ESA7,1.3,NG,ESA7
LOT-20260806-AAI,line_02,pcb2,2026-08-06,2026-08-06 08:40:27,EQ-02-A,1,0,day,02,L02AAI100185,2026-08-06 08:40:27,2026-08-06 08:42:31,1,0.499,OK,0000,0.85,OK,0000
LOT-20260806-AAI,line_02,pcb2,2026-08-06,2026-08-06 08:40:49,EQ-02-A,1,0,day,02,L02AAI100186,2026-08-06 08:40:49,2026-08-06 08:42:51,2,0.772,OK,0000,0.83,OK,0000
LOT-20260806-AAI,line_02,pcb2,2026-08-06,2026-08-06 08:41:29,EQ-02-A,1,0,day,02,L02AAI100187,2026-08-06 08:41:29,2026-08-06 08:43:25,2,0.542,OK,0000,0.82,OK,0000
LOT-20260806-AAI,line_02,pcb2,2026-08-06,2026-08-06 08:41:50,EQ-02-A,1,0,day,02,L02AAI100188,2026-08-06 08:41:50,2026-08-06 08:43:46,1,0.373,RE,ESA3,1.19,OK,0000
LOT-20260806-AAI,line_02,pcb2,2026-08-06,2026-08-06 08:42:15,EQ-02-A,1,0,day,02,L02AAI100189,2026-08-06 08:42:15,2026-08-06 08:44:13,2,0.428,OK,0000,0.85,OK,0000
LOT-20260806-AAI,line_02,pcb2,2026-08-06,2026-08-06 08:42:36,EQ-02-A,1,0,day,02,L02AAI100190,2026-08-06 08:42:36,2026-08-06 08:44:34,2,0.852,OK,0000,0.81,OK,0000
LOT-20260806-AAI,line_02,pcb2,2026-08-06,2026-08-06 08:43:11,EQ-02-A,1,0,day,02,L02AAI100191,2026-08-06 08:43:11,2026-08-06 08:45:08,1,0.438,OK,0000,0.84,OK,0000
LOT-20260806-AAI,line_02,pcb2,2026-08-06,2026-08-06 08:43:46,EQ-02-A,1,1,day,02,L02AAI100192,2026-08-06 08:43:46,2026-08-06 08:45:41,1,0.559,RE,ESA5,1.28,NG,ESA5
LOT-20260806-AAI,line_02,pcb2,2026-08-06,2026-08-06 08:44:20,EQ-02-A,1,0,day,02,L02AAI100193,2026-08-06 08:44:20,2026-08-06 08:46:17,2,0.693,OK,0000,0.8,OK,0000
LOT-20260806-AAI,line_02,pcb2,2026-08-06,2026-08-06 08:44:57,EQ-02-A,1,0,day,02,L02AAI100194,2026-08-06 08:44:57,2026-08-06 08:46:53,1,0.142,OK,0000,0.82,OK,0000
LOT-20260806-AAI,line_02,pcb2,2026-08-06,2026-08-06 08:45:23,EQ-02-A,1,0,day,02,L02AAI100195,2026-08-06 08:45:23,2026-08-06 08:47:20,2,0.665,OK,0000,0.8,OK,0000
LOT-20260806-AAI,line_02,pcb2,2026-08-06,2026-08-06 08:45:55,EQ-02-A,1,0,day,02,L02AAI100196,2026-08-06 08:45:55,2026-08-06 08:47:58,1,0.049,OK,0000,0.86,OK,0000
LOT-20260806-AAK,line_03,pcb3,2026-08-06,2026-08-06 08:00:00,EQ-03-A,1,0,day,03,L03AAK100086,2026-08-06 08:00:00,2026-08-06 08:01:58,1,0.352,OK,0000,0.8,OK,0000
LOT-20260806-AAK,line_03,pcb3,2026-08-06,2026-08-06 08:00:36,EQ-03-A,1,1,day,03,L03AAK100087,2026-08-06 08:00:36,2026-08-06 08:02:35,1,0.517,RE,ESA0,1.19,NG,ESA0
LOT-20260806-AAK,line_03,pcb3,2026-08-06,2026-08-06 08:01:01,EQ-03-A,1,0,day,03,L03AAK100088,2026-08-06 08:01:01,2026-08-06 08:03:05,1,0.574,OK,0000,0.8,OK,0000
LOT-20260806-AAK,line_03,pcb3,2026-08-06,2026-08-06 08:01:34,EQ-03-A,1,0,day,03,L03AAK100089,2026-08-06 08:01:34,2026-08-06 08:03:29,1,0.371,OK,0000,0.8,OK,0000
LOT-20260806-AAK,line_03,pcb3,2026-08-06,2026-08-06 08:01:56,EQ-03-A,1,1,day,03,L03AAK100090,2026-08-06 08:01:56,2026-08-06 08:04:01,2,0.462,RE,ESA0,1.2,NG,ESA0
LOT-20260806-AAK,line_03,pcb3,2026-08-06,2026-08-06 08:02:35,EQ-03-A,1,0,day,03,L03AAK100091,2026-08-06 08:02:35,2026-08-06 08:04:37,2,0.62,OK,0000,0.8,OK,0000
LOT-20260806-AAK,line_03,pcb3,2026-08-06,2026-08-06 08:03:06,EQ-03-A,1,0,day,03,L03AAK100092,2026-08-06 08:03:06,2026-08-06 08:05:08,2,0.507,OK,0000,0.86,OK,0000
LOT-20260806-AAK,line_03,pcb3,2026-08-06,2026-08-06 08:03:36,EQ-03-A,1,0,day,03,L03AAK100093,2026-08-06 08:03:36,2026-08-06 08:05:33,2,0.778,OK,0000,0.82,OK,0000
LOT-20260806-AAK,line_03,pcb3,2026-08-06,2026-08-06 08:03:57,EQ-03-A,1,0,day,03,L03AAK100094,2026-08-06 08:03:57,2026-08-06 08:05:57,1,0.549,OK,0000,0.8,OK,0000
LOT-20260806-AAK,line_03,pcb3,2026-08-06,2026-08-06 08:04:29,EQ-03-A,1,1,day,03,L03AAK100095,2026-08-06 08:04:29,2026-08-06 08:06:26,1,0.141,RE,ESA5,1.33,NG,ESA5
LOT-20260806-AAK,line_03,pcb3,2026-08-06,2026-08-06 08:05:01,EQ-03-A,1,1,day,03,L03AAK100096,2026-08-06 08:05:01,2026-08-06 08:07:06,1,0.499,RE,ESA5,1.37,NG,ESA5
LOT-20260806-AAK,line_03,pcb3,2026-08-06,2026-08-06 08:05:25,EQ-03-A,1,0,day,03,L03AAK100097,2026-08-06 08:05:25,2026-08-06 08:07:22,2,0.294,OK,0000,0.86,OK,0000
LOT-20260806-AAK,line_03,pcb3,2026-08-06,2026-08-06 08:05:49,EQ-03-A,1,0,day,03,L03AAK100098,2026-08-06 08:05:49,2026-08-06 08:07:50,1,0.78,RE,ESA4,1.29,OK,0000
LOT-20260806-AAK,line_03,pcb3,2026-08-06,2026-08-06 08:06:24,EQ-03-A,1,0,day,03,L03AAK100099,2026-08-06 08:06:24,2026-08-06 08:08:27,1,0.541,OK,0000,0.84,OK,0000
LOT-20260806-AAK,line_03,pcb3,2026-08-06,2026-08-06 08:06:52,EQ-03-A,1,0,day,03,L03AAK100100,2026-08-06 08:06:52,2026-08-06 08:08:53,2,0.264,OK,0000,0.89,OK,0000
LOT-20260806-AAK,line_03,pcb3,2026-08-06,2026-08-06 08:07:25,EQ-03-A,1,1,day,03,L03AAK100101,2026-08-06 08:07:25,2026-08-06 08:09:20,2,0.408,RE,ESA6,1.3,NG,ESA6
LOT-20260806-AAK,line_03,pcb3,2026-08-06,2026-08-06 08:07:56,EQ-03-A,1,0,day,03,L03AAK100102,2026-08-06 08:07:56,2026-08-06 08:09:55,1,0.266,OK,0000,0.8,OK,0000
LOT-20260806-AAK,line_03,pcb3,2026-08-06,2026-08-06 08:08:20,EQ-03-A,1,0,day,03,L03AAK100103,2026-08-06 08:08:20,2026-08-06 08:10:21,1,0.715,OK,0000,0.83,OK,0000
LOT-20260806-AAK,line_03,pcb3,2026-08-06,2026-08-06 08:08:55,EQ-03-A,1,0,day,03,L03AAK100104,2026-08-06 08:08:55,2026-08-06 08:11:00,2,0.718,OK,0000,0.84,OK,0000
LOT-20260806-AAK,line_03,pcb3,2026-08-06,2026-08-06 08:09:24,EQ-03-A,1,0,day,03,L03AAK100105,2026-08-06 08:09:24,2026-08-06 08:11:21,1,0.224,OK,0000,0.88,OK,0000
LOT-20260806-AAK,line_03,pcb3,2026-08-06,2026-08-06 08:10:00,EQ-03-A,1,0,day,03,L03AAK100106,2026-08-06 08:10:00,2026-08-06 08:11:57,2,0.412,RE,ESA3,1.32,OK,0000
LOT-20260806-AAK,line_03,pcb3,2026-08-06,2026-08-06 08:10:31,EQ-03-A,1,0,day,03,L03AAK100107,2026-08-06 08:10:31,2026-08-06 08:12:29,2,0.504,OK,0000,0.8,OK,0000
LOT-20260806-AAK,line_03,pcb3,2026-08-06,2026-08-06 08:11:01,EQ-03-A,1,0,day,03,L03AAK100108,2026-08-06 08:11:01,2026-08-06 08:13:06,2,0.525,OK,0000,0.93,OK,0000
LOT-20260806-AAK,line_03,pcb3,2026-08-06,2026-08-06 08:11:36,EQ-03-A,1,0,day,03,L03AAK100109,2026-08-06 08:11:36,2026-08-06 08:13:36,2,0.574,OK,0000,0.84,OK,0000
LOT-20260806-AAK,line_03,pcb3,2026-08-06,2026-08-06 08:12:02,EQ-03-A,1,0,day,03,L03AAK100110,2026-08-06 08:12:02,2026-08-06 08:14:06,2,0.661,OK,0000,0.85,OK,0000
LOT-20260806-AAK,line_03,pcb3,2026-08-06,2026-08-06 08:12:29,EQ-03-A,1,0,day,03,L03AAK100111,2026-08-06 08:12:29,2026-08-06 08:14:27,2,0.531,OK,0000,0.8,OK,0000
LOT-20260806-AAK,line_03,pcb3,2026-08-06,2026-08-06 08:13:04,EQ-03-A,1,0,day,03,L03AAK100112,2026-08-06 08:13:04,2026-08-06 08:15:00,2,0.535,OK,0000,0.88,OK,0000
LOT-20260806-AAK,line_03,pcb3,2026-08-06,2026-08-06 08:13:36,EQ-03-A,1,0,day,03,L03AAK100113,2026-08-06 08:13:36,2026-08-06 08:15:38,2,0.375,OK,0000,0.9,OK,0000
LOT-20260806-AAK,line_03,pcb3,2026-08-06,2026-08-06 08:14:10,EQ-03-A,1,0,day,03,L03AAK100114,2026-08-06 08:14:10,2026-08-06 08:16:09,1,0.486,OK,0000,0.8,OK,0000
LOT-20260806-AAK,line_03,pcb3,2026-08-06,2026-08-06 08:14:32,EQ-03-A,1,0,day,03,L03AAK100115,2026-08-06 08:14:32,2026-08-06 08:16:31,1,0.65,OK,0000,0.83,OK,0000
LOT-20260806-AAK,line_03,pcb3,2026-08-06,2026-08-06 08:14:56,EQ-03-A,1,0,day,03,L03AAK100116,2026-08-06 08:14:56,2026-08-06 08:16:54,1,0.614,OK,0000,0.83,OK,0000
LOT-20260806-AAK,line_03,pcb3,2026-08-06,2026-08-06 08:15:36,EQ-03-A,1,0,day,03,L03AAK100117,2026-08-06 08:15:36,2026-08-06 08:17:39,2,0.491,OK,0000,0.86,OK,0000
LOT-20260806-AAK,line_03,pcb3,2026-08-06,2026-08-06 08:16:00,EQ-03-A,1,0,day,03,L03AAK100118,2026-08-06 08:16:00,2026-08-06 08:18:00,2,0.544,OK,0000,0.8,OK,0000
LOT-20260806-AAK,line_03,pcb3,2026-08-06,2026-08-06 08:16:39,EQ-03-A,1,0,day,03,L03AAK100119,2026-08-06 08:16:39,2026-08-06 08:18:37,2,0.332,OK,0000,0.88,OK,0000
LOT-20260806-AAK,line_03,pcb3,2026-08-06,2026-08-06 08:17:18,EQ-03-A,1,0,day,03,L03AAK100120,2026-08-06 08:17:18,2026-08-06 08:19:16,2,0.48,OK,0000,0.82,OK,0000
LOT-20260806-AAK,line_03,pcb3,2026-08-06,2026-08-06 08:17:54,EQ-03-A,1,0,day,03,L03AAK100121,2026-08-06 08:17:54,2026-08-06 08:19:55,1,0.296,OK,0000,0.8,OK,0000
LOT-20260806-AAK,line_03,pcb3,2026-08-06,2026-08-06 08:18:14,EQ-03-A,1,0,day,03,L03AAK100122,2026-08-06 08:18:14,2026-08-06 08:20:09,2,0.197,OK,0000,0.84,OK,0000
LOT-20260806-AAK,line_03,pcb3,2026-08-06,2026-08-06 08:18:54,EQ-03-A,1,0,day,03,L03AAK100123,2026-08-06 08:18:54,2026-08-06 08:20:51,2,0.41,OK,0000,0.8,OK,0000
LOT-20260806-AAK,line_03,pcb3,2026-08-06,2026-08-06 08:19:28,EQ-03-A,1,0,day,03,L03AAK100124,2026-08-06 08:19:28,2026-08-06 08:21:28,2,0.49,OK,0000,0.85,OK,0000
LOT-20260806-AAK,line_03,pcb3,2026-08-06,2026-08-06 08:19:51,EQ-03-A,1,0,day,03,L03AAK100125,2026-08-06 08:19:51,2026-08-06 08:21:55,1,0.814,OK,0000,0.8,OK,0000
LOT-20260806-AAK,line_03,pcb3,2026-08-06,2026-08-06 08:20:25,EQ-03-A,1,0,day,03,L03AAK100126,2026-08-06 08:20:25,2026-08-06 08:22:20,1,0.674,OK,0000,0.88,OK,0000
LOT-20260806-AAK,line_03,pcb3,2026-08-06,2026-08-06 08:20:48,EQ-03-A,1,0,day,03,L03AAK100127,2026-08-06 08:20:48,2026-08-06 08:22:45,2,0.383,RE,ESA5,1.27,OK,0000
LOT-20260806-AAK,line_03,pcb3,2026-08-06,2026-08-06 08:21:18,EQ-03-A,1,0,day,03,L03AAK100128,2026-08-06 08:21:18,2026-08-06 08:23:19,1,0.431,RE,ESA0,1.27,OK,0000
LOT-20260806-AAK,line_03,pcb3,2026-08-06,2026-08-06 08:21:43,EQ-03-A,1,0,day,03,L03AAK100129,2026-08-06 08:21:43,2026-08-06 08:23:46,2,0.726,OK,0000,0.86,OK,0000
LOT-20260806-AAK,line_03,pcb3,2026-08-06,2026-08-06 08:22:04,EQ-03-A,1,0,day,03,L03AAK100130,2026-08-06 08:22:04,2026-08-06 08:24:00,1,0.576,OK,0000,0.82,OK,0000
LOT-20260806-AAK,line_03,pcb3,2026-08-06,2026-08-06 08:22:28,EQ-03-A,1,0,day,03,L03AAK100131,2026-08-06 08:22:28,2026-08-06 08:24:26,2,0.277,OK,0000,0.83,OK,0000
LOT-20260806-AAK,line_03,pcb3,2026-08-06,2026-08-06 08:22:50,EQ-03-A,1,0,day,03,L03AAK100132,2026-08-06 08:22:50,2026-08-06 08:24:51,2,0.681,OK,0000,0.8,OK,0000
LOT-20260806-AAK,line_03,pcb3,2026-08-06,2026-08-06 08:23:20,EQ-03-A,1,0,day,03,L03AAK100133,2026-08-06 08:23:20,2026-08-06 08:25:23,2,0.342,OK,0000,0.85,OK,0000
LOT-20260806-AAK,line_03,pcb3,2026-08-06,2026-08-06 08:23:53,EQ-03-A,1,0,day,03,L03AAK100134,2026-08-06 08:23:53,2026-08-06 08:25:49,1,0.352,OK,0000,0.81,OK,0000
LOT-20260806-AAK,line_03,pcb3,2026-08-06,2026-08-06 08:24:19,EQ-03-A,1,0,day,03,L03AAK100135,2026-08-06 08:24:19,2026-08-06 08:26:18,1,0.436,OK,0000,0.8,OK,0000
LOT-20260806-AAK,line_03,pcb3,2026-08-06,2026-08-06 08:24:46,EQ-03-A,1,0,day,03,L03AAK100136,2026-08-06 08:24:46,2026-08-06 08:26:41,2,0.354,RE,ESA3,1.32,OK,0000
LOT-20260806-AAK,line_03,pcb3,2026-08-06,2026-08-06 08:25:26,EQ-03-A,1,0,day,03,L03AAK100137,2026-08-06 08:25:26,2026-08-06 08:27:23,2,0.304,OK,0000,0.8,OK,0000
LOT-20260806-AAK,line_03,pcb3,2026-08-06,2026-08-06 08:25:50,EQ-03-A,1,0,day,03,L03AAK100138,2026-08-06 08:25:50,2026-08-06 08:27:55,1,0.405,OK,0000,0.87,OK,0000
LOT-20260806-AAK,line_03,pcb3,2026-08-06,2026-08-06 08:26:22,EQ-03-A,1,1,day,03,L03AAK100139,2026-08-06 08:26:22,2026-08-06 08:28:27,2,0.47,RE,ESA5,1.2,NG,ESA5
LOT-20260806-AAK,line_03,pcb3,2026-08-06,2026-08-06 08:26:55,EQ-03-A,1,0,day,03,L03AAK100140,2026-08-06 08:26:55,2026-08-06 08:28:59,1,0.507,OK,0000,0.8,OK,0000
LOT-20260806-AAK,line_03,pcb3,2026-08-06,2026-08-06 08:27:30,EQ-03-A,1,0,day,03,L03AAK100141,2026-08-06 08:27:30,2026-08-06 08:29:30,2,0.574,OK,0000,0.86,OK,0000
LOT-20260806-AAK,line_03,pcb3,2026-08-06,2026-08-06 08:28:06,EQ-03-A,1,0,day,03,L03AAK100142,2026-08-06 08:28:06,2026-08-06 08:30:09,2,0.439,OK,0000,0.88,OK,0000
LOT-20260806-AAK,line_03,pcb3,2026-08-06,2026-08-06 08:28:26,EQ-03-A,1,0,day,03,L03AAK100143,2026-08-06 08:28:26,2026-08-06 08:30:29,2,0.331,OK,0000,0.89,OK,0000
LOT-20260806-AAK,line_03,pcb3,2026-08-06,2026-08-06 08:28:57,EQ-03-A,1,0,day,03,L03AAK100144,2026-08-06 08:28:57,2026-08-06 08:31:01,1,0.523,OK,0000,0.83,OK,0000
LOT-20260806-AAK,line_03,pcb3,2026-08-06,2026-08-06 08:29:25,EQ-03-A,1,1,day,03,L03AAK100145,2026-08-06 08:29:25,2026-08-06 08:31:21,1,0.497,RE,ESA6,1.24,NG,ESA6
LOT-20260806-AAK,line_03,pcb3,2026-08-06,2026-08-06 08:30:05,EQ-03-A,1,0,day,03,L03AAK100146,2026-08-06 08:30:05,2026-08-06 08:32:08,1,0.683,OK,0000,0.8,OK,0000
LOT-20260806-AAK,line_03,pcb3,2026-08-06,2026-08-06 08:30:37,EQ-03-A,1,0,day,03,L03AAK100147,2026-08-06 08:30:37,2026-08-06 08:32:33,1,0.386,OK,0000,0.88,OK,0000
LOT-20260806-AAK,line_03,pcb3,2026-08-06,2026-08-06 08:31:03,EQ-03-A,1,0,day,03,L03AAK100148,2026-08-06 08:31:03,2026-08-06 08:33:08,2,0.411,OK,0000,0.88,OK,0000
LOT-20260806-AAK,line_03,pcb3,2026-08-06,2026-08-06 08:31:29,EQ-03-A,1,0,day,03,L03AAK100149,2026-08-06 08:31:29,2026-08-06 08:33:24,2,0.755,OK,0000,0.82,OK,0000
LOT-20260806-AAK,line_03,pcb3,2026-08-06,2026-08-06 08:32:09,EQ-03-A,1,0,day,03,L03AAK100150,2026-08-06 08:32:09,2026-08-06 08:34:08,2,0.602,OK,0000,0.8,OK,0000
LOT-20260806-AAK,line_03,pcb3,2026-08-06,2026-08-06 08:32:35,EQ-03-A,1,0,day,03,L03AAK100151,2026-08-06 08:32:35,2026-08-06 08:34:32,1,0.613,OK,0000,0.85,OK,0000
LOT-20260806-AAK,line_03,pcb3,2026-08-06,2026-08-06 08:33:05,EQ-03-A,1,0,day,03,L03AAK100152,2026-08-06 08:33:05,2026-08-06 08:35:05,2,0.571,OK,0000,0.81,OK,0000
LOT-20260806-AAK,line_03,pcb3,2026-08-06,2026-08-06 08:33:39,EQ-03-A,1,0,day,03,L03AAK100153,2026-08-06 08:33:39,2026-08-06 08:35:41,2,0.251,OK,0000,0.86,OK,0000
LOT-20260806-AAK,line_03,pcb3,2026-08-06,2026-08-06 08:34:14,EQ-03-A,1,0,day,03,L03AAK100154,2026-08-06 08:34:14,2026-08-06 08:36:12,2,0.19,OK,0000,0.83,OK,0000
LOT-20260806-AAK,line_03,pcb3,2026-08-06,2026-08-06 08:34:36,EQ-03-A,1,0,day,03,L03AAK100155,2026-08-06 08:34:36,2026-08-06 08:36:40,2,0.641,OK,0000,0.85,OK,0000
LOT-20260806-AAK,line_03,pcb3,2026-08-06,2026-08-06 08:34:57,EQ-03-A,1,0,day,03,L03AAK100156,2026-08-06 08:34:57,2026-08-06 08:36:56,1,0.792,OK,0000,0.88,OK,0000
LOT-20260806-AAK,line_03,pcb3,2026-08-06,2026-08-06 08:35:31,EQ-03-A,1,0,day,03,L03AAK100157,2026-08-06 08:35:31,2026-08-06 08:37:26,1,0.402,OK,0000,0.84,OK,0000
LOT-20260806-AAK,line_03,pcb3,2026-08-06,2026-08-06 08:36:02,EQ-03-A,1,0,day,03,L03AAK100158,2026-08-06 08:36:02,2026-08-06 08:38:02,1,0.493,OK,0000,0.8,OK,0000
LOT-20260806-AAK,line_03,pcb3,2026-08-06,2026-08-06 08:36:24,EQ-03-A,1,0,day,03,L03AAK100159,2026-08-06 08:36:24,2026-08-06 08:38:19,1,0.359,OK,0000,0.82,OK,0000
LOT-20260806-AAK,line_03,pcb3,2026-08-06,2026-08-06 08:36:47,EQ-03-A,1,0,day,03,L03AAK100160,2026-08-06 08:36:47,2026-08-06 08:38:45,2,0.195,OK,0000,0.84,OK,0000
LOT-20260806-AAK,line_03,pcb3,2026-08-06,2026-08-06 08:37:10,EQ-03-A,1,0,day,03,L03AAK100161,2026-08-06 08:37:10,2026-08-06 08:39:05,1,0.463,OK,0000,0.8,OK,0000
LOT-20260806-AAK,line_03,pcb3,2026-08-06,2026-08-06 08:37:45,EQ-03-A,1,0,day,03,L03AAK100162,2026-08-06 08:37:45,2026-08-06 08:39:47,2,0.561,RE,ESA1,1.32,OK,0000
LOT-20260806-AAK,line_03,pcb3,2026-08-06,2026-08-06 08:38:23,EQ-03-A,1,0,day,03,L03AAK100163,2026-08-06 08:38:23,2026-08-06 08:40:20,1,0.534,RE,ESA7,1.22,OK,0000
LOT-20260806-AAK,line_03,pcb3,2026-08-06,2026-08-06 08:38:49,EQ-03-A,1,0,day,03,L03AAK100164,2026-08-06 08:38:49,2026-08-06 08:40:50,2,0.589,RE,ESA4,1.32,OK,0000
LOT-20260806-AAK,line_03,pcb3,2026-08-06,2026-08-06 08:39:14,EQ-03-A,1,0,day,03,L03AAK100165,2026-08-06 08:39:14,2026-08-06 08:41:13,1,0.546,OK,0000,0.81,OK,0000
LOT-20260806-AAK,line_03,pcb3,2026-08-06,2026-08-06 08:39:49,EQ-03-A,1,0,day,03,L03AAK100166,2026-08-06 08:39:49,2026-08-06 08:41:47,2,0.541,OK,0000,0.89,OK,0000
LOT-20260806-AAK,line_03,pcb3,2026-08-06,2026-08-06 08:40:16,EQ-03-A,1,0,day,03,L03AAK100167,2026-08-06 08:40:16,2026-08-06 08:42:11,2,0.411,OK,0000,0.92,OK,0000
LOT-20260806-AAK,line_03,pcb3,2026-08-06,2026-08-06 08:40:54,EQ-03-A,1,0,day,03,L03AAK100168,2026-08-06 08:40:54,2026-08-06 08:42:56,2,0.421,OK,0000,0.84,OK,0000
LOT-20260806-AAK,line_03,pcb3,2026-08-06,2026-08-06 08:41:21,EQ-03-A,1,0,day,03,L03AAK100169,2026-08-06 08:41:21,2026-08-06 08:43:17,1,0.399,OK,0000,0.85,OK,0000
LOT-20260806-AAK,line_03,pcb3,2026-08-06,2026-08-06 08:42:00,EQ-03-A,1,0,day,03,L03AAK100170,2026-08-06 08:42:00,2026-08-06 08:44:00,2,0.239,OK,0000,0.82,OK,0000
LOT-20260806-AAK,line_03,pcb3,2026-08-06,2026-08-06 08:42:31,EQ-03-A,1,0,day,03,L03AAK100171,2026-08-06 08:42:31,2026-08-06 08:44:36,1,0.336,OK,0000,0.85,OK,0000
LOT-20260806-AAK,line_03,pcb3,2026-08-06,2026-08-06 08:43:02,EQ-03-A,1,0,day,03,L03AAK100172,2026-08-06 08:43:02,2026-08-06 08:45:02,1,0.649,OK,0000,0.87,OK,0000
LOT-20260806-AAK,line_03,pcb3,2026-08-06,2026-08-06 08:43:31,EQ-03-A,1,0,day,03,L03AAK100173,2026-08-06 08:43:31,2026-08-06 08:45:36,1,0.144,OK,0000,0.92,OK,0000
LOT-20260806-AAK,line_03,pcb3,2026-08-06,2026-08-06 08:44:08,EQ-03-A,1,0,day,03,L03AAK100174,2026-08-06 08:44:08,2026-08-06 08:46:07,1,0.544,OK,0000,0.81,OK,0000
LOT-20260806-AAK,line_03,pcb3,2026-08-06,2026-08-06 08:44:32,EQ-03-A,1,0,day,03,L03AAK100175,2026-08-06 08:44:32,2026-08-06 08:46:35,2,0.524,OK,0000,0.85,OK,0000
LOT-20260806-AAK,line_03,pcb3,2026-08-06,2026-08-06 08:44:57,EQ-03-A,1,0,day,03,L03AAK100176,2026-08-06 08:44:57,2026-08-06 08:47:02,2,0.4,OK,0000,0.85,OK,0000
LOT-20260806-AAK,line_03,pcb3,2026-08-06,2026-08-06 08:45:21,EQ-03-A,1,0,day,03,L03AAK100177,2026-08-06 08:45:21,2026-08-06 08:47:18,1,0.409,OK,0000,0.82,OK,0000
LOT-20260806-AAK,line_03,pcb3,2026-08-06,2026-08-06 08:45:59,EQ-03-A,1,0,day,03,L03AAK100178,2026-08-06 08:45:59,2026-08-06 08:48:00,2,0.397,OK,0000,0.8,OK,0000
LOT-20260806-AAK,line_03,pcb3,2026-08-06,2026-08-06 08:46:21,EQ-03-A,1,0,day,03,L03AAK100179,2026-08-06 08:46:21,2026-08-06 08:48:24,2,0.522,OK,0000,0.86,OK,0000
LOT-20260806-AAK,line_03,pcb3,2026-08-06,2026-08-06 08:46:42,EQ-03-A,1,0,day,03,L03AAK100180,2026-08-06 08:46:42,2026-08-06 08:48:45,2,0.577,OK,0000,0.87,OK,0000
LOT-20260806-AAK,line_03,pcb3,2026-08-06,2026-08-06 08:47:07,EQ-03-A,1,0,day,03,L03AAK100181,2026-08-06 08:47:07,2026-08-06 08:49:09,1,0.549,OK,0000,0.82,OK,0000
LOT-20260806-AAK,line_03,pcb3,2026-08-06,2026-08-06 08:47:30,EQ-03-A,1,0,day,03,L03AAK100182,2026-08-06 08:47:30,2026-08-06 08:49:31,2,0.626,OK,0000,0.8,OK,0000
LOT-20260806-AAK,line_03,pcb3,2026-08-06,2026-08-06 08:48:06,EQ-03-A,1,0,day,03,L03AAK100183,2026-08-06 08:48:06,2026-08-06 08:50:07,1,0.365,OK,0000,0.8,OK,0000
LOT-20260806-AAK,line_03,pcb3,2026-08-06,2026-08-06 08:48:29,EQ-03-A,1,0,day,03,L03AAK100184,2026-08-06 08:48:29,2026-08-06 08:50:27,2,0.662,OK,0000,0.88,OK,0000
LOT-20260806-AAK,line_03,pcb3,2026-08-06,2026-08-06 08:48:49,EQ-03-A,1,0,day,03,L03AAK100185,2026-08-06 08:48:49,2026-08-06 08:50:51,2,0.573,OK,0000,0.88,OK,0000
LOT-20260806-AAK,line_03,pcb3,2026-08-06,2026-08-06 08:49:13,EQ-03-A,1,0,day,03,L03AAK100186,2026-08-06 08:49:13,2026-08-06 08:51:14,2,0.368,OK,0000,0.85,OK,0000
LOT-20260806-AAK,line_03,pcb3,2026-08-06,2026-08-06 08:49:42,EQ-03-A,1,0,day,03,L03AAK100187,2026-08-06 08:49:42,2026-08-06 08:51:40,1,0.481,OK,0000,0.87,OK,0000
LOT-20260806-AAJ,line_04,pcb4,2026-08-06,2026-08-06 08:00:00,EQ-04-A,1,0,day,04,L04AAJ100107,2026-08-06 08:00:00,2026-08-06 08:02:05,1,0.581,OK,0000,0.88,OK,0000
LOT-20260806-AAJ,line_04,pcb4,2026-08-06,2026-08-06 08:00:22,EQ-04-A,1,0,day,04,L04AAJ100108,2026-08-06 08:00:22,2026-08-06 08:02:22,1,0.4,OK,0000,0.84,OK,0000
LOT-20260806-AAJ,line_04,pcb4,2026-08-06,2026-08-06 08:00:54,EQ-04-A,1,0,day,04,L04AAJ100109,2026-08-06 08:00:54,2026-08-06 08:02:54,1,0.341,OK,0000,0.8,OK,0000
LOT-20260806-AAJ,line_04,pcb4,2026-08-06,2026-08-06 08:01:20,EQ-04-A,1,0,day,04,L04AAJ100110,2026-08-06 08:01:20,2026-08-06 08:03:25,2,0.53,OK,0000,0.86,OK,0000
LOT-20260806-AAJ,line_04,pcb4,2026-08-06,2026-08-06 08:01:59,EQ-04-A,1,0,day,04,L04AAJ100111,2026-08-06 08:01:59,2026-08-06 08:04:01,1,0.539,OK,0000,0.8,OK,0000
LOT-20260806-AAJ,line_04,pcb4,2026-08-06,2026-08-06 08:02:29,EQ-04-A,1,0,day,04,L04AAJ100112,2026-08-06 08:02:29,2026-08-06 08:04:30,2,0.447,OK,0000,0.8,OK,0000
LOT-20260806-AAJ,line_04,pcb4,2026-08-06,2026-08-06 08:03:06,EQ-04-A,1,0,day,04,L04AAJ100113,2026-08-06 08:03:06,2026-08-06 08:05:06,2,0.705,OK,0000,0.8,OK,0000
LOT-20260806-AAJ,line_04,pcb4,2026-08-06,2026-08-06 08:03:41,EQ-04-A,1,0,day,04,L04AAJ100114,2026-08-06 08:03:41,2026-08-06 08:05:37,1,0.688,OK,0000,0.88,OK,0000
LOT-20260806-AAJ,line_04,pcb4,2026-08-06,2026-08-06 08:04:16,EQ-04-A,1,0,day,04,L04AAJ100115,2026-08-06 08:04:16,2026-08-06 08:06:21,1,0.365,OK,0000,0.8,OK,0000
LOT-20260806-AAJ,line_04,pcb4,2026-08-06,2026-08-06 08:04:39,EQ-04-A,1,0,day,04,L04AAJ100116,2026-08-06 08:04:39,2026-08-06 08:06:41,1,0.553,OK,0000,0.81,OK,0000
LOT-20260806-AAJ,line_04,pcb4,2026-08-06,2026-08-06 08:05:00,EQ-04-A,1,0,day,04,L04AAJ100117,2026-08-06 08:05:00,2026-08-06 08:07:02,2,0.515,OK,0000,0.82,OK,0000
LOT-20260806-AAJ,line_04,pcb4,2026-08-06,2026-08-06 08:05:26,EQ-04-A,1,0,day,04,L04AAJ100118,2026-08-06 08:05:26,2026-08-06 08:07:30,2,0.233,OK,0000,0.8,OK,0000
LOT-20260806-AAJ,line_04,pcb4,2026-08-06,2026-08-06 08:05:46,EQ-04-A,1,0,day,04,L04AAJ100119,2026-08-06 08:05:46,2026-08-06 08:07:48,2,0.534,OK,0000,0.82,OK,0000
LOT-20260806-AAJ,line_04,pcb4,2026-08-06,2026-08-06 08:06:14,EQ-04-A,1,0,day,04,L04AAJ100120,2026-08-06 08:06:14,2026-08-06 08:08:19,1,0.417,OK,0000,0.87,OK,0000
LOT-20260806-AAJ,line_04,pcb4,2026-08-06,2026-08-06 08:06:35,EQ-04-A,1,0,day,04,L04AAJ100121,2026-08-06 08:06:35,2026-08-06 08:08:32,1,0.676,OK,0000,0.83,OK,0000
LOT-20260806-AAJ,line_04,pcb4,2026-08-06,2026-08-06 08:07:09,EQ-04-A,1,0,day,04,L04AAJ100122,2026-08-06 08:07:09,2026-08-06 08:09:09,1,0.449,OK,0000,0.86,OK,0000
LOT-20260806-AAJ,line_04,pcb4,2026-08-06,2026-08-06 08:07:42,EQ-04-A,1,1,day,04,L04AAJ100123,2026-08-06 08:07:42,2026-08-06 08:09:40,1,0.296,RE,ESA7,1.27,NG,ESA7
LOT-20260806-AAJ,line_04,pcb4,2026-08-06,2026-08-06 08:08:17,EQ-04-A,1,0,day,04,L04AAJ100124,2026-08-06 08:08:17,2026-08-06 08:10:14,1,0.583,OK,0000,0.87,OK,0000
LOT-20260806-AAJ,line_04,pcb4,2026-08-06,2026-08-06 08:08:49,EQ-04-A,1,0,day,04,L04AAJ100125,2026-08-06 08:08:49,2026-08-06 08:10:54,2,0.209,OK,0000,0.81,OK,0000
LOT-20260806-AAJ,line_04,pcb4,2026-08-06,2026-08-06 08:09:27,EQ-04-A,1,0,day,04,L04AAJ100126,2026-08-06 08:09:27,2026-08-06 08:11:23,1,0.368,OK,0000,0.84,OK,0000
LOT-20260806-AAJ,line_04,pcb4,2026-08-06,2026-08-06 08:09:50,EQ-04-A,1,0,day,04,L04AAJ100127,2026-08-06 08:09:50,2026-08-06 08:11:54,1,0.572,OK,0000,0.9,OK,0000
LOT-20260806-AAJ,line_04,pcb4,2026-08-06,2026-08-06 08:10:28,EQ-04-A,1,0,day,04,L04AAJ100128,2026-08-06 08:10:28,2026-08-06 08:12:29,2,0.426,OK,0000,0.82,OK,0000
LOT-20260806-AAJ,line_04,pcb4,2026-08-06,2026-08-06 08:10:48,EQ-04-A,1,1,day,04,L04AAJ100129,2026-08-06 08:10:48,2026-08-06 08:12:51,1,0.672,RE,ESA8,1.28,NG,ESA8
LOT-20260806-AAJ,line_04,pcb4,2026-08-06,2026-08-06 08:11:11,EQ-04-A,1,0,day,04,L04AAJ100130,2026-08-06 08:11:11,2026-08-06 08:13:07,1,0.69,OK,0000,0.85,OK,0000
LOT-20260806-AAJ,line_04,pcb4,2026-08-06,2026-08-06 08:11:33,EQ-04-A,1,0,day,04,L04AAJ100131,2026-08-06 08:11:33,2026-08-06 08:13:35,2,0.326,OK,0000,0.8,OK,0000
LOT-20260806-AAJ,line_04,pcb4,2026-08-06,2026-08-06 08:12:05,EQ-04-A,1,0,day,04,L04AAJ100132,2026-08-06 08:12:05,2026-08-06 08:14:02,1,0.267,OK,0000,0.87,OK,0000
LOT-20260806-AAJ,line_04,pcb4,2026-08-06,2026-08-06 08:12:28,EQ-04-A,1,0,day,04,L04AAJ100133,2026-08-06 08:12:28,2026-08-06 08:14:26,2,0.678,OK,0000,0.91,OK,0000
LOT-20260806-AAJ,line_04,pcb4,2026-08-06,2026-08-06 08:13:02,EQ-04-A,1,0,day,04,L04AAJ100134,2026-08-06 08:13:02,2026-08-06 08:15:04,2,0.626,OK,0000,0.89,OK,0000
LOT-20260806-AAJ,line_04,pcb4,2026-08-06,2026-08-06 08:13:24,EQ-04-A,1,0,day,04,L04AAJ100135,2026-08-06 08:13:24,2026-08-06 08:15:20,1,0.413,OK,0000,0.8,OK,0000
LOT-20260806-AAJ,line_04,pcb4,2026-08-06,2026-08-06 08:14:01,EQ-04-A,1,0,day,04,L04AAJ100136,2026-08-06 08:14:01,2026-08-06 08:16:02,1,0.628,RE,ESA4,1.29,OK,0000
LOT-20260806-AAJ,line_04,pcb4,2026-08-06,2026-08-06 08:14:21,EQ-04-A,1,0,day,04,L04AAJ100137,2026-08-06 08:14:21,2026-08-06 08:16:25,1,0.516,OK,0000,0.86,OK,0000
LOT-20260806-AAJ,line_04,pcb4,2026-08-06,2026-08-06 08:14:57,EQ-04-A,1,0,day,04,L04AAJ100138,2026-08-06 08:14:57,2026-08-06 08:16:55,2,0.548,OK,0000,0.89,OK,0000
LOT-20260806-AAJ,line_04,pcb4,2026-08-06,2026-08-06 08:15:32,EQ-04-A,1,0,day,04,L04AAJ100139,2026-08-06 08:15:32,2026-08-06 08:17:34,1,0.694,OK,0000,0.86,OK,0000
LOT-20260806-AAJ,line_04,pcb4,2026-08-06,2026-08-06 08:15:58,EQ-04-A,1,0,day,04,L04AAJ100140,2026-08-06 08:15:58,2026-08-06 08:18:01,1,0.627,OK,0000,0.86,OK,0000
LOT-20260806-AAJ,line_04,pcb4,2026-08-06,2026-08-06 08:16:20,EQ-04-A,1,0,day,04,L04AAJ100141,2026-08-06 08:16:20,2026-08-06 08:18:16,2,0.431,OK,0000,0.87,OK,0000
LOT-20260806-AAJ,line_04,pcb4,2026-08-06,2026-08-06 08:16:55,EQ-04-A,1,0,day,04,L04AAJ100142,2026-08-06 08:16:55,2026-08-06 08:18:53,2,0.291,OK,0000,0.88,OK,0000
LOT-20260806-AAJ,line_04,pcb4,2026-08-06,2026-08-06 08:17:35,EQ-04-A,1,0,day,04,L04AAJ100143,2026-08-06 08:17:35,2026-08-06 08:19:33,1,0.321,RE,ESA6,1.28,OK,0000
LOT-20260806-AAJ,line_04,pcb4,2026-08-06,2026-08-06 08:18:03,EQ-04-A,1,0,day,04,L04AAJ100144,2026-08-06 08:18:03,2026-08-06 08:19:58,2,0.373,OK,0000,0.86,OK,0000
LOT-20260806-AAJ,line_04,pcb4,2026-08-06,2026-08-06 08:18:29,EQ-04-A,1,0,day,04,L04AAJ100145,2026-08-06 08:18:29,2026-08-06 08:20:33,2,0.495,OK,0000,0.8,OK,0000
LOT-20260806-AAJ,line_04,pcb4,2026-08-06,2026-08-06 08:18:56,EQ-04-A,1,0,day,04,L04AAJ100146,2026-08-06 08:18:56,2026-08-06 08:20:59,2,0.563,OK,0000,0.82,OK,0000
LOT-20260806-AAJ,line_04,pcb4,2026-08-06,2026-08-06 08:19:29,EQ-04-A,1,0,day,04,L04AAJ100147,2026-08-06 08:19:29,2026-08-06 08:21:33,1,0.632,OK,0000,0.84,OK,0000
LOT-20260806-AAJ,line_04,pcb4,2026-08-06,2026-08-06 08:20:05,EQ-04-A,1,0,day,04,L04AAJ100148,2026-08-06 08:20:05,2026-08-06 08:22:00,1,0.559,OK,0000,0.8,OK,0000
LOT-20260806-AAJ,line_04,pcb4,2026-08-06,2026-08-06 08:20:38,EQ-04-A,1,0,day,04,L04AAJ100149,2026-08-06 08:20:38,2026-08-06 08:22:35,1,0.412,OK,0000,0.82,OK,0000
LOT-20260806-AAJ,line_04,pcb4,2026-08-06,2026-08-06 08:21:18,EQ-04-A,1,0,day,04,L04AAJ100150,2026-08-06 08:21:18,2026-08-06 08:23:23,1,0.629,OK,0000,0.91,OK,0000
LOT-20260806-AAJ,line_04,pcb4,2026-08-06,2026-08-06 08:21:48,EQ-04-A,1,0,day,04,L04AAJ100151,2026-08-06 08:21:48,2026-08-06 08:23:47,2,0.379,OK,0000,0.88,OK,0000
LOT-20260806-AAJ,line_04,pcb4,2026-08-06,2026-08-06 08:22:23,EQ-04-A,1,0,day,04,L04AAJ100152,2026-08-06 08:22:23,2026-08-06 08:24:27,2,0.175,OK,0000,0.8,OK,0000
LOT-20260806-AAJ,line_04,pcb4,2026-08-06,2026-08-06 08:23:00,EQ-04-A,1,0,day,04,L04AAJ100153,2026-08-06 08:23:00,2026-08-06 08:25:04,1,0.356,OK,0000,0.8,OK,0000
LOT-20260806-AAJ,line_04,pcb4,2026-08-06,2026-08-06 08:23:24,EQ-04-A,1,0,day,04,L04AAJ100154,2026-08-06 08:23:24,2026-08-06 08:25:24,2,0.262,OK,0000,0.86,OK,0000
LOT-20260806-AAJ,line_04,pcb4,2026-08-06,2026-08-06 08:24:01,EQ-04-A,1,0,day,04,L04AAJ100155,2026-08-06 08:24:01,2026-08-06 08:26:00,2,0.468,OK,0000,0.86,OK,0000
LOT-20260806-AAJ,line_04,pcb4,2026-08-06,2026-08-06 08:24:29,EQ-04-A,1,0,day,04,L04AAJ100156,2026-08-06 08:24:29,2026-08-06 08:26:29,2,0.604,OK,0000,0.85,OK,0000
LOT-20260806-AAJ,line_04,pcb4,2026-08-06,2026-08-06 08:24:56,EQ-04-A,1,0,day,04,L04AAJ100157,2026-08-06 08:24:56,2026-08-06 08:26:56,2,0.599,OK,0000,0.84,OK,0000
LOT-20260806-AAJ,line_04,pcb4,2026-08-06,2026-08-06 08:25:32,EQ-04-A,1,0,day,04,L04AAJ100158,2026-08-06 08:25:32,2026-08-06 08:27:37,2,0.322,OK,0000,0.88,OK,0000
LOT-20260806-AAJ,line_04,pcb4,2026-08-06,2026-08-06 08:25:58,EQ-04-A,1,0,day,04,L04AAJ100159,2026-08-06 08:25:58,2026-08-06 08:27:57,2,0.412,OK,0000,0.8,OK,0000
LOT-20260806-AAJ,line_04,pcb4,2026-08-06,2026-08-06 08:26:24,EQ-04-A,1,0,day,04,L04AAJ100160,2026-08-06 08:26:24,2026-08-06 08:28:24,2,0.473,OK,0000,0.8,OK,0000
LOT-20260806-AAJ,line_04,pcb4,2026-08-06,2026-08-06 08:26:50,EQ-04-A,1,0,day,04,L04AAJ100161,2026-08-06 08:26:50,2026-08-06 08:28:49,1,0.437,OK,0000,0.85,OK,0000
LOT-20260806-AAJ,line_04,pcb4,2026-08-06,2026-08-06 08:27:30,EQ-04-A,1,0,day,04,L04AAJ100162,2026-08-06 08:27:30,2026-08-06 08:29:30,2,0.552,OK,0000,0.8,OK,0000
LOT-20260806-AAJ,line_04,pcb4,2026-08-06,2026-08-06 08:27:55,EQ-04-A,1,0,day,04,L04AAJ100163,2026-08-06 08:27:55,2026-08-06 08:29:56,2,0.427,OK,0000,0.88,OK,0000
LOT-20260806-AAJ,line_04,pcb4,2026-08-06,2026-08-06 08:28:30,EQ-04-A,1,1,day,04,L04AAJ100164,2026-08-06 08:28:30,2026-08-06 08:30:30,1,0.574,RE,ESA2,1.46,NG,ESA2
LOT-20260806-AAJ,line_04,pcb4,2026-08-06,2026-08-06 08:28:54,EQ-04-A,1,0,day,04,L04AAJ100165,2026-08-06 08:28:54,2026-08-06 08:30:57,1,0.677,OK,0000,0.89,OK,0000
LOT-20260806-AAJ,line_04,pcb4,2026-08-06,2026-08-06 08:29:26,EQ-04-A,1,0,day,04,L04AAJ100166,2026-08-06 08:29:26,2026-08-06 08:31:28,2,0.292,OK,0000,0.87,OK,0000
LOT-20260806-AAJ,line_04,pcb4,2026-08-06,2026-08-06 08:30:00,EQ-04-A,1,0,day,04,L04AAJ100167,2026-08-06 08:30:00,2026-08-06 08:32:03,1,0.492,OK,0000,0.82,OK,0000
LOT-20260806-AAJ,line_04,pcb4,2026-08-06,2026-08-06 08:30:38,EQ-04-A,1,0,day,04,L04AAJ100168,2026-08-06 08:30:38,2026-08-06 08:32:43,2,0.525,OK,0000,0.88,OK,0000
LOT-20260806-AAJ,line_04,pcb4,2026-08-06,2026-08-06 08:31:13,EQ-04-A,1,0,day,04,L04AAJ100169,2026-08-06 08:31:13,2026-08-06 08:33:09,1,0.575,OK,0000,0.8,OK,0000
LOT-20260806-AAJ,line_04,pcb4,2026-08-06,2026-08-06 08:31:37,EQ-04-A,1,0,day,04,L04AAJ100170,2026-08-06 08:31:37,2026-08-06 08:33:32,2,0.611,OK,0000,0.81,OK,0000
LOT-20260806-AAJ,line_04,pcb4,2026-08-06,2026-08-06 08:31:58,EQ-04-A,1,0,day,04,L04AAJ100171,2026-08-06 08:31:58,2026-08-06 08:33:57,2,0.533,OK,0000,0.83,OK,0000
LOT-20260806-AAJ,line_04,pcb4,2026-08-06,2026-08-06 08:32:22,EQ-04-A,1,0,day,04,L04AAJ100172,2026-08-06 08:32:22,2026-08-06 08:34:20,2,0.467,RE,ESA4,1.33,OK,0000
LOT-20260806-AAJ,line_04,pcb4,2026-08-06,2026-08-06 08:32:43,EQ-04-A,1,0,day,04,L04AAJ100173,2026-08-06 08:32:43,2026-08-06 08:34:42,1,0.344,OK,0000,0.92,OK,0000
LOT-20260806-AAJ,line_04,pcb4,2026-08-06,2026-08-06 08:33:16,EQ-04-A,1,0,day,04,L04AAJ100174,2026-08-06 08:33:16,2026-08-06 08:35:15,1,0.227,RE,ESA3,1.19,OK,0000
LOT-20260806-AAJ,line_04,pcb4,2026-08-06,2026-08-06 08:33:53,EQ-04-A,1,0,day,04,L04AAJ100175,2026-08-06 08:33:53,2026-08-06 08:35:50,1,0.556,OK,0000,0.86,OK,0000
LOT-20260806-AAJ,line_04,pcb4,2026-08-06,2026-08-06 08:34:25,EQ-04-A,1,0,day,04,L04AAJ100176,2026-08-06 08:34:25,2026-08-06 08:36:21,2,0.485,OK,0000,0.84,OK,0000
LOT-20260806-AAJ,line_04,pcb4,2026-08-06,2026-08-06 08:35:03,EQ-04-A,1,0,day,04,L04AAJ100177,2026-08-06 08:35:03,2026-08-06 08:37:05,1,0.562,OK,0000,0.83,OK,0000
LOT-20260806-AAJ,line_04,pcb4,2026-08-06,2026-08-06 08:35:26,EQ-04-A,1,0,day,04,L04AAJ100178,2026-08-06 08:35:26,2026-08-06 08:37:28,1,0.709,OK,0000,0.87,OK,0000
LOT-20260806-AAJ,line_04,pcb4,2026-08-06,2026-08-06 08:36:05,EQ-04-A,1,0,day,04,L04AAJ100179,2026-08-06 08:36:05,2026-08-06 08:38:01,1,0.631,OK,0000,0.8,OK,0000
LOT-20260806-AAJ,line_04,pcb4,2026-08-06,2026-08-06 08:36:25,EQ-04-A,1,0,day,04,L04AAJ100180,2026-08-06 08:36:25,2026-08-06 08:38:29,1,0.488,OK,0000,0.83,OK,0000
LOT-20260806-AAJ,line_04,pcb4,2026-08-06,2026-08-06 08:36:57,EQ-04-A,1,0,day,04,L04AAJ100181,2026-08-06 08:36:57,2026-08-06 08:38:58,1,0.349,OK,0000,0.85,OK,0000
LOT-20260806-AAJ,line_04,pcb4,2026-08-06,2026-08-06 08:37:31,EQ-04-A,1,0,day,04,L04AAJ100182,2026-08-06 08:37:31,2026-08-06 08:39:35,1,0.419,OK,0000,0.87,OK,0000
LOT-20260806-AAJ,line_04,pcb4,2026-08-06,2026-08-06 08:38:03,EQ-04-A,1,0,day,04,L04AAJ100183,2026-08-06 08:38:03,2026-08-06 08:40:08,1,0.339,OK,0000,0.91,OK,0000
LOT-20260806-AAJ,line_04,pcb4,2026-08-06,2026-08-06 08:38:38,EQ-04-A,1,0,day,04,L04AAJ100184,2026-08-06 08:38:38,2026-08-06 08:40:33,2,0.366,OK,0000,0.85,OK,0000
LOT-20260806-AAJ,line_04,pcb4,2026-08-06,2026-08-06 08:39:13,EQ-04-A,1,1,day,04,L04AAJ100185,2026-08-06 08:39:13,2026-08-06 08:41:11,1,0.619,RE,ESA7,1.19,NG,ESA7
LOT-20260806-AAJ,line_04,pcb4,2026-08-06,2026-08-06 08:39:44,EQ-04-A,1,0,day,04,L04AAJ100186,2026-08-06 08:39:44,2026-08-06 08:41:41,1,0.628,OK,0000,0.8,OK,0000
LOT-20260806-AAJ,line_04,pcb4,2026-08-06,2026-08-06 08:40:16,EQ-04-A,1,0,day,04,L04AAJ100187,2026-08-06 08:40:16,2026-08-06 08:42:14,2,0.718,OK,0000,0.84,OK,0000
LOT-20260806-AAJ,line_04,pcb4,2026-08-06,2026-08-06 08:40:45,EQ-04-A,1,0,day,04,L04AAJ100188,2026-08-06 08:40:45,2026-08-06 08:42:40,1,0.411,OK,0000,0.83,OK,0000
LOT-20260806-AAJ,line_04,pcb4,2026-08-06,2026-08-06 08:41:23,EQ-04-A,1,0,day,04,L04AAJ100189,2026-08-06 08:41:23,2026-08-06 08:43:18,2,0.621,RE,ESA7,1.19,OK,0000
LOT-20260806-AAJ,line_04,pcb4,2026-08-06,2026-08-06 08:41:55,EQ-04-A,1,0,day,04,L04AAJ100190,2026-08-06 08:41:55,2026-08-06 08:43:56,1,0.388,OK,0000,0.83,OK,0000
LOT-20260806-AAJ,line_04,pcb4,2026-08-06,2026-08-06 08:42:17,EQ-04-A,1,0,day,04,L04AAJ100191,2026-08-06 08:42:17,2026-08-06 08:44:16,1,0.323,OK,0000,0.91,OK,0000
LOT-20260806-AAJ,line_04,pcb4,2026-08-06,2026-08-06 08:42:52,EQ-04-A,1,0,day,04,L04AAJ100192,2026-08-06 08:42:52,2026-08-06 08:44:55,2,0.415,RE,ESA0,1.33,OK,0000
LOT-20260806-AAJ,line_04,pcb4,2026-08-06,2026-08-06 08:43:31,EQ-04-A,1,0,day,04,L04AAJ100193,2026-08-06 08:43:31,2026-08-06 08:45:29,2,0.531,OK,0000,0.8,OK,0000
LOT-20260806-AAJ,line_04,pcb4,2026-08-06,2026-08-06 08:43:53,EQ-04-A,1,0,day,04,L04AAJ100194,2026-08-06 08:43:53,2026-08-06 08:45:56,1,0.499,OK,0000,0.87,OK,0000
LOT-20260806-AAJ,line_04,pcb4,2026-08-06,2026-08-06 08:44:14,EQ-04-A,1,0,day,04,L04AAJ100195,2026-08-06 08:44:14,2026-08-06 08:46:11,1,0.472,OK,0000,0.89,OK,0000
LOT-20260806-AAJ,line_04,pcb4,2026-08-06,2026-08-06 08:44:43,EQ-04-A,1,0,day,04,L04AAJ100196,2026-08-06 08:44:43,2026-08-06 08:46:40,1,0.653,OK,0000,0.88,OK,0000
LOT-20260806-AAJ,line_04,pcb4,2026-08-06,2026-08-06 08:45:10,EQ-04-A,1,0,day,04,L04AAJ100197,2026-08-06 08:45:10,2026-08-06 08:47:06,1,0.431,OK,0000,0.8,OK,0000
LOT-20260806-AAJ,line_04,pcb4,2026-08-06,2026-08-06 08:45:49,EQ-04-A,1,0,day,04,L04AAJ100198,2026-08-06 08:45:49,2026-08-06 08:47:46,2,0.408,OK,0000,0.85,OK,0000
LOT-20260806-AAJ,line_04,pcb4,2026-08-06,2026-08-06 08:46:18,EQ-04-A,1,0,day,04,L04AAJ100199,2026-08-06 08:46:18,2026-08-06 08:48:16,2,0.582,OK,0000,0.8,OK,0000
LOT-20260806-AAJ,line_04,pcb4,2026-08-06,2026-08-06 08:46:38,EQ-04-A,1,0,day,04,L04AAJ100200,2026-08-06 08:46:38,2026-08-06 08:48:34,1,0.499,OK,0000,0.85,OK,0000
LOT-20260806-AAM,line_04,pcb4,2026-08-06,2026-08-06 08:47:01,EQ-04-A,1,0,day,04,L04AAM100001,2026-08-06 08:47:01,2026-08-06 08:49:03,2,0.458,OK,0000,0.89,OK,0000
LOT-20260806-AAM,line_04,pcb4,2026-08-06,2026-08-06 08:47:38,EQ-04-A,1,0,day,04,L04AAM100002,2026-08-06 08:47:38,2026-08-06 08:49:35,2,0.563,OK,0000,0.89,OK,0000
LOT-20260806-AAM,line_04,pcb4,2026-08-06,2026-08-06 08:48:05,EQ-04-A,1,0,day,04,L04AAM100003,2026-08-06 08:48:05,2026-08-06 08:50:04,2,0.468,OK,0000,0.88,OK,0000
LOT-20260806-AAM,line_04,pcb4,2026-08-06,2026-08-06 08:48:41,EQ-04-A,1,0,day,04,L04AAM100004,2026-08-06 08:48:41,2026-08-06 08:50:42,1,0.745,OK,0000,0.89,OK,0000
LOT-20260807-AAL,line_01,pcb1,2026-08-07,2026-08-07 08:00:00,EQ-01-A,1,0,day,01,L01AAL100093,2026-08-07 08:00:00,2026-08-07 08:01:58,2,0.448,OK,0000,0.86,OK,0000
LOT-20260807-AAL,line_01,pcb1,2026-08-07,2026-08-07 08:00:39,EQ-01-A,1,0,day,01,L01AAL100094,2026-08-07 08:00:39,2026-08-07 08:02:37,1,0.603,OK,0000,0.81,OK,0000
LOT-20260807-AAL,line_01,pcb1,2026-08-07,2026-08-07 08:01:13,EQ-01-A,1,1,day,01,L01AAL100095,2026-08-07 08:01:13,2026-08-07 08:03:18,2,0.51,RE,ESA5,1.05,NG,ESA5
LOT-20260807-AAL,line_01,pcb1,2026-08-07,2026-08-07 08:01:52,EQ-01-A,1,0,day,01,L01AAL100096,2026-08-07 08:01:52,2026-08-07 08:03:54,2,0.716,OK,0000,0.82,OK,0000
LOT-20260807-AAL,line_01,pcb1,2026-08-07,2026-08-07 08:02:28,EQ-01-A,1,0,day,01,L01AAL100097,2026-08-07 08:02:28,2026-08-07 08:04:31,2,0.508,OK,0000,0.83,OK,0000
LOT-20260807-AAL,line_01,pcb1,2026-08-07,2026-08-07 08:03:00,EQ-01-A,1,0,day,01,L01AAL100098,2026-08-07 08:03:00,2026-08-07 08:05:03,2,0.672,OK,0000,0.8,OK,0000
LOT-20260807-AAL,line_01,pcb1,2026-08-07,2026-08-07 08:03:31,EQ-01-A,1,0,day,01,L01AAL100099,2026-08-07 08:03:31,2026-08-07 08:05:32,2,0.498,OK,0000,0.84,OK,0000
LOT-20260807-AAL,line_01,pcb1,2026-08-07,2026-08-07 08:03:59,EQ-01-A,1,0,day,01,L01AAL100100,2026-08-07 08:03:59,2026-08-07 08:06:01,2,0.432,OK,0000,0.91,OK,0000
LOT-20260807-AAL,line_01,pcb1,2026-08-07,2026-08-07 08:04:23,EQ-01-A,1,0,day,01,L01AAL100101,2026-08-07 08:04:23,2026-08-07 08:06:23,1,0.367,OK,0000,0.87,OK,0000
LOT-20260807-AAL,line_01,pcb1,2026-08-07,2026-08-07 08:04:52,EQ-01-A,1,0,day,01,L01AAL100102,2026-08-07 08:04:52,2026-08-07 08:06:51,1,0.553,OK,0000,0.89,OK,0000
LOT-20260807-AAL,line_01,pcb1,2026-08-07,2026-08-07 08:05:23,EQ-01-A,1,0,day,01,L01AAL100103,2026-08-07 08:05:23,2026-08-07 08:07:21,2,0.4,OK,0000,0.81,OK,0000
LOT-20260807-AAL,line_01,pcb1,2026-08-07,2026-08-07 08:05:56,EQ-01-A,1,0,day,01,L01AAL100104,2026-08-07 08:05:56,2026-08-07 08:08:00,2,0.664,OK,0000,0.86,OK,0000
LOT-20260807-AAL,line_01,pcb1,2026-08-07,2026-08-07 08:06:20,EQ-01-A,1,0,day,01,L01AAL100105,2026-08-07 08:06:20,2026-08-07 08:08:15,2,0.268,OK,0000,0.82,OK,0000
LOT-20260807-AAL,line_01,pcb1,2026-08-07,2026-08-07 08:06:47,EQ-01-A,1,0,day,01,L01AAL100106,2026-08-07 08:06:47,2026-08-07 08:08:49,2,0.558,OK,0000,0.87,OK,0000
LOT-20260807-AAL,line_01,pcb1,2026-08-07,2026-08-07 08:07:18,EQ-01-A,1,0,day,01,L01AAL100107,2026-08-07 08:07:18,2026-08-07 08:09:13,2,0.398,OK,0000,0.8,OK,0000
LOT-20260807-AAL,line_01,pcb1,2026-08-07,2026-08-07 08:07:45,EQ-01-A,1,0,day,01,L01AAL100108,2026-08-07 08:07:45,2026-08-07 08:09:44,1,0.578,OK,0000,0.8,OK,0000
LOT-20260807-AAL,line_01,pcb1,2026-08-07,2026-08-07 08:08:16,EQ-01-A,1,0,day,01,L01AAL100109,2026-08-07 08:08:16,2026-08-07 08:10:21,1,0.197,OK,0000,0.8,OK,0000
LOT-20260807-AAL,line_01,pcb1,2026-08-07,2026-08-07 08:08:49,EQ-01-A,1,0,day,01,L01AAL100110,2026-08-07 08:08:49,2026-08-07 08:10:52,1,0.622,OK,0000,0.85,OK,0000
LOT-20260807-AAL,line_01,pcb1,2026-08-07,2026-08-07 08:09:24,EQ-01-A,1,0,day,01,L01AAL100111,2026-08-07 08:09:24,2026-08-07 08:11:20,1,0.466,OK,0000,0.9,OK,0000
LOT-20260807-AAL,line_01,pcb1,2026-08-07,2026-08-07 08:09:55,EQ-01-A,1,0,day,01,L01AAL100112,2026-08-07 08:09:55,2026-08-07 08:11:50,1,0.596,OK,0000,0.9,OK,0000
LOT-20260807-AAL,line_01,pcb1,2026-08-07,2026-08-07 08:10:18,EQ-01-A,1,0,day,01,L01AAL100113,2026-08-07 08:10:18,2026-08-07 08:12:13,1,0.291,RE,ESA7,1.25,OK,0000
LOT-20260807-AAL,line_01,pcb1,2026-08-07,2026-08-07 08:10:54,EQ-01-A,1,0,day,01,L01AAL100114,2026-08-07 08:10:54,2026-08-07 08:12:54,1,0.257,OK,0000,0.83,OK,0000
LOT-20260807-AAL,line_01,pcb1,2026-08-07,2026-08-07 08:11:33,EQ-01-A,1,0,day,01,L01AAL100115,2026-08-07 08:11:33,2026-08-07 08:13:37,2,0.463,OK,0000,0.87,OK,0000
LOT-20260807-AAL,line_01,pcb1,2026-08-07,2026-08-07 08:11:56,EQ-01-A,1,0,day,01,L01AAL100116,2026-08-07 08:11:56,2026-08-07 08:13:59,2,0.507,OK,0000,0.86,OK,0000
LOT-20260807-AAL,line_01,pcb1,2026-08-07,2026-08-07 08:12:17,EQ-01-A,1,0,day,01,L01AAL100117,2026-08-07 08:12:17,2026-08-07 08:14:20,2,0.606,OK,0000,0.93,OK,0000
LOT-20260807-AAL,line_01,pcb1,2026-08-07,2026-08-07 08:12:39,EQ-01-A,1,0,day,01,L01AAL100118,2026-08-07 08:12:39,2026-08-07 08:14:39,2,0.453,OK,0000,0.8,OK,0000
LOT-20260807-AAL,line_01,pcb1,2026-08-07,2026-08-07 08:13:13,EQ-01-A,1,0,day,01,L01AAL100119,2026-08-07 08:13:13,2026-08-07 08:15:11,2,0.537,OK,0000,0.81,OK,0000
LOT-20260807-AAL,line_01,pcb1,2026-08-07,2026-08-07 08:13:35,EQ-01-A,1,0,day,01,L01AAL100120,2026-08-07 08:13:35,2026-08-07 08:15:30,1,0.722,OK,0000,0.83,OK,0000
LOT-20260807-AAL,line_01,pcb1,2026-08-07,2026-08-07 08:14:04,EQ-01-A,1,0,day,01,L01AAL100121,2026-08-07 08:14:04,2026-08-07 08:16:02,2,0.415,OK,0000,0.82,OK,0000
LOT-20260807-AAL,line_01,pcb1,2026-08-07,2026-08-07 08:14:37,EQ-01-A,1,0,day,01,L01AAL100122,2026-08-07 08:14:37,2026-08-07 08:16:41,2,0.608,OK,0000,0.83,OK,0000
LOT-20260807-AAL,line_01,pcb1,2026-08-07,2026-08-07 08:15:05,EQ-01-A,1,0,day,01,L01AAL100123,2026-08-07 08:15:05,2026-08-07 08:17:02,1,0.404,OK,0000,0.91,OK,0000
LOT-20260807-AAL,line_01,pcb1,2026-08-07,2026-08-07 08:15:26,EQ-01-A,1,0,day,01,L01AAL100124,2026-08-07 08:15:26,2026-08-07 08:17:28,2,0.372,OK,0000,0.84,OK,0000
LOT-20260807-AAL,line_01,pcb1,2026-08-07,2026-08-07 08:15:51,EQ-01-A,1,0,day,01,L01AAL100125,2026-08-07 08:15:51,2026-08-07 08:17:53,2,0.598,OK,0000,0.8,OK,0000
LOT-20260807-AAL,line_01,pcb1,2026-08-07,2026-08-07 08:16:21,EQ-01-A,1,0,day,01,L01AAL100126,2026-08-07 08:16:21,2026-08-07 08:18:20,2,0.572,OK,0000,0.8,OK,0000
LOT-20260807-AAL,line_01,pcb1,2026-08-07,2026-08-07 08:16:59,EQ-01-A,1,0,day,01,L01AAL100127,2026-08-07 08:16:59,2026-08-07 08:18:59,2,0.623,OK,0000,0.8,OK,0000
LOT-20260807-AAL,line_01,pcb1,2026-08-07,2026-08-07 08:17:39,EQ-01-A,1,0,day,01,L01AAL100128,2026-08-07 08:17:39,2026-08-07 08:19:43,2,0.604,OK,0000,0.88,OK,0000
LOT-20260807-AAL,line_01,pcb1,2026-08-07,2026-08-07 08:18:15,EQ-01-A,1,0,day,01,L01AAL100129,2026-08-07 08:18:15,2026-08-07 08:20:13,2,0.629,OK,0000,0.85,OK,0000
LOT-20260807-AAL,line_01,pcb1,2026-08-07,2026-08-07 08:18:42,EQ-01-A,1,0,day,01,L01AAL100130,2026-08-07 08:18:42,2026-08-07 08:20:45,1,0.465,OK,0000,0.82,OK,0000
LOT-20260807-AAL,line_01,pcb1,2026-08-07,2026-08-07 08:19:11,EQ-01-A,1,0,day,01,L01AAL100131,2026-08-07 08:19:11,2026-08-07 08:21:15,2,0.721,OK,0000,0.81,OK,0000
LOT-20260807-AAL,line_01,pcb1,2026-08-07,2026-08-07 08:19:40,EQ-01-A,1,0,day,01,L01AAL100132,2026-08-07 08:19:40,2026-08-07 08:21:43,2,0.344,OK,0000,0.87,OK,0000
LOT-20260807-AAL,line_01,pcb1,2026-08-07,2026-08-07 08:20:07,EQ-01-A,1,0,day,01,L01AAL100133,2026-08-07 08:20:07,2026-08-07 08:22:09,2,0.381,OK,0000,0.8,OK,0000
LOT-20260807-AAL,line_01,pcb1,2026-08-07,2026-08-07 08:20:31,EQ-01-A,1,0,day,01,L01AAL100134,2026-08-07 08:20:31,2026-08-07 08:22:32,1,0.283,OK,0000,0.82,OK,0000
LOT-20260807-AAL,line_01,pcb1,2026-08-07,2026-08-07 08:21:03,EQ-01-A,1,0,day,01,L01AAL100135,2026-08-07 08:21:03,2026-08-07 08:23:00,1,0.488,OK,0000,0.85,OK,0000
LOT-20260807-AAL,line_01,pcb1,2026-08-07,2026-08-07 08:21:42,EQ-01-A,1,0,day,01,L01AAL100136,2026-08-07 08:21:42,2026-08-07 08:23:42,1,0.643,OK,0000,0.86,OK,0000
LOT-20260807-AAL,line_01,pcb1,2026-08-07,2026-08-07 08:22:03,EQ-01-A,1,0,day,01,L01AAL100137,2026-08-07 08:22:03,2026-08-07 08:24:05,1,0.471,OK,0000,0.83,OK,0000
LOT-20260807-AAL,line_01,pcb1,2026-08-07,2026-08-07 08:22:23,EQ-01-A,1,0,day,01,L01AAL100138,2026-08-07 08:22:23,2026-08-07 08:24:25,2,0.577,OK,0000,0.89,OK,0000
LOT-20260807-AAL,line_01,pcb1,2026-08-07,2026-08-07 08:22:58,EQ-01-A,1,0,day,01,L01AAL100139,2026-08-07 08:22:58,2026-08-07 08:24:59,1,0.519,OK,0000,0.82,OK,0000
LOT-20260807-AAL,line_01,pcb1,2026-08-07,2026-08-07 08:23:25,EQ-01-A,1,0,day,01,L01AAL100140,2026-08-07 08:23:25,2026-08-07 08:25:22,1,0.351,OK,0000,0.8,OK,0000
LOT-20260807-AAL,line_01,pcb1,2026-08-07,2026-08-07 08:24:04,EQ-01-A,1,1,day,01,L01AAL100141,2026-08-07 08:24:04,2026-08-07 08:26:00,2,0.6,RE,ESA7,1.31,NG,ESA7
LOT-20260807-AAL,line_01,pcb1,2026-08-07,2026-08-07 08:24:26,EQ-01-A,1,1,day,01,L01AAL100142,2026-08-07 08:24:26,2026-08-07 08:26:22,1,0.587,RE,ESA6,1.24,NG,ESA6
LOT-20260807-AAL,line_01,pcb1,2026-08-07,2026-08-07 08:25:06,EQ-01-A,1,0,day,01,L01AAL100143,2026-08-07 08:25:06,2026-08-07 08:27:05,2,0.711,OK,0000,0.82,OK,0000
LOT-20260807-AAL,line_01,pcb1,2026-08-07,2026-08-07 08:25:37,EQ-01-A,1,0,day,01,L01AAL100144,2026-08-07 08:25:37,2026-08-07 08:27:42,1,0.643,OK,0000,0.84,OK,0000
LOT-20260807-AAL,line_01,pcb1,2026-08-07,2026-08-07 08:26:15,EQ-01-A,1,0,day,01,L01AAL100145,2026-08-07 08:26:15,2026-08-07 08:28:11,2,0.409,RE,ESA3,1.31,OK,0000
LOT-20260807-AAL,line_01,pcb1,2026-08-07,2026-08-07 08:26:36,EQ-01-A,1,0,day,01,L01AAL100146,2026-08-07 08:26:36,2026-08-07 08:28:33,2,0.561,OK,0000,0.85,OK,0000
LOT-20260807-AAL,line_01,pcb1,2026-08-07,2026-08-07 08:27:08,EQ-01-A,1,1,day,01,L01AAL100147,2026-08-07 08:27:08,2026-08-07 08:29:07,2,0.512,RE,ESA7,1.25,NG,ESA7
LOT-20260807-AAL,line_01,pcb1,2026-08-07,2026-08-07 08:27:47,EQ-01-A,1,0,day,01,L01AAL100148,2026-08-07 08:27:47,2026-08-07 08:29:49,2,0.858,OK,0000,0.89,OK,0000
LOT-20260807-AAL,line_01,pcb1,2026-08-07,2026-08-07 08:28:26,EQ-01-A,1,0,day,01,L01AAL100149,2026-08-07 08:28:26,2026-08-07 08:30:29,1,0.608,OK,0000,0.84,OK,0000
LOT-20260807-AAL,line_01,pcb1,2026-08-07,2026-08-07 08:28:49,EQ-01-A,1,0,day,01,L01AAL100150,2026-08-07 08:28:49,2026-08-07 08:30:50,2,0.651,OK,0000,0.86,OK,0000
LOT-20260807-AAL,line_01,pcb1,2026-08-07,2026-08-07 08:29:19,EQ-01-A,1,0,day,01,L01AAL100151,2026-08-07 08:29:19,2026-08-07 08:31:19,1,0.504,OK,0000,0.83,OK,0000
LOT-20260807-AAL,line_01,pcb1,2026-08-07,2026-08-07 08:29:55,EQ-01-A,1,0,day,01,L01AAL100152,2026-08-07 08:29:55,2026-08-07 08:31:56,2,0.488,OK,0000,0.8,OK,0000
LOT-20260807-AAL,line_01,pcb1,2026-08-07,2026-08-07 08:30:22,EQ-01-A,1,0,day,01,L01AAL100153,2026-08-07 08:30:22,2026-08-07 08:32:20,1,0.532,RE,ESA1,1.2,OK,0000
LOT-20260807-AAL,line_01,pcb1,2026-08-07,2026-08-07 08:30:49,EQ-01-A,1,0,day,01,L01AAL100154,2026-08-07 08:30:49,2026-08-07 08:32:46,2,0.739,OK,0000,0.84,OK,0000
LOT-20260807-AAL,line_01,pcb1,2026-08-07,2026-08-07 08:31:12,EQ-01-A,1,0,day,01,L01AAL100155,2026-08-07 08:31:12,2026-08-07 08:33:11,2,0.322,OK,0000,0.84,OK,0000
LOT-20260807-AAL,line_01,pcb1,2026-08-07,2026-08-07 08:31:42,EQ-01-A,1,0,day,01,L01AAL100156,2026-08-07 08:31:42,2026-08-07 08:33:43,1,0.343,OK,0000,0.86,OK,0000
LOT-20260807-AAL,line_01,pcb1,2026-08-07,2026-08-07 08:32:15,EQ-01-A,1,0,day,01,L01AAL100157,2026-08-07 08:32:15,2026-08-07 08:34:18,1,0.544,OK,0000,0.88,OK,0000
LOT-20260807-AAL,line_01,pcb1,2026-08-07,2026-08-07 08:32:53,EQ-01-A,1,0,day,01,L01AAL100158,2026-08-07 08:32:53,2026-08-07 08:34:58,1,0.381,OK,0000,0.84,OK,0000
LOT-20260807-AAL,line_01,pcb1,2026-08-07,2026-08-07 08:33:14,EQ-01-A,1,0,day,01,L01AAL100159,2026-08-07 08:33:14,2026-08-07 08:35:09,2,0.295,OK,0000,0.87,OK,0000
LOT-20260807-AAL,line_01,pcb1,2026-08-07,2026-08-07 08:33:35,EQ-01-A,1,0,day,01,L01AAL100160,2026-08-07 08:33:35,2026-08-07 08:35:37,2,0.578,OK,0000,0.86,OK,0000
LOT-20260807-AAL,line_01,pcb1,2026-08-07,2026-08-07 08:34:09,EQ-01-A,1,0,day,01,L01AAL100161,2026-08-07 08:34:09,2026-08-07 08:36:09,1,0.5,OK,0000,0.86,OK,0000
LOT-20260807-AAL,line_01,pcb1,2026-08-07,2026-08-07 08:34:43,EQ-01-A,1,0,day,01,L01AAL100162,2026-08-07 08:34:43,2026-08-07 08:36:44,2,0.741,OK,0000,0.83,OK,0000
LOT-20260807-AAL,line_01,pcb1,2026-08-07,2026-08-07 08:35:13,EQ-01-A,1,0,day,01,L01AAL100163,2026-08-07 08:35:13,2026-08-07 08:37:10,2,0.521,OK,0000,0.8,OK,0000
LOT-20260807-AAL,line_01,pcb1,2026-08-07,2026-08-07 08:35:33,EQ-01-A,1,0,day,01,L01AAL100164,2026-08-07 08:35:33,2026-08-07 08:37:29,2,0.37,RE,ESA8,1.26,OK,0000
LOT-20260807-AAL,line_01,pcb1,2026-08-07,2026-08-07 08:36:08,EQ-01-A,1,0,day,01,L01AAL100165,2026-08-07 08:36:08,2026-08-07 08:38:12,2,0.666,OK,0000,0.83,OK,0000
LOT-20260807-AAL,line_01,pcb1,2026-08-07,2026-08-07 08:36:43,EQ-01-A,1,0,day,01,L01AAL100166,2026-08-07 08:36:43,2026-08-07 08:38:44,2,0.465,OK,0000,0.82,OK,0000
LOT-20260807-AAL,line_01,pcb1,2026-08-07,2026-08-07 08:37:04,EQ-01-A,1,0,day,01,L01AAL100167,2026-08-07 08:37:04,2026-08-07 08:39:08,1,0.42,OK,0000,0.85,OK,0000
LOT-20260807-AAL,line_01,pcb1,2026-08-07,2026-08-07 08:37:35,EQ-01-A,1,0,day,01,L01AAL100168,2026-08-07 08:37:35,2026-08-07 08:39:38,1,0.275,OK,0000,0.89,OK,0000
LOT-20260807-AAL,line_01,pcb1,2026-08-07,2026-08-07 08:38:01,EQ-01-A,1,0,day,01,L01AAL100169,2026-08-07 08:38:01,2026-08-07 08:40:04,2,0.4,OK,0000,0.87,OK,0000
LOT-20260807-AAL,line_01,pcb1,2026-08-07,2026-08-07 08:38:29,EQ-01-A,1,0,day,01,L01AAL100170,2026-08-07 08:38:29,2026-08-07 08:40:33,1,0.31,OK,0000,0.87,OK,0000
LOT-20260807-AAL,line_01,pcb1,2026-08-07,2026-08-07 08:39:08,EQ-01-A,1,0,day,01,L01AAL100171,2026-08-07 08:39:08,2026-08-07 08:41:03,2,0.601,OK,0000,0.86,OK,0000
LOT-20260807-AAL,line_01,pcb1,2026-08-07,2026-08-07 08:39:42,EQ-01-A,1,1,day,01,L01AAL100172,2026-08-07 08:39:42,2026-08-07 08:41:44,1,0.351,RE,ESA1,1.27,NG,ESA6
LOT-20260807-AAL,line_01,pcb1,2026-08-07,2026-08-07 08:40:03,EQ-01-A,1,0,day,01,L01AAL100173,2026-08-07 08:40:03,2026-08-07 08:42:05,2,0.323,OK,0000,0.83,OK,0000
LOT-20260807-AAL,line_01,pcb1,2026-08-07,2026-08-07 08:40:36,EQ-01-A,1,0,day,01,L01AAL100174,2026-08-07 08:40:36,2026-08-07 08:42:34,2,0.654,OK,0000,0.87,OK,0000
LOT-20260807-AAL,line_01,pcb1,2026-08-07,2026-08-07 08:41:06,EQ-01-A,1,0,day,01,L01AAL100175,2026-08-07 08:41:06,2026-08-07 08:43:11,2,0.502,OK,0000,0.8,OK,0000
LOT-20260807-AAL,line_01,pcb1,2026-08-07,2026-08-07 08:41:27,EQ-01-A,1,0,day,01,L01AAL100176,2026-08-07 08:41:27,2026-08-07 08:43:28,1,0.597,OK,0000,0.84,OK,0000
LOT-20260807-AAL,line_01,pcb1,2026-08-07,2026-08-07 08:41:55,EQ-01-A,1,0,day,01,L01AAL100177,2026-08-07 08:41:55,2026-08-07 08:43:57,1,0.152,OK,0000,0.87,OK,0000
LOT-20260807-AAL,line_01,pcb1,2026-08-07,2026-08-07 08:42:22,EQ-01-A,1,0,day,01,L01AAL100178,2026-08-07 08:42:22,2026-08-07 08:44:21,2,0.496,OK,0000,0.89,OK,0000
LOT-20260807-AAL,line_01,pcb1,2026-08-07,2026-08-07 08:42:59,EQ-01-A,1,0,day,01,L01AAL100179,2026-08-07 08:42:59,2026-08-07 08:45:02,2,0.336,OK,0000,0.8,OK,0000
LOT-20260807-AAL,line_01,pcb1,2026-08-07,2026-08-07 08:43:39,EQ-01-A,1,0,day,01,L01AAL100180,2026-08-07 08:43:39,2026-08-07 08:45:41,1,0.542,OK,0000,0.85,OK,0000
LOT-20260807-AAL,line_01,pcb1,2026-08-07,2026-08-07 08:44:17,EQ-01-A,1,0,day,01,L01AAL100181,2026-08-07 08:44:17,2026-08-07 08:46:13,2,0.246,OK,0000,0.8,OK,0000
LOT-20260807-AAI,line_02,pcb2,2026-08-07,2026-08-07 08:00:00,EQ-02-A,1,1,day,02,L02AAI100197,2026-08-07 08:00:00,2026-08-07 08:01:57,1,0.454,RE,ESA0,1.24,NG,ESA0
LOT-20260807-AAI,line_02,pcb2,2026-08-07,2026-08-07 08:00:37,EQ-02-A,1,0,day,02,L02AAI100198,2026-08-07 08:00:37,2026-08-07 08:02:35,1,0.718,OK,0000,0.81,OK,0000
LOT-20260807-AAI,line_02,pcb2,2026-08-07,2026-08-07 08:01:12,EQ-02-A,1,0,day,02,L02AAI100199,2026-08-07 08:01:12,2026-08-07 08:03:11,1,0.454,OK,0000,0.8,OK,0000
LOT-20260807-AAI,line_02,pcb2,2026-08-07,2026-08-07 08:01:37,EQ-02-A,1,0,day,02,L02AAI100200,2026-08-07 08:01:37,2026-08-07 08:03:38,2,0.422,OK,0000,0.8,OK,0000
LOT-20260807-AAN,line_02,pcb2,2026-08-07,2026-08-07 08:02:03,EQ-02-A,1,0,day,02,L02AAN100001,2026-08-07 08:02:03,2026-08-07 08:04:02,2,0.442,OK,0000,0.84,OK,0000
LOT-20260807-AAN,line_02,pcb2,2026-08-07,2026-08-07 08:02:32,EQ-02-A,1,0,day,02,L02AAN100002,2026-08-07 08:02:32,2026-08-07 08:04:28,2,0.48,RE,ESA4,1.46,OK,0000
LOT-20260807-AAN,line_02,pcb2,2026-08-07,2026-08-07 08:02:56,EQ-02-A,1,0,day,02,L02AAN100003,2026-08-07 08:02:56,2026-08-07 08:04:53,2,0.775,OK,0000,0.81,OK,0000
LOT-20260807-AAN,line_02,pcb2,2026-08-07,2026-08-07 08:03:19,EQ-02-A,1,0,day,02,L02AAN100004,2026-08-07 08:03:19,2026-08-07 08:05:22,1,0.193,OK,0000,0.84,OK,0000
LOT-20260807-AAN,line_02,pcb2,2026-08-07,2026-08-07 08:03:53,EQ-02-A,1,0,day,02,L02AAN100005,2026-08-07 08:03:53,2026-08-07 08:05:49,2,0.556,OK,0000,0.81,OK,0000
LOT-20260807-AAN,line_02,pcb2,2026-08-07,2026-08-07 08:04:24,EQ-02-A,1,0,day,02,L02AAN100006,2026-08-07 08:04:24,2026-08-07 08:06:22,2,0.378,OK,0000,0.9,OK,0000
LOT-20260807-AAN,line_02,pcb2,2026-08-07,2026-08-07 08:05:01,EQ-02-A,1,0,day,02,L02AAN100007,2026-08-07 08:05:01,2026-08-07 08:07:05,2,0.461,OK,0000,0.87,OK,0000
LOT-20260807-AAN,line_02,pcb2,2026-08-07,2026-08-07 08:05:23,EQ-02-A,1,0,day,02,L02AAN100008,2026-08-07 08:05:23,2026-08-07 08:07:26,1,0.36,OK,0000,0.84,OK,0000
LOT-20260807-AAN,line_02,pcb2,2026-08-07,2026-08-07 08:06:00,EQ-02-A,1,0,day,02,L02AAN100009,2026-08-07 08:06:00,2026-08-07 08:08:00,1,0.45,OK,0000,0.81,OK,0000
LOT-20260807-AAN,line_02,pcb2,2026-08-07,2026-08-07 08:06:20,EQ-02-A,1,0,day,02,L02AAN100010,2026-08-07 08:06:20,2026-08-07 08:08:16,2,0.673,OK,0000,0.8,OK,0000
LOT-20260807-AAN,line_02,pcb2,2026-08-07,2026-08-07 08:06:56,EQ-02-A,1,0,day,02,L02AAN100011,2026-08-07 08:06:56,2026-08-07 08:09:00,1,0.545,OK,0000,0.83,OK,0000
LOT-20260807-AAN,line_02,pcb2,2026-08-07,2026-08-07 08:07:36,EQ-02-A,1,0,day,02,L02AAN100012,2026-08-07 08:07:36,2026-08-07 08:09:34,1,0.562,OK,0000,0.83,OK,0000
LOT-20260807-AAN,line_02,pcb2,2026-08-07,2026-08-07 08:08:11,EQ-02-A,1,1,day,02,L02AAN100013,2026-08-07 08:08:11,2026-08-07 08:10:11,2,0.63,RE,ESA0,1.16,NG,ESA0
LOT-20260807-AAN,line_02,pcb2,2026-08-07,2026-08-07 08:08:37,EQ-02-A,1,0,day,02,L02AAN100014,2026-08-07 08:08:37,2026-08-07 08:10:32,1,0.674,OK,0000,0.84,OK,0000
LOT-20260807-AAN,line_02,pcb2,2026-08-07,2026-08-07 08:09:08,EQ-02-A,1,0,day,02,L02AAN100015,2026-08-07 08:09:08,2026-08-07 08:11:08,1,0.301,OK,0000,0.87,OK,0000
LOT-20260807-AAN,line_02,pcb2,2026-08-07,2026-08-07 08:09:42,EQ-02-A,1,0,day,02,L02AAN100016,2026-08-07 08:09:42,2026-08-07 08:11:45,1,0.47,OK,0000,0.8,OK,0000
LOT-20260807-AAN,line_02,pcb2,2026-08-07,2026-08-07 08:10:05,EQ-02-A,1,0,day,02,L02AAN100017,2026-08-07 08:10:05,2026-08-07 08:12:08,1,0.55,OK,0000,0.88,OK,0000
LOT-20260807-AAN,line_02,pcb2,2026-08-07,2026-08-07 08:10:35,EQ-02-A,1,0,day,02,L02AAN100018,2026-08-07 08:10:35,2026-08-07 08:12:40,1,0.692,OK,0000,0.82,OK,0000
LOT-20260807-AAN,line_02,pcb2,2026-08-07,2026-08-07 08:11:05,EQ-02-A,1,0,day,02,L02AAN100019,2026-08-07 08:11:05,2026-08-07 08:13:00,1,0.522,OK,0000,0.84,OK,0000
LOT-20260807-AAN,line_02,pcb2,2026-08-07,2026-08-07 08:11:28,EQ-02-A,1,0,day,02,L02AAN100020,2026-08-07 08:11:28,2026-08-07 08:13:25,2,0.723,OK,0000,0.81,OK,0000
LOT-20260807-AAN,line_02,pcb2,2026-08-07,2026-08-07 08:11:56,EQ-02-A,1,0,day,02,L02AAN100021,2026-08-07 08:11:56,2026-08-07 08:13:57,2,0.43,OK,0000,0.81,OK,0000
LOT-20260807-AAN,line_02,pcb2,2026-08-07,2026-08-07 08:12:18,EQ-02-A,1,0,day,02,L02AAN100022,2026-08-07 08:12:18,2026-08-07 08:14:17,1,0.283,OK,0000,0.85,OK,0000
LOT-20260807-AAN,line_02,pcb2,2026-08-07,2026-08-07 08:12:51,EQ-02-A,1,0,day,02,L02AAN100023,2026-08-07 08:12:51,2026-08-07 08:14:47,2,0.74,OK,0000,0.83,OK,0000
LOT-20260807-AAN,line_02,pcb2,2026-08-07,2026-08-07 08:13:15,EQ-02-A,1,0,day,02,L02AAN100024,2026-08-07 08:13:15,2026-08-07 08:15:15,1,0.368,OK,0000,0.85,OK,0000
LOT-20260807-AAN,line_02,pcb2,2026-08-07,2026-08-07 08:13:38,EQ-02-A,1,0,day,02,L02AAN100025,2026-08-07 08:13:38,2026-08-07 08:15:34,1,0.588,RE,ESA4,1.23,OK,0000
LOT-20260807-AAN,line_02,pcb2,2026-08-07,2026-08-07 08:14:03,EQ-02-A,1,1,day,02,L02AAN100026,2026-08-07 08:14:03,2026-08-07 08:16:06,2,0.711,RE,ESA5,1.17,NG,ESA5
LOT-20260807-AAN,line_02,pcb2,2026-08-07,2026-08-07 08:14:40,EQ-02-A,1,0,day,02,L02AAN100027,2026-08-07 08:14:40,2026-08-07 08:16:43,2,0.457,RE,ESA0,1.28,OK,0000
LOT-20260807-AAN,line_02,pcb2,2026-08-07,2026-08-07 08:15:09,EQ-02-A,1,0,day,02,L02AAN100028,2026-08-07 08:15:09,2026-08-07 08:17:08,1,0.559,OK,0000,0.84,OK,0000
LOT-20260807-AAN,line_02,pcb2,2026-08-07,2026-08-07 08:15:42,EQ-02-A,1,0,day,02,L02AAN100029,2026-08-07 08:15:42,2026-08-07 08:17:39,1,0.308,RE,ESA0,1.48,OK,0000
LOT-20260807-AAN,line_02,pcb2,2026-08-07,2026-08-07 08:16:04,EQ-02-A,1,0,day,02,L02AAN100030,2026-08-07 08:16:04,2026-08-07 08:18:06,1,0.465,NG,ESA3,1.81,OK,0000
LOT-20260807-AAN,line_02,pcb2,2026-08-07,2026-08-07 08:16:35,EQ-02-A,1,0,day,02,L02AAN100031,2026-08-07 08:16:35,2026-08-07 08:18:31,1,0.593,OK,0000,0.81,OK,0000
LOT-20260807-AAN,line_02,pcb2,2026-08-07,2026-08-07 08:17:05,EQ-02-A,1,0,day,02,L02AAN100032,2026-08-07 08:17:05,2026-08-07 08:19:01,2,0.509,OK,0000,0.81,OK,0000
LOT-20260807-AAN,line_02,pcb2,2026-08-07,2026-08-07 08:17:45,EQ-02-A,1,0,day,02,L02AAN100033,2026-08-07 08:17:45,2026-08-07 08:19:42,2,0.562,OK,0000,0.83,OK,0000
LOT-20260807-AAN,line_02,pcb2,2026-08-07,2026-08-07 08:18:10,EQ-02-A,1,0,day,02,L02AAN100034,2026-08-07 08:18:10,2026-08-07 08:20:08,1,0.54,OK,0000,0.8,OK,0000
LOT-20260807-AAN,line_02,pcb2,2026-08-07,2026-08-07 08:18:43,EQ-02-A,1,1,day,02,L02AAN100035,2026-08-07 08:18:43,2026-08-07 08:20:41,1,0.376,RE,ESA5,1.11,NG,ESA5
LOT-20260807-AAN,line_02,pcb2,2026-08-07,2026-08-07 08:19:18,EQ-02-A,1,0,day,02,L02AAN100036,2026-08-07 08:19:18,2026-08-07 08:21:16,1,0.393,OK,0000,0.8,OK,0000
LOT-20260807-AAN,line_02,pcb2,2026-08-07,2026-08-07 08:19:54,EQ-02-A,1,0,day,02,L02AAN100037,2026-08-07 08:19:54,2026-08-07 08:21:55,1,0.454,OK,0000,0.82,OK,0000
LOT-20260807-AAN,line_02,pcb2,2026-08-07,2026-08-07 08:20:32,EQ-02-A,1,0,day,02,L02AAN100038,2026-08-07 08:20:32,2026-08-07 08:22:28,1,0.523,RE,ESA3,1.25,OK,0000
LOT-20260807-AAN,line_02,pcb2,2026-08-07,2026-08-07 08:21:05,EQ-02-A,1,0,day,02,L02AAN100039,2026-08-07 08:21:05,2026-08-07 08:23:04,1,0.689,OK,0000,0.94,OK,0000
LOT-20260807-AAN,line_02,pcb2,2026-08-07,2026-08-07 08:21:29,EQ-02-A,1,1,day,02,L02AAN100040,2026-08-07 08:21:29,2026-08-07 08:23:34,1,0.671,NG,ESA0,1.75,NG,ESA0
LOT-20260807-AAN,line_02,pcb2,2026-08-07,2026-08-07 08:21:56,EQ-02-A,1,0,day,02,L02AAN100041,2026-08-07 08:21:56,2026-08-07 08:23:52,1,0.426,OK,0000,0.87,OK,0000
LOT-20260807-AAN,line_02,pcb2,2026-08-07,2026-08-07 08:22:28,EQ-02-A,1,0,day,02,L02AAN100042,2026-08-07 08:22:28,2026-08-07 08:24:32,1,0.247,OK,0000,0.83,OK,0000
LOT-20260807-AAN,line_02,pcb2,2026-08-07,2026-08-07 08:22:48,EQ-02-A,1,0,day,02,L02AAN100043,2026-08-07 08:22:48,2026-08-07 08:24:43,1,0.464,RE,ESA1,1.31,OK,0000
LOT-20260807-AAN,line_02,pcb2,2026-08-07,2026-08-07 08:23:21,EQ-02-A,1,0,day,02,L02AAN100044,2026-08-07 08:23:21,2026-08-07 08:25:21,2,0.592,OK,0000,0.81,OK,0000
LOT-20260807-AAN,line_02,pcb2,2026-08-07,2026-08-07 08:23:51,EQ-02-A,1,0,day,02,L02AAN100045,2026-08-07 08:23:51,2026-08-07 08:25:50,1,0.438,RE,ESA3,1.29,OK,0000
LOT-20260807-AAN,line_02,pcb2,2026-08-07,2026-08-07 08:24:25,EQ-02-A,1,0,day,02,L02AAN100046,2026-08-07 08:24:25,2026-08-07 08:26:30,1,0.38,OK,0000,0.89,OK,0000
LOT-20260807-AAN,line_02,pcb2,2026-08-07,2026-08-07 08:24:52,EQ-02-A,1,0,day,02,L02AAN100047,2026-08-07 08:24:52,2026-08-07 08:26:51,1,0.591,OK,0000,0.85,OK,0000
LOT-20260807-AAN,line_02,pcb2,2026-08-07,2026-08-07 08:25:12,EQ-02-A,1,0,day,02,L02AAN100048,2026-08-07 08:25:12,2026-08-07 08:27:07,1,0.559,RE,ESA4,1.2,OK,0000
LOT-20260807-AAN,line_02,pcb2,2026-08-07,2026-08-07 08:25:46,EQ-02-A,1,1,day,02,L02AAN100049,2026-08-07 08:25:46,2026-08-07 08:27:45,1,0.406,RE,ESA0,1.21,NG,ESA0
LOT-20260807-AAN,line_02,pcb2,2026-08-07,2026-08-07 08:26:11,EQ-02-A,1,0,day,02,L02AAN100050,2026-08-07 08:26:11,2026-08-07 08:28:15,1,0.575,OK,0000,0.85,OK,0000
LOT-20260807-AAN,line_02,pcb2,2026-08-07,2026-08-07 08:26:45,EQ-02-A,1,0,day,02,L02AAN100051,2026-08-07 08:26:45,2026-08-07 08:28:44,2,0.437,OK,0000,0.87,OK,0000
LOT-20260807-AAN,line_02,pcb2,2026-08-07,2026-08-07 08:27:20,EQ-02-A,1,0,day,02,L02AAN100052,2026-08-07 08:27:20,2026-08-07 08:29:22,1,0.474,OK,0000,0.81,OK,0000
LOT-20260807-AAN,line_02,pcb2,2026-08-07,2026-08-07 08:27:44,EQ-02-A,1,0,day,02,L02AAN100053,2026-08-07 08:27:44,2026-08-07 08:29:42,1,0.538,RE,ESA8,1.15,OK,0000
LOT-20260807-AAN,line_02,pcb2,2026-08-07,2026-08-07 08:28:21,EQ-02-A,1,0,day,02,L02AAN100054,2026-08-07 08:28:21,2026-08-07 08:30:20,1,0.247,OK,0000,0.84,OK,0000
LOT-20260807-AAN,line_02,pcb2,2026-08-07,2026-08-07 08:28:44,EQ-02-A,1,0,day,02,L02AAN100055,2026-08-07 08:28:44,2026-08-07 08:30:45,1,0.401,RE,ESA4,1.22,OK,0000
LOT-20260807-AAN,line_02,pcb2,2026-08-07,2026-08-07 08:29:04,EQ-02-A,1,0,day,02,L02AAN100056,2026-08-07 08:29:04,2026-08-07 08:31:02,2,0.355,OK,0000,0.89,OK,0000
LOT-20260807-AAN,line_02,pcb2,2026-08-07,2026-08-07 08:29:41,EQ-02-A,1,0,day,02,L02AAN100057,2026-08-07 08:29:41,2026-08-07 08:31:38,1,0.401,RE,ESA8,1.21,OK,0000
LOT-20260807-AAN,line_02,pcb2,2026-08-07,2026-08-07 08:30:21,EQ-02-A,1,0,day,02,L02AAN100058,2026-08-07 08:30:21,2026-08-07 08:32:22,1,0.557,RE,ESA6,1.11,OK,0000
LOT-20260807-AAN,line_02,pcb2,2026-08-07,2026-08-07 08:30:59,EQ-02-A,1,0,day,02,L02AAN100059,2026-08-07 08:30:59,2026-08-07 08:32:58,1,0.282,OK,0000,0.86,OK,0000
LOT-20260807-AAN,line_02,pcb2,2026-08-07,2026-08-07 08:31:27,EQ-02-A,1,0,day,02,L02AAN100060,2026-08-07 08:31:27,2026-08-07 08:33:31,1,0.433,OK,0000,0.8,OK,0000
LOT-20260807-AAN,line_02,pcb2,2026-08-07,2026-08-07 08:32:05,EQ-02-A,1,0,day,02,L02AAN100061,2026-08-07 08:32:05,2026-08-07 08:34:03,1,0.591,OK,0000,0.81,OK,0000
LOT-20260807-AAN,line_02,pcb2,2026-08-07,2026-08-07 08:32:32,EQ-02-A,1,0,day,02,L02AAN100062,2026-08-07 08:32:32,2026-08-07 08:34:30,1,0.459,OK,0000,0.8,OK,0000
LOT-20260807-AAN,line_02,pcb2,2026-08-07,2026-08-07 08:33:09,EQ-02-A,1,0,day,02,L02AAN100063,2026-08-07 08:33:09,2026-08-07 08:35:04,1,0.546,RE,ESA3,1.38,OK,0000
LOT-20260807-AAN,line_02,pcb2,2026-08-07,2026-08-07 08:33:31,EQ-02-A,1,0,day,02,L02AAN100064,2026-08-07 08:33:31,2026-08-07 08:35:33,1,0.221,NG,ESA8,1.81,OK,0000
LOT-20260807-AAN,line_02,pcb2,2026-08-07,2026-08-07 08:34:04,EQ-02-A,1,0,day,02,L02AAN100065,2026-08-07 08:34:04,2026-08-07 08:36:06,1,0.628,OK,0000,0.82,OK,0000
LOT-20260807-AAN,line_02,pcb2,2026-08-07,2026-08-07 08:34:28,EQ-02-A,1,0,day,02,L02AAN100066,2026-08-07 08:34:28,2026-08-07 08:36:23,1,0.33,RE,ESA7,1.29,OK,0000
LOT-20260807-AAN,line_02,pcb2,2026-08-07,2026-08-07 08:34:56,EQ-02-A,1,0,day,02,L02AAN100067,2026-08-07 08:34:56,2026-08-07 08:36:54,1,0.65,RE,ESA8,1.34,OK,0000
LOT-20260807-AAN,line_02,pcb2,2026-08-07,2026-08-07 08:35:18,EQ-02-A,1,0,day,02,L02AAN100068,2026-08-07 08:35:18,2026-08-07 08:37:23,1,0.555,OK,0000,0.84,OK,0000
LOT-20260807-AAN,line_02,pcb2,2026-08-07,2026-08-07 08:35:45,EQ-02-A,1,0,day,02,L02AAN100069,2026-08-07 08:35:45,2026-08-07 08:37:50,2,0.365,OK,0000,0.87,OK,0000
LOT-20260807-AAN,line_02,pcb2,2026-08-07,2026-08-07 08:36:05,EQ-02-A,1,0,day,02,L02AAN100070,2026-08-07 08:36:05,2026-08-07 08:38:06,1,0.621,RE,ESA0,1.14,OK,0000
LOT-20260807-AAN,line_02,pcb2,2026-08-07,2026-08-07 08:36:35,EQ-02-A,1,0,day,02,L02AAN100071,2026-08-07 08:36:35,2026-08-07 08:38:36,2,0.555,OK,0000,0.87,OK,0000
LOT-20260807-AAN,line_02,pcb2,2026-08-07,2026-08-07 08:37:06,EQ-02-A,1,0,day,02,L02AAN100072,2026-08-07 08:37:06,2026-08-07 08:39:03,2,0.632,OK,0000,0.84,OK,0000
LOT-20260807-AAN,line_02,pcb2,2026-08-07,2026-08-07 08:37:26,EQ-02-A,1,0,day,02,L02AAN100073,2026-08-07 08:37:26,2026-08-07 08:39:31,1,0.371,RE,ESA2,1.2,OK,0000
LOT-20260807-AAN,line_02,pcb2,2026-08-07,2026-08-07 08:37:54,EQ-02-A,1,0,day,02,L02AAN100074,2026-08-07 08:37:54,2026-08-07 08:39:52,1,0.349,RE,ESA2,1.24,OK,0000
LOT-20260807-AAN,line_02,pcb2,2026-08-07,2026-08-07 08:38:20,EQ-02-A,1,0,day,02,L02AAN100075,2026-08-07 08:38:20,2026-08-07 08:40:15,2,0.463,OK,0000,0.93,OK,0000
LOT-20260807-AAN,line_02,pcb2,2026-08-07,2026-08-07 08:38:43,EQ-02-A,1,1,day,02,L02AAN100076,2026-08-07 08:38:43,2026-08-07 08:40:42,1,0.634,NG,ESA6,1.9,NG,ESA6
LOT-20260807-AAN,line_02,pcb2,2026-08-07,2026-08-07 08:39:16,EQ-02-A,1,0,day,02,L02AAN100077,2026-08-07 08:39:16,2026-08-07 08:41:11,1,0.571,OK,0000,0.83,OK,0000
LOT-20260807-AAN,line_02,pcb2,2026-08-07,2026-08-07 08:39:41,EQ-02-A,1,0,day,02,L02AAN100078,2026-08-07 08:39:41,2026-08-07 08:41:42,1,0.459,RE,ESA6,1.23,OK,0000
LOT-20260807-AAN,line_02,pcb2,2026-08-07,2026-08-07 08:40:04,EQ-02-A,1,0,day,02,L02AAN100079,2026-08-07 08:40:04,2026-08-07 08:42:02,1,0.528,OK,0000,0.86,OK,0000
LOT-20260807-AAN,line_02,pcb2,2026-08-07,2026-08-07 08:40:29,EQ-02-A,1,0,day,02,L02AAN100080,2026-08-07 08:40:29,2026-08-07 08:42:34,2,0.5,OK,0000,0.83,OK,0000
LOT-20260807-AAN,line_02,pcb2,2026-08-07,2026-08-07 08:41:05,EQ-02-A,1,0,day,02,L02AAN100081,2026-08-07 08:41:05,2026-08-07 08:43:09,2,0.411,OK,0000,0.8,OK,0000
LOT-20260807-AAN,line_02,pcb2,2026-08-07,2026-08-07 08:41:35,EQ-02-A,1,0,day,02,L02AAN100082,2026-08-07 08:41:35,2026-08-07 08:43:38,1,0.693,RE,ESA7,1.47,OK,0000
LOT-20260807-AAN,line_02,pcb2,2026-08-07,2026-08-07 08:42:13,EQ-02-A,1,0,day,02,L02AAN100083,2026-08-07 08:42:13,2026-08-07 08:44:12,1,0.68,OK,0000,0.8,OK,0000
LOT-20260807-AAN,line_02,pcb2,2026-08-07,2026-08-07 08:42:43,EQ-02-A,1,0,day,02,L02AAN100084,2026-08-07 08:42:43,2026-08-07 08:44:38,1,0.618,OK,0000,0.88,OK,0000
LOT-20260807-AAN,line_02,pcb2,2026-08-07,2026-08-07 08:43:09,EQ-02-A,1,0,day,02,L02AAN100085,2026-08-07 08:43:09,2026-08-07 08:45:05,1,0.439,OK,0000,0.86,OK,0000
LOT-20260807-AAN,line_02,pcb2,2026-08-07,2026-08-07 08:43:47,EQ-02-A,1,0,day,02,L02AAN100086,2026-08-07 08:43:47,2026-08-07 08:45:45,2,0.432,OK,0000,0.9,OK,0000
LOT-20260807-AAN,line_02,pcb2,2026-08-07,2026-08-07 08:44:24,EQ-02-A,1,0,day,02,L02AAN100087,2026-08-07 08:44:24,2026-08-07 08:46:29,2,0.555,RE,ESA3,1.16,OK,0000
LOT-20260807-AAN,line_02,pcb2,2026-08-07,2026-08-07 08:45:02,EQ-02-A,1,0,day,02,L02AAN100088,2026-08-07 08:45:02,2026-08-07 08:46:59,2,0.6,OK,0000,0.88,OK,0000
LOT-20260807-AAN,line_02,pcb2,2026-08-07,2026-08-07 08:45:29,EQ-02-A,1,0,day,02,L02AAN100089,2026-08-07 08:45:29,2026-08-07 08:47:25,1,0.53,OK,0000,0.86,OK,0000
LOT-20260807-AAN,line_02,pcb2,2026-08-07,2026-08-07 08:45:56,EQ-02-A,1,0,day,02,L02AAN100090,2026-08-07 08:45:56,2026-08-07 08:47:52,1,0.49,OK,0000,0.8,OK,0000
LOT-20260807-AAN,line_02,pcb2,2026-08-07,2026-08-07 08:46:24,EQ-02-A,1,0,day,02,L02AAN100091,2026-08-07 08:46:24,2026-08-07 08:48:19,1,0.477,RE,ESA1,1.3,OK,0000
LOT-20260807-AAN,line_02,pcb2,2026-08-07,2026-08-07 08:46:57,EQ-02-A,1,1,day,02,L02AAN100092,2026-08-07 08:46:57,2026-08-07 08:49:00,1,0.481,RE,ESA5,1.33,NG,ESA5
LOT-20260807-AAN,line_02,pcb2,2026-08-07,2026-08-07 08:47:21,EQ-02-A,1,0,day,02,L02AAN100093,2026-08-07 08:47:21,2026-08-07 08:49:21,1,0.441,OK,0000,0.83,OK,0000
LOT-20260807-AAN,line_02,pcb2,2026-08-07,2026-08-07 08:47:55,EQ-02-A,1,0,day,02,L02AAN100094,2026-08-07 08:47:55,2026-08-07 08:49:50,2,0.625,OK,0000,0.85,OK,0000
LOT-20260807-AAN,line_02,pcb2,2026-08-07,2026-08-07 08:48:16,EQ-02-A,1,0,day,02,L02AAN100095,2026-08-07 08:48:16,2026-08-07 08:50:11,1,0.438,OK,0000,0.88,OK,0000
LOT-20260807-AAN,line_02,pcb2,2026-08-07,2026-08-07 08:48:36,EQ-02-A,1,0,day,02,L02AAN100096,2026-08-07 08:48:36,2026-08-07 08:50:41,1,0.397,OK,0000,0.81,OK,0000
LOT-20260807-AAN,line_02,pcb2,2026-08-07,2026-08-07 08:49:14,EQ-02-A,1,0,day,02,L02AAN100097,2026-08-07 08:49:14,2026-08-07 08:51:10,2,0.076,OK,0000,0.82,OK,0000
LOT-20260807-AAN,line_02,pcb2,2026-08-07,2026-08-07 08:49:48,EQ-02-A,1,0,day,02,L02AAN100098,2026-08-07 08:49:48,2026-08-07 08:51:53,1,0.696,OK,0000,0.8,OK,0000
LOT-20260807-AAN,line_02,pcb2,2026-08-07,2026-08-07 08:50:27,EQ-02-A,1,0,day,02,L02AAN100099,2026-08-07 08:50:27,2026-08-07 08:52:28,2,0.357,OK,0000,0.86,OK,0000
LOT-20260807-AAN,line_02,pcb2,2026-08-07,2026-08-07 08:50:50,EQ-02-A,1,0,day,02,L02AAN100100,2026-08-07 08:50:50,2026-08-07 08:52:49,1,0.163,RE,ESA8,1.2,OK,0000
LOT-20260807-AAN,line_02,pcb2,2026-08-07,2026-08-07 08:51:18,EQ-02-A,1,0,day,02,L02AAN100101,2026-08-07 08:51:18,2026-08-07 08:53:20,1,0.671,RE,ESA4,1.45,OK,0000
LOT-20260807-AAN,line_02,pcb2,2026-08-07,2026-08-07 08:51:47,EQ-02-A,1,0,day,02,L02AAN100102,2026-08-07 08:51:47,2026-08-07 08:53:50,2,0.544,OK,0000,0.8,OK,0000
LOT-20260807-AAN,line_02,pcb2,2026-08-07,2026-08-07 08:52:26,EQ-02-A,1,1,day,02,L02AAN100103,2026-08-07 08:52:26,2026-08-07 08:54:29,1,0.356,RE,ESA7,1.26,NG,ESA7
LOT-20260807-AAN,line_02,pcb2,2026-08-07,2026-08-07 08:52:59,EQ-02-A,1,0,day,02,L02AAN100104,2026-08-07 08:52:59,2026-08-07 08:54:57,1,0.542,OK,0000,0.91,OK,0000
LOT-20260807-AAN,line_02,pcb2,2026-08-07,2026-08-07 08:53:31,EQ-02-A,1,0,day,02,L02AAN100105,2026-08-07 08:53:31,2026-08-07 08:55:34,1,0.646,OK,0000,0.84,OK,0000
LOT-20260807-AAN,line_02,pcb2,2026-08-07,2026-08-07 08:53:59,EQ-02-A,1,0,day,02,L02AAN100106,2026-08-07 08:53:59,2026-08-07 08:55:57,1,0.45,RE,ESA0,1.5,OK,0000
LOT-20260807-AAN,line_02,pcb2,2026-08-07,2026-08-07 08:54:32,EQ-02-A,1,0,day,02,L02AAN100107,2026-08-07 08:54:32,2026-08-07 08:56:32,2,0.594,OK,0000,0.81,OK,0000
LOT-20260807-AAN,line_02,pcb2,2026-08-07,2026-08-07 08:55:01,EQ-02-A,1,0,day,02,L02AAN100108,2026-08-07 08:55:01,2026-08-07 08:56:56,2,0.466,RE,ESA6,1.16,OK,0000
LOT-20260807-AAN,line_02,pcb2,2026-08-07,2026-08-07 08:55:38,EQ-02-A,1,0,day,02,L02AAN100109,2026-08-07 08:55:38,2026-08-07 08:57:42,1,0.139,OK,0000,0.85,OK,0000
LOT-20260807-AAN,line_02,pcb2,2026-08-07,2026-08-07 08:56:17,EQ-02-A,1,0,day,02,L02AAN100110,2026-08-07 08:56:17,2026-08-07 08:58:12,2,0.767,OK,0000,0.8,OK,0000
LOT-20260807-AAN,line_02,pcb2,2026-08-07,2026-08-07 08:56:56,EQ-02-A,1,1,day,02,L02AAN100111,2026-08-07 08:56:56,2026-08-07 08:58:59,1,0.508,RE,ESA5,1.18,NG,ESA5
LOT-20260807-AAN,line_02,pcb2,2026-08-07,2026-08-07 08:57:21,EQ-02-A,1,0,day,02,L02AAN100112,2026-08-07 08:57:21,2026-08-07 08:59:22,2,0.578,OK,0000,0.83,OK,0000
LOT-20260807-AAN,line_02,pcb2,2026-08-07,2026-08-07 08:57:49,EQ-02-A,1,0,day,02,L02AAN100113,2026-08-07 08:57:49,2026-08-07 08:59:52,1,0.296,OK,0000,0.8,OK,0000
LOT-20260807-AAN,line_02,pcb2,2026-08-07,2026-08-07 08:58:09,EQ-02-A,1,0,day,02,L02AAN100114,2026-08-07 08:58:09,2026-08-07 09:00:14,1,0.375,OK,0000,0.89,OK,0000
LOT-20260807-AAN,line_02,pcb2,2026-08-07,2026-08-07 08:58:34,EQ-02-A,1,0,day,02,L02AAN100115,2026-08-07 08:58:34,2026-08-07 09:00:32,1,0.694,RE,ESA6,1.22,OK,0000
LOT-20260807-AAN,line_02,pcb2,2026-08-07,2026-08-07 08:59:10,EQ-02-A,1,1,day,02,L02AAN100116,2026-08-07 08:59:10,2026-08-07 09:01:09,1,0.684,RE,ESA5,1.23,NG,ESA5
LOT-20260807-AAN,line_02,pcb2,2026-08-07,2026-08-07 08:59:37,EQ-02-A,1,0,day,02,L02AAN100117,2026-08-07 08:59:37,2026-08-07 09:01:36,1,0.451,OK,0000,0.84,OK,0000
LOT-20260807-AAN,line_02,pcb2,2026-08-07,2026-08-07 09:00:02,EQ-02-A,1,1,day,02,L02AAN100118,2026-08-07 09:00:02,2026-08-07 09:02:01,1,0.543,RE,ESA5,1.19,NG,ESA5
LOT-20260807-AAN,line_02,pcb2,2026-08-07,2026-08-07 09:00:35,EQ-02-A,1,0,day,02,L02AAN100119,2026-08-07 09:00:35,2026-08-07 09:02:32,2,0.503,OK,0000,0.87,OK,0000
LOT-20260807-AAN,line_02,pcb2,2026-08-07,2026-08-07 09:01:06,EQ-02-A,1,0,day,02,L02AAN100120,2026-08-07 09:01:06,2026-08-07 09:03:02,2,0.519,OK,0000,0.84,OK,0000
LOT-20260807-AAN,line_02,pcb2,2026-08-07,2026-08-07 09:01:35,EQ-02-A,1,0,day,02,L02AAN100121,2026-08-07 09:01:35,2026-08-07 09:03:30,1,0.574,OK,0000,0.87,OK,0000
LOT-20260807-AAN,line_02,pcb2,2026-08-07,2026-08-07 09:02:07,EQ-02-A,1,0,day,02,L02AAN100122,2026-08-07 09:02:07,2026-08-07 09:04:07,2,0.491,RE,ESA3,1.2,OK,0000
LOT-20260807-AAN,line_02,pcb2,2026-08-07,2026-08-07 09:02:38,EQ-02-A,1,0,day,02,L02AAN100123,2026-08-07 09:02:38,2026-08-07 09:04:43,1,0.528,OK,0000,0.8,OK,0000
LOT-20260807-AAK,line_03,pcb3,2026-08-07,2026-08-07 08:00:00,EQ-03-A,1,0,day,03,L03AAK100188,2026-08-07 08:00:00,2026-08-07 08:01:55,1,0.249,OK,0000,0.8,OK,0000
LOT-20260807-AAK,line_03,pcb3,2026-08-07,2026-08-07 08:00:22,EQ-03-A,1,0,day,03,L03AAK100189,2026-08-07 08:00:22,2026-08-07 08:02:21,2,0.657,OK,0000,0.84,OK,0000
LOT-20260807-AAK,line_03,pcb3,2026-08-07,2026-08-07 08:00:58,EQ-03-A,1,0,day,03,L03AAK100190,2026-08-07 08:00:58,2026-08-07 08:02:53,2,0.311,OK,0000,0.86,OK,0000
LOT-20260807-AAK,line_03,pcb3,2026-08-07,2026-08-07 08:01:25,EQ-03-A,1,0,day,03,L03AAK100191,2026-08-07 08:01:25,2026-08-07 08:03:28,1,0.648,OK,0000,0.86,OK,0000
LOT-20260807-AAK,line_03,pcb3,2026-08-07,2026-08-07 08:02:01,EQ-03-A,1,0,day,03,L03AAK100192,2026-08-07 08:02:01,2026-08-07 08:03:58,2,0.472,OK,0000,0.85,OK,0000
LOT-20260807-AAK,line_03,pcb3,2026-08-07,2026-08-07 08:02:35,EQ-03-A,1,0,day,03,L03AAK100193,2026-08-07 08:02:35,2026-08-07 08:04:35,1,0.635,OK,0000,0.82,OK,0000
LOT-20260807-AAK,line_03,pcb3,2026-08-07,2026-08-07 08:02:56,EQ-03-A,1,0,day,03,L03AAK100194,2026-08-07 08:02:56,2026-08-07 08:04:55,1,0.504,OK,0000,0.83,OK,0000
LOT-20260807-AAK,line_03,pcb3,2026-08-07,2026-08-07 08:03:23,EQ-03-A,1,0,day,03,L03AAK100195,2026-08-07 08:03:23,2026-08-07 08:05:23,2,0.258,OK,0000,0.88,OK,0000
LOT-20260807-AAK,line_03,pcb3,2026-08-07,2026-08-07 08:03:49,EQ-03-A,1,0,day,03,L03AAK100196,2026-08-07 08:03:49,2026-08-07 08:05:45,2,0.809,OK,0000,0.81,OK,0000
LOT-20260807-AAK,line_03,pcb3,2026-08-07,2026-08-07 08:04:21,EQ-03-A,1,0,day,03,L03AAK100197,2026-08-07 08:04:21,2026-08-07 08:06:17,2,0.644,OK,0000,0.81,OK,0000
LOT-20260807-AAK,line_03,pcb3,2026-08-07,2026-08-07 08:04:44,EQ-03-A,1,0,day,03,L03AAK100198,2026-08-07 08:04:44,2026-08-07 08:06:40,1,0.52,OK,0000,0.9,OK,0000
LOT-20260807-AAK,line_03,pcb3,2026-08-07,2026-08-07 08:05:21,EQ-03-A,1,0,day,03,L03AAK100199,2026-08-07 08:05:21,2026-08-07 08:07:17,2,0.422,OK,0000,0.84,OK,0000
LOT-20260807-AAK,line_03,pcb3,2026-08-07,2026-08-07 08:06:01,EQ-03-A,1,1,day,03,L03AAK100200,2026-08-07 08:06:01,2026-08-07 08:08:06,2,0.23,RE,ESA5,1.18,NG,ESA5
LOT-20260807-AAO,line_03,pcb3,2026-08-07,2026-08-07 08:06:31,EQ-03-A,1,0,day,03,L03AAO100001,2026-08-07 08:06:31,2026-08-07 08:08:27,2,0.214,OK,0000,0.86,OK,0000
LOT-20260807-AAO,line_03,pcb3,2026-08-07,2026-08-07 08:06:53,EQ-03-A,1,0,day,03,L03AAO100002,2026-08-07 08:06:53,2026-08-07 08:08:53,1,0.625,OK,0000,0.83,OK,0000
LOT-20260807-AAO,line_03,pcb3,2026-08-07,2026-08-07 08:07:25,EQ-03-A,1,1,day,03,L03AAO100003,2026-08-07 08:07:25,2026-08-07 08:09:28,2,0.543,RE,ESA6,1.22,NG,ESA6
LOT-20260807-AAO,line_03,pcb3,2026-08-07,2026-08-07 08:08:01,EQ-03-A,1,0,day,03,L03AAO100004,2026-08-07 08:08:01,2026-08-07 08:09:56,1,0.611,OK,0000,0.85,OK,0000
LOT-20260807-AAO,line_03,pcb3,2026-08-07,2026-08-07 08:08:39,EQ-03-A,1,1,day,03,L03AAO100005,2026-08-07 08:08:39,2026-08-07 08:10:36,2,0.202,RE,ESA5,1.34,NG,ESA5
LOT-20260807-AAO,line_03,pcb3,2026-08-07,2026-08-07 08:09:18,EQ-03-A,1,0,day,03,L03AAO100006,2026-08-07 08:09:18,2026-08-07 08:11:23,1,0.442,OK,0000,0.8,OK,0000
LOT-20260807-AAO,line_03,pcb3,2026-08-07,2026-08-07 08:09:53,EQ-03-A,1,0,day,03,L03AAO100007,2026-08-07 08:09:53,2026-08-07 08:11:49,2,0.434,OK,0000,0.8,OK,0000
LOT-20260807-AAO,line_03,pcb3,2026-08-07,2026-08-07 08:10:26,EQ-03-A,1,0,day,03,L03AAO100008,2026-08-07 08:10:26,2026-08-07 08:12:27,2,0.313,OK,0000,0.85,OK,0000
LOT-20260807-AAO,line_03,pcb3,2026-08-07,2026-08-07 08:10:57,EQ-03-A,1,0,day,03,L03AAO100009,2026-08-07 08:10:57,2026-08-07 08:12:53,2,0.534,OK,0000,0.85,OK,0000
LOT-20260807-AAO,line_03,pcb3,2026-08-07,2026-08-07 08:11:26,EQ-03-A,1,0,day,03,L03AAO100010,2026-08-07 08:11:26,2026-08-07 08:13:31,1,0.5,OK,0000,0.81,OK,0000
LOT-20260807-AAO,line_03,pcb3,2026-08-07,2026-08-07 08:12:04,EQ-03-A,1,0,day,03,L03AAO100011,2026-08-07 08:12:04,2026-08-07 08:14:05,1,0.492,OK,0000,0.82,OK,0000
LOT-20260807-AAO,line_03,pcb3,2026-08-07,2026-08-07 08:12:40,EQ-03-A,1,0,day,03,L03AAO100012,2026-08-07 08:12:40,2026-08-07 08:14:41,1,0.256,OK,0000,0.81,OK,0000
LOT-20260807-AAO,line_03,pcb3,2026-08-07,2026-08-07 08:13:06,EQ-03-A,1,1,day,03,L03AAO100013,2026-08-07 08:13:06,2026-08-07 08:15:10,2,0.633,RE,ESA7,1.41,NG,ESA7
LOT-20260807-AAO,line_03,pcb3,2026-08-07,2026-08-07 08:13:45,EQ-03-A,1,0,day,03,L03AAO100014,2026-08-07 08:13:45,2026-08-07 08:15:46,1,0.598,OK,0000,0.9,OK,0000
LOT-20260807-AAO,line_03,pcb3,2026-08-07,2026-08-07 08:14:07,EQ-03-A,1,0,day,03,L03AAO100015,2026-08-07 08:14:07,2026-08-07 08:16:06,2,0.513,OK,0000,0.91,OK,0000
LOT-20260807-AAO,line_03,pcb3,2026-08-07,2026-08-07 08:14:31,EQ-03-A,1,0,day,03,L03AAO100016,2026-08-07 08:14:31,2026-08-07 08:16:31,1,0.808,OK,0000,0.8,OK,0000
LOT-20260807-AAO,line_03,pcb3,2026-08-07,2026-08-07 08:15:11,EQ-03-A,1,0,day,03,L03AAO100017,2026-08-07 08:15:11,2026-08-07 08:17:12,1,0.533,OK,0000,0.84,OK,0000
LOT-20260807-AAO,line_03,pcb3,2026-08-07,2026-08-07 08:15:44,EQ-03-A,1,0,day,03,L03AAO100018,2026-08-07 08:15:44,2026-08-07 08:17:40,2,0.436,OK,0000,0.86,OK,0000
LOT-20260807-AAO,line_03,pcb3,2026-08-07,2026-08-07 08:16:07,EQ-03-A,1,1,day,03,L03AAO100019,2026-08-07 08:16:07,2026-08-07 08:18:02,2,0.506,RE,ESA6,1.18,NG,ESA6
LOT-20260807-AAO,line_03,pcb3,2026-08-07,2026-08-07 08:16:33,EQ-03-A,1,0,day,03,L03AAO100020,2026-08-07 08:16:33,2026-08-07 08:18:34,1,0.496,RE,ESA7,1.37,OK,0000
LOT-20260807-AAO,line_03,pcb3,2026-08-07,2026-08-07 08:17:12,EQ-03-A,1,0,day,03,L03AAO100021,2026-08-07 08:17:12,2026-08-07 08:19:08,2,0.527,OK,0000,0.87,OK,0000
LOT-20260807-AAO,line_03,pcb3,2026-08-07,2026-08-07 08:17:42,EQ-03-A,1,0,day,03,L03AAO100022,2026-08-07 08:17:42,2026-08-07 08:19:40,2,0.458,OK,0000,0.86,OK,0000
LOT-20260807-AAO,line_03,pcb3,2026-08-07,2026-08-07 08:18:10,EQ-03-A,1,0,day,03,L03AAO100023,2026-08-07 08:18:10,2026-08-07 08:20:13,1,0.319,OK,0000,0.82,OK,0000
LOT-20260807-AAO,line_03,pcb3,2026-08-07,2026-08-07 08:18:47,EQ-03-A,1,0,day,03,L03AAO100024,2026-08-07 08:18:47,2026-08-07 08:20:49,2,0.485,OK,0000,0.8,OK,0000
LOT-20260807-AAO,line_03,pcb3,2026-08-07,2026-08-07 08:19:20,EQ-03-A,1,0,day,03,L03AAO100025,2026-08-07 08:19:20,2026-08-07 08:21:18,2,0.375,OK,0000,0.85,OK,0000
LOT-20260807-AAO,line_03,pcb3,2026-08-07,2026-08-07 08:19:56,EQ-03-A,1,0,day,03,L03AAO100026,2026-08-07 08:19:56,2026-08-07 08:21:52,1,0.519,OK,0000,0.87,OK,0000
LOT-20260807-AAO,line_03,pcb3,2026-08-07,2026-08-07 08:20:23,EQ-03-A,1,0,day,03,L03AAO100027,2026-08-07 08:20:23,2026-08-07 08:22:25,1,0.41,OK,0000,0.84,OK,0000
LOT-20260807-AAO,line_03,pcb3,2026-08-07,2026-08-07 08:20:49,EQ-03-A,1,1,day,03,L03AAO100028,2026-08-07 08:20:49,2026-08-07 08:22:52,1,0.399,RE,ESA6,1.32,NG,ESA6
LOT-20260807-AAO,line_03,pcb3,2026-08-07,2026-08-07 08:21:25,EQ-03-A,1,0,day,03,L03AAO100029,2026-08-07 08:21:25,2026-08-07 08:23:21,1,0.679,OK,0000,0.86,OK,0000
LOT-20260807-AAO,line_03,pcb3,2026-08-07,2026-08-07 08:21:46,EQ-03-A,1,0,day,03,L03AAO100030,2026-08-07 08:21:46,2026-08-07 08:23:41,2,0.659,OK,0000,0.84,OK,0000
LOT-20260807-AAO,line_03,pcb3,2026-08-07,2026-08-07 08:22:25,EQ-03-A,1,0,day,03,L03AAO100031,2026-08-07 08:22:25,2026-08-07 08:24:29,2,0.621,OK,0000,0.84,OK,0000
LOT-20260807-AAO,line_03,pcb3,2026-08-07,2026-08-07 08:22:47,EQ-03-A,1,0,day,03,L03AAO100032,2026-08-07 08:22:47,2026-08-07 08:24:42,2,0.346,OK,0000,0.85,OK,0000
LOT-20260807-AAO,line_03,pcb3,2026-08-07,2026-08-07 08:23:21,EQ-03-A,1,0,day,03,L03AAO100033,2026-08-07 08:23:21,2026-08-07 08:25:25,2,0.351,OK,0000,0.93,OK,0000
LOT-20260807-AAO,line_03,pcb3,2026-08-07,2026-08-07 08:23:59,EQ-03-A,1,0,day,03,L03AAO100034,2026-08-07 08:23:59,2026-08-07 08:26:03,2,0.45,OK,0000,0.87,OK,0000
LOT-20260807-AAO,line_03,pcb3,2026-08-07,2026-08-07 08:24:31,EQ-03-A,1,0,day,03,L03AAO100035,2026-08-07 08:24:31,2026-08-07 08:26:36,2,0.498,OK,0000,0.8,OK,0000
LOT-20260807-AAO,line_03,pcb3,2026-08-07,2026-08-07 08:25:10,EQ-03-A,1,0,day,03,L03AAO100036,2026-08-07 08:25:10,2026-08-07 08:27:12,2,0.215,OK,0000,0.87,OK,0000
LOT-20260807-AAO,line_03,pcb3,2026-08-07,2026-08-07 08:25:32,EQ-03-A,1,0,day,03,L03AAO100037,2026-08-07 08:25:32,2026-08-07 08:27:32,1,0.732,OK,0000,0.81,OK,0000
LOT-20260807-AAO,line_03,pcb3,2026-08-07,2026-08-07 08:26:10,EQ-03-A,1,1,day,03,L03AAO100038,2026-08-07 08:26:10,2026-08-07 08:28:10,1,0.251,RE,ESA5,1.22,NG,ESA5
LOT-20260807-AAO,line_03,pcb3,2026-08-07,2026-08-07 08:26:48,EQ-03-A,1,0,day,03,L03AAO100039,2026-08-07 08:26:48,2026-08-07 08:28:52,2,0.359,OK,0000,0.81,OK,0000
LOT-20260807-AAO,line_03,pcb3,2026-08-07,2026-08-07 08:27:14,EQ-03-A,1,0,day,03,L03AAO100040,2026-08-07 08:27:14,2026-08-07 08:29:12,2,0.592,OK,0000,0.84,OK,0000
LOT-20260807-AAO,line_03,pcb3,2026-08-07,2026-08-07 08:27:43,EQ-03-A,1,1,day,03,L03AAO100041,2026-08-07 08:27:43,2026-08-07 08:29:47,2,0.376,RE,ESA5,1.31,NG,ESA5
LOT-20260807-AAO,line_03,pcb3,2026-08-07,2026-08-07 08:28:20,EQ-03-A,1,0,day,03,L03AAO100042,2026-08-07 08:28:20,2026-08-07 08:30:23,1,0.6,OK,0000,0.83,OK,0000
LOT-20260807-AAO,line_03,pcb3,2026-08-07,2026-08-07 08:28:55,EQ-03-A,1,0,day,03,L03AAO100043,2026-08-07 08:28:55,2026-08-07 08:30:56,2,0.521,OK,0000,0.86,OK,0000
LOT-20260807-AAO,line_03,pcb3,2026-08-07,2026-08-07 08:29:15,EQ-03-A,1,0,day,03,L03AAO100044,2026-08-07 08:29:15,2026-08-07 08:31:18,2,0.564,OK,0000,0.84,OK,0000
LOT-20260807-AAO,line_03,pcb3,2026-08-07,2026-08-07 08:29:42,EQ-03-A,1,0,day,03,L03AAO100045,2026-08-07 08:29:42,2026-08-07 08:31:46,2,0.715,OK,0000,0.86,OK,0000
LOT-20260807-AAO,line_03,pcb3,2026-08-07,2026-08-07 08:30:13,EQ-03-A,1,0,day,03,L03AAO100046,2026-08-07 08:30:13,2026-08-07 08:32:18,2,0.432,OK,0000,0.82,OK,0000
LOT-20260807-AAO,line_03,pcb3,2026-08-07,2026-08-07 08:30:50,EQ-03-A,1,0,day,03,L03AAO100047,2026-08-07 08:30:50,2026-08-07 08:32:45,2,0.416,OK,0000,0.87,OK,0000
LOT-20260807-AAO,line_03,pcb3,2026-08-07,2026-08-07 08:31:21,EQ-03-A,1,0,day,03,L03AAO100048,2026-08-07 08:31:21,2026-08-07 08:33:18,2,0.407,OK,0000,0.82,OK,0000
LOT-20260807-AAO,line_03,pcb3,2026-08-07,2026-08-07 08:31:59,EQ-03-A,1,0,day,03,L03AAO100049,2026-08-07 08:31:59,2026-08-07 08:33:56,2,0.659,OK,0000,0.85,OK,0000
LOT-20260807-AAO,line_03,pcb3,2026-08-07,2026-08-07 08:32:31,EQ-03-A,1,0,day,03,L03AAO100050,2026-08-07 08:32:31,2026-08-07 08:34:32,1,0.68,OK,0000,0.87,OK,0000
LOT-20260807-AAO,line_03,pcb3,2026-08-07,2026-08-07 08:32:59,EQ-03-A,1,0,day,03,L03AAO100051,2026-08-07 08:32:59,2026-08-07 08:34:59,2,0.323,OK,0000,0.84,OK,0000
LOT-20260807-AAO,line_03,pcb3,2026-08-07,2026-08-07 08:33:32,EQ-03-A,1,0,day,03,L03AAO100052,2026-08-07 08:33:32,2026-08-07 08:35:35,2,0.648,OK,0000,0.8,OK,0000
LOT-20260807-AAO,line_03,pcb3,2026-08-07,2026-08-07 08:34:07,EQ-03-A,1,0,day,03,L03AAO100053,2026-08-07 08:34:07,2026-08-07 08:36:04,2,0.563,OK,0000,0.84,OK,0000
LOT-20260807-AAO,line_03,pcb3,2026-08-07,2026-08-07 08:34:33,EQ-03-A,1,0,day,03,L03AAO100054,2026-08-07 08:34:33,2026-08-07 08:36:29,2,0.237,OK,0000,0.84,OK,0000
LOT-20260807-AAO,line_03,pcb3,2026-08-07,2026-08-07 08:35:01,EQ-03-A,1,0,day,03,L03AAO100055,2026-08-07 08:35:01,2026-08-07 08:36:58,2,0.374,OK,0000,0.8,OK,0000
LOT-20260807-AAO,line_03,pcb3,2026-08-07,2026-08-07 08:35:28,EQ-03-A,1,0,day,03,L03AAO100056,2026-08-07 08:35:28,2026-08-07 08:37:27,2,0.501,OK,0000,0.8,OK,0000
LOT-20260807-AAO,line_03,pcb3,2026-08-07,2026-08-07 08:36:08,EQ-03-A,1,1,day,03,L03AAO100057,2026-08-07 08:36:08,2026-08-07 08:38:05,2,0.399,RE,ESA6,1.5,NG,ESA6
LOT-20260807-AAO,line_03,pcb3,2026-08-07,2026-08-07 08:36:43,EQ-03-A,1,0,day,03,L03AAO100058,2026-08-07 08:36:43,2026-08-07 08:38:47,2,0.598,OK,0000,0.8,OK,0000
LOT-20260807-AAO,line_03,pcb3,2026-08-07,2026-08-07 08:37:15,EQ-03-A,1,1,day,03,L03AAO100059,2026-08-07 08:37:15,2026-08-07 08:39:11,2,0.711,RE,ESA6,1.15,NG,ESA6
LOT-20260807-AAO,line_03,pcb3,2026-08-07,2026-08-07 08:37:47,EQ-03-A,1,1,day,03,L03AAO100060,2026-08-07 08:37:47,2026-08-07 08:39:47,1,0.417,RE,ESA5,1.14,NG,ESA5
LOT-20260807-AAO,line_03,pcb3,2026-08-07,2026-08-07 08:38:07,EQ-03-A,1,0,day,03,L03AAO100061,2026-08-07 08:38:07,2026-08-07 08:40:06,1,0.538,OK,0000,0.89,OK,0000
LOT-20260807-AAO,line_03,pcb3,2026-08-07,2026-08-07 08:38:29,EQ-03-A,1,0,day,03,L03AAO100062,2026-08-07 08:38:29,2026-08-07 08:40:29,1,0.35,OK,0000,0.8,OK,0000
LOT-20260807-AAO,line_03,pcb3,2026-08-07,2026-08-07 08:38:50,EQ-03-A,1,0,day,03,L03AAO100063,2026-08-07 08:38:50,2026-08-07 08:40:53,2,0.664,OK,0000,0.9,OK,0000
LOT-20260807-AAO,line_03,pcb3,2026-08-07,2026-08-07 08:39:16,EQ-03-A,1,0,day,03,L03AAO100064,2026-08-07 08:39:16,2026-08-07 08:41:21,1,0.201,OK,0000,0.86,OK,0000
LOT-20260807-AAO,line_03,pcb3,2026-08-07,2026-08-07 08:39:40,EQ-03-A,1,0,day,03,L03AAO100065,2026-08-07 08:39:40,2026-08-07 08:41:39,2,0.534,OK,0000,0.81,OK,0000
LOT-20260807-AAO,line_03,pcb3,2026-08-07,2026-08-07 08:40:00,EQ-03-A,1,0,day,03,L03AAO100066,2026-08-07 08:40:00,2026-08-07 08:42:01,1,0.291,OK,0000,0.88,OK,0000
LOT-20260807-AAO,line_03,pcb3,2026-08-07,2026-08-07 08:40:25,EQ-03-A,1,0,day,03,L03AAO100067,2026-08-07 08:40:25,2026-08-07 08:42:26,2,0.527,OK,0000,0.85,OK,0000
LOT-20260807-AAO,line_03,pcb3,2026-08-07,2026-08-07 08:40:58,EQ-03-A,1,0,day,03,L03AAO100068,2026-08-07 08:40:58,2026-08-07 08:43:01,2,0.407,OK,0000,0.81,OK,0000
LOT-20260807-AAO,line_03,pcb3,2026-08-07,2026-08-07 08:41:20,EQ-03-A,1,0,day,03,L03AAO100069,2026-08-07 08:41:20,2026-08-07 08:43:22,2,0.132,OK,0000,0.83,OK,0000
LOT-20260807-AAO,line_03,pcb3,2026-08-07,2026-08-07 08:41:52,EQ-03-A,1,0,day,03,L03AAO100070,2026-08-07 08:41:52,2026-08-07 08:43:56,2,0.716,OK,0000,0.8,OK,0000
LOT-20260807-AAO,line_03,pcb3,2026-08-07,2026-08-07 08:42:14,EQ-03-A,1,0,day,03,L03AAO100071,2026-08-07 08:42:14,2026-08-07 08:44:17,1,0.272,OK,0000,0.86,OK,0000
LOT-20260807-AAO,line_03,pcb3,2026-08-07,2026-08-07 08:42:51,EQ-03-A,1,0,day,03,L03AAO100072,2026-08-07 08:42:51,2026-08-07 08:44:53,1,0.593,OK,0000,0.82,OK,0000
LOT-20260807-AAO,line_03,pcb3,2026-08-07,2026-08-07 08:43:18,EQ-03-A,1,0,day,03,L03AAO100073,2026-08-07 08:43:18,2026-08-07 08:45:18,1,0.448,OK,0000,0.85,OK,0000
LOT-20260807-AAO,line_03,pcb3,2026-08-07,2026-08-07 08:43:43,EQ-03-A,1,0,day,03,L03AAO100074,2026-08-07 08:43:43,2026-08-07 08:45:45,2,0.477,OK,0000,0.88,OK,0000
LOT-20260807-AAO,line_03,pcb3,2026-08-07,2026-08-07 08:44:20,EQ-03-A,1,0,day,03,L03AAO100075,2026-08-07 08:44:20,2026-08-07 08:46:17,1,0.866,OK,0000,0.8,OK,0000
LOT-20260807-AAO,line_03,pcb3,2026-08-07,2026-08-07 08:44:43,EQ-03-A,1,0,day,03,L03AAO100076,2026-08-07 08:44:43,2026-08-07 08:46:41,1,0.684,OK,0000,0.84,OK,0000
LOT-20260807-AAO,line_03,pcb3,2026-08-07,2026-08-07 08:45:16,EQ-03-A,1,0,day,03,L03AAO100077,2026-08-07 08:45:16,2026-08-07 08:47:13,1,0.708,OK,0000,0.87,OK,0000
LOT-20260807-AAO,line_03,pcb3,2026-08-07,2026-08-07 08:45:50,EQ-03-A,1,1,day,03,L03AAO100078,2026-08-07 08:45:50,2026-08-07 08:47:46,1,0.509,RE,ESA7,1.33,NG,ESA7
LOT-20260807-AAO,line_03,pcb3,2026-08-07,2026-08-07 08:46:16,EQ-03-A,1,0,day,03,L03AAO100079,2026-08-07 08:46:16,2026-08-07 08:48:15,1,0.441,OK,0000,0.81,OK,0000
LOT-20260807-AAO,line_03,pcb3,2026-08-07,2026-08-07 08:46:54,EQ-03-A,1,0,day,03,L03AAO100080,2026-08-07 08:46:54,2026-08-07 08:48:54,1,0.622,OK,0000,0.81,OK,0000
LOT-20260807-AAO,line_03,pcb3,2026-08-07,2026-08-07 08:47:15,EQ-03-A,1,0,day,03,L03AAO100081,2026-08-07 08:47:15,2026-08-07 08:49:11,1,0.596,OK,0000,0.84,OK,0000
LOT-20260807-AAO,line_03,pcb3,2026-08-07,2026-08-07 08:47:48,EQ-03-A,1,0,day,03,L03AAO100082,2026-08-07 08:47:48,2026-08-07 08:49:46,2,0.151,OK,0000,0.82,OK,0000
LOT-20260807-AAO,line_03,pcb3,2026-08-07,2026-08-07 08:48:16,EQ-03-A,1,0,day,03,L03AAO100083,2026-08-07 08:48:16,2026-08-07 08:50:13,2,0.55,OK,0000,0.82,OK,0000
LOT-20260807-AAO,line_03,pcb3,2026-08-07,2026-08-07 08:48:50,EQ-03-A,1,0,day,03,L03AAO100084,2026-08-07 08:48:50,2026-08-07 08:50:47,1,0.118,OK,0000,0.89,OK,0000
LOT-20260807-AAM,line_04,pcb4,2026-08-07,2026-08-07 08:00:00,EQ-04-A,1,0,day,04,L04AAM100005,2026-08-07 08:00:00,2026-08-07 08:02:02,2,0.429,OK,0000,0.86,OK,0000
LOT-20260807-AAM,line_04,pcb4,2026-08-07,2026-08-07 08:00:38,EQ-04-A,1,0,day,04,L04AAM100006,2026-08-07 08:00:38,2026-08-07 08:02:37,2,0.775,OK,0000,0.81,OK,0000
LOT-20260807-AAM,line_04,pcb4,2026-08-07,2026-08-07 08:01:14,EQ-04-A,1,0,day,04,L04AAM100007,2026-08-07 08:01:14,2026-08-07 08:03:14,2,0.75,OK,0000,0.86,OK,0000
LOT-20260807-AAM,line_04,pcb4,2026-08-07,2026-08-07 08:01:49,EQ-04-A,1,0,day,04,L04AAM100008,2026-08-07 08:01:49,2026-08-07 08:03:50,2,0.37,OK,0000,0.93,OK,0000
LOT-20260807-AAM,line_04,pcb4,2026-08-07,2026-08-07 08:02:16,EQ-04-A,1,0,day,04,L04AAM100009,2026-08-07 08:02:16,2026-08-07 08:04:19,2,0.559,OK,0000,0.87,OK,0000
LOT-20260807-AAM,line_04,pcb4,2026-08-07,2026-08-07 08:02:41,EQ-04-A,1,0,day,04,L04AAM100010,2026-08-07 08:02:41,2026-08-07 08:04:41,2,0.46,OK,0000,0.81,OK,0000
LOT-20260807-AAM,line_04,pcb4,2026-08-07,2026-08-07 08:03:08,EQ-04-A,1,0,day,04,L04AAM100011,2026-08-07 08:03:08,2026-08-07 08:05:10,2,0.525,OK,0000,0.9,OK,0000
LOT-20260807-AAM,line_04,pcb4,2026-08-07,2026-08-07 08:03:46,EQ-04-A,1,1,day,04,L04AAM100012,2026-08-07 08:03:46,2026-08-07 08:05:42,1,0.454,RE,ESA4,1.25,NG,ESA4
LOT-20260807-AAM,line_04,pcb4,2026-08-07,2026-08-07 08:04:20,EQ-04-A,1,0,day,04,L04AAM100013,2026-08-07 08:04:20,2026-08-07 08:06:21,2,0.718,OK,0000,0.83,OK,0000
LOT-20260807-AAM,line_04,pcb4,2026-08-07,2026-08-07 08:04:56,EQ-04-A,1,0,day,04,L04AAM100014,2026-08-07 08:04:56,2026-08-07 08:06:56,1,0.577,OK,0000,0.88,OK,0000
LOT-20260807-AAM,line_04,pcb4,2026-08-07,2026-08-07 08:05:16,EQ-04-A,1,0,day,04,L04AAM100015,2026-08-07 08:05:16,2026-08-07 08:07:13,1,0.47,OK,0000,0.85,OK,0000
LOT-20260807-AAM,line_04,pcb4,2026-08-07,2026-08-07 08:05:41,EQ-04-A,1,0,day,04,L04AAM100016,2026-08-07 08:05:41,2026-08-07 08:07:37,2,0.599,RE,ESA7,1.21,OK,0000
LOT-20260807-AAM,line_04,pcb4,2026-08-07,2026-08-07 08:06:13,EQ-04-A,1,0,day,04,L04AAM100017,2026-08-07 08:06:13,2026-08-07 08:08:09,1,0.622,OK,0000,0.82,OK,0000
LOT-20260807-AAM,line_04,pcb4,2026-08-07,2026-08-07 08:06:41,EQ-04-A,1,0,day,04,L04AAM100018,2026-08-07 08:06:41,2026-08-07 08:08:46,1,0.399,OK,0000,0.8,OK,0000
LOT-20260807-AAM,line_04,pcb4,2026-08-07,2026-08-07 08:07:06,EQ-04-A,1,0,day,04,L04AAM100019,2026-08-07 08:07:06,2026-08-07 08:09:07,2,0.424,OK,0000,0.81,OK,0000
LOT-20260807-AAM,line_04,pcb4,2026-08-07,2026-08-07 08:07:40,EQ-04-A,1,0,day,04,L04AAM100020,2026-08-07 08:07:40,2026-08-07 08:09:43,1,0.44,OK,0000,0.86,OK,0000
LOT-20260807-AAM,line_04,pcb4,2026-08-07,2026-08-07 08:08:08,EQ-04-A,1,0,day,04,L04AAM100021,2026-08-07 08:08:08,2026-08-07 08:10:11,2,0.241,OK,0000,0.8,OK,0000
LOT-20260807-AAM,line_04,pcb4,2026-08-07,2026-08-07 08:08:28,EQ-04-A,1,0,day,04,L04AAM100022,2026-08-07 08:08:28,2026-08-07 08:10:28,2,0.388,OK,0000,0.86,OK,0000
LOT-20260807-AAM,line_04,pcb4,2026-08-07,2026-08-07 08:08:49,EQ-04-A,1,0,day,04,L04AAM100023,2026-08-07 08:08:49,2026-08-07 08:10:52,2,0.543,OK,0000,0.81,OK,0000
LOT-20260807-AAM,line_04,pcb4,2026-08-07,2026-08-07 08:09:22,EQ-04-A,1,0,day,04,L04AAM100024,2026-08-07 08:09:22,2026-08-07 08:11:25,2,0.675,OK,0000,0.81,OK,0000
LOT-20260807-AAM,line_04,pcb4,2026-08-07,2026-08-07 08:09:51,EQ-04-A,1,1,day,04,L04AAM100025,2026-08-07 08:09:51,2026-08-07 08:11:55,2,0.569,RE,ESA2,1.21,NG,ESA2
LOT-20260807-AAM,line_04,pcb4,2026-08-07,2026-08-07 08:10:27,EQ-04-A,1,0,day,04,L04AAM100026,2026-08-07 08:10:27,2026-08-07 08:12:32,2,0.37,OK,0000,0.82,OK,0000
LOT-20260807-AAM,line_04,pcb4,2026-08-07,2026-08-07 08:11:04,EQ-04-A,1,0,day,04,L04AAM100027,2026-08-07 08:11:04,2026-08-07 08:12:59,1,0.61,OK,0000,0.85,OK,0000
LOT-20260807-AAM,line_04,pcb4,2026-08-07,2026-08-07 08:11:44,EQ-04-A,1,0,day,04,L04AAM100028,2026-08-07 08:11:44,2026-08-07 08:13:47,1,0.645,OK,0000,0.85,OK,0000
LOT-20260807-AAM,line_04,pcb4,2026-08-07,2026-08-07 08:12:16,EQ-04-A,1,0,day,04,L04AAM100029,2026-08-07 08:12:16,2026-08-07 08:14:21,1,0.258,OK,0000,0.92,OK,0000
LOT-20260807-AAM,line_04,pcb4,2026-08-07,2026-08-07 08:12:41,EQ-04-A,1,0,day,04,L04AAM100030,2026-08-07 08:12:41,2026-08-07 08:14:37,1,0.556,OK,0000,0.86,OK,0000
LOT-20260807-AAM,line_04,pcb4,2026-08-07,2026-08-07 08:13:20,EQ-04-A,1,0,day,04,L04AAM100031,2026-08-07 08:13:20,2026-08-07 08:15:22,2,0.443,OK,0000,0.88,OK,0000
LOT-20260807-AAM,line_04,pcb4,2026-08-07,2026-08-07 08:13:59,EQ-04-A,1,0,day,04,L04AAM100032,2026-08-07 08:13:59,2026-08-07 08:16:03,2,0.336,OK,0000,0.86,OK,0000
LOT-20260807-AAM,line_04,pcb4,2026-08-07,2026-08-07 08:14:37,EQ-04-A,1,0,day,04,L04AAM100033,2026-08-07 08:14:37,2026-08-07 08:16:34,1,0.188,OK,0000,0.87,OK,0000
LOT-20260807-AAM,line_04,pcb4,2026-08-07,2026-08-07 08:15:01,EQ-04-A,1,0,day,04,L04AAM100034,2026-08-07 08:15:01,2026-08-07 08:16:56,2,0.338,RE,ESA3,1.28,OK,0000
LOT-20260807-AAM,line_04,pcb4,2026-08-07,2026-08-07 08:15:41,EQ-04-A,1,0,day,04,L04AAM100035,2026-08-07 08:15:41,2026-08-07 08:17:41,2,0.704,OK,0000,0.87,OK,0000
LOT-20260807-AAM,line_04,pcb4,2026-08-07,2026-08-07 08:16:02,EQ-04-A,1,0,day,04,L04AAM100036,2026-08-07 08:16:02,2026-08-07 08:18:02,1,0.684,OK,0000,0.88,OK,0000
LOT-20260807-AAM,line_04,pcb4,2026-08-07,2026-08-07 08:16:34,EQ-04-A,1,0,day,04,L04AAM100037,2026-08-07 08:16:34,2026-08-07 08:18:38,1,0.421,OK,0000,0.86,OK,0000
LOT-20260807-AAM,line_04,pcb4,2026-08-07,2026-08-07 08:16:55,EQ-04-A,1,0,day,04,L04AAM100038,2026-08-07 08:16:55,2026-08-07 08:18:58,2,0.241,OK,0000,0.81,OK,0000
LOT-20260807-AAM,line_04,pcb4,2026-08-07,2026-08-07 08:17:20,EQ-04-A,1,0,day,04,L04AAM100039,2026-08-07 08:17:20,2026-08-07 08:19:19,2,0.709,OK,0000,0.82,OK,0000
LOT-20260807-AAM,line_04,pcb4,2026-08-07,2026-08-07 08:17:45,EQ-04-A,1,0,day,04,L04AAM100040,2026-08-07 08:17:45,2026-08-07 08:19:43,1,0.22,OK,0000,0.92,OK,0000
LOT-20260807-AAM,line_04,pcb4,2026-08-07,2026-08-07 08:18:09,EQ-04-A,1,0,day,04,L04AAM100041,2026-08-07 08:18:09,2026-08-07 08:20:14,2,0.584,OK,0000,0.87,OK,0000
LOT-20260807-AAM,line_04,pcb4,2026-08-07,2026-08-07 08:18:36,EQ-04-A,1,0,day,04,L04AAM100042,2026-08-07 08:18:36,2026-08-07 08:20:40,2,0.353,OK,0000,0.85,OK,0000
LOT-20260807-AAM,line_04,pcb4,2026-08-07,2026-08-07 08:19:04,EQ-04-A,1,0,day,04,L04AAM100043,2026-08-07 08:19:04,2026-08-07 08:21:02,2,0.539,OK,0000,0.81,OK,0000
LOT-20260807-AAM,line_04,pcb4,2026-08-07,2026-08-07 08:19:41,EQ-04-A,1,1,day,04,L04AAM100044,2026-08-07 08:19:41,2026-08-07 08:21:41,1,0.475,RE,ESA2,1.1,NG,ESA2
LOT-20260807-AAM,line_04,pcb4,2026-08-07,2026-08-07 08:20:13,EQ-04-A,1,0,day,04,L04AAM100045,2026-08-07 08:20:13,2026-08-07 08:22:16,2,0.448,OK,0000,0.88,OK,0000
LOT-20260807-AAM,line_04,pcb4,2026-08-07,2026-08-07 08:20:43,EQ-04-A,1,0,day,04,L04AAM100046,2026-08-07 08:20:43,2026-08-07 08:22:43,1,0.388,OK,0000,0.92,OK,0000
LOT-20260807-AAM,line_04,pcb4,2026-08-07,2026-08-07 08:21:15,EQ-04-A,1,0,day,04,L04AAM100047,2026-08-07 08:21:15,2026-08-07 08:23:19,2,0.285,OK,0000,0.83,OK,0000
LOT-20260807-AAM,line_04,pcb4,2026-08-07,2026-08-07 08:21:42,EQ-04-A,1,0,day,04,L04AAM100048,2026-08-07 08:21:42,2026-08-07 08:23:47,1,0.402,OK,0000,0.83,OK,0000
LOT-20260807-AAM,line_04,pcb4,2026-08-07,2026-08-07 08:22:13,EQ-04-A,1,0,day,04,L04AAM100049,2026-08-07 08:22:13,2026-08-07 08:24:09,2,0.706,RE,ESA8,1.15,OK,0000
LOT-20260807-AAM,line_04,pcb4,2026-08-07,2026-08-07 08:22:50,EQ-04-A,1,0,day,04,L04AAM100050,2026-08-07 08:22:50,2026-08-07 08:24:49,2,0.432,RE,ESA7,1.32,OK,0000
LOT-20260807-AAM,line_04,pcb4,2026-08-07,2026-08-07 08:23:22,EQ-04-A,1,0,day,04,L04AAM100051,2026-08-07 08:23:22,2026-08-07 08:25:27,2,0.514,OK,0000,0.85,OK,0000
LOT-20260807-AAM,line_04,pcb4,2026-08-07,2026-08-07 08:23:51,EQ-04-A,1,0,day,04,L04AAM100052,2026-08-07 08:23:51,2026-08-07 08:25:56,1,0.355,OK,0000,0.84,OK,0000
LOT-20260807-AAM,line_04,pcb4,2026-08-07,2026-08-07 08:24:30,EQ-04-A,1,0,day,04,L04AAM100053,2026-08-07 08:24:30,2026-08-07 08:26:34,2,0.67,OK,0000,0.8,OK,0000
LOT-20260807-AAM,line_04,pcb4,2026-08-07,2026-08-07 08:24:52,EQ-04-A,1,0,day,04,L04AAM100054,2026-08-07 08:24:52,2026-08-07 08:26:54,1,0.395,OK,0000,0.8,OK,0000
LOT-20260807-AAM,line_04,pcb4,2026-08-07,2026-08-07 08:25:17,EQ-04-A,1,1,day,04,L04AAM100055,2026-08-07 08:25:17,2026-08-07 08:27:21,1,0.581,RE,ESA8,1.37,NG,ESA8
LOT-20260807-AAM,line_04,pcb4,2026-08-07,2026-08-07 08:25:44,EQ-04-A,1,0,day,04,L04AAM100056,2026-08-07 08:25:44,2026-08-07 08:27:43,1,0.472,OK,0000,0.8,OK,0000
LOT-20260807-AAM,line_04,pcb4,2026-08-07,2026-08-07 08:26:06,EQ-04-A,1,0,day,04,L04AAM100057,2026-08-07 08:26:06,2026-08-07 08:28:06,1,0.354,OK,0000,0.83,OK,0000
LOT-20260807-AAM,line_04,pcb4,2026-08-07,2026-08-07 08:26:32,EQ-04-A,1,0,day,04,L04AAM100058,2026-08-07 08:26:32,2026-08-07 08:28:30,1,0.455,OK,0000,0.88,OK,0000
LOT-20260807-AAM,line_04,pcb4,2026-08-07,2026-08-07 08:27:05,EQ-04-A,1,0,day,04,L04AAM100059,2026-08-07 08:27:05,2026-08-07 08:29:03,1,0.4,RE,ESA2,1.29,OK,0000
LOT-20260807-AAM,line_04,pcb4,2026-08-07,2026-08-07 08:27:38,EQ-04-A,1,0,day,04,L04AAM100060,2026-08-07 08:27:38,2026-08-07 08:29:43,1,0.454,OK,0000,0.81,OK,0000
LOT-20260807-AAM,line_04,pcb4,2026-08-07,2026-08-07 08:28:01,EQ-04-A,1,0,day,04,L04AAM100061,2026-08-07 08:28:01,2026-08-07 08:30:01,1,0.45,OK,0000,0.85,OK,0000
LOT-20260807-AAM,line_04,pcb4,2026-08-07,2026-08-07 08:28:26,EQ-04-A,1,0,day,04,L04AAM100062,2026-08-07 08:28:26,2026-08-07 08:30:22,2,0.637,OK,0000,0.83,OK,0000
LOT-20260807-AAM,line_04,pcb4,2026-08-07,2026-08-07 08:29:04,EQ-04-A,1,0,day,04,L04AAM100063,2026-08-07 08:29:04,2026-08-07 08:31:01,1,0.319,OK,0000,0.88,OK,0000
LOT-20260807-AAM,line_04,pcb4,2026-08-07,2026-08-07 08:29:39,EQ-04-A,1,0,day,04,L04AAM100064,2026-08-07 08:29:39,2026-08-07 08:31:42,2,0.365,OK,0000,0.85,OK,0000
LOT-20260807-AAM,line_04,pcb4,2026-08-07,2026-08-07 08:30:15,EQ-04-A,1,0,day,04,L04AAM100065,2026-08-07 08:30:15,2026-08-07 08:32:12,2,0.496,OK,0000,0.83,OK,0000
LOT-20260807-AAM,line_04,pcb4,2026-08-07,2026-08-07 08:30:45,EQ-04-A,1,0,day,04,L04AAM100066,2026-08-07 08:30:45,2026-08-07 08:32:46,2,0.427,OK,0000,0.86,OK,0000
LOT-20260807-AAM,line_04,pcb4,2026-08-07,2026-08-07 08:31:06,EQ-04-A,1,0,day,04,L04AAM100067,2026-08-07 08:31:06,2026-08-07 08:33:07,2,0.0,OK,0000,0.89,OK,0000
LOT-20260807-AAM,line_04,pcb4,2026-08-07,2026-08-07 08:31:40,EQ-04-A,1,0,day,04,L04AAM100068,2026-08-07 08:31:40,2026-08-07 08:33:37,2,0.363,OK,0000,0.86,OK,0000
LOT-20260807-AAM,line_04,pcb4,2026-08-07,2026-08-07 08:32:15,EQ-04-A,1,0,day,04,L04AAM100069,2026-08-07 08:32:15,2026-08-07 08:34:20,2,0.553,OK,0000,0.89,OK,0000
LOT-20260807-AAM,line_04,pcb4,2026-08-07,2026-08-07 08:32:43,EQ-04-A,1,0,day,04,L04AAM100070,2026-08-07 08:32:43,2026-08-07 08:34:43,2,0.53,OK,0000,0.81,OK,0000
LOT-20260807-AAM,line_04,pcb4,2026-08-07,2026-08-07 08:33:13,EQ-04-A,1,0,day,04,L04AAM100071,2026-08-07 08:33:13,2026-08-07 08:35:16,1,0.259,OK,0000,0.83,OK,0000
LOT-20260807-AAM,line_04,pcb4,2026-08-07,2026-08-07 08:33:37,EQ-04-A,1,1,day,04,L04AAM100072,2026-08-07 08:33:37,2026-08-07 08:35:33,2,0.206,NG,ESA4,1.74,NG,ESA4
LOT-20260807-AAM,line_04,pcb4,2026-08-07,2026-08-07 08:34:10,EQ-04-A,1,0,day,04,L04AAM100073,2026-08-07 08:34:10,2026-08-07 08:36:05,1,0.456,OK,0000,0.81,OK,0000
LOT-20260807-AAM,line_04,pcb4,2026-08-07,2026-08-07 08:34:31,EQ-04-A,1,1,day,04,L04AAM100074,2026-08-07 08:34:31,2026-08-07 08:36:35,2,0.506,RE,ESA7,1.23,NG,ESA7
LOT-20260807-AAM,line_04,pcb4,2026-08-07,2026-08-07 08:35:11,EQ-04-A,1,1,day,04,L04AAM100075,2026-08-07 08:35:11,2026-08-07 08:37:07,2,0.451,RE,ESA7,1.01,NG,ESA7
LOT-20260807-AAM,line_04,pcb4,2026-08-07,2026-08-07 08:35:41,EQ-04-A,1,0,day,04,L04AAM100076,2026-08-07 08:35:41,2026-08-07 08:37:36,1,0.306,OK,0000,0.87,OK,0000
LOT-20260807-AAM,line_04,pcb4,2026-08-07,2026-08-07 08:36:17,EQ-04-A,1,0,day,04,L04AAM100077,2026-08-07 08:36:17,2026-08-07 08:38:14,1,0.621,OK,0000,0.8,OK,0000
LOT-20260807-AAM,line_04,pcb4,2026-08-07,2026-08-07 08:36:40,EQ-04-A,1,0,day,04,L04AAM100078,2026-08-07 08:36:40,2026-08-07 08:38:44,1,0.378,OK,0000,0.88,OK,0000
LOT-20260807-AAM,line_04,pcb4,2026-08-07,2026-08-07 08:37:12,EQ-04-A,1,0,day,04,L04AAM100079,2026-08-07 08:37:12,2026-08-07 08:39:09,2,0.392,OK,0000,0.84,OK,0000
LOT-20260807-AAM,line_04,pcb4,2026-08-07,2026-08-07 08:37:47,EQ-04-A,1,0,day,04,L04AAM100080,2026-08-07 08:37:47,2026-08-07 08:39:48,2,0.716,OK,0000,0.83,OK,0000
LOT-20260807-AAM,line_04,pcb4,2026-08-07,2026-08-07 08:38:21,EQ-04-A,1,0,day,04,L04AAM100081,2026-08-07 08:38:21,2026-08-07 08:40:20,1,0.424,OK,0000,0.83,OK,0000
LOT-20260807-AAM,line_04,pcb4,2026-08-07,2026-08-07 08:39:01,EQ-04-A,1,0,day,04,L04AAM100082,2026-08-07 08:39:01,2026-08-07 08:41:04,2,0.778,OK,0000,0.86,OK,0000
LOT-20260807-AAM,line_04,pcb4,2026-08-07,2026-08-07 08:39:26,EQ-04-A,1,0,day,04,L04AAM100083,2026-08-07 08:39:26,2026-08-07 08:41:22,1,0.503,OK,0000,0.82,OK,0000
LOT-20260807-AAM,line_04,pcb4,2026-08-07,2026-08-07 08:40:02,EQ-04-A,1,1,day,04,L04AAM100084,2026-08-07 08:40:02,2026-08-07 08:41:58,1,0.581,RE,ESA4,1.32,NG,ESA4
LOT-20260807-AAM,line_04,pcb4,2026-08-07,2026-08-07 08:40:26,EQ-04-A,1,0,day,04,L04AAM100085,2026-08-07 08:40:26,2026-08-07 08:42:31,2,0.339,OK,0000,0.87,OK,0000
LOT-20260807-AAM,line_04,pcb4,2026-08-07,2026-08-07 08:40:46,EQ-04-A,1,0,day,04,L04AAM100086,2026-08-07 08:40:46,2026-08-07 08:42:41,2,0.477,OK,0000,0.84,OK,0000
LOT-20260807-AAM,line_04,pcb4,2026-08-07,2026-08-07 08:41:08,EQ-04-A,1,1,day,04,L04AAM100087,2026-08-07 08:41:08,2026-08-07 08:43:06,1,0.367,RE,ESA6,1.21,NG,ESA6
LOT-20260807-AAM,line_04,pcb4,2026-08-07,2026-08-07 08:41:45,EQ-04-A,1,0,day,04,L04AAM100088,2026-08-07 08:41:45,2026-08-07 08:43:48,2,0.345,OK,0000,0.8,OK,0000
LOT-20260807-AAM,line_04,pcb4,2026-08-07,2026-08-07 08:42:07,EQ-04-A,1,0,day,04,L04AAM100089,2026-08-07 08:42:07,2026-08-07 08:44:07,1,0.557,OK,0000,0.83,OK,0000
LOT-20260807-AAM,line_04,pcb4,2026-08-07,2026-08-07 08:42:42,EQ-04-A,1,0,day,04,L04AAM100090,2026-08-07 08:42:42,2026-08-07 08:44:45,1,0.305,OK,0000,0.93,OK,0000
LOT-20260807-AAM,line_04,pcb4,2026-08-07,2026-08-07 08:43:22,EQ-04-A,1,0,day,04,L04AAM100091,2026-08-07 08:43:22,2026-08-07 08:45:26,1,0.331,OK,0000,0.88,OK,0000
LOT-20260807-AAM,line_04,pcb4,2026-08-07,2026-08-07 08:43:43,EQ-04-A,1,0,day,04,L04AAM100092,2026-08-07 08:43:43,2026-08-07 08:45:48,1,0.279,OK,0000,0.86,OK,0000
LOT-20260807-AAM,line_04,pcb4,2026-08-07,2026-08-07 08:44:17,EQ-04-A,1,0,day,04,L04AAM100093,2026-08-07 08:44:17,2026-08-07 08:46:13,1,0.462,OK,0000,0.81,OK,0000
LOT-20260807-AAM,line_04,pcb4,2026-08-07,2026-08-07 08:44:49,EQ-04-A,1,1,day,04,L04AAM100094,2026-08-07 08:44:49,2026-08-07 08:46:45,1,0.53,RE,ESA6,1.26,NG,ESA6
LOT-20260807-AAM,line_04,pcb4,2026-08-07,2026-08-07 08:45:29,EQ-04-A,1,0,day,04,L04AAM100095,2026-08-07 08:45:29,2026-08-07 08:47:27,2,0.378,OK,0000,0.81,OK,0000
LOT-20260807-AAM,line_04,pcb4,2026-08-07,2026-08-07 08:46:07,EQ-04-A,1,0,day,04,L04AAM100096,2026-08-07 08:46:07,2026-08-07 08:48:02,1,0.264,OK,0000,0.85,OK,0000
LOT-20260807-AAM,line_04,pcb4,2026-08-07,2026-08-07 08:46:37,EQ-04-A,1,0,day,04,L04AAM100097,2026-08-07 08:46:37,2026-08-07 08:48:41,2,0.312,OK,0000,0.84,OK,0000
LOT-20260807-AAM,line_04,pcb4,2026-08-07,2026-08-07 08:47:03,EQ-04-A,1,0,day,04,L04AAM100098,2026-08-07 08:47:03,2026-08-07 08:49:04,2,0.589,OK,0000,0.85,OK,0000
LOT-20260807-AAM,line_04,pcb4,2026-08-07,2026-08-07 08:47:33,EQ-04-A,1,0,day,04,L04AAM100099,2026-08-07 08:47:33,2026-08-07 08:49:31,2,0.392,OK,0000,0.88,OK,0000
LOT-20260807-AAM,line_04,pcb4,2026-08-07,2026-08-07 08:48:10,EQ-04-A,1,0,day,04,L04AAM100100,2026-08-07 08:48:10,2026-08-07 08:50:15,2,0.439,OK,0000,0.8,OK,0000
LOT-20260807-AAM,line_04,pcb4,2026-08-07,2026-08-07 08:48:41,EQ-04-A,1,0,day,04,L04AAM100101,2026-08-07 08:48:41,2026-08-07 08:50:44,1,0.457,OK,0000,0.86,OK,0000
LOT-20260807-AAM,line_04,pcb4,2026-08-07,2026-08-07 08:49:07,EQ-04-A,1,0,day,04,L04AAM100102,2026-08-07 08:49:07,2026-08-07 08:51:03,2,0.399,OK,0000,0.88,OK,0000
LOT-20260807-AAM,line_04,pcb4,2026-08-07,2026-08-07 08:49:42,EQ-04-A,1,0,day,04,L04AAM100103,2026-08-07 08:49:42,2026-08-07 08:51:44,1,0.384,OK,0000,0.81,OK,0000
LOT-20260807-AAM,line_04,pcb4,2026-08-07,2026-08-07 08:50:09,EQ-04-A,1,0,day,04,L04AAM100104,2026-08-07 08:50:09,2026-08-07 08:52:04,1,0.343,OK,0000,0.87,OK,0000
LOT-20260807-AAM,line_04,pcb4,2026-08-07,2026-08-07 08:50:47,EQ-04-A,1,0,day,04,L04AAM100105,2026-08-07 08:50:47,2026-08-07 08:52:49,2,0.492,OK,0000,0.8,OK,0000
LOT-20260808-AAL,line_01,pcb1,2026-08-08,2026-08-08 08:00:00,EQ-01-A,1,0,day,01,L01AAL100182,2026-08-08 08:00:00,2026-08-08 08:02:04,1,0.617,OK,0000,0.83,OK,0000
LOT-20260808-AAL,line_01,pcb1,2026-08-08,2026-08-08 08:00:38,EQ-01-A,1,0,day,01,L01AAL100183,2026-08-08 08:00:38,2026-08-08 08:02:34,1,0.139,OK,0000,0.8,OK,0000
LOT-20260808-AAL,line_01,pcb1,2026-08-08,2026-08-08 08:01:03,EQ-01-A,1,0,day,01,L01AAL100184,2026-08-08 08:01:03,2026-08-08 08:03:05,2,0.437,OK,0000,0.8,OK,0000
LOT-20260808-AAL,line_01,pcb1,2026-08-08,2026-08-08 08:01:39,EQ-01-A,1,0,day,01,L01AAL100185,2026-08-08 08:01:39,2026-08-08 08:03:39,2,0.619,OK,0000,0.86,OK,0000
LOT-20260808-AAL,line_01,pcb1,2026-08-08,2026-08-08 08:02:03,EQ-01-A,1,0,day,01,L01AAL100186,2026-08-08 08:02:03,2026-08-08 08:04:01,1,0.554,OK,0000,0.8,OK,0000
LOT-20260808-AAL,line_01,pcb1,2026-08-08,2026-08-08 08:02:27,EQ-01-A,1,0,day,01,L01AAL100187,2026-08-08 08:02:27,2026-08-08 08:04:23,2,0.421,OK,0000,0.81,OK,0000
LOT-20260808-AAL,line_01,pcb1,2026-08-08,2026-08-08 08:02:51,EQ-01-A,1,1,day,01,L01AAL100188,2026-08-08 08:02:51,2026-08-08 08:04:46,1,0.357,RE,ESA6,1.21,NG,ESA6
LOT-20260808-AAL,line_01,pcb1,2026-08-08,2026-08-08 08:03:28,EQ-01-A,1,0,day,01,L01AAL100189,2026-08-08 08:03:28,2026-08-08 08:05:30,2,0.331,OK,0000,0.85,OK,0000
LOT-20260808-AAL,line_01,pcb1,2026-08-08,2026-08-08 08:04:07,EQ-01-A,1,0,day,01,L01AAL100190,2026-08-08 08:04:07,2026-08-08 08:06:10,2,0.615,OK,0000,0.87,OK,0000
LOT-20260808-AAL,line_01,pcb1,2026-08-08,2026-08-08 08:04:43,EQ-01-A,1,0,day,01,L01AAL100191,2026-08-08 08:04:43,2026-08-08 08:06:43,1,0.479,OK,0000,0.92,OK,0000
LOT-20260808-AAL,line_01,pcb1,2026-08-08,2026-08-08 08:05:19,EQ-01-A,1,0,day,01,L01AAL100192,2026-08-08 08:05:19,2026-08-08 08:07:14,1,0.671,OK,0000,0.84,OK,0000
LOT-20260808-AAL,line_01,pcb1,2026-08-08,2026-08-08 08:05:40,EQ-01-A,1,0,day,01,L01AAL100193,2026-08-08 08:05:40,2026-08-08 08:07:41,1,0.428,OK,0000,0.89,OK,0000
LOT-20260808-AAL,line_01,pcb1,2026-08-08,2026-08-08 08:06:20,EQ-01-A,1,0,day,01,L01AAL100194,2026-08-08 08:06:20,2026-08-08 08:08:20,1,0.651,OK,0000,0.8,OK,0000
LOT-20260808-AAL,line_01,pcb1,2026-08-08,2026-08-08 08:06:43,EQ-01-A,1,0,day,01,L01AAL100195,2026-08-08 08:06:43,2026-08-08 08:08:41,2,0.663,RE,ESA2,1.23,OK,0000
LOT-20260808-AAL,line_01,pcb1,2026-08-08,2026-08-08 08:07:21,EQ-01-A,1,0,day,01,L01AAL100196,2026-08-08 08:07:21,2026-08-08 08:09:25,2,0.371,OK,0000,0.8,OK,0000
LOT-20260808-AAL,line_01,pcb1,2026-08-08,2026-08-08 08:07:52,EQ-01-A,1,0,day,01,L01AAL100197,2026-08-08 08:07:52,2026-08-08 08:09:51,2,0.46,OK,0000,0.84,OK,0000
LOT-20260808-AAL,line_01,pcb1,2026-08-08,2026-08-08 08:08:32,EQ-01-A,1,0,day,01,L01AAL100198,2026-08-08 08:08:32,2026-08-08 08:10:30,2,0.738,OK,0000,0.88,OK,0000
LOT-20260808-AAL,line_01,pcb1,2026-08-08,2026-08-08 08:08:52,EQ-01-A,1,0,day,01,L01AAL100199,2026-08-08 08:08:52,2026-08-08 08:10:57,1,0.413,OK,0000,0.86,OK,0000
LOT-20260808-AAL,line_01,pcb1,2026-08-08,2026-08-08 08:09:30,EQ-01-A,1,0,day,01,L01AAL100200,2026-08-08 08:09:30,2026-08-08 08:11:31,2,0.624,OK,0000,0.84,OK,0000
LOT-20260808-AAP,line_01,pcb1,2026-08-08,2026-08-08 08:09:51,EQ-01-A,1,0,day,01,L01AAP100001,2026-08-08 08:09:51,2026-08-08 08:11:48,2,0.412,OK,0000,0.82,OK,0000
LOT-20260808-AAP,line_01,pcb1,2026-08-08,2026-08-08 08:10:14,EQ-01-A,1,0,day,01,L01AAP100002,2026-08-08 08:10:14,2026-08-08 08:12:15,2,0.558,OK,0000,0.86,OK,0000
LOT-20260808-AAP,line_01,pcb1,2026-08-08,2026-08-08 08:10:48,EQ-01-A,1,0,day,01,L01AAP100003,2026-08-08 08:10:48,2026-08-08 08:12:53,1,0.456,OK,0000,0.8,OK,0000
LOT-20260808-AAP,line_01,pcb1,2026-08-08,2026-08-08 08:11:10,EQ-01-A,1,0,day,01,L01AAP100004,2026-08-08 08:11:10,2026-08-08 08:13:07,1,0.306,OK,0000,0.86,OK,0000
LOT-20260808-AAP,line_01,pcb1,2026-08-08,2026-08-08 08:11:31,EQ-01-A,1,0,day,01,L01AAP100005,2026-08-08 08:11:31,2026-08-08 08:13:31,2,0.18,OK,0000,0.89,OK,0000
LOT-20260808-AAP,line_01,pcb1,2026-08-08,2026-08-08 08:12:07,EQ-01-A,1,0,day,01,L01AAP100006,2026-08-08 08:12:07,2026-08-08 08:14:11,1,0.655,OK,0000,0.84,OK,0000
LOT-20260808-AAP,line_01,pcb1,2026-08-08,2026-08-08 08:12:33,EQ-01-A,1,0,day,01,L01AAP100007,2026-08-08 08:12:33,2026-08-08 08:14:33,2,0.59,OK,0000,0.86,OK,0000
LOT-20260808-AAP,line_01,pcb1,2026-08-08,2026-08-08 08:12:59,EQ-01-A,1,0,day,01,L01AAP100008,2026-08-08 08:12:59,2026-08-08 08:15:04,2,0.482,OK,0000,0.8,OK,0000
LOT-20260808-AAP,line_01,pcb1,2026-08-08,2026-08-08 08:13:28,EQ-01-A,1,0,day,01,L01AAP100009,2026-08-08 08:13:28,2026-08-08 08:15:27,1,0.645,OK,0000,0.9,OK,0000
LOT-20260808-AAP,line_01,pcb1,2026-08-08,2026-08-08 08:13:53,EQ-01-A,1,0,day,01,L01AAP100010,2026-08-08 08:13:53,2026-08-08 08:15:58,2,0.319,OK,0000,0.8,OK,0000
LOT-20260808-AAP,line_01,pcb1,2026-08-08,2026-08-08 08:14:25,EQ-01-A,1,0,day,01,L01AAP100011,2026-08-08 08:14:25,2026-08-08 08:16:20,2,0.479,OK,0000,0.81,OK,0000
LOT-20260808-AAP,line_01,pcb1,2026-08-08,2026-08-08 08:15:03,EQ-01-A,1,0,day,01,L01AAP100012,2026-08-08 08:15:03,2026-08-08 08:17:02,1,0.522,OK,0000,0.89,OK,0000
LOT-20260808-AAP,line_01,pcb1,2026-08-08,2026-08-08 08:15:35,EQ-01-A,1,0,day,01,L01AAP100013,2026-08-08 08:15:35,2026-08-08 08:17:35,2,0.163,OK,0000,0.9,OK,0000
LOT-20260808-AAP,line_01,pcb1,2026-08-08,2026-08-08 08:16:06,EQ-01-A,1,0,day,01,L01AAP100014,2026-08-08 08:16:06,2026-08-08 08:18:11,2,0.439,OK,0000,0.86,OK,0000
LOT-20260808-AAP,line_01,pcb1,2026-08-08,2026-08-08 08:16:26,EQ-01-A,1,0,day,01,L01AAP100015,2026-08-08 08:16:26,2026-08-08 08:18:30,1,0.593,OK,0000,0.87,OK,0000
LOT-20260808-AAP,line_01,pcb1,2026-08-08,2026-08-08 08:16:57,EQ-01-A,1,0,day,01,L01AAP100016,2026-08-08 08:16:57,2026-08-08 08:18:52,1,0.509,OK,0000,0.85,OK,0000
LOT-20260808-AAP,line_01,pcb1,2026-08-08,2026-08-08 08:17:20,EQ-01-A,1,0,day,01,L01AAP100017,2026-08-08 08:17:20,2026-08-08 08:19:18,2,0.543,OK,0000,0.81,OK,0000
LOT-20260808-AAP,line_01,pcb1,2026-08-08,2026-08-08 08:17:53,EQ-01-A,1,0,day,01,L01AAP100018,2026-08-08 08:17:53,2026-08-08 08:19:54,2,0.236,OK,0000,0.8,OK,0000
LOT-20260808-AAP,line_01,pcb1,2026-08-08,2026-08-08 08:18:22,EQ-01-A,1,0,day,01,L01AAP100019,2026-08-08 08:18:22,2026-08-08 08:20:21,2,0.484,NG,ESA0,1.72,OK,0000
LOT-20260808-AAP,line_01,pcb1,2026-08-08,2026-08-08 08:18:44,EQ-01-A,1,0,day,01,L01AAP100020,2026-08-08 08:18:44,2026-08-08 08:20:45,1,0.382,OK,0000,0.91,OK,0000
LOT-20260808-AAP,line_01,pcb1,2026-08-08,2026-08-08 08:19:07,EQ-01-A,1,0,day,01,L01AAP100021,2026-08-08 08:19:07,2026-08-08 08:21:09,1,0.629,OK,0000,0.83,OK,0000
LOT-20260808-AAP,line_01,pcb1,2026-08-08,2026-08-08 08:19:35,EQ-01-A,1,0,day,01,L01AAP100022,2026-08-08 08:19:35,2026-08-08 08:21:31,1,0.601,OK,0000,0.82,OK,0000
LOT-20260808-AAP,line_01,pcb1,2026-08-08,2026-08-08 08:20:08,EQ-01-A,1,0,day,01,L01AAP100023,2026-08-08 08:20:08,2026-08-08 08:22:05,2,0.517,OK,0000,0.86,OK,0000
LOT-20260808-AAP,line_01,pcb1,2026-08-08,2026-08-08 08:20:32,EQ-01-A,1,0,day,01,L01AAP100024,2026-08-08 08:20:32,2026-08-08 08:22:28,1,0.437,OK,0000,0.81,OK,0000
LOT-20260808-AAP,line_01,pcb1,2026-08-08,2026-08-08 08:21:02,EQ-01-A,1,0,day,01,L01AAP100025,2026-08-08 08:21:02,2026-08-08 08:23:07,2,0.684,OK,0000,0.86,OK,0000
LOT-20260808-AAP,line_01,pcb1,2026-08-08,2026-08-08 08:21:42,EQ-01-A,1,0,day,01,L01AAP100026,2026-08-08 08:21:42,2026-08-08 08:23:41,1,0.162,OK,0000,0.81,OK,0000
LOT-20260808-AAP,line_01,pcb1,2026-08-08,2026-08-08 08:22:03,EQ-01-A,1,0,day,01,L01AAP100027,2026-08-08 08:22:03,2026-08-08 08:24:04,2,0.383,OK,0000,0.82,OK,0000
LOT-20260808-AAP,line_01,pcb1,2026-08-08,2026-08-08 08:22:38,EQ-01-A,1,0,day,01,L01AAP100028,2026-08-08 08:22:38,2026-08-08 08:24:39,2,0.629,OK,0000,0.84,OK,0000
LOT-20260808-AAP,line_01,pcb1,2026-08-08,2026-08-08 08:23:07,EQ-01-A,1,0,day,01,L01AAP100029,2026-08-08 08:23:07,2026-08-08 08:25:07,1,0.292,OK,0000,0.82,OK,0000
LOT-20260808-AAP,line_01,pcb1,2026-08-08,2026-08-08 08:23:38,EQ-01-A,1,0,day,01,L01AAP100030,2026-08-08 08:23:38,2026-08-08 08:25:37,2,0.581,OK,0000,0.83,OK,0000
LOT-20260808-AAP,line_01,pcb1,2026-08-08,2026-08-08 08:24:13,EQ-01-A,1,1,day,01,L01AAP100031,2026-08-08 08:24:13,2026-08-08 08:26:15,1,0.403,RE,ESA6,1.28,NG,ESA6
LOT-20260808-AAP,line_01,pcb1,2026-08-08,2026-08-08 08:24:46,EQ-01-A,1,1,day,01,L01AAP100032,2026-08-08 08:24:46,2026-08-08 08:26:49,1,0.743,NG,ESA5,1.85,NG,ESA5
LOT-20260808-AAP,line_01,pcb1,2026-08-08,2026-08-08 08:25:09,EQ-01-A,1,0,day,01,L01AAP100033,2026-08-08 08:25:09,2026-08-08 08:27:12,1,0.695,OK,0000,0.82,OK,0000
LOT-20260808-AAP,line_01,pcb1,2026-08-08,2026-08-08 08:25:36,EQ-01-A,1,0,day,01,L01AAP100034,2026-08-08 08:25:36,2026-08-08 08:27:32,1,0.499,OK,0000,0.84,OK,0000
LOT-20260808-AAP,line_01,pcb1,2026-08-08,2026-08-08 08:26:11,EQ-01-A,1,0,day,01,L01AAP100035,2026-08-08 08:26:11,2026-08-08 08:28:14,2,0.518,OK,0000,0.86,OK,0000
LOT-20260808-AAP,line_01,pcb1,2026-08-08,2026-08-08 08:26:34,EQ-01-A,1,0,day,01,L01AAP100036,2026-08-08 08:26:34,2026-08-08 08:28:31,1,0.362,OK,0000,0.87,OK,0000
LOT-20260808-AAP,line_01,pcb1,2026-08-08,2026-08-08 08:27:12,EQ-01-A,1,0,day,01,L01AAP100037,2026-08-08 08:27:12,2026-08-08 08:29:07,1,0.256,OK,0000,0.8,OK,0000
LOT-20260808-AAP,line_01,pcb1,2026-08-08,2026-08-08 08:27:46,EQ-01-A,1,0,day,01,L01AAP100038,2026-08-08 08:27:46,2026-08-08 08:29:42,1,0.82,OK,0000,0.82,OK,0000
LOT-20260808-AAP,line_01,pcb1,2026-08-08,2026-08-08 08:28:13,EQ-01-A,1,0,day,01,L01AAP100039,2026-08-08 08:28:13,2026-08-08 08:30:08,1,0.609,OK,0000,0.91,OK,0000
LOT-20260808-AAP,line_01,pcb1,2026-08-08,2026-08-08 08:28:42,EQ-01-A,1,0,day,01,L01AAP100040,2026-08-08 08:28:42,2026-08-08 08:30:41,2,0.153,OK,0000,0.89,OK,0000
LOT-20260808-AAP,line_01,pcb1,2026-08-08,2026-08-08 08:29:08,EQ-01-A,1,0,day,01,L01AAP100041,2026-08-08 08:29:08,2026-08-08 08:31:03,2,0.597,OK,0000,0.91,OK,0000
LOT-20260808-AAP,line_01,pcb1,2026-08-08,2026-08-08 08:29:28,EQ-01-A,1,0,day,01,L01AAP100042,2026-08-08 08:29:28,2026-08-08 08:31:31,1,0.323,OK,0000,0.9,OK,0000
LOT-20260808-AAP,line_01,pcb1,2026-08-08,2026-08-08 08:29:59,EQ-01-A,1,0,day,01,L01AAP100043,2026-08-08 08:29:59,2026-08-08 08:32:01,1,0.389,OK,0000,0.88,OK,0000
LOT-20260808-AAP,line_01,pcb1,2026-08-08,2026-08-08 08:30:19,EQ-01-A,1,0,day,01,L01AAP100044,2026-08-08 08:30:19,2026-08-08 08:32:24,2,0.495,OK,0000,0.87,OK,0000
LOT-20260808-AAP,line_01,pcb1,2026-08-08,2026-08-08 08:30:45,EQ-01-A,1,0,day,01,L01AAP100045,2026-08-08 08:30:45,2026-08-08 08:32:47,2,0.507,OK,0000,0.8,OK,0000
LOT-20260808-AAP,line_01,pcb1,2026-08-08,2026-08-08 08:31:13,EQ-01-A,1,1,day,01,L01AAP100046,2026-08-08 08:31:13,2026-08-08 08:33:10,1,0.032,RE,ESA5,1.27,NG,ESA5
LOT-20260808-AAP,line_01,pcb1,2026-08-08,2026-08-08 08:31:35,EQ-01-A,1,0,day,01,L01AAP100047,2026-08-08 08:31:35,2026-08-08 08:33:37,1,0.46,OK,0000,0.86,OK,0000
LOT-20260808-AAP,line_01,pcb1,2026-08-08,2026-08-08 08:31:55,EQ-01-A,1,0,day,01,L01AAP100048,2026-08-08 08:31:55,2026-08-08 08:33:56,1,0.462,OK,0000,0.92,OK,0000
LOT-20260808-AAP,line_01,pcb1,2026-08-08,2026-08-08 08:32:18,EQ-01-A,1,0,day,01,L01AAP100049,2026-08-08 08:32:18,2026-08-08 08:34:14,1,0.535,OK,0000,0.82,OK,0000
LOT-20260808-AAP,line_01,pcb1,2026-08-08,2026-08-08 08:32:41,EQ-01-A,1,0,day,01,L01AAP100050,2026-08-08 08:32:41,2026-08-08 08:34:37,1,0.551,OK,0000,0.82,OK,0000
LOT-20260808-AAP,line_01,pcb1,2026-08-08,2026-08-08 08:33:09,EQ-01-A,1,0,day,01,L01AAP100051,2026-08-08 08:33:09,2026-08-08 08:35:07,2,0.514,OK,0000,0.8,OK,0000
LOT-20260808-AAP,line_01,pcb1,2026-08-08,2026-08-08 08:33:46,EQ-01-A,1,0,day,01,L01AAP100052,2026-08-08 08:33:46,2026-08-08 08:35:50,2,0.499,OK,0000,0.82,OK,0000
LOT-20260808-AAP,line_01,pcb1,2026-08-08,2026-08-08 08:34:26,EQ-01-A,1,0,day,01,L01AAP100053,2026-08-08 08:34:26,2026-08-08 08:36:31,1,0.332,OK,0000,0.92,OK,0000
LOT-20260808-AAP,line_01,pcb1,2026-08-08,2026-08-08 08:34:48,EQ-01-A,1,0,day,01,L01AAP100054,2026-08-08 08:34:48,2026-08-08 08:36:52,1,0.337,OK,0000,0.84,OK,0000
LOT-20260808-AAP,line_01,pcb1,2026-08-08,2026-08-08 08:35:24,EQ-01-A,1,0,day,01,L01AAP100055,2026-08-08 08:35:24,2026-08-08 08:37:28,2,0.38,OK,0000,0.85,OK,0000
LOT-20260808-AAP,line_01,pcb1,2026-08-08,2026-08-08 08:35:59,EQ-01-A,1,1,day,01,L01AAP100056,2026-08-08 08:35:59,2026-08-08 08:38:01,1,0.309,RE,ESA6,1.33,NG,ESA6
LOT-20260808-AAP,line_01,pcb1,2026-08-08,2026-08-08 08:36:39,EQ-01-A,1,0,day,01,L01AAP100057,2026-08-08 08:36:39,2026-08-08 08:38:35,1,0.805,OK,0000,0.81,OK,0000
LOT-20260808-AAP,line_01,pcb1,2026-08-08,2026-08-08 08:37:12,EQ-01-A,1,0,day,01,L01AAP100058,2026-08-08 08:37:12,2026-08-08 08:39:13,2,0.683,OK,0000,0.82,OK,0000
LOT-20260808-AAP,line_01,pcb1,2026-08-08,2026-08-08 08:37:44,EQ-01-A,1,0,day,01,L01AAP100059,2026-08-08 08:37:44,2026-08-08 08:39:39,1,0.726,OK,0000,0.93,OK,0000
LOT-20260808-AAP,line_01,pcb1,2026-08-08,2026-08-08 08:38:19,EQ-01-A,1,0,day,01,L01AAP100060,2026-08-08 08:38:19,2026-08-08 08:40:16,1,0.465,OK,0000,0.8,OK,0000
LOT-20260808-AAP,line_01,pcb1,2026-08-08,2026-08-08 08:38:49,EQ-01-A,1,0,day,01,L01AAP100061,2026-08-08 08:38:49,2026-08-08 08:40:52,2,0.642,OK,0000,0.85,OK,0000
LOT-20260808-AAP,line_01,pcb1,2026-08-08,2026-08-08 08:39:27,EQ-01-A,1,1,day,01,L01AAP100062,2026-08-08 08:39:27,2026-08-08 08:41:31,2,0.575,RE,ESA6,1.22,NG,ESA6
LOT-20260808-AAP,line_01,pcb1,2026-08-08,2026-08-08 08:40:01,EQ-01-A,1,0,day,01,L01AAP100063,2026-08-08 08:40:01,2026-08-08 08:42:02,1,0.367,OK,0000,0.89,OK,0000
LOT-20260808-AAP,line_01,pcb1,2026-08-08,2026-08-08 08:40:25,EQ-01-A,1,0,day,01,L01AAP100064,2026-08-08 08:40:25,2026-08-08 08:42:28,1,0.548,OK,0000,0.8,OK,0000
LOT-20260808-AAP,line_01,pcb1,2026-08-08,2026-08-08 08:40:50,EQ-01-A,1,0,day,01,L01AAP100065,2026-08-08 08:40:50,2026-08-08 08:42:55,2,0.603,OK,0000,0.86,OK,0000
LOT-20260808-AAP,line_01,pcb1,2026-08-08,2026-08-08 08:41:10,EQ-01-A,1,0,day,01,L01AAP100066,2026-08-08 08:41:10,2026-08-08 08:43:13,1,0.451,OK,0000,0.9,OK,0000
LOT-20260808-AAP,line_01,pcb1,2026-08-08,2026-08-08 08:41:32,EQ-01-A,1,0,day,01,L01AAP100067,2026-08-08 08:41:32,2026-08-08 08:43:36,2,0.407,OK,0000,0.83,OK,0000
LOT-20260808-AAP,line_01,pcb1,2026-08-08,2026-08-08 08:42:08,EQ-01-A,1,0,day,01,L01AAP100068,2026-08-08 08:42:08,2026-08-08 08:44:10,2,0.615,OK,0000,0.84,OK,0000
LOT-20260808-AAP,line_01,pcb1,2026-08-08,2026-08-08 08:42:32,EQ-01-A,1,0,day,01,L01AAP100069,2026-08-08 08:42:32,2026-08-08 08:44:27,2,0.292,OK,0000,0.85,OK,0000
LOT-20260808-AAP,line_01,pcb1,2026-08-08,2026-08-08 08:43:09,EQ-01-A,1,0,day,01,L01AAP100070,2026-08-08 08:43:09,2026-08-08 08:45:14,1,0.438,OK,0000,0.87,OK,0000
LOT-20260808-AAP,line_01,pcb1,2026-08-08,2026-08-08 08:43:45,EQ-01-A,1,0,day,01,L01AAP100071,2026-08-08 08:43:45,2026-08-08 08:45:48,2,0.523,OK,0000,0.84,OK,0000
LOT-20260808-AAP,line_01,pcb1,2026-08-08,2026-08-08 08:44:17,EQ-01-A,1,0,day,01,L01AAP100072,2026-08-08 08:44:17,2026-08-08 08:46:13,2,0.343,OK,0000,0.83,OK,0000
LOT-20260808-AAP,line_01,pcb1,2026-08-08,2026-08-08 08:44:51,EQ-01-A,1,0,day,01,L01AAP100073,2026-08-08 08:44:51,2026-08-08 08:46:49,2,0.646,OK,0000,0.81,OK,0000
LOT-20260808-AAP,line_01,pcb1,2026-08-08,2026-08-08 08:45:29,EQ-01-A,1,0,day,01,L01AAP100074,2026-08-08 08:45:29,2026-08-08 08:47:24,1,0.495,OK,0000,0.8,OK,0000
LOT-20260808-AAP,line_01,pcb1,2026-08-08,2026-08-08 08:46:06,EQ-01-A,1,0,day,01,L01AAP100075,2026-08-08 08:46:06,2026-08-08 08:48:01,1,0.322,OK,0000,0.84,OK,0000
LOT-20260808-AAP,line_01,pcb1,2026-08-08,2026-08-08 08:46:39,EQ-01-A,1,0,day,01,L01AAP100076,2026-08-08 08:46:39,2026-08-08 08:48:36,1,0.526,OK,0000,0.92,OK,0000
LOT-20260808-AAP,line_01,pcb1,2026-08-08,2026-08-08 08:47:05,EQ-01-A,1,0,day,01,L01AAP100077,2026-08-08 08:47:05,2026-08-08 08:49:01,2,0.432,OK,0000,0.84,OK,0000
LOT-20260808-AAN,line_02,pcb2,2026-08-08,2026-08-08 08:00:00,EQ-02-A,1,0,day,02,L02AAN100124,2026-08-08 08:00:00,2026-08-08 08:02:02,1,0.592,OK,0000,0.86,OK,0000
LOT-20260808-AAN,line_02,pcb2,2026-08-08,2026-08-08 08:00:38,EQ-02-A,1,0,day,02,L02AAN100125,2026-08-08 08:00:38,2026-08-08 08:02:41,1,0.723,OK,0000,0.88,OK,0000
LOT-20260808-AAN,line_02,pcb2,2026-08-08,2026-08-08 08:01:14,EQ-02-A,1,1,day,02,L02AAN100126,2026-08-08 08:01:14,2026-08-08 08:03:19,2,0.553,RE,ESA5,1.2,NG,ESA5
LOT-20260808-AAN,line_02,pcb2,2026-08-08,2026-08-08 08:01:49,EQ-02-A,1,0,day,02,L02AAN100127,2026-08-08 08:01:49,2026-08-08 08:03:45,2,0.531,OK,0000,0.84,OK,0000
LOT-20260808-AAN,line_02,pcb2,2026-08-08,2026-08-08 08:02:17,EQ-02-A,1,0,day,02,L02AAN100128,2026-08-08 08:02:17,2026-08-08 08:04:13,1,0.643,OK,0000,0.87,OK,0000
LOT-20260808-AAN,line_02,pcb2,2026-08-08,2026-08-08 08:02:48,EQ-02-A,1,0,day,02,L02AAN100129,2026-08-08 08:02:48,2026-08-08 08:04:46,1,0.456,OK,0000,0.8,OK,0000
LOT-20260808-AAN,line_02,pcb2,2026-08-08,2026-08-08 08:03:13,EQ-02-A,1,0,day,02,L02AAN100130,2026-08-08 08:03:13,2026-08-08 08:05:16,1,0.7,OK,0000,0.86,OK,0000
LOT-20260808-AAN,line_02,pcb2,2026-08-08,2026-08-08 08:03:50,EQ-02-A,1,0,day,02,L02AAN100131,2026-08-08 08:03:50,2026-08-08 08:05:52,2,0.452,OK,0000,0.86,OK,0000
LOT-20260808-AAN,line_02,pcb2,2026-08-08,2026-08-08 08:04:28,EQ-02-A,1,1,day,02,L02AAN100132,2026-08-08 08:04:28,2026-08-08 08:06:29,1,0.511,RE,ESA5,1.38,NG,ESA5
LOT-20260808-AAN,line_02,pcb2,2026-08-08,2026-08-08 08:04:53,EQ-02-A,1,0,day,02,L02AAN100133,2026-08-08 08:04:53,2026-08-08 08:06:58,2,0.211,OK,0000,0.82,OK,0000
LOT-20260808-AAN,line_02,pcb2,2026-08-08,2026-08-08 08:05:22,EQ-02-A,1,0,day,02,L02AAN100134,2026-08-08 08:05:22,2026-08-08 08:07:21,1,0.74,OK,0000,0.86,OK,0000
LOT-20260808-AAN,line_02,pcb2,2026-08-08,2026-08-08 08:06:01,EQ-02-A,1,0,day,02,L02AAN100135,2026-08-08 08:06:01,2026-08-08 08:07:58,1,0.766,OK,0000,0.8,OK,0000
LOT-20260808-AAN,line_02,pcb2,2026-08-08,2026-08-08 08:06:23,EQ-02-A,1,0,day,02,L02AAN100136,2026-08-08 08:06:23,2026-08-08 08:08:24,1,0.661,OK,0000,0.88,OK,0000
LOT-20260808-AAN,line_02,pcb2,2026-08-08,2026-08-08 08:06:47,EQ-02-A,1,0,day,02,L02AAN100137,2026-08-08 08:06:47,2026-08-08 08:08:45,1,0.248,OK,0000,0.83,OK,0000
LOT-20260808-AAN,line_02,pcb2,2026-08-08,2026-08-08 08:07:27,EQ-02-A,1,0,day,02,L02AAN100138,2026-08-08 08:07:27,2026-08-08 08:09:30,2,0.484,OK,0000,0.8,OK,0000
LOT-20260808-AAN,line_02,pcb2,2026-08-08,2026-08-08 08:08:05,EQ-02-A,1,0,day,02,L02AAN100139,2026-08-08 08:08:05,2026-08-08 08:10:06,2,0.459,RE,ESA4,1.34,OK,0000
LOT-20260808-AAN,line_02,pcb2,2026-08-08,2026-08-08 08:08:42,EQ-02-A,1,0,day,02,L02AAN100140,2026-08-08 08:08:42,2026-08-08 08:10:43,1,0.441,OK,0000,0.85,OK,0000
LOT-20260808-AAN,line_02,pcb2,2026-08-08,2026-08-08 08:09:17,EQ-02-A,1,1,day,02,L02AAN100141,2026-08-08 08:09:17,2026-08-08 08:11:21,1,0.537,RE,ESA5,1.25,NG,ESA5
LOT-20260808-AAN,line_02,pcb2,2026-08-08,2026-08-08 08:09:55,EQ-02-A,1,0,day,02,L02AAN100142,2026-08-08 08:09:55,2026-08-08 08:11:51,2,0.394,OK,0000,0.87,OK,0000
LOT-20260808-AAN,line_02,pcb2,2026-08-08,2026-08-08 08:10:21,EQ-02-A,1,0,day,02,L02AAN100143,2026-08-08 08:10:21,2026-08-08 08:12:19,2,0.262,OK,0000,0.84,OK,0000
LOT-20260808-AAN,line_02,pcb2,2026-08-08,2026-08-08 08:10:52,EQ-02-A,1,0,day,02,L02AAN100144,2026-08-08 08:10:52,2026-08-08 08:12:49,2,0.708,OK,0000,0.82,OK,0000
LOT-20260808-AAN,line_02,pcb2,2026-08-08,2026-08-08 08:11:18,EQ-02-A,1,0,day,02,L02AAN100145,2026-08-08 08:11:18,2026-08-08 08:13:19,1,0.391,OK,0000,0.87,OK,0000
LOT-20260808-AAN,line_02,pcb2,2026-08-08,2026-08-08 08:11:38,EQ-02-A,1,0,day,02,L02AAN100146,2026-08-08 08:11:38,2026-08-08 08:13:37,2,0.525,OK,0000,0.87,OK,0000
LOT-20260808-AAN,line_02,pcb2,2026-08-08,2026-08-08 08:12:08,EQ-02-A,1,0,day,02,L02AAN100147,2026-08-08 08:12:08,2026-08-08 08:14:03,1,0.506,OK,0000,0.8,OK,0000
LOT-20260808-AAN,line_02,pcb2,2026-08-08,2026-08-08 08:12:33,EQ-02-A,1,0,day,02,L02AAN100148,2026-08-08 08:12:33,2026-08-08 08:14:35,1,0.677,OK,0000,0.92,OK,0000
LOT-20260808-AAN,line_02,pcb2,2026-08-08,2026-08-08 08:12:57,EQ-02-A,1,0,day,02,L02AAN100149,2026-08-08 08:12:57,2026-08-08 08:15:02,2,0.693,OK,0000,0.8,OK,0000
LOT-20260808-AAN,line_02,pcb2,2026-08-08,2026-08-08 08:13:18,EQ-02-A,1,1,day,02,L02AAN100150,2026-08-08 08:13:18,2026-08-08 08:15:22,1,0.568,RE,ESA0,1.2,NG,ESA0
LOT-20260808-AAN,line_02,pcb2,2026-08-08,2026-08-08 08:13:51,EQ-02-A,1,0,day,02,L02AAN100151,2026-08-08 08:13:51,2026-08-08 08:15:47,1,0.337,OK,0000,0.84,OK,0000
LOT-20260808-AAN,line_02,pcb2,2026-08-08,2026-08-08 08:14:27,EQ-02-A,1,0,day,02,L02AAN100152,2026-08-08 08:14:27,2026-08-08 08:16:30,1,0.478,OK,0000,0.86,OK,0000
LOT-20260808-AAN,line_02,pcb2,2026-08-08,2026-08-08 08:15:07,EQ-02-A,1,0,day,02,L02AAN100153,2026-08-08 08:15:07,2026-08-08 08:17:02,1,0.508,OK,0000,0.8,OK,0000
LOT-20260808-AAN,line_02,pcb2,2026-08-08,2026-08-08 08:15:39,EQ-02-A,1,0,day,02,L02AAN100154,2026-08-08 08:15:39,2026-08-08 08:17:35,1,0.414,OK,0000,0.81,OK,0000
LOT-20260808-AAN,line_02,pcb2,2026-08-08,2026-08-08 08:16:13,EQ-02-A,1,0,day,02,L02AAN100155,2026-08-08 08:16:13,2026-08-08 08:18:11,2,0.243,OK,0000,0.8,OK,0000
LOT-20260808-AAN,line_02,pcb2,2026-08-08,2026-08-08 08:16:43,EQ-02-A,1,0,day,02,L02AAN100156,2026-08-08 08:16:43,2026-08-08 08:18:42,1,0.468,OK,0000,0.9,OK,0000
LOT-20260808-AAN,line_02,pcb2,2026-08-08,2026-08-08 08:17:20,EQ-02-A,1,0,day,02,L02AAN100157,2026-08-08 08:17:20,2026-08-08 08:19:18,1,0.42,OK,0000,0.81,OK,0000
LOT-20260808-AAN,line_02,pcb2,2026-08-08,2026-08-08 08:17:58,EQ-02-A,1,0,day,02,L02AAN100158,2026-08-08 08:17:58,2026-08-08 08:20:01,2,0.323,OK,0000,0.84,OK,0000
LOT-20260808-AAN,line_02,pcb2,2026-08-08,2026-08-08 08:18:30,EQ-02-A,1,0,day,02,L02AAN100159,2026-08-08 08:18:30,2026-08-08 08:20:30,2,0.677,OK,0000,0.92,OK,0000
LOT-20260808-AAN,line_02,pcb2,2026-08-08,2026-08-08 08:19:00,EQ-02-A,1,0,day,02,L02AAN100160,2026-08-08 08:19:00,2026-08-08 08:20:55,1,0.543,OK,0000,0.85,OK,0000
LOT-20260808-AAN,line_02,pcb2,2026-08-08,2026-08-08 08:19:23,EQ-02-A,1,0,day,02,L02AAN100161,2026-08-08 08:19:23,2026-08-08 08:21:20,2,0.418,OK,0000,0.82,OK,0000
LOT-20260808-AAN,line_02,pcb2,2026-08-08,2026-08-08 08:19:44,EQ-02-A,1,1,day,02,L02AAN100162,2026-08-08 08:19:44,2026-08-08 08:21:42,2,0.594,RE,ESA5,1.22,NG,ESA5
LOT-20260808-AAN,line_02,pcb2,2026-08-08,2026-08-08 08:20:16,EQ-02-A,1,0,day,02,L02AAN100163,2026-08-08 08:20:16,2026-08-08 08:22:17,1,0.476,OK,0000,0.84,OK,0000
LOT-20260808-AAN,line_02,pcb2,2026-08-08,2026-08-08 08:20:37,EQ-02-A,1,0,day,02,L02AAN100164,2026-08-08 08:20:37,2026-08-08 08:22:40,1,0.411,OK,0000,0.84,OK,0000
LOT-20260808-AAN,line_02,pcb2,2026-08-08,2026-08-08 08:21:09,EQ-02-A,1,0,day,02,L02AAN100165,2026-08-08 08:21:09,2026-08-08 08:23:14,1,0.197,OK,0000,0.86,OK,0000
LOT-20260808-AAN,line_02,pcb2,2026-08-08,2026-08-08 08:21:33,EQ-02-A,1,1,day,02,L02AAN100166,2026-08-08 08:21:33,2026-08-08 08:23:37,1,0.853,RE,ESA0,1.19,NG,ESA0
LOT-20260808-AAN,line_02,pcb2,2026-08-08,2026-08-08 08:21:54,EQ-02-A,1,0,day,02,L02AAN100167,2026-08-08 08:21:54,2026-08-08 08:23:58,2,0.556,OK,0000,0.87,OK,0000
LOT-20260808-AAN,line_02,pcb2,2026-08-08,2026-08-08 08:22:23,EQ-02-A,1,0,day,02,L02AAN100168,2026-08-08 08:22:23,2026-08-08 08:24:22,1,0.692,OK,0000,0.83,OK,0000
LOT-20260808-AAN,line_02,pcb2,2026-08-08,2026-08-08 08:22:48,EQ-02-A,1,0,day,02,L02AAN100169,2026-08-08 08:22:48,2026-08-08 08:24:53,2,0.23,OK,0000,0.85,OK,0000
LOT-20260808-AAN,line_02,pcb2,2026-08-08,2026-08-08 08:23:16,EQ-02-A,1,1,day,02,L02AAN100170,2026-08-08 08:23:16,2026-08-08 08:25:17,1,0.519,RE,ESA5,1.22,NG,ESA5
LOT-20260808-AAN,line_02,pcb2,2026-08-08,2026-08-08 08:23:49,EQ-02-A,1,0,day,02,L02AAN100171,2026-08-08 08:23:49,2026-08-08 08:25:44,1,0.48,OK,0000,0.85,OK,0000
LOT-20260808-AAN,line_02,pcb2,2026-08-08,2026-08-08 08:24:18,EQ-02-A,1,1,day,02,L02AAN100172,2026-08-08 08:24:18,2026-08-08 08:26:20,2,0.554,RE,ESA5,1.28,NG,ESA5
LOT-20260808-AAN,line_02,pcb2,2026-08-08,2026-08-08 08:24:48,EQ-02-A,1,0,day,02,L02AAN100173,2026-08-08 08:24:48,2026-08-08 08:26:46,2,0.467,RE,ESA5,1.29,OK,0000
LOT-20260808-AAN,line_02,pcb2,2026-08-08,2026-08-08 08:25:14,EQ-02-A,1,0,day,02,L02AAN100174,2026-08-08 08:25:14,2026-08-08 08:27:13,2,0.457,OK,0000,0.87,OK,0000
LOT-20260808-AAN,line_02,pcb2,2026-08-08,2026-08-08 08:25:46,EQ-02-A,1,0,day,02,L02AAN100175,2026-08-08 08:25:46,2026-08-08 08:27:43,1,0.406,OK,0000,0.84,OK,0000
LOT-20260808-AAN,line_02,pcb2,2026-08-08,2026-08-08 08:26:19,EQ-02-A,1,0,day,02,L02AAN100176,2026-08-08 08:26:19,2026-08-08 08:28:24,2,0.256,OK,0000,0.83,OK,0000
LOT-20260808-AAN,line_02,pcb2,2026-08-08,2026-08-08 08:26:49,EQ-02-A,1,0,day,02,L02AAN100177,2026-08-08 08:26:49,2026-08-08 08:28:44,1,0.585,OK,0000,0.8,OK,0000
LOT-20260808-AAN,line_02,pcb2,2026-08-08,2026-08-08 08:27:22,EQ-02-A,1,0,day,02,L02AAN100178,2026-08-08 08:27:22,2026-08-08 08:29:21,2,0.452,OK,0000,0.8,OK,0000
LOT-20260808-AAN,line_02,pcb2,2026-08-08,2026-08-08 08:27:47,EQ-02-A,1,0,day,02,L02AAN100179,2026-08-08 08:27:47,2026-08-08 08:29:49,1,0.295,OK,0000,0.8,OK,0000
LOT-20260808-AAN,line_02,pcb2,2026-08-08,2026-08-08 08:28:22,EQ-02-A,1,1,day,02,L02AAN100180,2026-08-08 08:28:22,2026-08-08 08:30:18,1,0.515,RE,ESA1,1.28,NG,ESA5
LOT-20260808-AAN,line_02,pcb2,2026-08-08,2026-08-08 08:28:54,EQ-02-A,1,0,day,02,L02AAN100181,2026-08-08 08:28:54,2026-08-08 08:30:54,2,0.492,OK,0000,0.82,OK,0000
LOT-20260808-AAN,line_02,pcb2,2026-08-08,2026-08-08 08:29:30,EQ-02-A,1,1,day,02,L02AAN100182,2026-08-08 08:29:30,2026-08-08 08:31:35,2,0.443,NG,ESA7,1.87,NG,ESA7
LOT-20260808-AAN,line_02,pcb2,2026-08-08,2026-08-08 08:30:02,EQ-02-A,1,0,day,02,L02AAN100183,2026-08-08 08:30:02,2026-08-08 08:31:58,2,0.532,OK,0000,0.83,OK,0000
LOT-20260808-AAN,line_02,pcb2,2026-08-08,2026-08-08 08:30:37,EQ-02-A,1,0,day,02,L02AAN100184,2026-08-08 08:30:37,2026-08-08 08:32:39,1,0.694,OK,0000,0.92,OK,0000
LOT-20260808-AAN,line_02,pcb2,2026-08-08,2026-08-08 08:31:14,EQ-02-A,1,0,day,02,L02AAN100185,2026-08-08 08:31:14,2026-08-08 08:33:18,1,0.313,RE,ESA7,1.3,OK,0000
LOT-20260808-AAN,line_02,pcb2,2026-08-08,2026-08-08 08:31:45,EQ-02-A,1,0,day,02,L02AAN100186,2026-08-08 08:31:45,2026-08-08 08:33:42,2,0.963,OK,0000,0.85,OK,0000
LOT-20260808-AAN,line_02,pcb2,2026-08-08,2026-08-08 08:32:18,EQ-02-A,1,0,day,02,L02AAN100187,2026-08-08 08:32:18,2026-08-08 08:34:19,1,0.517,OK,0000,0.84,OK,0000
LOT-20260808-AAN,line_02,pcb2,2026-08-08,2026-08-08 08:32:40,EQ-02-A,1,0,day,02,L02AAN100188,2026-08-08 08:32:40,2026-08-08 08:34:38,1,0.574,OK,0000,0.87,OK,0000
LOT-20260808-AAN,line_02,pcb2,2026-08-08,2026-08-08 08:33:16,EQ-02-A,1,0,day,02,L02AAN100189,2026-08-08 08:33:16,2026-08-08 08:35:16,1,0.313,OK,0000,0.84,OK,0000
LOT-20260808-AAN,line_02,pcb2,2026-08-08,2026-08-08 08:33:43,EQ-02-A,1,0,day,02,L02AAN100190,2026-08-08 08:33:43,2026-08-08 08:35:46,1,0.16,OK,0000,0.83,OK,0000
LOT-20260808-AAN,line_02,pcb2,2026-08-08,2026-08-08 08:34:04,EQ-02-A,1,0,day,02,L02AAN100191,2026-08-08 08:34:04,2026-08-08 08:36:01,2,0.365,OK,0000,0.85,OK,0000
LOT-20260808-AAN,line_02,pcb2,2026-08-08,2026-08-08 08:34:35,EQ-02-A,1,0,day,02,L02AAN100192,2026-08-08 08:34:35,2026-08-08 08:36:32,2,0.252,OK,0000,0.82,OK,0000
LOT-20260808-AAN,line_02,pcb2,2026-08-08,2026-08-08 08:34:58,EQ-02-A,1,0,day,02,L02AAN100193,2026-08-08 08:34:58,2026-08-08 08:36:58,1,0.645,OK,0000,0.81,OK,0000
LOT-20260808-AAN,line_02,pcb2,2026-08-08,2026-08-08 08:35:26,EQ-02-A,1,0,day,02,L02AAN100194,2026-08-08 08:35:26,2026-08-08 08:37:21,2,0.214,OK,0000,0.85,OK,0000
LOT-20260808-AAN,line_02,pcb2,2026-08-08,2026-08-08 08:35:47,EQ-02-A,1,0,day,02,L02AAN100195,2026-08-08 08:35:47,2026-08-08 08:37:47,2,0.412,OK,0000,0.83,OK,0000
LOT-20260808-AAN,line_02,pcb2,2026-08-08,2026-08-08 08:36:16,EQ-02-A,1,0,day,02,L02AAN100196,2026-08-08 08:36:16,2026-08-08 08:38:14,1,0.391,OK,0000,0.92,OK,0000
LOT-20260808-AAN,line_02,pcb2,2026-08-08,2026-08-08 08:36:38,EQ-02-A,1,0,day,02,L02AAN100197,2026-08-08 08:36:38,2026-08-08 08:38:40,2,0.266,OK,0000,0.95,OK,0000
LOT-20260808-AAN,line_02,pcb2,2026-08-08,2026-08-08 08:37:07,EQ-02-A,1,0,day,02,L02AAN100198,2026-08-08 08:37:07,2026-08-08 08:39:09,2,0.441,OK,0000,0.85,OK,0000
LOT-20260808-AAN,line_02,pcb2,2026-08-08,2026-08-08 08:37:46,EQ-02-A,1,0,day,02,L02AAN100199,2026-08-08 08:37:46,2026-08-08 08:39:47,1,0.414,OK,0000,0.82,OK,0000
LOT-20260808-AAN,line_02,pcb2,2026-08-08,2026-08-08 08:38:12,EQ-02-A,1,0,day,02,L02AAN100200,2026-08-08 08:38:12,2026-08-08 08:40:09,1,0.382,OK,0000,0.86,OK,0000
LOT-20260808-AAQ,line_02,pcb2,2026-08-08,2026-08-08 08:38:47,EQ-02-A,1,0,day,02,L02AAQ100001,2026-08-08 08:38:47,2026-08-08 08:40:50,2,0.288,OK,0000,0.85,OK,0000
LOT-20260808-AAQ,line_02,pcb2,2026-08-08,2026-08-08 08:39:19,EQ-02-A,1,1,day,02,L02AAQ100002,2026-08-08 08:39:19,2026-08-08 08:41:19,2,0.172,RE,ESA5,1.28,NG,ESA5
LOT-20260808-AAQ,line_02,pcb2,2026-08-08,2026-08-08 08:39:39,EQ-02-A,1,0,day,02,L02AAQ100003,2026-08-08 08:39:39,2026-08-08 08:41:40,2,0.627,OK,0000,0.8,OK,0000
LOT-20260808-AAQ,line_02,pcb2,2026-08-08,2026-08-08 08:40:06,EQ-02-A,1,0,day,02,L02AAQ100004,2026-08-08 08:40:06,2026-08-08 08:42:04,1,0.602,OK,0000,0.84,OK,0000
LOT-20260808-AAQ,line_02,pcb2,2026-08-08,2026-08-08 08:40:27,EQ-02-A,1,0,day,02,L02AAQ100005,2026-08-08 08:40:27,2026-08-08 08:42:27,2,0.74,OK,0000,0.81,OK,0000
LOT-20260808-AAQ,line_02,pcb2,2026-08-08,2026-08-08 08:41:04,EQ-02-A,1,0,day,02,L02AAQ100006,2026-08-08 08:41:04,2026-08-08 08:43:02,2,0.922,RE,ESA1,1.01,OK,0000
LOT-20260808-AAQ,line_02,pcb2,2026-08-08,2026-08-08 08:41:34,EQ-02-A,1,0,day,02,L02AAQ100007,2026-08-08 08:41:34,2026-08-08 08:43:37,2,0.451,OK,0000,0.8,OK,0000
LOT-20260808-AAQ,line_02,pcb2,2026-08-08,2026-08-08 08:41:56,EQ-02-A,1,0,day,02,L02AAQ100008,2026-08-08 08:41:56,2026-08-08 08:43:55,2,0.778,OK,0000,0.83,OK,0000
LOT-20260808-AAQ,line_02,pcb2,2026-08-08,2026-08-08 08:42:32,EQ-02-A,1,0,day,02,L02AAQ100009,2026-08-08 08:42:32,2026-08-08 08:44:29,1,0.474,OK,0000,0.86,OK,0000
LOT-20260808-AAQ,line_02,pcb2,2026-08-08,2026-08-08 08:43:00,EQ-02-A,1,0,day,02,L02AAQ100010,2026-08-08 08:43:00,2026-08-08 08:44:59,1,0.499,OK,0000,0.82,OK,0000
LOT-20260808-AAQ,line_02,pcb2,2026-08-08,2026-08-08 08:43:28,EQ-02-A,1,0,day,02,L02AAQ100011,2026-08-08 08:43:28,2026-08-08 08:45:31,2,0.312,OK,0000,0.85,OK,0000
LOT-20260808-AAQ,line_02,pcb2,2026-08-08,2026-08-08 08:43:59,EQ-02-A,1,0,day,02,L02AAQ100012,2026-08-08 08:43:59,2026-08-08 08:46:01,1,0.557,OK,0000,0.87,OK,0000
LOT-20260808-AAQ,line_02,pcb2,2026-08-08,2026-08-08 08:44:36,EQ-02-A,1,0,day,02,L02AAQ100013,2026-08-08 08:44:36,2026-08-08 08:46:41,1,0.787,OK,0000,0.8,OK,0000
LOT-20260808-AAQ,line_02,pcb2,2026-08-08,2026-08-08 08:45:06,EQ-02-A,1,0,day,02,L02AAQ100014,2026-08-08 08:45:06,2026-08-08 08:47:08,2,0.49,OK,0000,0.89,OK,0000
LOT-20260808-AAQ,line_02,pcb2,2026-08-08,2026-08-08 08:45:42,EQ-02-A,1,0,day,02,L02AAQ100015,2026-08-08 08:45:42,2026-08-08 08:47:43,2,0.481,OK,0000,0.8,OK,0000
LOT-20260808-AAQ,line_02,pcb2,2026-08-08,2026-08-08 08:46:21,EQ-02-A,1,0,day,02,L02AAQ100016,2026-08-08 08:46:21,2026-08-08 08:48:24,2,0.306,OK,0000,0.85,OK,0000
LOT-20260808-AAQ,line_02,pcb2,2026-08-08,2026-08-08 08:46:45,EQ-02-A,1,0,day,02,L02AAQ100017,2026-08-08 08:46:45,2026-08-08 08:48:44,1,0.544,OK,0000,0.87,OK,0000
LOT-20260808-AAQ,line_02,pcb2,2026-08-08,2026-08-08 08:47:15,EQ-02-A,1,0,day,02,L02AAQ100018,2026-08-08 08:47:15,2026-08-08 08:49:11,2,0.383,OK,0000,0.85,OK,0000
LOT-20260808-AAQ,line_02,pcb2,2026-08-08,2026-08-08 08:47:43,EQ-02-A,1,0,day,02,L02AAQ100019,2026-08-08 08:47:43,2026-08-08 08:49:41,2,0.358,OK,0000,0.85,OK,0000
LOT-20260808-AAQ,line_02,pcb2,2026-08-08,2026-08-08 08:48:04,EQ-02-A,1,0,day,02,L02AAQ100020,2026-08-08 08:48:04,2026-08-08 08:50:07,2,0.508,OK,0000,0.81,OK,0000
LOT-20260808-AAQ,line_02,pcb2,2026-08-08,2026-08-08 08:48:36,EQ-02-A,1,0,day,02,L02AAQ100021,2026-08-08 08:48:36,2026-08-08 08:50:34,2,0.734,OK,0000,0.8,OK,0000
LOT-20260808-AAQ,line_02,pcb2,2026-08-08,2026-08-08 08:49:13,EQ-02-A,1,0,day,02,L02AAQ100022,2026-08-08 08:49:13,2026-08-08 08:51:11,2,0.479,OK,0000,0.81,OK,0000
LOT-20260808-AAQ,line_02,pcb2,2026-08-08,2026-08-08 08:49:40,EQ-02-A,1,0,day,02,L02AAQ100023,2026-08-08 08:49:40,2026-08-08 08:51:45,1,0.775,OK,0000,0.86,OK,0000
LOT-20260808-AAQ,line_02,pcb2,2026-08-08,2026-08-08 08:50:17,EQ-02-A,1,0,day,02,L02AAQ100024,2026-08-08 08:50:17,2026-08-08 08:52:21,2,0.403,OK,0000,0.83,OK,0000
LOT-20260808-AAQ,line_02,pcb2,2026-08-08,2026-08-08 08:50:43,EQ-02-A,1,0,day,02,L02AAQ100025,2026-08-08 08:50:43,2026-08-08 08:52:38,2,0.779,OK,0000,0.8,OK,0000
LOT-20260808-AAQ,line_02,pcb2,2026-08-08,2026-08-08 08:51:21,EQ-02-A,1,0,day,02,L02AAQ100026,2026-08-08 08:51:21,2026-08-08 08:53:16,1,0.235,OK,0000,0.85,OK,0000
LOT-20260808-AAQ,line_02,pcb2,2026-08-08,2026-08-08 08:51:44,EQ-02-A,1,0,day,02,L02AAQ100027,2026-08-08 08:51:44,2026-08-08 08:53:39,2,0.547,OK,0000,0.87,OK,0000
LOT-20260808-AAQ,line_02,pcb2,2026-08-08,2026-08-08 08:52:06,EQ-02-A,1,0,day,02,L02AAQ100028,2026-08-08 08:52:06,2026-08-08 08:54:02,2,0.601,OK,0000,0.91,OK,0000
LOT-20260808-AAQ,line_02,pcb2,2026-08-08,2026-08-08 08:52:27,EQ-02-A,1,0,day,02,L02AAQ100029,2026-08-08 08:52:27,2026-08-08 08:54:32,2,0.242,OK,0000,0.8,OK,0000
LOT-20260808-AAQ,line_02,pcb2,2026-08-08,2026-08-08 08:53:04,EQ-02-A,1,0,day,02,L02AAQ100030,2026-08-08 08:53:04,2026-08-08 08:55:00,2,0.599,OK,0000,0.8,OK,0000
LOT-20260808-AAQ,line_02,pcb2,2026-08-08,2026-08-08 08:53:24,EQ-02-A,1,0,day,02,L02AAQ100031,2026-08-08 08:53:24,2026-08-08 08:55:25,1,0.282,OK,0000,0.91,OK,0000
LOT-20260808-AAQ,line_02,pcb2,2026-08-08,2026-08-08 08:53:46,EQ-02-A,1,0,day,02,L02AAQ100032,2026-08-08 08:53:46,2026-08-08 08:55:49,2,0.257,OK,0000,0.83,OK,0000
LOT-20260808-AAQ,line_02,pcb2,2026-08-08,2026-08-08 08:54:15,EQ-02-A,1,1,day,02,L02AAQ100033,2026-08-08 08:54:15,2026-08-08 08:56:11,2,0.491,RE,ESA5,1.38,NG,ESA5
LOT-20260808-AAQ,line_02,pcb2,2026-08-08,2026-08-08 08:54:53,EQ-02-A,1,0,day,02,L02AAQ100034,2026-08-08 08:54:53,2026-08-08 08:56:56,1,0.22,OK,0000,0.86,OK,0000
LOT-20260808-AAQ,line_02,pcb2,2026-08-08,2026-08-08 08:55:33,EQ-02-A,1,0,day,02,L02AAQ100035,2026-08-08 08:55:33,2026-08-08 08:57:37,2,0.366,RE,ESA0,1.31,OK,0000
LOT-20260808-AAQ,line_02,pcb2,2026-08-08,2026-08-08 08:56:03,EQ-02-A,1,1,day,02,L02AAQ100036,2026-08-08 08:56:03,2026-08-08 08:58:05,2,0.364,RE,ESA0,1.41,NG,ESA0
LOT-20260808-AAQ,line_02,pcb2,2026-08-08,2026-08-08 08:56:35,EQ-02-A,1,0,day,02,L02AAQ100037,2026-08-08 08:56:35,2026-08-08 08:58:35,1,0.365,OK,0000,0.8,OK,0000
LOT-20260808-AAQ,line_02,pcb2,2026-08-08,2026-08-08 08:57:13,EQ-02-A,1,0,day,02,L02AAQ100038,2026-08-08 08:57:13,2026-08-08 08:59:08,1,0.382,OK,0000,0.83,OK,0000
LOT-20260808-AAQ,line_02,pcb2,2026-08-08,2026-08-08 08:57:46,EQ-02-A,1,0,day,02,L02AAQ100039,2026-08-08 08:57:46,2026-08-08 08:59:45,1,0.662,OK,0000,0.8,OK,0000
LOT-20260808-AAQ,line_02,pcb2,2026-08-08,2026-08-08 08:58:08,EQ-02-A,1,0,day,02,L02AAQ100040,2026-08-08 08:58:08,2026-08-08 09:00:08,2,0.314,OK,0000,0.88,OK,0000
LOT-20260808-AAQ,line_02,pcb2,2026-08-08,2026-08-08 08:58:37,EQ-02-A,1,0,day,02,L02AAQ100041,2026-08-08 08:58:37,2026-08-08 09:00:35,1,0.294,OK,0000,0.83,OK,0000
LOT-20260808-AAQ,line_02,pcb2,2026-08-08,2026-08-08 08:59:06,EQ-02-A,1,0,day,02,L02AAQ100042,2026-08-08 08:59:06,2026-08-08 09:01:07,2,0.476,OK,0000,0.85,OK,0000
LOT-20260808-AAQ,line_02,pcb2,2026-08-08,2026-08-08 08:59:45,EQ-02-A,1,0,day,02,L02AAQ100043,2026-08-08 08:59:45,2026-08-08 09:01:49,1,0.388,OK,0000,0.8,OK,0000
LOT-20260808-AAQ,line_02,pcb2,2026-08-08,2026-08-08 09:00:20,EQ-02-A,1,0,day,02,L02AAQ100044,2026-08-08 09:00:20,2026-08-08 09:02:23,1,0.55,OK,0000,0.8,OK,0000
LOT-20260808-AAQ,line_02,pcb2,2026-08-08,2026-08-08 09:00:46,EQ-02-A,1,0,day,02,L02AAQ100045,2026-08-08 09:00:46,2026-08-08 09:02:43,2,0.296,OK,0000,0.89,OK,0000
LOT-20260808-AAQ,line_02,pcb2,2026-08-08,2026-08-08 09:01:18,EQ-02-A,1,0,day,02,L02AAQ100046,2026-08-08 09:01:18,2026-08-08 09:03:15,2,0.573,OK,0000,0.91,OK,0000
LOT-20260808-AAQ,line_02,pcb2,2026-08-08,2026-08-08 09:01:50,EQ-02-A,1,0,day,02,L02AAQ100047,2026-08-08 09:01:50,2026-08-08 09:03:53,2,0.618,OK,0000,0.8,OK,0000
LOT-20260808-AAQ,line_02,pcb2,2026-08-08,2026-08-08 09:02:23,EQ-02-A,1,0,day,02,L02AAQ100048,2026-08-08 09:02:23,2026-08-08 09:04:19,2,0.514,OK,0000,0.8,OK,0000
LOT-20260808-AAQ,line_02,pcb2,2026-08-08,2026-08-08 09:02:58,EQ-02-A,1,0,day,02,L02AAQ100049,2026-08-08 09:02:58,2026-08-08 09:05:02,1,0.252,OK,0000,0.82,OK,0000
LOT-20260808-AAQ,line_02,pcb2,2026-08-08,2026-08-08 09:03:20,EQ-02-A,1,1,day,02,L02AAQ100050,2026-08-08 09:03:20,2026-08-08 09:05:17,1,0.647,RE,ESA6,1.28,NG,ESA6
LOT-20260808-AAQ,line_02,pcb2,2026-08-08,2026-08-08 09:03:51,EQ-02-A,1,0,day,02,L02AAQ100051,2026-08-08 09:03:51,2026-08-08 09:05:55,1,0.291,OK,0000,0.82,OK,0000
LOT-20260808-AAQ,line_02,pcb2,2026-08-08,2026-08-08 09:04:18,EQ-02-A,1,0,day,02,L02AAQ100052,2026-08-08 09:04:18,2026-08-08 09:06:18,2,0.479,OK,0000,0.8,OK,0000
LOT-20260808-AAQ,line_02,pcb2,2026-08-08,2026-08-08 09:04:52,EQ-02-A,1,0,day,02,L02AAQ100053,2026-08-08 09:04:52,2026-08-08 09:06:49,1,0.607,OK,0000,0.83,OK,0000
LOT-20260808-AAQ,line_02,pcb2,2026-08-08,2026-08-08 09:05:24,EQ-02-A,1,0,day,02,L02AAQ100054,2026-08-08 09:05:24,2026-08-08 09:07:19,1,0.291,OK,0000,0.8,OK,0000
LOT-20260808-AAQ,line_02,pcb2,2026-08-08,2026-08-08 09:06:02,EQ-02-A,1,0,day,02,L02AAQ100055,2026-08-08 09:06:02,2026-08-08 09:08:04,1,0.665,OK,0000,0.82,OK,0000
LOT-20260808-AAQ,line_02,pcb2,2026-08-08,2026-08-08 09:06:33,EQ-02-A,1,0,day,02,L02AAQ100056,2026-08-08 09:06:33,2026-08-08 09:08:35,1,0.679,OK,0000,0.9,OK,0000
LOT-20260808-AAQ,line_02,pcb2,2026-08-08,2026-08-08 09:07:08,EQ-02-A,1,0,day,02,L02AAQ100057,2026-08-08 09:07:08,2026-08-08 09:09:05,1,0.653,OK,0000,0.82,OK,0000
LOT-20260808-AAQ,line_02,pcb2,2026-08-08,2026-08-08 09:07:43,EQ-02-A,1,0,day,02,L02AAQ100058,2026-08-08 09:07:43,2026-08-08 09:09:39,2,0.125,OK,0000,0.85,OK,0000
LOT-20260808-AAQ,line_02,pcb2,2026-08-08,2026-08-08 09:08:20,EQ-02-A,1,0,day,02,L02AAQ100059,2026-08-08 09:08:20,2026-08-08 09:10:19,2,0.814,OK,0000,0.84,OK,0000
LOT-20260808-AAQ,line_02,pcb2,2026-08-08,2026-08-08 09:08:42,EQ-02-A,1,0,day,02,L02AAQ100060,2026-08-08 09:08:42,2026-08-08 09:10:43,1,0.202,OK,0000,0.81,OK,0000
LOT-20260808-AAQ,line_02,pcb2,2026-08-08,2026-08-08 09:09:10,EQ-02-A,1,0,day,02,L02AAQ100061,2026-08-08 09:09:10,2026-08-08 09:11:10,2,0.472,OK,0000,0.8,OK,0000
LOT-20260808-AAQ,line_02,pcb2,2026-08-08,2026-08-08 09:09:46,EQ-02-A,1,0,day,02,L02AAQ100062,2026-08-08 09:09:46,2026-08-08 09:11:45,1,0.115,OK,0000,0.84,OK,0000
LOT-20260808-AAQ,line_02,pcb2,2026-08-08,2026-08-08 09:10:17,EQ-02-A,1,0,day,02,L02AAQ100063,2026-08-08 09:10:17,2026-08-08 09:12:17,1,0.382,OK,0000,0.91,OK,0000
LOT-20260808-AAQ,line_02,pcb2,2026-08-08,2026-08-08 09:10:46,EQ-02-A,1,0,day,02,L02AAQ100064,2026-08-08 09:10:46,2026-08-08 09:12:47,1,0.515,OK,0000,0.86,OK,0000
LOT-20260808-AAQ,line_02,pcb2,2026-08-08,2026-08-08 09:11:22,EQ-02-A,1,0,day,02,L02AAQ100065,2026-08-08 09:11:22,2026-08-08 09:13:22,2,0.482,RE,ESA1,1.26,OK,0000
LOT-20260808-AAQ,line_02,pcb2,2026-08-08,2026-08-08 09:11:57,EQ-02-A,1,0,day,02,L02AAQ100066,2026-08-08 09:11:57,2026-08-08 09:14:02,1,0.252,OK,0000,0.8,OK,0000
LOT-20260808-AAQ,line_02,pcb2,2026-08-08,2026-08-08 09:12:29,EQ-02-A,1,0,day,02,L02AAQ100067,2026-08-08 09:12:29,2026-08-08 09:14:28,1,0.663,OK,0000,0.85,OK,0000
LOT-20260808-AAQ,line_02,pcb2,2026-08-08,2026-08-08 09:12:50,EQ-02-A,1,0,day,02,L02AAQ100068,2026-08-08 09:12:50,2026-08-08 09:14:52,2,0.44,OK,0000,0.86,OK,0000
LOT-20260808-AAQ,line_02,pcb2,2026-08-08,2026-08-08 09:13:15,EQ-02-A,1,0,day,02,L02AAQ100069,2026-08-08 09:13:15,2026-08-08 09:15:14,1,0.576,OK,0000,0.92,OK,0000
LOT-20260808-AAQ,line_02,pcb2,2026-08-08,2026-08-08 09:13:35,EQ-02-A,1,0,day,02,L02AAQ100070,2026-08-08 09:13:35,2026-08-08 09:15:38,1,0.524,OK,0000,0.8,OK,0000
LOT-20260808-AAQ,line_02,pcb2,2026-08-08,2026-08-08 09:14:00,EQ-02-A,1,1,day,02,L02AAQ100071,2026-08-08 09:14:00,2026-08-08 09:15:56,2,0.483,NG,ESA5,1.86,NG,ESA5
LOT-20260808-AAQ,line_02,pcb2,2026-08-08,2026-08-08 09:14:24,EQ-02-A,1,1,day,02,L02AAQ100072,2026-08-08 09:14:24,2026-08-08 09:16:24,1,0.649,RE,ESA0,1.09,NG,ESA0
LOT-20260808-AAQ,line_02,pcb2,2026-08-08,2026-08-08 09:14:44,EQ-02-A,1,0,day,02,L02AAQ100073,2026-08-08 09:14:44,2026-08-08 09:16:39,1,0.538,RE,ESA7,1.16,OK,0000
LOT-20260808-AAQ,line_02,pcb2,2026-08-08,2026-08-08 09:15:06,EQ-02-A,1,0,day,02,L02AAQ100074,2026-08-08 09:15:06,2026-08-08 09:17:02,1,0.415,OK,0000,0.87,OK,0000
LOT-20260808-AAQ,line_02,pcb2,2026-08-08,2026-08-08 09:15:28,EQ-02-A,1,0,day,02,L02AAQ100075,2026-08-08 09:15:28,2026-08-08 09:17:23,1,0.612,OK,0000,0.81,OK,0000
LOT-20260808-AAQ,line_02,pcb2,2026-08-08,2026-08-08 09:15:59,EQ-02-A,1,1,day,02,L02AAQ100076,2026-08-08 09:15:59,2026-08-08 09:17:54,1,0.476,RE,ESA6,1.2,NG,ESA6
LOT-20260808-AAQ,line_02,pcb2,2026-08-08,2026-08-08 09:16:37,EQ-02-A,1,1,day,02,L02AAQ100077,2026-08-08 09:16:37,2026-08-08 09:18:41,2,0.934,RE,ESA0,1.28,NG,ESA0
LOT-20260808-AAQ,line_02,pcb2,2026-08-08,2026-08-08 09:17:07,EQ-02-A,1,0,day,02,L02AAQ100078,2026-08-08 09:17:07,2026-08-08 09:19:12,2,0.374,OK,0000,0.89,OK,0000
LOT-20260808-AAQ,line_02,pcb2,2026-08-08,2026-08-08 09:17:29,EQ-02-A,1,0,day,02,L02AAQ100079,2026-08-08 09:17:29,2026-08-08 09:19:29,1,0.704,OK,0000,0.91,OK,0000
LOT-20260808-AAQ,line_02,pcb2,2026-08-08,2026-08-08 09:17:58,EQ-02-A,1,0,day,02,L02AAQ100080,2026-08-08 09:17:58,2026-08-08 09:20:01,1,0.813,OK,0000,0.87,OK,0000
LOT-20260808-AAQ,line_02,pcb2,2026-08-08,2026-08-08 09:18:32,EQ-02-A,1,0,day,02,L02AAQ100081,2026-08-08 09:18:32,2026-08-08 09:20:33,1,0.448,OK,0000,0.83,OK,0000
LOT-20260808-AAQ,line_02,pcb2,2026-08-08,2026-08-08 09:19:03,EQ-02-A,1,0,day,02,L02AAQ100082,2026-08-08 09:19:03,2026-08-08 09:20:59,2,0.456,OK,0000,0.82,OK,0000
LOT-20260808-AAQ,line_02,pcb2,2026-08-08,2026-08-08 09:19:36,EQ-02-A,1,0,day,02,L02AAQ100083,2026-08-08 09:19:36,2026-08-08 09:21:39,2,0.686,OK,0000,0.84,OK,0000
LOT-20260808-AAQ,line_02,pcb2,2026-08-08,2026-08-08 09:20:00,EQ-02-A,1,0,day,02,L02AAQ100084,2026-08-08 09:20:00,2026-08-08 09:22:03,1,0.646,OK,0000,0.87,OK,0000
LOT-20260808-AAQ,line_02,pcb2,2026-08-08,2026-08-08 09:20:22,EQ-02-A,1,0,day,02,L02AAQ100085,2026-08-08 09:20:22,2026-08-08 09:22:17,1,0.335,OK,0000,0.8,OK,0000
LOT-20260808-AAQ,line_02,pcb2,2026-08-08,2026-08-08 09:20:50,EQ-02-A,1,0,day,02,L02AAQ100086,2026-08-08 09:20:50,2026-08-08 09:22:55,1,0.315,OK,0000,0.82,OK,0000
LOT-20260808-AAQ,line_02,pcb2,2026-08-08,2026-08-08 09:21:29,EQ-02-A,1,0,day,02,L02AAQ100087,2026-08-08 09:21:29,2026-08-08 09:23:28,2,0.52,OK,0000,0.81,OK,0000
LOT-20260808-AAQ,line_02,pcb2,2026-08-08,2026-08-08 09:21:55,EQ-02-A,1,0,day,02,L02AAQ100088,2026-08-08 09:21:55,2026-08-08 09:23:57,2,0.605,OK,0000,0.82,OK,0000
LOT-20260808-AAQ,line_02,pcb2,2026-08-08,2026-08-08 09:22:23,EQ-02-A,1,0,day,02,L02AAQ100089,2026-08-08 09:22:23,2026-08-08 09:24:20,2,0.539,OK,0000,0.84,OK,0000
LOT-20260808-AAQ,line_02,pcb2,2026-08-08,2026-08-08 09:22:56,EQ-02-A,1,0,day,02,L02AAQ100090,2026-08-08 09:22:56,2026-08-08 09:24:59,1,0.76,OK,0000,0.8,OK,0000
LOT-20260808-AAQ,line_02,pcb2,2026-08-08,2026-08-08 09:23:29,EQ-02-A,1,0,day,02,L02AAQ100091,2026-08-08 09:23:29,2026-08-08 09:25:32,2,0.831,OK,0000,0.82,OK,0000
LOT-20260808-AAQ,line_02,pcb2,2026-08-08,2026-08-08 09:23:56,EQ-02-A,1,0,day,02,L02AAQ100092,2026-08-08 09:23:56,2026-08-08 09:25:59,1,0.299,OK,0000,0.83,OK,0000
LOT-20260808-AAQ,line_02,pcb2,2026-08-08,2026-08-08 09:24:32,EQ-02-A,1,0,day,02,L02AAQ100093,2026-08-08 09:24:32,2026-08-08 09:26:30,2,0.986,OK,0000,0.88,OK,0000
LOT-20260808-AAQ,line_02,pcb2,2026-08-08,2026-08-08 09:25:04,EQ-02-A,1,0,day,02,L02AAQ100094,2026-08-08 09:25:04,2026-08-08 09:27:03,2,0.59,OK,0000,0.87,OK,0000
LOT-20260808-AAQ,line_02,pcb2,2026-08-08,2026-08-08 09:25:36,EQ-02-A,1,0,day,02,L02AAQ100095,2026-08-08 09:25:36,2026-08-08 09:27:31,2,0.385,OK,0000,0.85,OK,0000
LOT-20260808-AAQ,line_02,pcb2,2026-08-08,2026-08-08 09:26:10,EQ-02-A,1,0,day,02,L02AAQ100096,2026-08-08 09:26:10,2026-08-08 09:28:11,1,0.5,OK,0000,0.91,OK,0000
LOT-20260808-AAQ,line_02,pcb2,2026-08-08,2026-08-08 09:26:41,EQ-02-A,1,0,day,02,L02AAQ100097,2026-08-08 09:26:41,2026-08-08 09:28:42,1,0.484,OK,0000,0.82,OK,0000
LOT-20260808-AAQ,line_02,pcb2,2026-08-08,2026-08-08 09:27:06,EQ-02-A,1,0,day,02,L02AAQ100098,2026-08-08 09:27:06,2026-08-08 09:29:10,2,0.325,OK,0000,0.85,OK,0000
LOT-20260808-AAQ,line_02,pcb2,2026-08-08,2026-08-08 09:27:27,EQ-02-A,1,0,day,02,L02AAQ100099,2026-08-08 09:27:27,2026-08-08 09:29:23,1,0.544,OK,0000,0.8,OK,0000
LOT-20260808-AAQ,line_02,pcb2,2026-08-08,2026-08-08 09:27:48,EQ-02-A,1,0,day,02,L02AAQ100100,2026-08-08 09:27:48,2026-08-08 09:29:53,1,0.568,OK,0000,0.85,OK,0000
LOT-20260808-AAQ,line_02,pcb2,2026-08-08,2026-08-08 09:28:27,EQ-02-A,1,0,day,02,L02AAQ100101,2026-08-08 09:28:27,2026-08-08 09:30:23,2,0.652,OK,0000,0.89,OK,0000
LOT-20260808-AAQ,line_02,pcb2,2026-08-08,2026-08-08 09:29:01,EQ-02-A,1,0,day,02,L02AAQ100102,2026-08-08 09:29:01,2026-08-08 09:31:06,1,0.514,OK,0000,0.8,OK,0000
LOT-20260808-AAQ,line_02,pcb2,2026-08-08,2026-08-08 09:29:21,EQ-02-A,1,0,day,02,L02AAQ100103,2026-08-08 09:29:21,2026-08-08 09:31:23,1,0.375,OK,0000,0.91,OK,0000
LOT-20260808-AAO,line_03,pcb3,2026-08-08,2026-08-08 08:00:00,EQ-03-A,1,0,day,03,L03AAO100085,2026-08-08 08:00:00,2026-08-08 08:01:55,2,0.575,OK,0000,0.87,OK,0000
LOT-20260808-AAO,line_03,pcb3,2026-08-08,2026-08-08 08:00:32,EQ-03-A,1,0,day,03,L03AAO100086,2026-08-08 08:00:32,2026-08-08 08:02:31,2,0.641,OK,0000,0.8,OK,0000
LOT-20260808-AAO,line_03,pcb3,2026-08-08,2026-08-08 08:00:54,EQ-03-A,1,0,day,03,L03AAO100087,2026-08-08 08:00:54,2026-08-08 08:02:59,1,0.546,OK,0000,0.8,OK,0000
LOT-20260808-AAO,line_03,pcb3,2026-08-08,2026-08-08 08:01:18,EQ-03-A,1,1,day,03,L03AAO100088,2026-08-08 08:01:18,2026-08-08 08:03:22,2,0.457,RE,ESA7,1.31,NG,ESA7
LOT-20260808-AAO,line_03,pcb3,2026-08-08,2026-08-08 08:01:49,EQ-03-A,1,0,day,03,L03AAO100089,2026-08-08 08:01:49,2026-08-08 08:03:44,1,0.346,OK,0000,0.86,OK,0000
LOT-20260808-AAO,line_03,pcb3,2026-08-08,2026-08-08 08:02:11,EQ-03-A,1,0,day,03,L03AAO100090,2026-08-08 08:02:11,2026-08-08 08:04:08,2,0.275,OK,0000,0.89,OK,0000
LOT-20260808-AAO,line_03,pcb3,2026-08-08,2026-08-08 08:02:42,EQ-03-A,1,0,day,03,L03AAO100091,2026-08-08 08:02:42,2026-08-08 08:04:41,2,0.4,RE,ESA7,1.15,OK,0000
LOT-20260808-AAO,line_03,pcb3,2026-08-08,2026-08-08 08:03:16,EQ-03-A,1,0,day,03,L03AAO100092,2026-08-08 08:03:16,2026-08-08 08:05:12,2,0.285,OK,0000,0.82,OK,0000
LOT-20260808-AAO,line_03,pcb3,2026-08-08,2026-08-08 08:03:50,EQ-03-A,1,0,day,03,L03AAO100093,2026-08-08 08:03:50,2026-08-08 08:05:53,2,0.214,OK,0000,0.82,OK,0000
LOT-20260808-AAO,line_03,pcb3,2026-08-08,2026-08-08 08:04:11,EQ-03-A,1,0,day,03,L03AAO100094,2026-08-08 08:04:11,2026-08-08 08:06:11,1,0.665,OK,0000,0.83,OK,0000
LOT-20260808-AAO,line_03,pcb3,2026-08-08,2026-08-08 08:04:51,EQ-03-A,1,0,day,03,L03AAO100095,2026-08-08 08:04:51,2026-08-08 08:06:47,1,0.323,OK,0000,0.85,OK,0000
LOT-20260808-AAO,line_03,pcb3,2026-08-08,2026-08-08 08:05:12,EQ-03-A,1,0,day,03,L03AAO100096,2026-08-08 08:05:12,2026-08-08 08:07:16,2,0.521,RE,ESA1,1.45,OK,0000
LOT-20260808-AAO,line_03,pcb3,2026-08-08,2026-08-08 08:05:38,EQ-03-A,1,0,day,03,L03AAO100097,2026-08-08 08:05:38,2026-08-08 08:07:33,1,0.619,OK,0000,0.85,OK,0000
LOT-20260808-AAO,line_03,pcb3,2026-08-08,2026-08-08 08:06:06,EQ-03-A,1,0,day,03,L03AAO100098,2026-08-08 08:06:06,2026-08-08 08:08:07,2,0.636,OK,0000,0.83,OK,0000
LOT-20260808-AAO,line_03,pcb3,2026-08-08,2026-08-08 08:06:27,EQ-03-A,1,0,day,03,L03AAO100099,2026-08-08 08:06:27,2026-08-08 08:08:23,2,0.489,OK,0000,0.91,OK,0000
LOT-20260808-AAO,line_03,pcb3,2026-08-08,2026-08-08 08:06:49,EQ-03-A,1,0,day,03,L03AAO100100,2026-08-08 08:06:49,2026-08-08 08:08:47,1,0.255,OK,0000,0.88,OK,0000
LOT-20260808-AAO,line_03,pcb3,2026-08-08,2026-08-08 08:07:29,EQ-03-A,1,0,day,03,L03AAO100101,2026-08-08 08:07:29,2026-08-08 08:09:32,1,0.483,OK,0000,0.83,OK,0000
LOT-20260808-AAO,line_03,pcb3,2026-08-08,2026-08-08 08:08:00,EQ-03-A,1,1,day,03,L03AAO100102,2026-08-08 08:08:00,2026-08-08 08:10:05,1,0.417,RE,ESA7,1.27,NG,ESA7
LOT-20260808-AAO,line_03,pcb3,2026-08-08,2026-08-08 08:08:38,EQ-03-A,1,0,day,03,L03AAO100103,2026-08-08 08:08:38,2026-08-08 08:10:39,2,0.493,OK,0000,0.82,OK,0000
LOT-20260808-AAO,line_03,pcb3,2026-08-08,2026-08-08 08:09:13,EQ-03-A,1,0,day,03,L03AAO100104,2026-08-08 08:09:13,2026-08-08 08:11:14,1,0.395,OK,0000,0.8,OK,0000
LOT-20260808-AAO,line_03,pcb3,2026-08-08,2026-08-08 08:09:51,EQ-03-A,1,0,day,03,L03AAO100105,2026-08-08 08:09:51,2026-08-08 08:11:46,2,0.391,OK,0000,0.82,OK,0000
LOT-20260808-AAO,line_03,pcb3,2026-08-08,2026-08-08 08:10:13,EQ-03-A,1,0,day,03,L03AAO100106,2026-08-08 08:10:13,2026-08-08 08:12:08,2,0.523,OK,0000,0.92,OK,0000
LOT-20260808-AAO,line_03,pcb3,2026-08-08,2026-08-08 08:10:40,EQ-03-A,1,0,day,03,L03AAO100107,2026-08-08 08:10:40,2026-08-08 08:12:37,2,0.408,OK,0000,0.8,OK,0000
LOT-20260808-AAO,line_03,pcb3,2026-08-08,2026-08-08 08:11:06,EQ-03-A,1,1,day,03,L03AAO100108,2026-08-08 08:11:06,2026-08-08 08:13:10,2,0.393,RE,ESA7,1.27,NG,ESA7
LOT-20260808-AAO,line_03,pcb3,2026-08-08,2026-08-08 08:11:37,EQ-03-A,1,0,day,03,L03AAO100109,2026-08-08 08:11:37,2026-08-08 08:13:34,1,0.588,OK,0000,0.87,OK,0000
LOT-20260808-AAO,line_03,pcb3,2026-08-08,2026-08-08 08:12:07,EQ-03-A,1,0,day,03,L03AAO100110,2026-08-08 08:12:07,2026-08-08 08:14:02,1,0.624,OK,0000,0.88,OK,0000
LOT-20260808-AAO,line_03,pcb3,2026-08-08,2026-08-08 08:12:29,EQ-03-A,1,0,day,03,L03AAO100111,2026-08-08 08:12:29,2026-08-08 08:14:26,1,0.458,OK,0000,0.92,OK,0000
LOT-20260808-AAO,line_03,pcb3,2026-08-08,2026-08-08 08:13:01,EQ-03-A,1,0,day,03,L03AAO100112,2026-08-08 08:13:01,2026-08-08 08:14:58,1,0.447,OK,0000,0.84,OK,0000
LOT-20260808-AAO,line_03,pcb3,2026-08-08,2026-08-08 08:13:39,EQ-03-A,1,0,day,03,L03AAO100113,2026-08-08 08:13:39,2026-08-08 08:15:36,2,0.694,OK,0000,0.86,OK,0000
LOT-20260808-AAO,line_03,pcb3,2026-08-08,2026-08-08 08:14:06,EQ-03-A,1,1,day,03,L03AAO100114,2026-08-08 08:14:06,2026-08-08 08:16:02,2,0.164,RE,ESA5,1.25,NG,ESA5
LOT-20260808-AAO,line_03,pcb3,2026-08-08,2026-08-08 08:14:26,EQ-03-A,1,1,day,03,L03AAO100115,2026-08-08 08:14:26,2026-08-08 08:16:27,1,0.629,RE,ESA5,1.12,NG,ESA5
LOT-20260808-AAO,line_03,pcb3,2026-08-08,2026-08-08 08:14:47,EQ-03-A,1,1,day,03,L03AAO100116,2026-08-08 08:14:47,2026-08-08 08:16:48,1,0.613,RE,ESA5,1.29,NG,ESA5
LOT-20260808-AAO,line_03,pcb3,2026-08-08,2026-08-08 08:15:23,EQ-03-A,1,0,day,03,L03AAO100117,2026-08-08 08:15:23,2026-08-08 08:17:24,1,0.678,OK,0000,0.81,OK,0000
LOT-20260808-AAO,line_03,pcb3,2026-08-08,2026-08-08 08:15:55,EQ-03-A,1,0,day,03,L03AAO100118,2026-08-08 08:15:55,2026-08-08 08:17:50,2,0.649,OK,0000,0.85,OK,0000
LOT-20260808-AAO,line_03,pcb3,2026-08-08,2026-08-08 08:16:24,EQ-03-A,1,0,day,03,L03AAO100119,2026-08-08 08:16:24,2026-08-08 08:18:26,2,0.765,OK,0000,0.95,OK,0000
LOT-20260808-AAO,line_03,pcb3,2026-08-08,2026-08-08 08:16:54,EQ-03-A,1,0,day,03,L03AAO100120,2026-08-08 08:16:54,2026-08-08 08:18:57,1,0.731,OK,0000,0.86,OK,0000
LOT-20260808-AAO,line_03,pcb3,2026-08-08,2026-08-08 08:17:28,EQ-03-A,1,0,day,03,L03AAO100121,2026-08-08 08:17:28,2026-08-08 08:19:25,2,0.848,OK,0000,0.86,OK,0000
LOT-20260808-AAO,line_03,pcb3,2026-08-08,2026-08-08 08:18:06,EQ-03-A,1,0,day,03,L03AAO100122,2026-08-08 08:18:06,2026-08-08 08:20:07,1,0.364,OK,0000,0.84,OK,0000
LOT-20260808-AAO,line_03,pcb3,2026-08-08,2026-08-08 08:18:27,EQ-03-A,1,0,day,03,L03AAO100123,2026-08-08 08:18:27,2026-08-08 08:20:24,2,0.614,OK,0000,0.87,OK,0000
LOT-20260808-AAO,line_03,pcb3,2026-08-08,2026-08-08 08:18:47,EQ-03-A,1,0,day,03,L03AAO100124,2026-08-08 08:18:47,2026-08-08 08:20:50,1,0.331,OK,0000,0.8,OK,0000
LOT-20260808-AAO,line_03,pcb3,2026-08-08,2026-08-08 08:19:12,EQ-03-A,1,0,day,03,L03AAO100125,2026-08-08 08:19:12,2026-08-08 08:21:07,1,0.449,OK,0000,0.86,OK,0000
LOT-20260808-AAO,line_03,pcb3,2026-08-08,2026-08-08 08:19:51,EQ-03-A,1,0,day,03,L03AAO100126,2026-08-08 08:19:51,2026-08-08 08:21:51,1,0.599,RE,ESA2,1.26,OK,0000
LOT-20260808-AAO,line_03,pcb3,2026-08-08,2026-08-08 08:20:16,EQ-03-A,1,0,day,03,L03AAO100127,2026-08-08 08:20:16,2026-08-08 08:22:12,2,0.375,OK,0000,0.91,OK,0000
LOT-20260808-AAO,line_03,pcb3,2026-08-08,2026-08-08 08:20:56,EQ-03-A,1,0,day,03,L03AAO100128,2026-08-08 08:20:56,2026-08-08 08:22:56,2,0.339,OK,0000,0.89,OK,0000
LOT-20260808-AAO,line_03,pcb3,2026-08-08,2026-08-08 08:21:32,EQ-03-A,1,0,day,03,L03AAO100129,2026-08-08 08:21:32,2026-08-08 08:23:27,2,0.611,OK,0000,0.89,OK,0000
LOT-20260808-AAO,line_03,pcb3,2026-08-08,2026-08-08 08:22:03,EQ-03-A,1,0,day,03,L03AAO100130,2026-08-08 08:22:03,2026-08-08 08:24:06,1,0.433,OK,0000,0.83,OK,0000
LOT-20260808-AAO,line_03,pcb3,2026-08-08,2026-08-08 08:22:36,EQ-03-A,1,0,day,03,L03AAO100131,2026-08-08 08:22:36,2026-08-08 08:24:32,2,0.508,OK,0000,0.82,OK,0000
LOT-20260808-AAO,line_03,pcb3,2026-08-08,2026-08-08 08:23:14,EQ-03-A,1,0,day,03,L03AAO100132,2026-08-08 08:23:14,2026-08-08 08:25:16,2,0.534,OK,0000,0.9,OK,0000
LOT-20260808-AAO,line_03,pcb3,2026-08-08,2026-08-08 08:23:39,EQ-03-A,1,0,day,03,L03AAO100133,2026-08-08 08:23:39,2026-08-08 08:25:34,2,0.305,OK,0000,0.81,OK,0000
LOT-20260808-AAO,line_03,pcb3,2026-08-08,2026-08-08 08:24:00,EQ-03-A,1,0,day,03,L03AAO100134,2026-08-08 08:24:00,2026-08-08 08:26:02,2,0.385,OK,0000,0.84,OK,0000
LOT-20260808-AAO,line_03,pcb3,2026-08-08,2026-08-08 08:24:37,EQ-03-A,1,0,day,03,L03AAO100135,2026-08-08 08:24:37,2026-08-08 08:26:33,2,0.48,OK,0000,0.87,OK,0000
LOT-20260808-AAO,line_03,pcb3,2026-08-08,2026-08-08 08:25:14,EQ-03-A,1,0,day,03,L03AAO100136,2026-08-08 08:25:14,2026-08-08 08:27:18,2,0.505,OK,0000,0.85,OK,0000
LOT-20260808-AAO,line_03,pcb3,2026-08-08,2026-08-08 08:25:49,EQ-03-A,1,0,day,03,L03AAO100137,2026-08-08 08:25:49,2026-08-08 08:27:48,2,0.56,OK,0000,0.85,OK,0000
LOT-20260808-AAO,line_03,pcb3,2026-08-08,2026-08-08 08:26:10,EQ-03-A,1,0,day,03,L03AAO100138,2026-08-08 08:26:10,2026-08-08 08:28:12,1,0.605,OK,0000,0.84,OK,0000
LOT-20260808-AAO,line_03,pcb3,2026-08-08,2026-08-08 08:26:35,EQ-03-A,1,0,day,03,L03AAO100139,2026-08-08 08:26:35,2026-08-08 08:28:34,1,0.747,OK,0000,0.94,OK,0000
LOT-20260808-AAO,line_03,pcb3,2026-08-08,2026-08-08 08:27:12,EQ-03-A,1,0,day,03,L03AAO100140,2026-08-08 08:27:12,2026-08-08 08:29:09,1,0.606,OK,0000,0.85,OK,0000
LOT-20260808-AAO,line_03,pcb3,2026-08-08,2026-08-08 08:27:36,EQ-03-A,1,0,day,03,L03AAO100141,2026-08-08 08:27:36,2026-08-08 08:29:35,1,0.594,OK,0000,0.8,OK,0000
LOT-20260808-AAO,line_03,pcb3,2026-08-08,2026-08-08 08:28:16,EQ-03-A,1,0,day,03,L03AAO100142,2026-08-08 08:28:16,2026-08-08 08:30:19,1,0.527,OK,0000,0.81,OK,0000
LOT-20260808-AAO,line_03,pcb3,2026-08-08,2026-08-08 08:28:39,EQ-03-A,1,0,day,03,L03AAO100143,2026-08-08 08:28:39,2026-08-08 08:30:43,2,0.576,OK,0000,0.81,OK,0000
LOT-20260808-AAO,line_03,pcb3,2026-08-08,2026-08-08 08:29:18,EQ-03-A,1,0,day,03,L03AAO100144,2026-08-08 08:29:18,2026-08-08 08:31:23,1,0.448,OK,0000,0.8,OK,0000
LOT-20260808-AAO,line_03,pcb3,2026-08-08,2026-08-08 08:29:38,EQ-03-A,1,0,day,03,L03AAO100145,2026-08-08 08:29:38,2026-08-08 08:31:37,1,0.324,OK,0000,0.85,OK,0000
LOT-20260808-AAO,line_03,pcb3,2026-08-08,2026-08-08 08:30:02,EQ-03-A,1,0,day,03,L03AAO100146,2026-08-08 08:30:02,2026-08-08 08:32:04,2,0.37,OK,0000,0.88,OK,0000
LOT-20260808-AAO,line_03,pcb3,2026-08-08,2026-08-08 08:30:33,EQ-03-A,1,1,day,03,L03AAO100147,2026-08-08 08:30:33,2026-08-08 08:32:31,2,0.357,RE,ESA5,1.3,NG,ESA5
LOT-20260808-AAO,line_03,pcb3,2026-08-08,2026-08-08 08:31:04,EQ-03-A,1,1,day,03,L03AAO100148,2026-08-08 08:31:04,2026-08-08 08:33:00,1,0.386,RE,ESA0,1.29,NG,ESA0
LOT-20260808-AAO,line_03,pcb3,2026-08-08,2026-08-08 08:31:37,EQ-03-A,1,0,day,03,L03AAO100149,2026-08-08 08:31:37,2026-08-08 08:33:42,1,0.27,OK,0000,0.82,OK,0000
LOT-20260808-AAO,line_03,pcb3,2026-08-08,2026-08-08 08:31:58,EQ-03-A,1,0,day,03,L03AAO100150,2026-08-08 08:31:58,2026-08-08 08:34:00,1,0.373,OK,0000,0.88,OK,0000
LOT-20260808-AAO,line_03,pcb3,2026-08-08,2026-08-08 08:32:32,EQ-03-A,1,0,day,03,L03AAO100151,2026-08-08 08:32:32,2026-08-08 08:34:36,1,0.569,OK,0000,0.8,OK,0000
LOT-20260808-AAO,line_03,pcb3,2026-08-08,2026-08-08 08:33:09,EQ-03-A,1,0,day,03,L03AAO100152,2026-08-08 08:33:09,2026-08-08 08:35:14,2,0.47,OK,0000,0.81,OK,0000
LOT-20260808-AAO,line_03,pcb3,2026-08-08,2026-08-08 08:33:34,EQ-03-A,1,0,day,03,L03AAO100153,2026-08-08 08:33:34,2026-08-08 08:35:39,1,0.643,OK,0000,0.89,OK,0000
LOT-20260808-AAO,line_03,pcb3,2026-08-08,2026-08-08 08:33:56,EQ-03-A,1,0,day,03,L03AAO100154,2026-08-08 08:33:56,2026-08-08 08:35:53,2,0.284,OK,0000,0.87,OK,0000
LOT-20260808-AAO,line_03,pcb3,2026-08-08,2026-08-08 08:34:34,EQ-03-A,1,0,day,03,L03AAO100155,2026-08-08 08:34:34,2026-08-08 08:36:29,1,0.377,OK,0000,0.83,OK,0000
LOT-20260808-AAO,line_03,pcb3,2026-08-08,2026-08-08 08:35:02,EQ-03-A,1,0,day,03,L03AAO100156,2026-08-08 08:35:02,2026-08-08 08:37:01,2,0.505,OK,0000,0.91,OK,0000
LOT-20260808-AAO,line_03,pcb3,2026-08-08,2026-08-08 08:35:24,EQ-03-A,1,0,day,03,L03AAO100157,2026-08-08 08:35:24,2026-08-08 08:37:20,2,0.349,RE,ESA6,1.33,OK,0000
LOT-20260808-AAO,line_03,pcb3,2026-08-08,2026-08-08 08:35:50,EQ-03-A,1,0,day,03,L03AAO100158,2026-08-08 08:35:50,2026-08-08 08:37:53,2,0.324,OK,0000,0.8,OK,0000
LOT-20260808-AAO,line_03,pcb3,2026-08-08,2026-08-08 08:36:21,EQ-03-A,1,0,day,03,L03AAO100159,2026-08-08 08:36:21,2026-08-08 08:38:22,2,0.504,RE,ESA6,1.25,OK,0000
LOT-20260808-AAO,line_03,pcb3,2026-08-08,2026-08-08 08:36:55,EQ-03-A,1,0,day,03,L03AAO100160,2026-08-08 08:36:55,2026-08-08 08:38:52,2,0.075,OK,0000,0.89,OK,0000
LOT-20260808-AAO,line_03,pcb3,2026-08-08,2026-08-08 08:37:17,EQ-03-A,1,0,day,03,L03AAO100161,2026-08-08 08:37:17,2026-08-08 08:39:12,2,0.179,OK,0000,0.83,OK,0000
LOT-20260808-AAO,line_03,pcb3,2026-08-08,2026-08-08 08:37:46,EQ-03-A,1,0,day,03,L03AAO100162,2026-08-08 08:37:46,2026-08-08 08:39:45,1,0.699,OK,0000,0.93,OK,0000
LOT-20260808-AAO,line_03,pcb3,2026-08-08,2026-08-08 08:38:26,EQ-03-A,1,0,day,03,L03AAO100163,2026-08-08 08:38:26,2026-08-08 08:40:24,2,0.446,OK,0000,0.8,OK,0000
LOT-20260808-AAO,line_03,pcb3,2026-08-08,2026-08-08 08:38:55,EQ-03-A,1,0,day,03,L03AAO100164,2026-08-08 08:38:55,2026-08-08 08:40:56,1,0.694,OK,0000,0.87,OK,0000
LOT-20260808-AAO,line_03,pcb3,2026-08-08,2026-08-08 08:39:26,EQ-03-A,1,0,day,03,L03AAO100165,2026-08-08 08:39:26,2026-08-08 08:41:28,1,0.427,OK,0000,0.82,OK,0000
LOT-20260808-AAO,line_03,pcb3,2026-08-08,2026-08-08 08:39:52,EQ-03-A,1,0,day,03,L03AAO100166,2026-08-08 08:39:52,2026-08-08 08:41:48,1,0.392,OK,0000,0.83,OK,0000
LOT-20260808-AAO,line_03,pcb3,2026-08-08,2026-08-08 08:40:14,EQ-03-A,1,0,day,03,L03AAO100167,2026-08-08 08:40:14,2026-08-08 08:42:15,2,0.547,OK,0000,0.82,OK,0000
LOT-20260808-AAO,line_03,pcb3,2026-08-08,2026-08-08 08:40:38,EQ-03-A,1,0,day,03,L03AAO100168,2026-08-08 08:40:38,2026-08-08 08:42:41,1,0.434,OK,0000,0.87,OK,0000
LOT-20260808-AAO,line_03,pcb3,2026-08-08,2026-08-08 08:41:08,EQ-03-A,1,1,day,03,L03AAO100169,2026-08-08 08:41:08,2026-08-08 08:43:11,2,0.278,RE,ESA5,1.21,NG,ESA5
LOT-20260808-AAO,line_03,pcb3,2026-08-08,2026-08-08 08:41:48,EQ-03-A,1,0,day,03,L03AAO100170,2026-08-08 08:41:48,2026-08-08 08:43:52,1,0.249,OK,0000,0.84,OK,0000
LOT-20260808-AAO,line_03,pcb3,2026-08-08,2026-08-08 08:42:27,EQ-03-A,1,0,day,03,L03AAO100171,2026-08-08 08:42:27,2026-08-08 08:44:32,2,0.209,OK,0000,0.88,OK,0000
LOT-20260808-AAO,line_03,pcb3,2026-08-08,2026-08-08 08:42:54,EQ-03-A,1,0,day,03,L03AAO100172,2026-08-08 08:42:54,2026-08-08 08:44:59,2,0.303,OK,0000,0.8,OK,0000
LOT-20260808-AAO,line_03,pcb3,2026-08-08,2026-08-08 08:43:33,EQ-03-A,1,0,day,03,L03AAO100173,2026-08-08 08:43:33,2026-08-08 08:45:36,2,0.445,OK,0000,0.91,OK,0000
LOT-20260808-AAO,line_03,pcb3,2026-08-08,2026-08-08 08:44:03,EQ-03-A,1,0,day,03,L03AAO100174,2026-08-08 08:44:03,2026-08-08 08:46:02,2,0.607,OK,0000,0.8,OK,0000
LOT-20260808-AAO,line_03,pcb3,2026-08-08,2026-08-08 08:44:37,EQ-03-A,1,0,day,03,L03AAO100175,2026-08-08 08:44:37,2026-08-08 08:46:32,2,0.299,OK,0000,0.82,OK,0000
LOT-20260808-AAO,line_03,pcb3,2026-08-08,2026-08-08 08:45:08,EQ-03-A,1,0,day,03,L03AAO100176,2026-08-08 08:45:08,2026-08-08 08:47:06,2,0.836,OK,0000,0.8,OK,0000
LOT-20260808-AAO,line_03,pcb3,2026-08-08,2026-08-08 08:45:29,EQ-03-A,1,1,day,03,L03AAO100177,2026-08-08 08:45:29,2026-08-08 08:47:29,1,0.36,NG,ESA5,1.95,NG,ESA5
LOT-20260808-AAO,line_03,pcb3,2026-08-08,2026-08-08 08:46:05,EQ-03-A,1,0,day,03,L03AAO100178,2026-08-08 08:46:05,2026-08-08 08:48:07,2,0.529,OK,0000,0.88,OK,0000
LOT-20260808-AAO,line_03,pcb3,2026-08-08,2026-08-08 08:46:37,EQ-03-A,1,0,day,03,L03AAO100179,2026-08-08 08:46:37,2026-08-08 08:48:37,1,0.391,OK,0000,0.84,OK,0000
LOT-20260808-AAO,line_03,pcb3,2026-08-08,2026-08-08 08:47:11,EQ-03-A,1,0,day,03,L03AAO100180,2026-08-08 08:47:11,2026-08-08 08:49:10,1,0.697,OK,0000,0.83,OK,0000
LOT-20260808-AAO,line_03,pcb3,2026-08-08,2026-08-08 08:47:51,EQ-03-A,1,0,day,03,L03AAO100181,2026-08-08 08:47:51,2026-08-08 08:49:52,2,0.668,OK,0000,0.86,OK,0000
LOT-20260808-AAO,line_03,pcb3,2026-08-08,2026-08-08 08:48:22,EQ-03-A,1,0,day,03,L03AAO100182,2026-08-08 08:48:22,2026-08-08 08:50:23,2,0.344,OK,0000,0.84,OK,0000
LOT-20260808-AAO,line_03,pcb3,2026-08-08,2026-08-08 08:49:01,EQ-03-A,1,0,day,03,L03AAO100183,2026-08-08 08:49:01,2026-08-08 08:51:02,2,0.647,OK,0000,0.87,OK,0000
LOT-20260808-AAO,line_03,pcb3,2026-08-08,2026-08-08 08:49:27,EQ-03-A,1,0,day,03,L03AAO100184,2026-08-08 08:49:27,2026-08-08 08:51:26,1,0.494,RE,ESA4,1.06,OK,0000
LOT-20260808-AAO,line_03,pcb3,2026-08-08,2026-08-08 08:49:58,EQ-03-A,1,0,day,03,L03AAO100185,2026-08-08 08:49:58,2026-08-08 08:52:01,2,0.231,OK,0000,0.8,OK,0000
LOT-20260808-AAM,line_04,pcb4,2026-08-08,2026-08-08 08:00:00,EQ-04-A,1,0,day,04,L04AAM100106,2026-08-08 08:00:00,2026-08-08 08:01:57,2,0.279,OK,0000,0.88,OK,0000
LOT-20260808-AAM,line_04,pcb4,2026-08-08,2026-08-08 08:00:30,EQ-04-A,1,0,day,04,L04AAM100107,2026-08-08 08:00:30,2026-08-08 08:02:29,1,0.31,OK,0000,0.8,OK,0000
LOT-20260808-AAM,line_04,pcb4,2026-08-08,2026-08-08 08:01:04,EQ-04-A,1,0,day,04,L04AAM100108,2026-08-08 08:01:04,2026-08-08 08:03:06,1,0.513,OK,0000,0.88,OK,0000
LOT-20260808-AAM,line_04,pcb4,2026-08-08,2026-08-08 08:01:32,EQ-04-A,1,0,day,04,L04AAM100109,2026-08-08 08:01:32,2026-08-08 08:03:28,1,0.808,OK,0000,0.86,OK,0000
LOT-20260808-AAM,line_04,pcb4,2026-08-08,2026-08-08 08:02:00,EQ-04-A,1,0,day,04,L04AAM100110,2026-08-08 08:02:00,2026-08-08 08:03:55,2,0.737,OK,0000,0.8,OK,0000
LOT-20260808-AAM,line_04,pcb4,2026-08-08,2026-08-08 08:02:28,EQ-04-A,1,0,day,04,L04AAM100111,2026-08-08 08:02:28,2026-08-08 08:04:25,2,0.824,OK,0000,0.8,OK,0000
LOT-20260808-AAM,line_04,pcb4,2026-08-08,2026-08-08 08:03:01,EQ-04-A,1,1,day,04,L04AAM100112,2026-08-08 08:03:01,2026-08-08 08:05:00,2,0.424,RE,ESA4,1.31,NG,ESA4
LOT-20260808-AAM,line_04,pcb4,2026-08-08,2026-08-08 08:03:27,EQ-04-A,1,0,day,04,L04AAM100113,2026-08-08 08:03:27,2026-08-08 08:05:29,1,0.259,OK,0000,0.8,OK,0000
LOT-20260808-AAM,line_04,pcb4,2026-08-08,2026-08-08 08:03:54,EQ-04-A,1,0,day,04,L04AAM100114,2026-08-08 08:03:54,2026-08-08 08:05:49,2,0.337,OK,0000,0.83,OK,0000
LOT-20260808-AAM,line_04,pcb4,2026-08-08,2026-08-08 08:04:31,EQ-04-A,1,0,day,04,L04AAM100115,2026-08-08 08:04:31,2026-08-08 08:06:34,2,0.713,OK,0000,0.84,OK,0000
LOT-20260808-AAM,line_04,pcb4,2026-08-08,2026-08-08 08:05:02,EQ-04-A,1,0,day,04,L04AAM100116,2026-08-08 08:05:02,2026-08-08 08:07:02,1,0.431,OK,0000,0.8,OK,0000
LOT-20260808-AAM,line_04,pcb4,2026-08-08,2026-08-08 08:05:39,EQ-04-A,1,0,day,04,L04AAM100117,2026-08-08 08:05:39,2026-08-08 08:07:39,1,0.57,OK,0000,0.87,OK,0000
LOT-20260808-AAM,line_04,pcb4,2026-08-08,2026-08-08 08:06:04,EQ-04-A,1,0,day,04,L04AAM100118,2026-08-08 08:06:04,2026-08-08 08:08:01,2,0.245,OK,0000,0.84,OK,0000
LOT-20260808-AAM,line_04,pcb4,2026-08-08,2026-08-08 08:06:37,EQ-04-A,1,0,day,04,L04AAM100119,2026-08-08 08:06:37,2026-08-08 08:08:36,2,0.529,OK,0000,0.88,OK,0000
LOT-20260808-AAM,line_04,pcb4,2026-08-08,2026-08-08 08:07:17,EQ-04-A,1,0,day,04,L04AAM100120,2026-08-08 08:07:17,2026-08-08 08:09:15,2,0.391,OK,0000,0.8,OK,0000
LOT-20260808-AAM,line_04,pcb4,2026-08-08,2026-08-08 08:07:57,EQ-04-A,1,0,day,04,L04AAM100121,2026-08-08 08:07:57,2026-08-08 08:10:02,2,0.432,OK,0000,0.89,OK,0000
LOT-20260808-AAM,line_04,pcb4,2026-08-08,2026-08-08 08:08:17,EQ-04-A,1,0,day,04,L04AAM100122,2026-08-08 08:08:17,2026-08-08 08:10:14,2,0.657,OK,0000,0.84,OK,0000
LOT-20260808-AAM,line_04,pcb4,2026-08-08,2026-08-08 08:08:44,EQ-04-A,1,0,day,04,L04AAM100123,2026-08-08 08:08:44,2026-08-08 08:10:45,2,0.653,OK,0000,0.8,OK,0000
LOT-20260808-AAM,line_04,pcb4,2026-08-08,2026-08-08 08:09:16,EQ-04-A,1,1,day,04,L04AAM100124,2026-08-08 08:09:16,2026-08-08 08:11:11,1,0.619,RE,ESA6,1.14,NG,ESA6
LOT-20260808-AAM,line_04,pcb4,2026-08-08,2026-08-08 08:09:39,EQ-04-A,1,0,day,04,L04AAM100125,2026-08-08 08:09:39,2026-08-08 08:11:44,2,0.765,OK,0000,0.8,OK,0000
LOT-20260808-AAM,line_04,pcb4,2026-08-08,2026-08-08 08:10:10,EQ-04-A,1,0,day,04,L04AAM100126,2026-08-08 08:10:10,2026-08-08 08:12:06,2,0.372,OK,0000,0.86,OK,0000
LOT-20260808-AAM,line_04,pcb4,2026-08-08,2026-08-08 08:10:30,EQ-04-A,1,0,day,04,L04AAM100127,2026-08-08 08:10:30,2026-08-08 08:12:35,1,0.599,OK,0000,0.82,OK,0000
LOT-20260808-AAM,line_04,pcb4,2026-08-08,2026-08-08 08:10:51,EQ-04-A,1,1,day,04,L04AAM100128,2026-08-08 08:10:51,2026-08-08 08:12:56,2,0.556,RE,ESA6,1.3,NG,ESA6
LOT-20260808-AAM,line_04,pcb4,2026-08-08,2026-08-08 08:11:16,EQ-04-A,1,0,day,04,L04AAM100129,2026-08-08 08:11:16,2026-08-08 08:13:14,1,0.559,OK,0000,0.82,OK,0000
LOT-20260808-AAM,line_04,pcb4,2026-08-08,2026-08-08 08:11:39,EQ-04-A,1,0,day,04,L04AAM100130,2026-08-08 08:11:39,2026-08-08 08:13:43,2,0.576,OK,0000,0.9,OK,0000
LOT-20260808-AAM,line_04,pcb4,2026-08-08,2026-08-08 08:12:02,EQ-04-A,1,0,day,04,L04AAM100131,2026-08-08 08:12:02,2026-08-08 08:14:07,1,0.316,RE,ESA6,1.17,OK,0000
LOT-20260808-AAM,line_04,pcb4,2026-08-08,2026-08-08 08:12:24,EQ-04-A,1,0,day,04,L04AAM100132,2026-08-08 08:12:24,2026-08-08 08:14:28,1,0.504,OK,0000,0.8,OK,0000
LOT-20260808-AAM,line_04,pcb4,2026-08-08,2026-08-08 08:12:55,EQ-04-A,1,0,day,04,L04AAM100133,2026-08-08 08:12:55,2026-08-08 08:14:52,2,0.229,OK,0000,0.88,OK,0000
LOT-20260808-AAM,line_04,pcb4,2026-08-08,2026-08-08 08:13:15,EQ-04-A,1,0,day,04,L04AAM100134,2026-08-08 08:13:15,2026-08-08 08:15:17,1,0.166,OK,0000,0.82,OK,0000
LOT-20260808-AAM,line_04,pcb4,2026-08-08,2026-08-08 08:13:42,EQ-04-A,1,0,day,04,L04AAM100135,2026-08-08 08:13:42,2026-08-08 08:15:42,2,0.614,OK,0000,0.85,OK,0000
LOT-20260808-AAM,line_04,pcb4,2026-08-08,2026-08-08 08:14:08,EQ-04-A,1,0,day,04,L04AAM100136,2026-08-08 08:14:08,2026-08-08 08:16:10,2,0.442,OK,0000,0.8,OK,0000
LOT-20260808-AAM,line_04,pcb4,2026-08-08,2026-08-08 08:14:35,EQ-04-A,1,0,day,04,L04AAM100137,2026-08-08 08:14:35,2026-08-08 08:16:39,1,0.552,OK,0000,0.8,OK,0000
LOT-20260808-AAM,line_04,pcb4,2026-08-08,2026-08-08 08:15:00,EQ-04-A,1,0,day,04,L04AAM100138,2026-08-08 08:15:00,2026-08-08 08:16:58,1,0.54,OK,0000,0.85,OK,0000
LOT-20260808-AAM,line_04,pcb4,2026-08-08,2026-08-08 08:15:31,EQ-04-A,1,0,day,04,L04AAM100139,2026-08-08 08:15:31,2026-08-08 08:17:34,2,0.523,OK,0000,0.81,OK,0000
LOT-20260808-AAM,line_04,pcb4,2026-08-08,2026-08-08 08:16:02,EQ-04-A,1,1,day,04,L04AAM100140,2026-08-08 08:16:02,2026-08-08 08:17:57,2,0.805,RE,ESA6,1.29,NG,ESA6
LOT-20260808-AAM,line_04,pcb4,2026-08-08,2026-08-08 08:16:39,EQ-04-A,1,0,day,04,L04AAM100141,2026-08-08 08:16:39,2026-08-08 08:18:35,2,0.458,OK,0000,0.85,OK,0000
LOT-20260808-AAM,line_04,pcb4,2026-08-08,2026-08-08 08:17:15,EQ-04-A,1,0,day,04,L04AAM100142,2026-08-08 08:17:15,2026-08-08 08:19:10,1,0.384,OK,0000,0.82,OK,0000
LOT-20260808-AAM,line_04,pcb4,2026-08-08,2026-08-08 08:17:38,EQ-04-A,1,0,day,04,L04AAM100143,2026-08-08 08:17:38,2026-08-08 08:19:38,2,0.859,OK,0000,0.81,OK,0000
LOT-20260808-AAM,line_04,pcb4,2026-08-08,2026-08-08 08:18:18,EQ-04-A,1,0,day,04,L04AAM100144,2026-08-08 08:18:18,2026-08-08 08:20:21,2,0.488,OK,0000,0.82,OK,0000
LOT-20260808-AAM,line_04,pcb4,2026-08-08,2026-08-08 08:18:55,EQ-04-A,1,0,day,04,L04AAM100145,2026-08-08 08:18:55,2026-08-08 08:20:57,1,0.344,OK,0000,0.86,OK,0000
LOT-20260808-AAM,line_04,pcb4,2026-08-08,2026-08-08 08:19:35,EQ-04-A,1,0,day,04,L04AAM100146,2026-08-08 08:19:35,2026-08-08 08:21:34,1,0.505,OK,0000,0.88,OK,0000
LOT-20260808-AAM,line_04,pcb4,2026-08-08,2026-08-08 08:20:07,EQ-04-A,1,0,day,04,L04AAM100147,2026-08-08 08:20:07,2026-08-08 08:22:04,1,0.622,OK,0000,0.88,OK,0000
LOT-20260808-AAM,line_04,pcb4,2026-08-08,2026-08-08 08:20:31,EQ-04-A,1,0,day,04,L04AAM100148,2026-08-08 08:20:31,2026-08-08 08:22:28,2,0.362,OK,0000,0.87,OK,0000
LOT-20260808-AAM,line_04,pcb4,2026-08-08,2026-08-08 08:20:55,EQ-04-A,1,0,day,04,L04AAM100149,2026-08-08 08:20:55,2026-08-08 08:23:00,2,0.6,OK,0000,0.8,OK,0000
LOT-20260808-AAM,line_04,pcb4,2026-08-08,2026-08-08 08:21:18,EQ-04-A,1,0,day,04,L04AAM100150,2026-08-08 08:21:18,2026-08-08 08:23:18,2,0.452,OK,0000,0.8,OK,0000
LOT-20260808-AAM,line_04,pcb4,2026-08-08,2026-08-08 08:21:55,EQ-04-A,1,0,day,04,L04AAM100151,2026-08-08 08:21:55,2026-08-08 08:24:00,2,0.6,OK,0000,0.87,OK,0000
LOT-20260808-AAM,line_04,pcb4,2026-08-08,2026-08-08 08:22:35,EQ-04-A,1,0,day,04,L04AAM100152,2026-08-08 08:22:35,2026-08-08 08:24:36,1,0.715,OK,0000,0.83,OK,0000
LOT-20260808-AAM,line_04,pcb4,2026-08-08,2026-08-08 08:22:56,EQ-04-A,1,1,day,04,L04AAM100153,2026-08-08 08:22:56,2026-08-08 08:24:56,1,0.568,RE,ESA4,1.35,NG,ESA4
LOT-20260808-AAM,line_04,pcb4,2026-08-08,2026-08-08 08:23:22,EQ-04-A,1,0,day,04,L04AAM100154,2026-08-08 08:23:22,2026-08-08 08:25:27,2,0.387,OK,0000,0.8,OK,0000
LOT-20260808-AAM,line_04,pcb4,2026-08-08,2026-08-08 08:23:57,EQ-04-A,1,0,day,04,L04AAM100155,2026-08-08 08:23:57,2026-08-08 08:25:53,1,0.392,OK,0000,0.83,OK,0000
LOT-20260808-AAM,line_04,pcb4,2026-08-08,2026-08-08 08:24:34,EQ-04-A,1,1,day,04,L04AAM100156,2026-08-08 08:24:34,2026-08-08 08:26:33,2,0.369,RE,ESA7,1.18,NG,ESA7
LOT-20260808-AAM,line_04,pcb4,2026-08-08,2026-08-08 08:24:57,EQ-04-A,1,0,day,04,L04AAM100157,2026-08-08 08:24:57,2026-08-08 08:27:00,2,0.632,OK,0000,0.84,OK,0000
LOT-20260808-AAM,line_04,pcb4,2026-08-08,2026-08-08 08:25:26,EQ-04-A,1,0,day,04,L04AAM100158,2026-08-08 08:25:26,2026-08-08 08:27:21,1,0.546,OK,0000,0.82,OK,0000
LOT-20260808-AAM,line_04,pcb4,2026-08-08,2026-08-08 08:25:48,EQ-04-A,1,0,day,04,L04AAM100159,2026-08-08 08:25:48,2026-08-08 08:27:43,2,0.408,OK,0000,0.85,OK,0000
LOT-20260808-AAM,line_04,pcb4,2026-08-08,2026-08-08 08:26:24,EQ-04-A,1,0,day,04,L04AAM100160,2026-08-08 08:26:24,2026-08-08 08:28:26,1,0.519,OK,0000,0.87,OK,0000
LOT-20260808-AAM,line_04,pcb4,2026-08-08,2026-08-08 08:26:55,EQ-04-A,1,0,day,04,L04AAM100161,2026-08-08 08:26:55,2026-08-08 08:28:57,1,0.695,OK,0000,0.81,OK,0000
LOT-20260808-AAM,line_04,pcb4,2026-08-08,2026-08-08 08:27:16,EQ-04-A,1,0,day,04,L04AAM100162,2026-08-08 08:27:16,2026-08-08 08:29:13,2,0.629,OK,0000,0.8,OK,0000
LOT-20260808-AAM,line_04,pcb4,2026-08-08,2026-08-08 08:27:56,EQ-04-A,1,0,day,04,L04AAM100163,2026-08-08 08:27:56,2026-08-08 08:29:55,1,0.811,OK,0000,0.81,OK,0000
LOT-20260808-AAM,line_04,pcb4,2026-08-08,2026-08-08 08:28:18,EQ-04-A,1,0,day,04,L04AAM100164,2026-08-08 08:28:18,2026-08-08 08:30:18,1,0.604,OK,0000,0.8,OK,0000
LOT-20260808-AAM,line_04,pcb4,2026-08-08,2026-08-08 08:28:51,EQ-04-A,1,0,day,04,L04AAM100165,2026-08-08 08:28:51,2026-08-08 08:30:55,2,0.477,OK,0000,0.9,OK,0000
LOT-20260808-AAM,line_04,pcb4,2026-08-08,2026-08-08 08:29:23,EQ-04-A,1,0,day,04,L04AAM100166,2026-08-08 08:29:23,2026-08-08 08:31:26,1,0.377,OK,0000,0.93,OK,0000
LOT-20260808-AAM,line_04,pcb4,2026-08-08,2026-08-08 08:29:58,EQ-04-A,1,0,day,04,L04AAM100167,2026-08-08 08:29:58,2026-08-08 08:31:53,1,0.499,OK,0000,0.88,OK,0000
LOT-20260808-AAM,line_04,pcb4,2026-08-08,2026-08-08 08:30:22,EQ-04-A,1,0,day,04,L04AAM100168,2026-08-08 08:30:22,2026-08-08 08:32:27,1,0.56,OK,0000,0.86,OK,0000
LOT-20260808-AAM,line_04,pcb4,2026-08-08,2026-08-08 08:30:42,EQ-04-A,1,1,day,04,L04AAM100169,2026-08-08 08:30:42,2026-08-08 08:32:39,1,0.286,RE,ESA4,1.2,NG,ESA4
LOT-20260808-AAM,line_04,pcb4,2026-08-08,2026-08-08 08:31:04,EQ-04-A,1,0,day,04,L04AAM100170,2026-08-08 08:31:04,2026-08-08 08:33:05,1,0.679,OK,0000,0.83,OK,0000
LOT-20260808-AAM,line_04,pcb4,2026-08-08,2026-08-08 08:31:43,EQ-04-A,1,0,day,04,L04AAM100171,2026-08-08 08:31:43,2026-08-08 08:33:44,2,0.521,OK,0000,0.8,OK,0000
LOT-20260808-AAM,line_04,pcb4,2026-08-08,2026-08-08 08:32:04,EQ-04-A,1,0,day,04,L04AAM100172,2026-08-08 08:32:04,2026-08-08 08:34:01,1,0.419,OK,0000,0.88,OK,0000
LOT-20260808-AAM,line_04,pcb4,2026-08-08,2026-08-08 08:32:37,EQ-04-A,1,0,day,04,L04AAM100173,2026-08-08 08:32:37,2026-08-08 08:34:41,1,0.308,OK,0000,0.87,OK,0000
LOT-20260808-AAM,line_04,pcb4,2026-08-08,2026-08-08 08:33:02,EQ-04-A,1,0,day,04,L04AAM100174,2026-08-08 08:33:02,2026-08-08 08:34:57,2,0.527,OK,0000,0.83,OK,0000
LOT-20260808-AAM,line_04,pcb4,2026-08-08,2026-08-08 08:33:36,EQ-04-A,1,0,day,04,L04AAM100175,2026-08-08 08:33:36,2026-08-08 08:35:39,1,0.458,OK,0000,0.82,OK,0000
LOT-20260808-AAM,line_04,pcb4,2026-08-08,2026-08-08 08:34:15,EQ-04-A,1,0,day,04,L04AAM100176,2026-08-08 08:34:15,2026-08-08 08:36:20,2,0.44,OK,0000,0.88,OK,0000
LOT-20260808-AAM,line_04,pcb4,2026-08-08,2026-08-08 08:34:41,EQ-04-A,1,0,day,04,L04AAM100177,2026-08-08 08:34:41,2026-08-08 08:36:40,1,0.435,OK,0000,0.91,OK,0000
LOT-20260808-AAM,line_04,pcb4,2026-08-08,2026-08-08 08:35:07,EQ-04-A,1,0,day,04,L04AAM100178,2026-08-08 08:35:07,2026-08-08 08:37:07,1,0.545,OK,0000,0.82,OK,0000
LOT-20260808-AAM,line_04,pcb4,2026-08-08,2026-08-08 08:35:36,EQ-04-A,1,0,day,04,L04AAM100179,2026-08-08 08:35:36,2026-08-08 08:37:40,1,0.646,OK,0000,0.86,OK,0000
LOT-20260808-AAM,line_04,pcb4,2026-08-08,2026-08-08 08:36:16,EQ-04-A,1,0,day,04,L04AAM100180,2026-08-08 08:36:16,2026-08-08 08:38:13,2,0.252,RE,ESA6,1.15,OK,0000
LOT-20260808-AAM,line_04,pcb4,2026-08-08,2026-08-08 08:36:39,EQ-04-A,1,0,day,04,L04AAM100181,2026-08-08 08:36:39,2026-08-08 08:38:38,2,0.483,OK,0000,0.8,OK,0000
LOT-20260808-AAM,line_04,pcb4,2026-08-08,2026-08-08 08:37:08,EQ-04-A,1,1,day,04,L04AAM100182,2026-08-08 08:37:08,2026-08-08 08:39:10,2,0.814,RE,ESA6,1.33,NG,ESA6
LOT-20260808-AAM,line_04,pcb4,2026-08-08,2026-08-08 08:37:28,EQ-04-A,1,0,day,04,L04AAM100183,2026-08-08 08:37:28,2026-08-08 08:39:29,1,0.498,OK,0000,0.83,OK,0000
LOT-20260808-AAM,line_04,pcb4,2026-08-08,2026-08-08 08:37:57,EQ-04-A,1,0,day,04,L04AAM100184,2026-08-08 08:37:57,2026-08-08 08:39:58,2,0.41,OK,0000,0.8,OK,0000
LOT-20260808-AAM,line_04,pcb4,2026-08-08,2026-08-08 08:38:26,EQ-04-A,1,0,day,04,L04AAM100185,2026-08-08 08:38:26,2026-08-08 08:40:22,2,0.24,OK,0000,0.92,OK,0000
LOT-20260808-AAM,line_04,pcb4,2026-08-08,2026-08-08 08:38:59,EQ-04-A,1,1,day,04,L04AAM100186,2026-08-08 08:38:59,2026-08-08 08:40:54,2,0.736,RE,ESA2,1.19,NG,ESA2
LOT-20260808-AAM,line_04,pcb4,2026-08-08,2026-08-08 08:39:27,EQ-04-A,1,0,day,04,L04AAM100187,2026-08-08 08:39:27,2026-08-08 08:41:25,1,0.636,OK,0000,0.86,OK,0000
LOT-20260808-AAM,line_04,pcb4,2026-08-08,2026-08-08 08:40:02,EQ-04-A,1,0,day,04,L04AAM100188,2026-08-08 08:40:02,2026-08-08 08:42:01,1,0.594,OK,0000,0.8,OK,0000
LOT-20260808-AAM,line_04,pcb4,2026-08-08,2026-08-08 08:40:40,EQ-04-A,1,0,day,04,L04AAM100189,2026-08-08 08:40:40,2026-08-08 08:42:36,2,0.229,OK,0000,0.89,OK,0000
LOT-20260808-AAM,line_04,pcb4,2026-08-08,2026-08-08 08:41:03,EQ-04-A,1,0,day,04,L04AAM100190,2026-08-08 08:41:03,2026-08-08 08:43:07,1,0.203,OK,0000,0.83,OK,0000
LOT-20260808-AAM,line_04,pcb4,2026-08-08,2026-08-08 08:41:35,EQ-04-A,1,0,day,04,L04AAM100191,2026-08-08 08:41:35,2026-08-08 08:43:39,2,0.445,OK,0000,0.82,OK,0000
LOT-20260808-AAM,line_04,pcb4,2026-08-08,2026-08-08 08:42:09,EQ-04-A,1,0,day,04,L04AAM100192,2026-08-08 08:42:09,2026-08-08 08:44:06,1,0.547,OK,0000,0.81,OK,0000
LOT-20260808-AAM,line_04,pcb4,2026-08-08,2026-08-08 08:42:45,EQ-04-A,1,0,day,04,L04AAM100193,2026-08-08 08:42:45,2026-08-08 08:44:44,2,0.559,OK,0000,0.85,OK,0000
LOT-20260808-AAM,line_04,pcb4,2026-08-08,2026-08-08 08:43:12,EQ-04-A,1,0,day,04,L04AAM100194,2026-08-08 08:43:12,2026-08-08 08:45:15,2,0.815,OK,0000,0.8,OK,0000
LOT-20260808-AAM,line_04,pcb4,2026-08-08,2026-08-08 08:43:51,EQ-04-A,1,0,day,04,L04AAM100195,2026-08-08 08:43:51,2026-08-08 08:45:55,1,0.504,OK,0000,0.86,OK,0000
LOT-20260808-AAM,line_04,pcb4,2026-08-08,2026-08-08 08:44:23,EQ-04-A,1,0,day,04,L04AAM100196,2026-08-08 08:44:23,2026-08-08 08:46:21,2,0.462,OK,0000,0.8,OK,0000
LOT-20260808-AAM,line_04,pcb4,2026-08-08,2026-08-08 08:44:52,EQ-04-A,1,0,day,04,L04AAM100197,2026-08-08 08:44:52,2026-08-08 08:46:51,1,0.689,OK,0000,0.85,OK,0000
LOT-20260808-AAM,line_04,pcb4,2026-08-08,2026-08-08 08:45:19,EQ-04-A,1,0,day,04,L04AAM100198,2026-08-08 08:45:19,2026-08-08 08:47:18,1,0.31,OK,0000,0.86,OK,0000
LOT-20260808-AAM,line_04,pcb4,2026-08-08,2026-08-08 08:45:58,EQ-04-A,1,0,day,04,L04AAM100199,2026-08-08 08:45:58,2026-08-08 08:47:56,1,0.755,OK,0000,0.84,OK,0000
LOT-20260809-AAP,line_01,pcb1,2026-08-09,2026-08-09 08:00:00,EQ-01-A,1,0,day,01,L01AAP100078,2026-08-09 08:00:00,2026-08-09 08:01:59,1,0.354,OK,0000,0.91,OK,0000
LOT-20260809-AAP,line_01,pcb1,2026-08-09,2026-08-09 08:00:38,EQ-01-A,1,0,day,01,L01AAP100079,2026-08-09 08:00:38,2026-08-09 08:02:39,1,0.646,OK,0000,0.8,OK,0000
LOT-20260809-AAP,line_01,pcb1,2026-08-09,2026-08-09 08:01:06,EQ-01-A,1,1,day,01,L01AAP100080,2026-08-09 08:01:06,2026-08-09 08:03:09,1,0.4,RE,ESA5,1.2,NG,ESA5
LOT-20260809-AAP,line_01,pcb1,2026-08-09,2026-08-09 08:01:31,EQ-01-A,1,0,day,01,L01AAP100081,2026-08-09 08:01:31,2026-08-09 08:03:35,2,0.225,OK,0000,0.85,OK,0000
LOT-20260809-AAP,line_01,pcb1,2026-08-09,2026-08-09 08:02:06,EQ-01-A,1,0,day,01,L01AAP100082,2026-08-09 08:02:06,2026-08-09 08:04:09,2,0.368,OK,0000,0.85,OK,0000
LOT-20260809-AAP,line_01,pcb1,2026-08-09,2026-08-09 08:02:46,EQ-01-A,1,0,day,01,L01AAP100083,2026-08-09 08:02:46,2026-08-09 08:04:45,1,0.306,RE,ESA7,1.34,OK,0000
LOT-20260809-AAP,line_01,pcb1,2026-08-09,2026-08-09 08:03:09,EQ-01-A,1,0,day,01,L01AAP100084,2026-08-09 08:03:09,2026-08-09 08:05:06,2,0.611,OK,0000,0.81,OK,0000
LOT-20260809-AAP,line_01,pcb1,2026-08-09,2026-08-09 08:03:30,EQ-01-A,1,0,day,01,L01AAP100085,2026-08-09 08:03:30,2026-08-09 08:05:25,1,0.554,OK,0000,0.84,OK,0000
LOT-20260809-AAP,line_01,pcb1,2026-08-09,2026-08-09 08:04:05,EQ-01-A,1,0,day,01,L01AAP100086,2026-08-09 08:04:05,2026-08-09 08:06:03,2,0.722,OK,0000,0.8,OK,0000
LOT-20260809-AAP,line_01,pcb1,2026-08-09,2026-08-09 08:04:34,EQ-01-A,1,0,day,01,L01AAP100087,2026-08-09 08:04:34,2026-08-09 08:06:36,1,0.477,RE,ESA4,1.19,OK,0000
LOT-20260809-AAP,line_01,pcb1,2026-08-09,2026-08-09 08:05:12,EQ-01-A,1,0,day,01,L01AAP100088,2026-08-09 08:05:12,2026-08-09 08:07:11,1,0.507,OK,0000,0.86,OK,0000
LOT-20260809-AAP,line_01,pcb1,2026-08-09,2026-08-09 08:05:50,EQ-01-A,1,1,day,01,L01AAP100089,2026-08-09 08:05:50,2026-08-09 08:07:47,1,0.402,RE,ESA5,1.21,NG,ESA5
LOT-20260809-AAP,line_01,pcb1,2026-08-09,2026-08-09 08:06:29,EQ-01-A,1,0,day,01,L01AAP100090,2026-08-09 08:06:29,2026-08-09 08:08:29,1,0.645,OK,0000,0.89,OK,0000
LOT-20260809-AAP,line_01,pcb1,2026-08-09,2026-08-09 08:06:52,EQ-01-A,1,0,day,01,L01AAP100091,2026-08-09 08:06:52,2026-08-09 08:08:54,2,0.574,OK,0000,0.83,OK,0000
LOT-20260809-AAP,line_01,pcb1,2026-08-09,2026-08-09 08:07:22,EQ-01-A,1,0,day,01,L01AAP100092,2026-08-09 08:07:22,2026-08-09 08:09:26,1,0.465,OK,0000,0.86,OK,0000
LOT-20260809-AAP,line_01,pcb1,2026-08-09,2026-08-09 08:07:54,EQ-01-A,1,0,day,01,L01AAP100093,2026-08-09 08:07:54,2026-08-09 08:09:56,2,0.534,OK,0000,0.8,OK,0000
LOT-20260809-AAP,line_01,pcb1,2026-08-09,2026-08-09 08:08:14,EQ-01-A,1,1,day,01,L01AAP100094,2026-08-09 08:08:14,2026-08-09 08:10:18,1,0.586,RE,ESA5,1.16,NG,ESA5
LOT-20260809-AAP,line_01,pcb1,2026-08-09,2026-08-09 08:08:53,EQ-01-A,1,0,day,01,L01AAP100095,2026-08-09 08:08:53,2026-08-09 08:10:51,2,0.287,OK,0000,0.8,OK,0000
LOT-20260809-AAP,line_01,pcb1,2026-08-09,2026-08-09 08:09:21,EQ-01-A,1,0,day,01,L01AAP100096,2026-08-09 08:09:21,2026-08-09 08:11:17,2,0.468,RE,ESA2,1.15,OK,0000
LOT-20260809-AAP,line_01,pcb1,2026-08-09,2026-08-09 08:09:48,EQ-01-A,1,0,day,01,L01AAP100097,2026-08-09 08:09:48,2026-08-09 08:11:46,1,0.151,OK,0000,0.83,OK,0000
LOT-20260809-AAP,line_01,pcb1,2026-08-09,2026-08-09 08:10:21,EQ-01-A,1,0,day,01,L01AAP100098,2026-08-09 08:10:21,2026-08-09 08:12:19,1,0.426,OK,0000,0.83,OK,0000
LOT-20260809-AAP,line_01,pcb1,2026-08-09,2026-08-09 08:10:47,EQ-01-A,1,0,day,01,L01AAP100099,2026-08-09 08:10:47,2026-08-09 08:12:45,1,0.406,OK,0000,0.91,OK,0000
LOT-20260809-AAP,line_01,pcb1,2026-08-09,2026-08-09 08:11:27,EQ-01-A,1,0,day,01,L01AAP100100,2026-08-09 08:11:27,2026-08-09 08:13:31,2,0.578,OK,0000,0.82,OK,0000
LOT-20260809-AAP,line_01,pcb1,2026-08-09,2026-08-09 08:12:00,EQ-01-A,1,1,day,01,L01AAP100101,2026-08-09 08:12:00,2026-08-09 08:14:01,2,0.49,RE,ESA5,1.39,NG,ESA5
LOT-20260809-AAP,line_01,pcb1,2026-08-09,2026-08-09 08:12:37,EQ-01-A,1,0,day,01,L01AAP100102,2026-08-09 08:12:37,2026-08-09 08:14:34,2,0.643,OK,0000,0.8,OK,0000
LOT-20260809-AAP,line_01,pcb1,2026-08-09,2026-08-09 08:13:15,EQ-01-A,1,0,day,01,L01AAP100103,2026-08-09 08:13:15,2026-08-09 08:15:10,2,0.354,OK,0000,0.81,OK,0000
LOT-20260809-AAP,line_01,pcb1,2026-08-09,2026-08-09 08:13:39,EQ-01-A,1,1,day,01,L01AAP100104,2026-08-09 08:13:39,2026-08-09 08:15:41,2,0.434,RE,ESA4,1.19,NG,ESA5
LOT-20260809-AAP,line_01,pcb1,2026-08-09,2026-08-09 08:14:13,EQ-01-A,1,0,day,01,L01AAP100105,2026-08-09 08:14:13,2026-08-09 08:16:11,1,0.505,OK,0000,0.87,OK,0000
LOT-20260809-AAP,line_01,pcb1,2026-08-09,2026-08-09 08:14:43,EQ-01-A,1,0,day,01,L01AAP100106,2026-08-09 08:14:43,2026-08-09 08:16:43,1,0.635,OK,0000,0.83,OK,0000
LOT-20260809-AAP,line_01,pcb1,2026-08-09,2026-08-09 08:15:04,EQ-01-A,1,0,day,01,L01AAP100107,2026-08-09 08:15:04,2026-08-09 08:17:03,1,0.255,OK,0000,0.8,OK,0000
LOT-20260809-AAP,line_01,pcb1,2026-08-09,2026-08-09 08:15:37,EQ-01-A,1,0,day,01,L01AAP100108,2026-08-09 08:15:37,2026-08-09 08:17:34,1,0.422,OK,0000,0.8,OK,0000
LOT-20260809-AAP,line_01,pcb1,2026-08-09,2026-08-09 08:16:03,EQ-01-A,1,0,day,01,L01AAP100109,2026-08-09 08:16:03,2026-08-09 08:18:01,1,0.671,OK,0000,0.8,OK,0000
LOT-20260809-AAP,line_01,pcb1,2026-08-09,2026-08-09 08:16:23,EQ-01-A,1,1,day,01,L01AAP100110,2026-08-09 08:16:23,2026-08-09 08:18:19,1,0.593,RE,ESA0,1.08,NG,ESA0
LOT-20260809-AAP,line_01,pcb1,2026-08-09,2026-08-09 08:16:49,EQ-01-A,1,0,day,01,L01AAP100111,2026-08-09 08:16:49,2026-08-09 08:18:50,1,0.599,OK,0000,0.83,OK,0000
LOT-20260809-AAP,line_01,pcb1,2026-08-09,2026-08-09 08:17:23,EQ-01-A,1,0,day,01,L01AAP100112,2026-08-09 08:17:23,2026-08-09 08:19:24,1,0.727,OK,0000,0.8,OK,0000
LOT-20260809-AAP,line_01,pcb1,2026-08-09,2026-08-09 08:17:57,EQ-01-A,1,0,day,01,L01AAP100113,2026-08-09 08:17:57,2026-08-09 08:19:58,2,0.415,OK,0000,0.83,OK,0000
LOT-20260809-AAP,line_01,pcb1,2026-08-09,2026-08-09 08:18:21,EQ-01-A,1,1,day,01,L01AAP100114,2026-08-09 08:18:21,2026-08-09 08:20:21,2,0.477,RE,ESA5,1.22,NG,ESA5
LOT-20260809-AAP,line_01,pcb1,2026-08-09,2026-08-09 08:18:48,EQ-01-A,1,0,day,01,L01AAP100115,2026-08-09 08:18:48,2026-08-09 08:20:43,2,0.451,OK,0000,0.83,OK,0000
LOT-20260809-AAP,line_01,pcb1,2026-08-09,2026-08-09 08:19:10,EQ-01-A,1,0,day,01,L01AAP100116,2026-08-09 08:19:10,2026-08-09 08:21:14,2,0.189,OK,0000,0.88,OK,0000
LOT-20260809-AAP,line_01,pcb1,2026-08-09,2026-08-09 08:19:47,EQ-01-A,1,0,day,01,L01AAP100117,2026-08-09 08:19:47,2026-08-09 08:21:42,1,0.929,OK,0000,0.85,OK,0000
LOT-20260809-AAP,line_01,pcb1,2026-08-09,2026-08-09 08:20:13,EQ-01-A,1,0,day,01,L01AAP100118,2026-08-09 08:20:13,2026-08-09 08:22:08,2,0.33,OK,0000,0.8,OK,0000
LOT-20260809-AAP,line_01,pcb1,2026-08-09,2026-08-09 08:20:37,EQ-01-A,1,0,day,01,L01AAP100119,2026-08-09 08:20:37,2026-08-09 08:22:41,1,0.592,OK,0000,0.86,OK,0000
LOT-20260809-AAP,line_01,pcb1,2026-08-09,2026-08-09 08:20:57,EQ-01-A,1,0,day,01,L01AAP100120,2026-08-09 08:20:57,2026-08-09 08:23:02,1,0.457,OK,0000,0.87,OK,0000
LOT-20260809-AAP,line_01,pcb1,2026-08-09,2026-08-09 08:21:21,EQ-01-A,1,0,day,01,L01AAP100121,2026-08-09 08:21:21,2026-08-09 08:23:22,2,0.19,OK,0000,0.87,OK,0000
LOT-20260809-AAP,line_01,pcb1,2026-08-09,2026-08-09 08:21:49,EQ-01-A,1,0,day,01,L01AAP100122,2026-08-09 08:21:49,2026-08-09 08:23:45,2,0.536,OK,0000,0.8,OK,0000
LOT-20260809-AAP,line_01,pcb1,2026-08-09,2026-08-09 08:22:24,EQ-01-A,1,0,day,01,L01AAP100123,2026-08-09 08:22:24,2026-08-09 08:24:23,1,0.285,OK,0000,0.84,OK,0000
LOT-20260809-AAP,line_01,pcb1,2026-08-09,2026-08-09 08:22:57,EQ-01-A,1,0,day,01,L01AAP100124,2026-08-09 08:22:57,2026-08-09 08:24:54,1,0.711,OK,0000,0.83,OK,0000
LOT-20260809-AAP,line_01,pcb1,2026-08-09,2026-08-09 08:23:25,EQ-01-A,1,0,day,01,L01AAP100125,2026-08-09 08:23:25,2026-08-09 08:25:28,1,0.372,OK,0000,0.85,OK,0000
LOT-20260809-AAP,line_01,pcb1,2026-08-09,2026-08-09 08:23:59,EQ-01-A,1,1,day,01,L01AAP100126,2026-08-09 08:23:59,2026-08-09 08:25:59,2,0.773,RE,ESA5,1.29,NG,ESA5
LOT-20260809-AAP,line_01,pcb1,2026-08-09,2026-08-09 08:24:35,EQ-01-A,1,0,day,01,L01AAP100127,2026-08-09 08:24:35,2026-08-09 08:26:39,1,0.581,OK,0000,0.89,OK,0000
LOT-20260809-AAP,line_01,pcb1,2026-08-09,2026-08-09 08:25:05,EQ-01-A,1,0,day,01,L01AAP100128,2026-08-09 08:25:05,2026-08-09 08:27:04,2,0.571,OK,0000,0.81,OK,0000
LOT-20260809-AAP,line_01,pcb1,2026-08-09,2026-08-09 08:25:41,EQ-01-A,1,0,day,01,L01AAP100129,2026-08-09 08:25:41,2026-08-09 08:27:39,1,0.238,OK,0000,0.8,OK,0000
LOT-20260809-AAP,line_01,pcb1,2026-08-09,2026-08-09 08:26:21,EQ-01-A,1,0,day,01,L01AAP100130,2026-08-09 08:26:21,2026-08-09 08:28:18,1,0.334,RE,ESA8,1.32,OK,0000
LOT-20260809-AAP,line_01,pcb1,2026-08-09,2026-08-09 08:26:44,EQ-01-A,1,0,day,01,L01AAP100131,2026-08-09 08:26:44,2026-08-09 08:28:39,2,0.62,OK,0000,0.85,OK,0000
LOT-20260809-AAP,line_01,pcb1,2026-08-09,2026-08-09 08:27:11,EQ-01-A,1,0,day,01,L01AAP100132,2026-08-09 08:27:11,2026-08-09 08:29:15,2,0.31,OK,0000,0.91,OK,0000
LOT-20260809-AAP,line_01,pcb1,2026-08-09,2026-08-09 08:27:32,EQ-01-A,1,0,day,01,L01AAP100133,2026-08-09 08:27:32,2026-08-09 08:29:34,2,0.438,OK,0000,0.86,OK,0000
LOT-20260809-AAP,line_01,pcb1,2026-08-09,2026-08-09 08:27:53,EQ-01-A,1,0,day,01,L01AAP100134,2026-08-09 08:27:53,2026-08-09 08:29:58,2,0.507,OK,0000,0.85,OK,0000
LOT-20260809-AAP,line_01,pcb1,2026-08-09,2026-08-09 08:28:20,EQ-01-A,1,0,day,01,L01AAP100135,2026-08-09 08:28:20,2026-08-09 08:30:24,1,0.585,OK,0000,0.81,OK,0000
LOT-20260809-AAP,line_01,pcb1,2026-08-09,2026-08-09 08:28:59,EQ-01-A,1,0,day,01,L01AAP100136,2026-08-09 08:28:59,2026-08-09 08:30:55,1,0.696,OK,0000,0.8,OK,0000
LOT-20260809-AAP,line_01,pcb1,2026-08-09,2026-08-09 08:29:34,EQ-01-A,1,0,day,01,L01AAP100137,2026-08-09 08:29:34,2026-08-09 08:31:35,1,0.344,OK,0000,0.89,OK,0000
LOT-20260809-AAP,line_01,pcb1,2026-08-09,2026-08-09 08:30:02,EQ-01-A,1,0,day,01,L01AAP100138,2026-08-09 08:30:02,2026-08-09 08:31:57,2,0.589,OK,0000,0.94,OK,0000
LOT-20260809-AAP,line_01,pcb1,2026-08-09,2026-08-09 08:30:33,EQ-01-A,1,0,day,01,L01AAP100139,2026-08-09 08:30:33,2026-08-09 08:32:30,2,0.51,OK,0000,0.91,OK,0000
LOT-20260809-AAP,line_01,pcb1,2026-08-09,2026-08-09 08:31:05,EQ-01-A,1,0,day,01,L01AAP100140,2026-08-09 08:31:05,2026-08-09 08:33:10,2,0.221,OK,0000,0.8,OK,0000
LOT-20260809-AAP,line_01,pcb1,2026-08-09,2026-08-09 08:31:37,EQ-01-A,1,0,day,01,L01AAP100141,2026-08-09 08:31:37,2026-08-09 08:33:32,2,0.634,OK,0000,0.8,OK,0000
LOT-20260809-AAP,line_01,pcb1,2026-08-09,2026-08-09 08:32:14,EQ-01-A,1,0,day,01,L01AAP100142,2026-08-09 08:32:14,2026-08-09 08:34:13,2,0.47,OK,0000,0.89,OK,0000
LOT-20260809-AAP,line_01,pcb1,2026-08-09,2026-08-09 08:32:48,EQ-01-A,1,0,day,01,L01AAP100143,2026-08-09 08:32:48,2026-08-09 08:34:51,2,0.575,OK,0000,0.84,OK,0000
LOT-20260809-AAP,line_01,pcb1,2026-08-09,2026-08-09 08:33:23,EQ-01-A,1,0,day,01,L01AAP100144,2026-08-09 08:33:23,2026-08-09 08:35:22,1,0.433,OK,0000,0.85,OK,0000
LOT-20260809-AAP,line_01,pcb1,2026-08-09,2026-08-09 08:33:57,EQ-01-A,1,0,day,01,L01AAP100145,2026-08-09 08:33:57,2026-08-09 08:36:01,2,0.587,OK,0000,0.81,OK,0000
LOT-20260809-AAP,line_01,pcb1,2026-08-09,2026-08-09 08:34:29,EQ-01-A,1,0,day,01,L01AAP100146,2026-08-09 08:34:29,2026-08-09 08:36:29,2,0.556,OK,0000,0.88,OK,0000
LOT-20260809-AAP,line_01,pcb1,2026-08-09,2026-08-09 08:34:55,EQ-01-A,1,0,day,01,L01AAP100147,2026-08-09 08:34:55,2026-08-09 08:36:52,1,0.467,OK,0000,0.84,OK,0000
LOT-20260809-AAP,line_01,pcb1,2026-08-09,2026-08-09 08:35:27,EQ-01-A,1,0,day,01,L01AAP100148,2026-08-09 08:35:27,2026-08-09 08:37:31,1,0.573,OK,0000,0.86,OK,0000
LOT-20260809-AAP,line_01,pcb1,2026-08-09,2026-08-09 08:35:57,EQ-01-A,1,0,day,01,L01AAP100149,2026-08-09 08:35:57,2026-08-09 08:37:59,1,0.632,OK,0000,0.8,OK,0000
LOT-20260809-AAP,line_01,pcb1,2026-08-09,2026-08-09 08:36:32,EQ-01-A,1,0,day,01,L01AAP100150,2026-08-09 08:36:32,2026-08-09 08:38:36,1,0.421,OK,0000,0.82,OK,0000
LOT-20260809-AAP,line_01,pcb1,2026-08-09,2026-08-09 08:36:56,EQ-01-A,1,0,day,01,L01AAP100151,2026-08-09 08:36:56,2026-08-09 08:38:59,1,0.364,RE,ESA2,1.07,OK,0000
LOT-20260809-AAP,line_01,pcb1,2026-08-09,2026-08-09 08:37:18,EQ-01-A,1,1,day,01,L01AAP100152,2026-08-09 08:37:18,2026-08-09 08:39:15,1,0.012,NG,ESA6,1.92,NG,ESA7
LOT-20260809-AAP,line_01,pcb1,2026-08-09,2026-08-09 08:37:56,EQ-01-A,1,0,day,01,L01AAP100153,2026-08-09 08:37:56,2026-08-09 08:39:54,1,0.267,OK,0000,0.9,OK,0000
LOT-20260809-AAP,line_01,pcb1,2026-08-09,2026-08-09 08:38:17,EQ-01-A,1,0,day,01,L01AAP100154,2026-08-09 08:38:17,2026-08-09 08:40:21,1,0.611,OK,0000,0.82,OK,0000
LOT-20260809-AAP,line_01,pcb1,2026-08-09,2026-08-09 08:38:49,EQ-01-A,1,0,day,01,L01AAP100155,2026-08-09 08:38:49,2026-08-09 08:40:46,1,0.592,OK,0000,0.86,OK,0000
LOT-20260809-AAP,line_01,pcb1,2026-08-09,2026-08-09 08:39:29,EQ-01-A,1,0,day,01,L01AAP100156,2026-08-09 08:39:29,2026-08-09 08:41:34,1,0.335,OK,0000,0.84,OK,0000
LOT-20260809-AAP,line_01,pcb1,2026-08-09,2026-08-09 08:39:54,EQ-01-A,1,0,day,01,L01AAP100157,2026-08-09 08:39:54,2026-08-09 08:41:53,2,0.353,OK,0000,0.87,OK,0000
LOT-20260809-AAP,line_01,pcb1,2026-08-09,2026-08-09 08:40:33,EQ-01-A,1,0,day,01,L01AAP100158,2026-08-09 08:40:33,2026-08-09 08:42:29,1,0.393,OK,0000,0.84,OK,0000
LOT-20260809-AAP,line_01,pcb1,2026-08-09,2026-08-09 08:40:59,EQ-01-A,1,0,day,01,L01AAP100159,2026-08-09 08:40:59,2026-08-09 08:42:54,1,0.479,OK,0000,0.84,OK,0000
LOT-20260809-AAP,line_01,pcb1,2026-08-09,2026-08-09 08:41:20,EQ-01-A,1,0,day,01,L01AAP100160,2026-08-09 08:41:20,2026-08-09 08:43:17,2,0.749,OK,0000,0.83,OK,0000
LOT-20260809-AAP,line_01,pcb1,2026-08-09,2026-08-09 08:41:42,EQ-01-A,1,0,day,01,L01AAP100161,2026-08-09 08:41:42,2026-08-09 08:43:38,2,0.683,OK,0000,0.86,OK,0000
LOT-20260809-AAP,line_01,pcb1,2026-08-09,2026-08-09 08:42:07,EQ-01-A,1,0,day,01,L01AAP100162,2026-08-09 08:42:07,2026-08-09 08:44:12,2,0.713,OK,0000,0.83,OK,0000
LOT-20260809-AAP,line_01,pcb1,2026-08-09,2026-08-09 08:42:30,EQ-01-A,1,0,day,01,L01AAP100163,2026-08-09 08:42:30,2026-08-09 08:44:33,2,0.604,OK,0000,0.84,OK,0000
LOT-20260809-AAP,line_01,pcb1,2026-08-09,2026-08-09 08:43:03,EQ-01-A,1,0,day,01,L01AAP100164,2026-08-09 08:43:03,2026-08-09 08:44:58,2,0.052,OK,0000,0.8,OK,0000
LOT-20260809-AAP,line_01,pcb1,2026-08-09,2026-08-09 08:43:26,EQ-01-A,1,0,day,01,L01AAP100165,2026-08-09 08:43:26,2026-08-09 08:45:29,1,0.587,OK,0000,0.86,OK,0000
LOT-20260809-AAP,line_01,pcb1,2026-08-09,2026-08-09 08:44:03,EQ-01-A,1,0,day,01,L01AAP100166,2026-08-09 08:44:03,2026-08-09 08:46:00,1,0.306,OK,0000,0.85,OK,0000
LOT-20260809-AAP,line_01,pcb1,2026-08-09,2026-08-09 08:44:23,EQ-01-A,1,0,day,01,L01AAP100167,2026-08-09 08:44:23,2026-08-09 08:46:26,1,0.575,OK,0000,0.84,OK,0000
LOT-20260809-AAP,line_01,pcb1,2026-08-09,2026-08-09 08:44:58,EQ-01-A,1,0,day,01,L01AAP100168,2026-08-09 08:44:58,2026-08-09 08:46:58,1,0.609,OK,0000,0.86,OK,0000
LOT-20260809-AAP,line_01,pcb1,2026-08-09,2026-08-09 08:45:34,EQ-01-A,1,0,day,01,L01AAP100169,2026-08-09 08:45:34,2026-08-09 08:47:35,2,0.495,OK,0000,0.82,OK,0000
LOT-20260809-AAP,line_01,pcb1,2026-08-09,2026-08-09 08:46:03,EQ-01-A,1,0,day,01,L01AAP100170,2026-08-09 08:46:03,2026-08-09 08:47:59,1,0.656,OK,0000,0.86,OK,0000
LOT-20260809-AAP,line_01,pcb1,2026-08-09,2026-08-09 08:46:42,EQ-01-A,1,0,day,01,L01AAP100171,2026-08-09 08:46:42,2026-08-09 08:48:39,2,0.293,OK,0000,0.85,OK,0000
LOT-20260809-AAP,line_01,pcb1,2026-08-09,2026-08-09 08:47:05,EQ-01-A,1,0,day,01,L01AAP100172,2026-08-09 08:47:05,2026-08-09 08:49:02,1,0.327,OK,0000,0.8,OK,0000
LOT-20260809-AAP,line_01,pcb1,2026-08-09,2026-08-09 08:47:30,EQ-01-A,1,0,day,01,L01AAP100173,2026-08-09 08:47:30,2026-08-09 08:49:26,1,0.402,OK,0000,0.84,OK,0000
LOT-20260809-AAP,line_01,pcb1,2026-08-09,2026-08-09 08:47:51,EQ-01-A,1,0,day,01,L01AAP100174,2026-08-09 08:47:51,2026-08-09 08:49:47,2,0.556,OK,0000,0.82,OK,0000
LOT-20260809-AAP,line_01,pcb1,2026-08-09,2026-08-09 08:48:20,EQ-01-A,1,0,day,01,L01AAP100175,2026-08-09 08:48:20,2026-08-09 08:50:24,1,0.445,OK,0000,0.82,OK,0000
LOT-20260809-AAP,line_01,pcb1,2026-08-09,2026-08-09 08:48:43,EQ-01-A,1,0,day,01,L01AAP100176,2026-08-09 08:48:43,2026-08-09 08:50:44,2,0.657,OK,0000,0.8,OK,0000
LOT-20260809-AAQ,line_02,pcb2,2026-08-09,2026-08-09 08:00:00,EQ-02-A,1,0,day,02,L02AAQ100104,2026-08-09 08:00:00,2026-08-09 08:02:03,2,0.578,OK,0000,0.89,OK,0000
LOT-20260809-AAQ,line_02,pcb2,2026-08-09,2026-08-09 08:00:23,EQ-02-A,1,0,day,02,L02AAQ100105,2026-08-09 08:00:23,2026-08-09 08:02:26,1,0.195,OK,0000,0.8,OK,0000
LOT-20260809-AAQ,line_02,pcb2,2026-08-09,2026-08-09 08:00:43,EQ-02-A,1,1,day,02,L02AAQ100106,2026-08-09 08:00:43,2026-08-09 08:02:38,2,0.577,RE,ESA5,1.41,NG,ESA5
LOT-20260809-AAQ,line_02,pcb2,2026-08-09,2026-08-09 08:01:08,EQ-02-A,1,0,day,02,L02AAQ100107,2026-08-09 08:01:08,2026-08-09 08:03:05,1,0.329,OK,0000,0.82,OK,0000
LOT-20260809-AAQ,line_02,pcb2,2026-08-09,2026-08-09 08:01:45,EQ-02-A,1,1,day,02,L02AAQ100108,2026-08-09 08:01:45,2026-08-09 08:03:41,1,0.56,RE,ESA7,1.1,NG,ESA7
LOT-20260809-AAQ,line_02,pcb2,2026-08-09,2026-08-09 08:02:05,EQ-02-A,1,1,day,02,L02AAQ100109,2026-08-09 08:02:05,2026-08-09 08:04:08,2,0.578,RE,ESA7,1.01,NG,ESA7
LOT-20260809-AAQ,line_02,pcb2,2026-08-09,2026-08-09 08:02:32,EQ-02-A,1,0,day,02,L02AAQ100110,2026-08-09 08:02:32,2026-08-09 08:04:33,1,0.574,OK,0000,0.8,OK,0000
LOT-20260809-AAQ,line_02,pcb2,2026-08-09,2026-08-09 08:03:11,EQ-02-A,1,0,day,02,L02AAQ100111,2026-08-09 08:03:11,2026-08-09 08:05:06,1,0.433,OK,0000,0.87,OK,0000
LOT-20260809-AAQ,line_02,pcb2,2026-08-09,2026-08-09 08:03:32,EQ-02-A,1,0,day,02,L02AAQ100112,2026-08-09 08:03:32,2026-08-09 08:05:34,2,0.567,OK,0000,0.84,OK,0000
LOT-20260809-AAQ,line_02,pcb2,2026-08-09,2026-08-09 08:04:05,EQ-02-A,1,0,day,02,L02AAQ100113,2026-08-09 08:04:05,2026-08-09 08:06:08,2,0.645,OK,0000,0.8,OK,0000
LOT-20260809-AAQ,line_02,pcb2,2026-08-09,2026-08-09 08:04:31,EQ-02-A,1,0,day,02,L02AAQ100114,2026-08-09 08:04:31,2026-08-09 08:06:36,1,0.531,OK,0000,0.81,OK,0000
LOT-20260809-AAQ,line_02,pcb2,2026-08-09,2026-08-09 08:04:57,EQ-02-A,1,0,day,02,L02AAQ100115,2026-08-09 08:04:57,2026-08-09 08:06:53,1,0.638,OK,0000,0.87,OK,0000
LOT-20260809-AAQ,line_02,pcb2,2026-08-09,2026-08-09 08:05:33,EQ-02-A,1,0,day,02,L02AAQ100116,2026-08-09 08:05:33,2026-08-09 08:07:36,1,0.609,OK,0000,0.91,OK,0000
LOT-20260809-AAQ,line_02,pcb2,2026-08-09,2026-08-09 08:06:05,EQ-02-A,1,0,day,02,L02AAQ100117,2026-08-09 08:06:05,2026-08-09 08:08:08,2,0.669,OK,0000,0.83,OK,0000
LOT-20260809-AAQ,line_02,pcb2,2026-08-09,2026-08-09 08:06:34,EQ-02-A,1,0,day,02,L02AAQ100118,2026-08-09 08:06:34,2026-08-09 08:08:32,2,0.5,OK,0000,0.86,OK,0000
LOT-20260809-AAQ,line_02,pcb2,2026-08-09,2026-08-09 08:06:58,EQ-02-A,1,0,day,02,L02AAQ100119,2026-08-09 08:06:58,2026-08-09 08:08:56,1,0.52,OK,0000,0.87,OK,0000
LOT-20260809-AAQ,line_02,pcb2,2026-08-09,2026-08-09 08:07:37,EQ-02-A,1,0,day,02,L02AAQ100120,2026-08-09 08:07:37,2026-08-09 08:09:35,2,0.165,OK,0000,0.92,OK,0000
LOT-20260809-AAQ,line_02,pcb2,2026-08-09,2026-08-09 08:08:08,EQ-02-A,1,0,day,02,L02AAQ100121,2026-08-09 08:08:08,2026-08-09 08:10:04,1,0.509,OK,0000,0.8,OK,0000
LOT-20260809-AAQ,line_02,pcb2,2026-08-09,2026-08-09 08:08:44,EQ-02-A,1,0,day,02,L02AAQ100122,2026-08-09 08:08:44,2026-08-09 08:10:39,2,0.363,OK,0000,0.8,OK,0000
LOT-20260809-AAQ,line_02,pcb2,2026-08-09,2026-08-09 08:09:16,EQ-02-A,1,0,day,02,L02AAQ100123,2026-08-09 08:09:16,2026-08-09 08:11:21,1,0.336,OK,0000,0.83,OK,0000
LOT-20260809-AAQ,line_02,pcb2,2026-08-09,2026-08-09 08:09:37,EQ-02-A,1,0,day,02,L02AAQ100124,2026-08-09 08:09:37,2026-08-09 08:11:41,1,0.727,OK,0000,0.86,OK,0000
LOT-20260809-AAQ,line_02,pcb2,2026-08-09,2026-08-09 08:10:02,EQ-02-A,1,0,day,02,L02AAQ100125,2026-08-09 08:10:02,2026-08-09 08:11:58,2,0.535,OK,0000,0.8,OK,0000
LOT-20260809-AAQ,line_02,pcb2,2026-08-09,2026-08-09 08:10:42,EQ-02-A,1,0,day,02,L02AAQ100126,2026-08-09 08:10:42,2026-08-09 08:12:39,2,0.376,OK,0000,0.81,OK,0000
LOT-20260809-AAQ,line_02,pcb2,2026-08-09,2026-08-09 08:11:16,EQ-02-A,1,0,day,02,L02AAQ100127,2026-08-09 08:11:16,2026-08-09 08:13:19,1,0.394,OK,0000,0.83,OK,0000
LOT-20260809-AAQ,line_02,pcb2,2026-08-09,2026-08-09 08:11:39,EQ-02-A,1,0,day,02,L02AAQ100128,2026-08-09 08:11:39,2026-08-09 08:13:42,1,0.459,OK,0000,0.83,OK,0000
LOT-20260809-AAQ,line_02,pcb2,2026-08-09,2026-08-09 08:12:19,EQ-02-A,1,1,day,02,L02AAQ100129,2026-08-09 08:12:19,2026-08-09 08:14:21,2,0.399,RE,ESA5,1.26,NG,ESA5
LOT-20260809-AAQ,line_02,pcb2,2026-08-09,2026-08-09 08:12:44,EQ-02-A,1,0,day,02,L02AAQ100130,2026-08-09 08:12:44,2026-08-09 08:14:45,1,0.453,OK,0000,0.8,OK,0000
LOT-20260809-AAQ,line_02,pcb2,2026-08-09,2026-08-09 08:13:16,EQ-02-A,1,0,day,02,L02AAQ100131,2026-08-09 08:13:16,2026-08-09 08:15:17,2,0.505,OK,0000,0.84,OK,0000
LOT-20260809-AAQ,line_02,pcb2,2026-08-09,2026-08-09 08:13:41,EQ-02-A,1,0,day,02,L02AAQ100132,2026-08-09 08:13:41,2026-08-09 08:15:38,1,0.263,OK,0000,0.82,OK,0000
LOT-20260809-AAQ,line_02,pcb2,2026-08-09,2026-08-09 08:14:11,EQ-02-A,1,0,day,02,L02AAQ100133,2026-08-09 08:14:11,2026-08-09 08:16:15,1,0.59,OK,0000,0.8,OK,0000
LOT-20260809-AAQ,line_02,pcb2,2026-08-09,2026-08-09 08:14:36,EQ-02-A,1,0,day,02,L02AAQ100134,2026-08-09 08:14:36,2026-08-09 08:16:37,2,0.314,OK,0000,0.83,OK,0000
LOT-20260809-AAQ,line_02,pcb2,2026-08-09,2026-08-09 08:15:16,EQ-02-A,1,1,day,02,L02AAQ100135,2026-08-09 08:15:16,2026-08-09 08:17:13,2,0.593,RE,ESA0,1.43,NG,ESA0
LOT-20260809-AAQ,line_02,pcb2,2026-08-09,2026-08-09 08:15:54,EQ-02-A,1,0,day,02,L02AAQ100136,2026-08-09 08:15:54,2026-08-09 08:17:58,1,0.599,OK,0000,0.88,OK,0000
LOT-20260809-AAQ,line_02,pcb2,2026-08-09,2026-08-09 08:16:27,EQ-02-A,1,0,day,02,L02AAQ100137,2026-08-09 08:16:27,2026-08-09 08:18:29,2,0.552,OK,0000,0.81,OK,0000
LOT-20260809-AAQ,line_02,pcb2,2026-08-09,2026-08-09 08:17:05,EQ-02-A,1,0,day,02,L02AAQ100138,2026-08-09 08:17:05,2026-08-09 08:19:08,1,0.598,OK,0000,0.84,OK,0000
LOT-20260809-AAQ,line_02,pcb2,2026-08-09,2026-08-09 08:17:44,EQ-02-A,1,0,day,02,L02AAQ100139,2026-08-09 08:17:44,2026-08-09 08:19:47,2,0.557,OK,0000,0.8,OK,0000
LOT-20260809-AAQ,line_02,pcb2,2026-08-09,2026-08-09 08:18:15,EQ-02-A,1,0,day,02,L02AAQ100140,2026-08-09 08:18:15,2026-08-09 08:20:14,2,0.57,OK,0000,0.84,OK,0000
LOT-20260809-AAQ,line_02,pcb2,2026-08-09,2026-08-09 08:18:37,EQ-02-A,1,0,day,02,L02AAQ100141,2026-08-09 08:18:37,2026-08-09 08:20:40,1,0.535,OK,0000,0.84,OK,0000
LOT-20260809-AAQ,line_02,pcb2,2026-08-09,2026-08-09 08:19:06,EQ-02-A,1,0,day,02,L02AAQ100142,2026-08-09 08:19:06,2026-08-09 08:21:08,2,0.458,OK,0000,0.86,OK,0000
LOT-20260809-AAQ,line_02,pcb2,2026-08-09,2026-08-09 08:19:42,EQ-02-A,1,0,day,02,L02AAQ100143,2026-08-09 08:19:42,2026-08-09 08:21:46,2,0.439,OK,0000,0.8,OK,0000
LOT-20260809-AAQ,line_02,pcb2,2026-08-09,2026-08-09 08:20:19,EQ-02-A,1,0,day,02,L02AAQ100144,2026-08-09 08:20:19,2026-08-09 08:22:23,1,0.219,RE,ESA8,1.27,OK,0000
LOT-20260809-AAQ,line_02,pcb2,2026-08-09,2026-08-09 08:20:56,EQ-02-A,1,0,day,02,L02AAQ100145,2026-08-09 08:20:56,2026-08-09 08:22:57,1,0.433,OK,0000,0.8,OK,0000
LOT-20260809-AAQ,line_02,pcb2,2026-08-09,2026-08-09 08:21:16,EQ-02-A,1,0,day,02,L02AAQ100146,2026-08-09 08:21:16,2026-08-09 08:23:11,1,0.516,RE,ESA8,1.24,OK,0000
LOT-20260809-AAQ,line_02,pcb2,2026-08-09,2026-08-09 08:21:41,EQ-02-A,1,0,day,02,L02AAQ100147,2026-08-09 08:21:41,2026-08-09 08:23:45,1,0.425,OK,0000,0.85,OK,0000
LOT-20260809-AAQ,line_02,pcb2,2026-08-09,2026-08-09 08:22:02,EQ-02-A,1,0,day,02,L02AAQ100148,2026-08-09 08:22:02,2026-08-09 08:24:01,2,0.697,RE,ESA8,1.38,OK,0000
LOT-20260809-AAQ,line_02,pcb2,2026-08-09,2026-08-09 08:22:33,EQ-02-A,1,0,day,02,L02AAQ100149,2026-08-09 08:22:33,2026-08-09 08:24:31,1,0.522,OK,0000,0.84,OK,0000
LOT-20260809-AAQ,line_02,pcb2,2026-08-09,2026-08-09 08:22:54,EQ-02-A,1,0,day,02,L02AAQ100150,2026-08-09 08:22:54,2026-08-09 08:24:57,2,0.524,OK,0000,0.85,OK,0000
LOT-20260809-AAQ,line_02,pcb2,2026-08-09,2026-08-09 08:23:21,EQ-02-A,1,0,day,02,L02AAQ100151,2026-08-09 08:23:21,2026-08-09 08:25:17,1,0.46,OK,0000,0.85,OK,0000
LOT-20260809-AAQ,line_02,pcb2,2026-08-09,2026-08-09 08:23:58,EQ-02-A,1,0,day,02,L02AAQ100152,2026-08-09 08:23:58,2026-08-09 08:25:55,2,0.264,RE,ESA5,1.26,OK,0000
LOT-20260809-AAQ,line_02,pcb2,2026-08-09,2026-08-09 08:24:32,EQ-02-A,1,0,day,02,L02AAQ100153,2026-08-09 08:24:32,2026-08-09 08:26:33,1,0.572,OK,0000,0.82,OK,0000
LOT-20260809-AAQ,line_02,pcb2,2026-08-09,2026-08-09 08:25:04,EQ-02-A,1,0,day,02,L02AAQ100154,2026-08-09 08:25:04,2026-08-09 08:27:04,1,0.486,OK,0000,0.8,OK,0000
LOT-20260809-AAQ,line_02,pcb2,2026-08-09,2026-08-09 08:25:44,EQ-02-A,1,0,day,02,L02AAQ100155,2026-08-09 08:25:44,2026-08-09 08:27:45,1,0.312,OK,0000,0.85,OK,0000
LOT-20260809-AAQ,line_02,pcb2,2026-08-09,2026-08-09 08:26:13,EQ-02-A,1,0,day,02,L02AAQ100156,2026-08-09 08:26:13,2026-08-09 08:28:15,2,0.391,OK,0000,0.8,OK,0000
LOT-20260809-AAQ,line_02,pcb2,2026-08-09,2026-08-09 08:26:50,EQ-02-A,1,0,day,02,L02AAQ100157,2026-08-09 08:26:50,2026-08-09 08:28:52,1,0.333,OK,0000,0.8,OK,0000
LOT-20260809-AAQ,line_02,pcb2,2026-08-09,2026-08-09 08:27:28,EQ-02-A,1,0,day,02,L02AAQ100158,2026-08-09 08:27:28,2026-08-09 08:29:23,1,0.616,OK,0000,0.85,OK,0000
LOT-20260809-AAQ,line_02,pcb2,2026-08-09,2026-08-09 08:28:08,EQ-02-A,1,0,day,02,L02AAQ100159,2026-08-09 08:28:08,2026-08-09 08:30:13,1,0.369,OK,0000,0.82,OK,0000
LOT-20260809-AAQ,line_02,pcb2,2026-08-09,2026-08-09 08:28:29,EQ-02-A,1,0,day,02,L02AAQ100160,2026-08-09 08:28:29,2026-08-09 08:30:29,1,0.697,OK,0000,0.88,OK,0000
LOT-20260809-AAQ,line_02,pcb2,2026-08-09,2026-08-09 08:28:52,EQ-02-A,1,0,day,02,L02AAQ100161,2026-08-09 08:28:52,2026-08-09 08:30:51,2,0.332,OK,0000,0.89,OK,0000
LOT-20260809-AAQ,line_02,pcb2,2026-08-09,2026-08-09 08:29:16,EQ-02-A,1,0,day,02,L02AAQ100162,2026-08-09 08:29:16,2026-08-09 08:31:15,2,0.488,OK,0000,0.87,OK,0000
LOT-20260809-AAQ,line_02,pcb2,2026-08-09,2026-08-09 08:29:46,EQ-02-A,1,1,day,02,L02AAQ100163,2026-08-09 08:29:46,2026-08-09 08:31:46,1,0.476,RE,ESA5,1.37,NG,ESA5
LOT-20260809-AAQ,line_02,pcb2,2026-08-09,2026-08-09 08:30:11,EQ-02-A,1,0,day,02,L02AAQ100164,2026-08-09 08:30:11,2026-08-09 08:32:07,2,0.326,OK,0000,0.83,OK,0000
LOT-20260809-AAQ,line_02,pcb2,2026-08-09,2026-08-09 08:30:41,EQ-02-A,1,0,day,02,L02AAQ100165,2026-08-09 08:30:41,2026-08-09 08:32:43,1,0.682,OK,0000,0.8,OK,0000
LOT-20260809-AAQ,line_02,pcb2,2026-08-09,2026-08-09 08:31:05,EQ-02-A,1,0,day,02,L02AAQ100166,2026-08-09 08:31:05,2026-08-09 08:33:02,2,0.493,OK,0000,0.82,OK,0000
LOT-20260809-AAQ,line_02,pcb2,2026-08-09,2026-08-09 08:31:28,EQ-02-A,1,0,day,02,L02AAQ100167,2026-08-09 08:31:28,2026-08-09 08:33:33,2,0.603,RE,ESA7,1.36,OK,0000
LOT-20260809-AAQ,line_02,pcb2,2026-08-09,2026-08-09 08:32:08,EQ-02-A,1,0,day,02,L02AAQ100168,2026-08-09 08:32:08,2026-08-09 08:34:09,2,0.61,OK,0000,0.85,OK,0000
LOT-20260809-AAQ,line_02,pcb2,2026-08-09,2026-08-09 08:32:37,EQ-02-A,1,0,day,02,L02AAQ100169,2026-08-09 08:32:37,2026-08-09 08:34:41,2,0.506,OK,0000,0.83,OK,0000
LOT-20260809-AAQ,line_02,pcb2,2026-08-09,2026-08-09 08:33:04,EQ-02-A,1,1,day,02,L02AAQ100170,2026-08-09 08:33:04,2026-08-09 08:35:02,1,0.531,RE,ESA4,1.4,NG,ESA5
LOT-20260809-AAQ,line_02,pcb2,2026-08-09,2026-08-09 08:33:41,EQ-02-A,1,0,day,02,L02AAQ100171,2026-08-09 08:33:41,2026-08-09 08:35:41,1,0.375,OK,0000,0.82,OK,0000
LOT-20260809-AAQ,line_02,pcb2,2026-08-09,2026-08-09 08:34:12,EQ-02-A,1,0,day,02,L02AAQ100172,2026-08-09 08:34:12,2026-08-09 08:36:16,1,0.489,OK,0000,0.88,OK,0000
LOT-20260809-AAQ,line_02,pcb2,2026-08-09,2026-08-09 08:34:33,EQ-02-A,1,1,day,02,L02AAQ100173,2026-08-09 08:34:33,2026-08-09 08:36:30,2,0.533,RE,ESA5,1.35,NG,ESA5
LOT-20260809-AAQ,line_02,pcb2,2026-08-09,2026-08-09 08:34:55,EQ-02-A,1,0,day,02,L02AAQ100174,2026-08-09 08:34:55,2026-08-09 08:37:00,2,0.655,OK,0000,0.86,OK,0000
LOT-20260809-AAQ,line_02,pcb2,2026-08-09,2026-08-09 08:35:19,EQ-02-A,1,0,day,02,L02AAQ100175,2026-08-09 08:35:19,2026-08-09 08:37:18,2,0.34,OK,0000,0.91,OK,0000
LOT-20260809-AAQ,line_02,pcb2,2026-08-09,2026-08-09 08:35:56,EQ-02-A,1,0,day,02,L02AAQ100176,2026-08-09 08:35:56,2026-08-09 08:37:59,2,0.712,OK,0000,0.84,OK,0000
LOT-20260809-AAQ,line_02,pcb2,2026-08-09,2026-08-09 08:36:26,EQ-02-A,1,0,day,02,L02AAQ100177,2026-08-09 08:36:26,2026-08-09 08:38:23,2,0.293,OK,0000,0.8,OK,0000
LOT-20260809-AAQ,line_02,pcb2,2026-08-09,2026-08-09 08:37:04,EQ-02-A,1,0,day,02,L02AAQ100178,2026-08-09 08:37:04,2026-08-09 08:39:01,1,0.538,OK,0000,0.81,OK,0000
LOT-20260809-AAQ,line_02,pcb2,2026-08-09,2026-08-09 08:37:34,EQ-02-A,1,0,day,02,L02AAQ100179,2026-08-09 08:37:34,2026-08-09 08:39:36,2,0.242,NG,ESA8,1.64,OK,0000
LOT-20260809-AAQ,line_02,pcb2,2026-08-09,2026-08-09 08:38:05,EQ-02-A,1,0,day,02,L02AAQ100180,2026-08-09 08:38:05,2026-08-09 08:40:10,1,0.43,OK,0000,0.85,OK,0000
LOT-20260809-AAQ,line_02,pcb2,2026-08-09,2026-08-09 08:38:26,EQ-02-A,1,0,day,02,L02AAQ100181,2026-08-09 08:38:26,2026-08-09 08:40:28,1,0.711,OK,0000,0.86,OK,0000
LOT-20260809-AAQ,line_02,pcb2,2026-08-09,2026-08-09 08:38:55,EQ-02-A,1,0,day,02,L02AAQ100182,2026-08-09 08:38:55,2026-08-09 08:40:53,2,0.443,OK,0000,0.86,OK,0000
LOT-20260809-AAQ,line_02,pcb2,2026-08-09,2026-08-09 08:39:26,EQ-02-A,1,0,day,02,L02AAQ100183,2026-08-09 08:39:26,2026-08-09 08:41:25,2,0.544,OK,0000,0.87,OK,0000
LOT-20260809-AAQ,line_02,pcb2,2026-08-09,2026-08-09 08:39:49,EQ-02-A,1,0,day,02,L02AAQ100184,2026-08-09 08:39:49,2026-08-09 08:41:53,2,0.494,OK,0000,0.88,OK,0000
LOT-20260809-AAQ,line_02,pcb2,2026-08-09,2026-08-09 08:40:18,EQ-02-A,1,0,day,02,L02AAQ100185,2026-08-09 08:40:18,2026-08-09 08:42:17,2,0.624,RE,ESA8,1.26,OK,0000
LOT-20260809-AAQ,line_02,pcb2,2026-08-09,2026-08-09 08:40:47,EQ-02-A,1,0,day,02,L02AAQ100186,2026-08-09 08:40:47,2026-08-09 08:42:50,1,0.482,OK,0000,0.88,OK,0000
LOT-20260809-AAQ,line_02,pcb2,2026-08-09,2026-08-09 08:41:07,EQ-02-A,1,0,day,02,L02AAQ100187,2026-08-09 08:41:07,2026-08-09 08:43:03,2,0.393,OK,0000,0.8,OK,0000
LOT-20260809-AAQ,line_02,pcb2,2026-08-09,2026-08-09 08:41:29,EQ-02-A,1,1,day,02,L02AAQ100188,2026-08-09 08:41:29,2026-08-09 08:43:33,1,0.273,RE,ESA5,1.17,NG,ESA5
LOT-20260809-AAQ,line_02,pcb2,2026-08-09,2026-08-09 08:41:54,EQ-02-A,1,0,day,02,L02AAQ100189,2026-08-09 08:41:54,2026-08-09 08:43:51,1,0.599,OK,0000,0.82,OK,0000
LOT-20260809-AAQ,line_02,pcb2,2026-08-09,2026-08-09 08:42:31,EQ-02-A,1,0,day,02,L02AAQ100190,2026-08-09 08:42:31,2026-08-09 08:44:33,1,0.531,OK,0000,0.82,OK,0000
LOT-20260809-AAQ,line_02,pcb2,2026-08-09,2026-08-09 08:42:57,EQ-02-A,1,0,day,02,L02AAQ100191,2026-08-09 08:42:57,2026-08-09 08:44:57,1,0.427,OK,0000,0.8,OK,0000
LOT-20260809-AAQ,line_02,pcb2,2026-08-09,2026-08-09 08:43:19,EQ-02-A,1,0,day,02,L02AAQ100192,2026-08-09 08:43:19,2026-08-09 08:45:20,2,0.486,OK,0000,0.83,OK,0000
LOT-20260809-AAQ,line_02,pcb2,2026-08-09,2026-08-09 08:43:49,EQ-02-A,1,0,day,02,L02AAQ100193,2026-08-09 08:43:49,2026-08-09 08:45:47,2,0.562,RE,ESA1,1.28,OK,0000
LOT-20260809-AAQ,line_02,pcb2,2026-08-09,2026-08-09 08:44:24,EQ-02-A,1,0,day,02,L02AAQ100194,2026-08-09 08:44:24,2026-08-09 08:46:24,2,0.47,OK,0000,0.8,OK,0000
LOT-20260809-AAQ,line_02,pcb2,2026-08-09,2026-08-09 08:44:57,EQ-02-A,1,0,day,02,L02AAQ100195,2026-08-09 08:44:57,2026-08-09 08:46:58,1,0.661,OK,0000,0.84,OK,0000
LOT-20260809-AAQ,line_02,pcb2,2026-08-09,2026-08-09 08:45:32,EQ-02-A,1,0,day,02,L02AAQ100196,2026-08-09 08:45:32,2026-08-09 08:47:29,2,0.512,OK,0000,0.9,OK,0000
LOT-20260809-AAQ,line_02,pcb2,2026-08-09,2026-08-09 08:46:10,EQ-02-A,1,0,day,02,L02AAQ100197,2026-08-09 08:46:10,2026-08-09 08:48:09,1,0.636,OK,0000,0.86,OK,0000
LOT-20260809-AAQ,line_02,pcb2,2026-08-09,2026-08-09 08:46:37,EQ-02-A,1,0,day,02,L02AAQ100198,2026-08-09 08:46:37,2026-08-09 08:48:41,2,0.5,OK,0000,0.84,OK,0000
LOT-20260809-AAQ,line_02,pcb2,2026-08-09,2026-08-09 08:47:05,EQ-02-A,1,0,day,02,L02AAQ100199,2026-08-09 08:47:05,2026-08-09 08:49:05,2,0.536,OK,0000,0.86,OK,0000
LOT-20260809-AAO,line_03,pcb3,2026-08-09,2026-08-09 08:00:00,EQ-03-A,1,0,day,03,L03AAO100186,2026-08-09 08:00:00,2026-08-09 08:01:55,1,0.544,OK,0000,0.8,OK,0000
LOT-20260809-AAO,line_03,pcb3,2026-08-09,2026-08-09 08:00:23,EQ-03-A,1,0,day,03,L03AAO100187,2026-08-09 08:00:23,2026-08-09 08:02:18,2,0.357,OK,0000,0.91,OK,0000
LOT-20260809-AAO,line_03,pcb3,2026-08-09,2026-08-09 08:01:00,EQ-03-A,1,0,day,03,L03AAO100188,2026-08-09 08:01:00,2026-08-09 08:02:56,2,0.608,OK,0000,0.86,OK,0000
LOT-20260809-AAO,line_03,pcb3,2026-08-09,2026-08-09 08:01:22,EQ-03-A,1,0,day,03,L03AAO100189,2026-08-09 08:01:22,2026-08-09 08:03:19,1,0.945,OK,0000,0.91,OK,0000
LOT-20260809-AAO,line_03,pcb3,2026-08-09,2026-08-09 08:02:02,EQ-03-A,1,0,day,03,L03AAO100190,2026-08-09 08:02:02,2026-08-09 08:04:07,2,0.377,OK,0000,0.87,OK,0000
LOT-20260809-AAO,line_03,pcb3,2026-08-09,2026-08-09 08:02:41,EQ-03-A,1,0,day,03,L03AAO100191,2026-08-09 08:02:41,2026-08-09 08:04:41,1,0.305,OK,0000,0.83,OK,0000
LOT-20260809-AAO,line_03,pcb3,2026-08-09,2026-08-09 08:03:16,EQ-03-A,1,1,day,03,L03AAO100192,2026-08-09 08:03:16,2026-08-09 08:05:19,2,0.09,RE,ESA0,1.35,NG,ESA0
LOT-20260809-AAO,line_03,pcb3,2026-08-09,2026-08-09 08:03:39,EQ-03-A,1,0,day,03,L03AAO100193,2026-08-09 08:03:39,2026-08-09 08:05:42,2,0.463,OK,0000,0.83,OK,0000
LOT-20260809-AAO,line_03,pcb3,2026-08-09,2026-08-09 08:04:18,EQ-03-A,1,0,day,03,L03AAO100194,2026-08-09 08:04:18,2026-08-09 08:06:15,2,0.995,OK,0000,0.84,OK,0000
LOT-20260809-AAO,line_03,pcb3,2026-08-09,2026-08-09 08:04:47,EQ-03-A,1,0,day,03,L03AAO100195,2026-08-09 08:04:47,2026-08-09 08:06:47,2,0.3,OK,0000,0.8,OK,0000
LOT-20260809-AAO,line_03,pcb3,2026-08-09,2026-08-09 08:05:25,EQ-03-A,1,0,day,03,L03AAO100196,2026-08-09 08:05:25,2026-08-09 08:07:21,2,0.929,OK,0000,0.87,OK,0000
LOT-20260809-AAO,line_03,pcb3,2026-08-09,2026-08-09 08:05:53,EQ-03-A,1,0,day,03,L03AAO100197,2026-08-09 08:05:53,2026-08-09 08:07:54,1,0.068,OK,0000,0.8,OK,0000
LOT-20260809-AAO,line_03,pcb3,2026-08-09,2026-08-09 08:06:29,EQ-03-A,1,0,day,03,L03AAO100198,2026-08-09 08:06:29,2026-08-09 08:08:32,2,0.395,OK,0000,0.86,OK,0000
LOT-20260809-AAO,line_03,pcb3,2026-08-09,2026-08-09 08:06:59,EQ-03-A,1,0,day,03,L03AAO100199,2026-08-09 08:06:59,2026-08-09 08:08:57,2,0.583,OK,0000,0.93,OK,0000
LOT-20260809-AAO,line_03,pcb3,2026-08-09,2026-08-09 08:07:38,EQ-03-A,1,0,day,03,L03AAO100200,2026-08-09 08:07:38,2026-08-09 08:09:38,1,0.364,OK,0000,0.89,OK,0000
LOT-20260809-AAR,line_03,pcb3,2026-08-09,2026-08-09 08:08:16,EQ-03-A,1,0,day,03,L03AAR100001,2026-08-09 08:08:16,2026-08-09 08:10:20,2,0.556,OK,0000,0.8,OK,0000
LOT-20260809-AAR,line_03,pcb3,2026-08-09,2026-08-09 08:08:56,EQ-03-A,1,0,day,03,L03AAR100002,2026-08-09 08:08:56,2026-08-09 08:10:56,1,0.418,OK,0000,0.85,OK,0000
LOT-20260809-AAR,line_03,pcb3,2026-08-09,2026-08-09 08:09:26,EQ-03-A,1,0,day,03,L03AAR100003,2026-08-09 08:09:26,2026-08-09 08:11:24,1,0.244,OK,0000,0.8,OK,0000
LOT-20260809-AAR,line_03,pcb3,2026-08-09,2026-08-09 08:09:57,EQ-03-A,1,0,day,03,L03AAR100004,2026-08-09 08:09:57,2026-08-09 08:11:52,2,0.971,OK,0000,0.8,OK,0000
LOT-20260809-AAR,line_03,pcb3,2026-08-09,2026-08-09 08:10:31,EQ-03-A,1,1,day,03,L03AAR100005,2026-08-09 08:10:31,2026-08-09 08:12:26,1,0.022,NG,ESA7,1.66,NG,ESA7
LOT-20260809-AAR,line_03,pcb3,2026-08-09,2026-08-09 08:10:54,EQ-03-A,1,0,day,03,L03AAR100006,2026-08-09 08:10:54,2026-08-09 08:12:58,1,0.432,OK,0000,0.8,OK,0000
LOT-20260809-AAR,line_03,pcb3,2026-08-09,2026-08-09 08:11:29,EQ-03-A,1,0,day,03,L03AAR100007,2026-08-09 08:11:29,2026-08-09 08:13:30,2,0.678,OK,0000,0.91,OK,0000
LOT-20260809-AAR,line_03,pcb3,2026-08-09,2026-08-09 08:11:50,EQ-03-A,1,1,day,03,L03AAR100008,2026-08-09 08:11:50,2026-08-09 08:13:46,2,0.916,RE,ESA7,1.02,NG,ESA7
LOT-20260809-AAR,line_03,pcb3,2026-08-09,2026-08-09 08:12:26,EQ-03-A,1,0,day,03,L03AAR100009,2026-08-09 08:12:26,2026-08-09 08:14:28,1,0.474,OK,0000,0.88,OK,0000
LOT-20260809-AAR,line_03,pcb3,2026-08-09,2026-08-09 08:12:52,EQ-03-A,1,0,day,03,L03AAR100010,2026-08-09 08:12:52,2026-08-09 08:14:55,1,0.43,OK,0000,0.84,OK,0000
LOT-20260809-AAR,line_03,pcb3,2026-08-09,2026-08-09 08:13:27,EQ-03-A,1,0,day,03,L03AAR100011,2026-08-09 08:13:27,2026-08-09 08:15:25,2,0.947,OK,0000,0.84,OK,0000
LOT-20260809-AAR,line_03,pcb3,2026-08-09,2026-08-09 08:13:58,EQ-03-A,1,0,day,03,L03AAR100012,2026-08-09 08:13:58,2026-08-09 08:15:56,1,0.97,OK,0000,0.82,OK,0000
LOT-20260809-AAR,line_03,pcb3,2026-08-09,2026-08-09 08:14:37,EQ-03-A,1,0,day,03,L03AAR100013,2026-08-09 08:14:37,2026-08-09 08:16:38,1,0.392,OK,0000,0.84,OK,0000
LOT-20260809-AAR,line_03,pcb3,2026-08-09,2026-08-09 08:14:59,EQ-03-A,1,0,day,03,L03AAR100014,2026-08-09 08:14:59,2026-08-09 08:17:04,2,0.331,OK,0000,0.81,OK,0000
LOT-20260809-AAR,line_03,pcb3,2026-08-09,2026-08-09 08:15:29,EQ-03-A,1,0,day,03,L03AAR100015,2026-08-09 08:15:29,2026-08-09 08:17:26,1,0.437,OK,0000,0.85,OK,0000
LOT-20260809-AAR,line_03,pcb3,2026-08-09,2026-08-09 08:16:00,EQ-03-A,1,0,day,03,L03AAR100016,2026-08-09 08:16:00,2026-08-09 08:18:01,1,0.015,OK,0000,0.91,OK,0000
LOT-20260809-AAR,line_03,pcb3,2026-08-09,2026-08-09 08:16:39,EQ-03-A,1,0,day,03,L03AAR100017,2026-08-09 08:16:39,2026-08-09 08:18:34,2,0.427,OK,0000,0.86,OK,0000
LOT-20260809-AAR,line_03,pcb3,2026-08-09,2026-08-09 08:17:04,EQ-03-A,1,0,day,03,L03AAR100018,2026-08-09 08:17:04,2026-08-09 08:18:59,2,0.06,OK,0000,0.8,OK,0000
LOT-20260809-AAR,line_03,pcb3,2026-08-09,2026-08-09 08:17:34,EQ-03-A,1,0,day,03,L03AAR100019,2026-08-09 08:17:34,2026-08-09 08:19:30,1,0.62,OK,0000,0.84,OK,0000
LOT-20260809-AAR,line_03,pcb3,2026-08-09,2026-08-09 08:18:07,EQ-03-A,1,0,day,03,L03AAR100020,2026-08-09 08:18:07,2026-08-09 08:20:07,2,0.943,OK,0000,0.84,OK,0000
LOT-20260809-AAR,line_03,pcb3,2026-08-09,2026-08-09 08:18:47,EQ-03-A,1,0,day,03,L03AAR100021,2026-08-09 08:18:47,2026-08-09 08:20:47,1,0.313,OK,0000,0.87,OK,0000
LOT-20260809-AAR,line_03,pcb3,2026-08-09,2026-08-09 08:19:10,EQ-03-A,1,0,day,03,L03AAR100022,2026-08-09 08:19:10,2026-08-09 08:21:08,1,0.502,OK,0000,0.83,OK,0000
LOT-20260809-AAR,line_03,pcb3,2026-08-09,2026-08-09 08:19:30,EQ-03-A,1,0,day,03,L03AAR100023,2026-08-09 08:19:30,2026-08-09 08:21:33,1,0.995,OK,0000,0.81,OK,0000
LOT-20260809-AAR,line_03,pcb3,2026-08-09,2026-08-09 08:19:53,EQ-03-A,1,0,day,03,L03AAR100024,2026-08-09 08:19:53,2026-08-09 08:21:57,2,0.869,OK,0000,0.87,OK,0000
LOT-20260809-AAR,line_03,pcb3,2026-08-09,2026-08-09 08:20:20,EQ-03-A,1,0,day,03,L03AAR100025,2026-08-09 08:20:20,2026-08-09 08:22:24,1,0.519,OK,0000,0.82,OK,0000
LOT-20260809-AAR,line_03,pcb3,2026-08-09,2026-08-09 08:20:41,EQ-03-A,1,1,day,03,L03AAR100026,2026-08-09 08:20:41,2026-08-09 08:22:46,2,0.643,RE,ESA6,1.17,NG,ESA6
LOT-20260809-AAR,line_03,pcb3,2026-08-09,2026-08-09 08:21:20,EQ-03-A,1,0,day,03,L03AAR100027,2026-08-09 08:21:20,2026-08-09 08:23:19,2,0.369,OK,0000,0.91,OK,0000
LOT-20260809-AAR,line_03,pcb3,2026-08-09,2026-08-09 08:21:59,EQ-03-A,1,0,day,03,L03AAR100028,2026-08-09 08:21:59,2026-08-09 08:23:59,2,0.908,OK,0000,0.84,OK,0000
LOT-20260809-AAR,line_03,pcb3,2026-08-09,2026-08-09 08:22:22,EQ-03-A,1,1,day,03,L03AAR100029,2026-08-09 08:22:22,2026-08-09 08:24:19,1,0.072,NG,ESA6,1.9,NG,ESA6
LOT-20260809-AAR,line_03,pcb3,2026-08-09,2026-08-09 08:22:57,EQ-03-A,1,0,day,03,L03AAR100030,2026-08-09 08:22:57,2026-08-09 08:25:00,2,0.313,OK,0000,0.88,OK,0000
LOT-20260809-AAR,line_03,pcb3,2026-08-09,2026-08-09 08:23:20,EQ-03-A,1,0,day,03,L03AAR100031,2026-08-09 08:23:20,2026-08-09 08:25:15,1,0.084,OK,0000,0.83,OK,0000
LOT-20260809-AAR,line_03,pcb3,2026-08-09,2026-08-09 08:23:46,EQ-03-A,1,0,day,03,L03AAR100032,2026-08-09 08:23:46,2026-08-09 08:25:48,2,0.605,OK,0000,0.85,OK,0000
LOT-20260809-AAR,line_03,pcb3,2026-08-09,2026-08-09 08:24:20,EQ-03-A,1,1,day,03,L03AAR100033,2026-08-09 08:24:20,2026-08-09 08:26:18,1,0.202,RE,ESA7,1.25,NG,ESA7
LOT-20260809-AAR,line_03,pcb3,2026-08-09,2026-08-09 08:24:52,EQ-03-A,1,0,day,03,L03AAR100034,2026-08-09 08:24:52,2026-08-09 08:26:47,1,0.382,OK,0000,0.87,OK,0000
LOT-20260809-AAR,line_03,pcb3,2026-08-09,2026-08-09 08:25:31,EQ-03-A,1,0,day,03,L03AAR100035,2026-08-09 08:25:31,2026-08-09 08:27:34,2,0.649,OK,0000,0.83,OK,0000
LOT-20260809-AAR,line_03,pcb3,2026-08-09,2026-08-09 08:26:11,EQ-03-A,1,0,day,03,L03AAR100036,2026-08-09 08:26:11,2026-08-09 08:28:08,1,0.072,OK,0000,0.82,OK,0000
LOT-20260809-AAR,line_03,pcb3,2026-08-09,2026-08-09 08:26:42,EQ-03-A,1,0,day,03,L03AAR100037,2026-08-09 08:26:42,2026-08-09 08:28:39,2,0.321,OK,0000,0.81,OK,0000
LOT-20260809-AAR,line_03,pcb3,2026-08-09,2026-08-09 08:27:09,EQ-03-A,1,1,day,03,L03AAR100038,2026-08-09 08:27:09,2026-08-09 08:29:11,1,0.417,RE,ESA0,1.16,NG,ESA0
LOT-20260809-AAR,line_03,pcb3,2026-08-09,2026-08-09 08:27:33,EQ-03-A,1,0,day,03,L03AAR100039,2026-08-09 08:27:33,2026-08-09 08:29:37,1,0.939,OK,0000,0.87,OK,0000
LOT-20260809-AAR,line_03,pcb3,2026-08-09,2026-08-09 08:28:01,EQ-03-A,1,0,day,03,L03AAR100040,2026-08-09 08:28:01,2026-08-09 08:30:04,1,0.493,OK,0000,0.85,OK,0000
LOT-20260809-AAR,line_03,pcb3,2026-08-09,2026-08-09 08:28:41,EQ-03-A,1,1,day,03,L03AAR100041,2026-08-09 08:28:41,2026-08-09 08:30:46,1,0.91,RE,ESA7,1.42,NG,ESA7
LOT-20260809-AAR,line_03,pcb3,2026-08-09,2026-08-09 08:29:05,EQ-03-A,1,0,day,03,L03AAR100042,2026-08-09 08:29:05,2026-08-09 08:31:02,2,0.732,OK,0000,0.8,OK,0000
LOT-20260809-AAR,line_03,pcb3,2026-08-09,2026-08-09 08:29:37,EQ-03-A,1,0,day,03,L03AAR100043,2026-08-09 08:29:37,2026-08-09 08:31:34,1,0.214,OK,0000,0.84,OK,0000
LOT-20260809-AAR,line_03,pcb3,2026-08-09,2026-08-09 08:30:08,EQ-03-A,1,0,day,03,L03AAR100044,2026-08-09 08:30:08,2026-08-09 08:32:07,1,0.399,OK,0000,0.8,OK,0000
LOT-20260809-AAR,line_03,pcb3,2026-08-09,2026-08-09 08:30:28,EQ-03-A,1,1,day,03,L03AAR100045,2026-08-09 08:30:28,2026-08-09 08:32:29,1,0.502,RE,ESA0,1.27,NG,ESA0
LOT-20260809-AAR,line_03,pcb3,2026-08-09,2026-08-09 08:30:51,EQ-03-A,1,1,day,03,L03AAR100046,2026-08-09 08:30:51,2026-08-09 08:32:52,2,0.926,RE,ESA7,1.17,NG,ESA7
LOT-20260809-AAR,line_03,pcb3,2026-08-09,2026-08-09 08:31:14,EQ-03-A,1,0,day,03,L03AAR100047,2026-08-09 08:31:14,2026-08-09 08:33:19,1,0.438,RE,ESA3,1.3,OK,0000
LOT-20260809-AAR,line_03,pcb3,2026-08-09,2026-08-09 08:31:39,EQ-03-A,1,0,day,03,L03AAR100048,2026-08-09 08:31:39,2026-08-09 08:33:40,2,0.922,OK,0000,0.82,OK,0000
LOT-20260809-AAR,line_03,pcb3,2026-08-09,2026-08-09 08:32:12,EQ-03-A,1,0,day,03,L03AAR100049,2026-08-09 08:32:12,2026-08-09 08:34:16,1,0.499,RE,ESA3,1.28,OK,0000
LOT-20260809-AAR,line_03,pcb3,2026-08-09,2026-08-09 08:32:32,EQ-03-A,1,1,day,03,L03AAR100050,2026-08-09 08:32:32,2026-08-09 08:34:29,2,0.806,RE,ESA5,1.31,NG,ESA5
LOT-20260809-AAR,line_03,pcb3,2026-08-09,2026-08-09 08:33:02,EQ-03-A,1,0,day,03,L03AAR100051,2026-08-09 08:33:02,2026-08-09 08:35:04,1,0.589,OK,0000,0.83,OK,0000
LOT-20260809-AAR,line_03,pcb3,2026-08-09,2026-08-09 08:33:24,EQ-03-A,1,0,day,03,L03AAR100052,2026-08-09 08:33:24,2026-08-09 08:35:20,1,0.353,OK,0000,0.82,OK,0000
LOT-20260809-AAR,line_03,pcb3,2026-08-09,2026-08-09 08:33:47,EQ-03-A,1,0,day,03,L03AAR100053,2026-08-09 08:33:47,2026-08-09 08:35:49,2,0.393,RE,ESA5,1.29,OK,0000
LOT-20260809-AAR,line_03,pcb3,2026-08-09,2026-08-09 08:34:09,EQ-03-A,1,0,day,03,L03AAR100054,2026-08-09 08:34:09,2026-08-09 08:36:08,2,0.252,OK,0000,0.86,OK,0000
LOT-20260809-AAR,line_03,pcb3,2026-08-09,2026-08-09 08:34:42,EQ-03-A,1,0,day,03,L03AAR100055,2026-08-09 08:34:42,2026-08-09 08:36:38,2,0.482,OK,0000,0.87,OK,0000
LOT-20260809-AAR,line_03,pcb3,2026-08-09,2026-08-09 08:35:17,EQ-03-A,1,0,day,03,L03AAR100056,2026-08-09 08:35:17,2026-08-09 08:37:14,2,0.034,OK,0000,0.81,OK,0000
LOT-20260809-AAR,line_03,pcb3,2026-08-09,2026-08-09 08:35:44,EQ-03-A,1,0,day,03,L03AAR100057,2026-08-09 08:35:44,2026-08-09 08:37:49,1,0.085,OK,0000,0.87,OK,0000
LOT-20260809-AAR,line_03,pcb3,2026-08-09,2026-08-09 08:36:16,EQ-03-A,1,0,day,03,L03AAR100058,2026-08-09 08:36:16,2026-08-09 08:38:12,2,0.786,RE,ESA7,1.2,OK,0000
LOT-20260809-AAR,line_03,pcb3,2026-08-09,2026-08-09 08:36:40,EQ-03-A,1,0,day,03,L03AAR100059,2026-08-09 08:36:40,2026-08-09 08:38:42,1,0.073,OK,0000,0.8,OK,0000
LOT-20260809-AAR,line_03,pcb3,2026-08-09,2026-08-09 08:37:05,EQ-03-A,1,1,day,03,L03AAR100060,2026-08-09 08:37:05,2026-08-09 08:39:05,1,0.989,RE,ESA7,1.2,NG,ESA7
LOT-20260809-AAR,line_03,pcb3,2026-08-09,2026-08-09 08:37:28,EQ-03-A,1,0,day,03,L03AAR100061,2026-08-09 08:37:28,2026-08-09 08:39:31,2,0.757,OK,0000,0.8,OK,0000
LOT-20260809-AAR,line_03,pcb3,2026-08-09,2026-08-09 08:37:48,EQ-03-A,1,0,day,03,L03AAR100062,2026-08-09 08:37:48,2026-08-09 08:39:48,2,0.051,OK,0000,0.83,OK,0000
LOT-20260809-AAR,line_03,pcb3,2026-08-09,2026-08-09 08:38:26,EQ-03-A,1,0,day,03,L03AAR100063,2026-08-09 08:38:26,2026-08-09 08:40:31,1,0.738,OK,0000,0.83,OK,0000
LOT-20260809-AAR,line_03,pcb3,2026-08-09,2026-08-09 08:38:49,EQ-03-A,1,0,day,03,L03AAR100064,2026-08-09 08:38:49,2026-08-09 08:40:46,2,0.48,OK,0000,0.8,OK,0000
LOT-20260809-AAR,line_03,pcb3,2026-08-09,2026-08-09 08:39:22,EQ-03-A,1,0,day,03,L03AAR100065,2026-08-09 08:39:22,2026-08-09 08:41:26,2,0.968,OK,0000,0.83,OK,0000
LOT-20260809-AAR,line_03,pcb3,2026-08-09,2026-08-09 08:39:59,EQ-03-A,1,0,day,03,L03AAR100066,2026-08-09 08:39:59,2026-08-09 08:42:02,1,0.673,OK,0000,0.83,OK,0000
LOT-20260809-AAR,line_03,pcb3,2026-08-09,2026-08-09 08:40:32,EQ-03-A,1,1,day,03,L03AAR100067,2026-08-09 08:40:32,2026-08-09 08:42:35,1,0.452,RE,ESA0,1.36,NG,ESA0
LOT-20260809-AAR,line_03,pcb3,2026-08-09,2026-08-09 08:41:08,EQ-03-A,1,0,day,03,L03AAR100068,2026-08-09 08:41:08,2026-08-09 08:43:13,2,0.453,RE,ESA2,1.38,OK,0000
LOT-20260809-AAR,line_03,pcb3,2026-08-09,2026-08-09 08:41:45,EQ-03-A,1,0,day,03,L03AAR100069,2026-08-09 08:41:45,2026-08-09 08:43:41,1,0.071,OK,0000,0.8,OK,0000
LOT-20260809-AAR,line_03,pcb3,2026-08-09,2026-08-09 08:42:18,EQ-03-A,1,0,day,03,L03AAR100070,2026-08-09 08:42:18,2026-08-09 08:44:23,2,0.651,OK,0000,0.8,OK,0000
LOT-20260809-AAR,line_03,pcb3,2026-08-09,2026-08-09 08:42:42,EQ-03-A,1,0,day,03,L03AAR100071,2026-08-09 08:42:42,2026-08-09 08:44:41,1,0.404,OK,0000,0.83,OK,0000
LOT-20260809-AAR,line_03,pcb3,2026-08-09,2026-08-09 08:43:18,EQ-03-A,1,0,day,03,L03AAR100072,2026-08-09 08:43:18,2026-08-09 08:45:14,2,0.651,OK,0000,0.8,OK,0000
LOT-20260809-AAR,line_03,pcb3,2026-08-09,2026-08-09 08:43:45,EQ-03-A,1,0,day,03,L03AAR100073,2026-08-09 08:43:45,2026-08-09 08:45:42,1,0.347,OK,0000,0.8,OK,0000
LOT-20260809-AAR,line_03,pcb3,2026-08-09,2026-08-09 08:44:05,EQ-03-A,1,0,day,03,L03AAR100074,2026-08-09 08:44:05,2026-08-09 08:46:10,2,0.376,OK,0000,0.8,OK,0000
LOT-20260809-AAR,line_03,pcb3,2026-08-09,2026-08-09 08:44:29,EQ-03-A,1,0,day,03,L03AAR100075,2026-08-09 08:44:29,2026-08-09 08:46:27,1,0.972,OK,0000,0.87,OK,0000
LOT-20260809-AAR,line_03,pcb3,2026-08-09,2026-08-09 08:44:49,EQ-03-A,1,1,day,03,L03AAR100076,2026-08-09 08:44:49,2026-08-09 08:46:50,1,0.005,RE,ESA5,1.25,NG,ESA5
LOT-20260809-AAR,line_03,pcb3,2026-08-09,2026-08-09 08:45:23,EQ-03-A,1,1,day,03,L03AAR100077,2026-08-09 08:45:23,2026-08-09 08:47:27,1,0.058,NG,ESA0,1.81,NG,ESA0
LOT-20260809-AAR,line_03,pcb3,2026-08-09,2026-08-09 08:45:45,EQ-03-A,1,0,day,03,L03AAR100078,2026-08-09 08:45:45,2026-08-09 08:47:46,2,0.411,OK,0000,0.82,OK,0000
LOT-20260809-AAR,line_03,pcb3,2026-08-09,2026-08-09 08:46:23,EQ-03-A,1,0,day,03,L03AAR100079,2026-08-09 08:46:23,2026-08-09 08:48:25,2,0.588,OK,0000,0.85,OK,0000
LOT-20260809-AAR,line_03,pcb3,2026-08-09,2026-08-09 08:46:49,EQ-03-A,1,0,day,03,L03AAR100080,2026-08-09 08:46:49,2026-08-09 08:48:53,2,0.519,OK,0000,0.81,OK,0000
LOT-20260809-AAR,line_03,pcb3,2026-08-09,2026-08-09 08:47:23,EQ-03-A,1,0,day,03,L03AAR100081,2026-08-09 08:47:23,2026-08-09 08:49:23,2,0.792,OK,0000,0.82,OK,0000
LOT-20260809-AAR,line_03,pcb3,2026-08-09,2026-08-09 08:47:52,EQ-03-A,1,1,day,03,L03AAR100082,2026-08-09 08:47:52,2026-08-09 08:49:55,1,0.069,RE,ESA0,1.25,NG,ESA0
LOT-20260809-AAR,line_03,pcb3,2026-08-09,2026-08-09 08:48:25,EQ-03-A,1,0,day,03,L03AAR100083,2026-08-09 08:48:25,2026-08-09 08:50:29,1,0.922,OK,0000,0.84,OK,0000
LOT-20260809-AAR,line_03,pcb3,2026-08-09,2026-08-09 08:49:01,EQ-03-A,1,0,day,03,L03AAR100084,2026-08-09 08:49:01,2026-08-09 08:50:59,1,0.062,OK,0000,0.81,OK,0000
LOT-20260809-AAR,line_03,pcb3,2026-08-09,2026-08-09 08:49:35,EQ-03-A,1,0,day,03,L03AAR100085,2026-08-09 08:49:35,2026-08-09 08:51:38,1,0.081,OK,0000,0.81,OK,0000
LOT-20260809-AAR,line_03,pcb3,2026-08-09,2026-08-09 08:50:15,EQ-03-A,1,0,day,03,L03AAR100086,2026-08-09 08:50:15,2026-08-09 08:52:14,2,0.965,OK,0000,0.91,OK,0000
LOT-20260809-AAR,line_03,pcb3,2026-08-09,2026-08-09 08:50:39,EQ-03-A,1,0,day,03,L03AAR100087,2026-08-09 08:50:39,2026-08-09 08:52:35,1,0.598,OK,0000,0.83,OK,0000
LOT-20260809-AAR,line_03,pcb3,2026-08-09,2026-08-09 08:51:10,EQ-03-A,1,0,day,03,L03AAR100088,2026-08-09 08:51:10,2026-08-09 08:53:12,1,0.559,OK,0000,0.81,OK,0000
LOT-20260809-AAR,line_03,pcb3,2026-08-09,2026-08-09 08:51:40,EQ-03-A,1,0,day,03,L03AAR100089,2026-08-09 08:51:40,2026-08-09 08:53:39,1,0.001,OK,0000,0.8,OK,0000
LOT-20260809-AAR,line_03,pcb3,2026-08-09,2026-08-09 08:52:12,EQ-03-A,1,0,day,03,L03AAR100090,2026-08-09 08:52:12,2026-08-09 08:54:11,2,0.277,OK,0000,0.86,OK,0000
LOT-20260809-AAR,line_03,pcb3,2026-08-09,2026-08-09 08:52:52,EQ-03-A,1,0,day,03,L03AAR100091,2026-08-09 08:52:52,2026-08-09 08:54:48,1,0.044,OK,0000,0.8,OK,0000
LOT-20260809-AAR,line_03,pcb3,2026-08-09,2026-08-09 08:53:28,EQ-03-A,1,0,day,03,L03AAR100092,2026-08-09 08:53:28,2026-08-09 08:55:27,1,0.649,OK,0000,0.82,OK,0000
LOT-20260809-AAR,line_03,pcb3,2026-08-09,2026-08-09 08:53:48,EQ-03-A,1,0,day,03,L03AAR100093,2026-08-09 08:53:48,2026-08-09 08:55:51,1,0.667,OK,0000,0.88,OK,0000
LOT-20260809-AAR,line_03,pcb3,2026-08-09,2026-08-09 08:54:10,EQ-03-A,1,0,day,03,L03AAR100094,2026-08-09 08:54:10,2026-08-09 08:56:10,2,0.339,OK,0000,0.88,OK,0000
LOT-20260809-AAR,line_03,pcb3,2026-08-09,2026-08-09 08:54:50,EQ-03-A,1,0,day,03,L03AAR100095,2026-08-09 08:54:50,2026-08-09 08:56:50,1,0.011,OK,0000,0.83,OK,0000
LOT-20260809-AAR,line_03,pcb3,2026-08-09,2026-08-09 08:55:24,EQ-03-A,1,0,day,03,L03AAR100096,2026-08-09 08:55:24,2026-08-09 08:57:27,2,0.015,OK,0000,0.84,OK,0000
LOT-20260809-AAR,line_03,pcb3,2026-08-09,2026-08-09 08:55:48,EQ-03-A,1,0,day,03,L03AAR100097,2026-08-09 08:55:48,2026-08-09 08:57:53,2,0.387,RE,ESA6,1.26,OK,0000
LOT-20260809-AAR,line_03,pcb3,2026-08-09,2026-08-09 08:56:13,EQ-03-A,1,0,day,03,L03AAR100098,2026-08-09 08:56:13,2026-08-09 08:58:09,1,0.476,OK,0000,0.86,OK,0000
LOT-20260809-AAR,line_03,pcb3,2026-08-09,2026-08-09 08:56:34,EQ-03-A,1,0,day,03,L03AAR100099,2026-08-09 08:56:34,2026-08-09 08:58:35,1,0.09,OK,0000,0.86,OK,0000
LOT-20260809-AAR,line_03,pcb3,2026-08-09,2026-08-09 08:56:54,EQ-03-A,1,0,day,03,L03AAR100100,2026-08-09 08:56:54,2026-08-09 08:58:49,2,0.713,OK,0000,0.9,OK,0000
LOT-20260809-AAR,line_03,pcb3,2026-08-09,2026-08-09 08:57:16,EQ-03-A,1,0,day,03,L03AAR100101,2026-08-09 08:57:16,2026-08-09 08:59:13,2,0.701,OK,0000,0.87,OK,0000
LOT-20260809-AAR,line_03,pcb3,2026-08-09,2026-08-09 08:57:54,EQ-03-A,1,1,day,03,L03AAR100102,2026-08-09 08:57:54,2026-08-09 08:59:51,2,0.973,RE,ESA7,1.46,NG,ESA7
LOT-20260809-AAM,line_04,pcb4,2026-08-09,2026-08-09 08:00:00,EQ-04-A,1,0,day,04,L04AAM100200,2026-08-09 08:00:00,2026-08-09 08:02:00,2,0.837,OK,0000,0.8,OK,0000
LOT-20260809-AAS,line_04,pcb4,2026-08-09,2026-08-09 08:00:27,EQ-04-A,1,1,day,04,L04AAS100001,2026-08-09 08:00:27,2026-08-09 08:02:26,1,0.468,RE,ESA4,1.38,NG,ESA4
LOT-20260809-AAS,line_04,pcb4,2026-08-09,2026-08-09 08:00:56,EQ-04-A,1,0,day,04,L04AAS100002,2026-08-09 08:00:56,2026-08-09 08:02:53,1,0.647,OK,0000,0.94,OK,0000
LOT-20260809-AAS,line_04,pcb4,2026-08-09,2026-08-09 08:01:30,EQ-04-A,1,0,day,04,L04AAS100003,2026-08-09 08:01:30,2026-08-09 08:03:31,1,0.516,OK,0000,0.82,OK,0000
LOT-20260809-AAS,line_04,pcb4,2026-08-09,2026-08-09 08:01:50,EQ-04-A,1,0,day,04,L04AAS100004,2026-08-09 08:01:50,2026-08-09 08:03:50,2,0.45,OK,0000,0.85,OK,0000
LOT-20260809-AAS,line_04,pcb4,2026-08-09,2026-08-09 08:02:25,EQ-04-A,1,0,day,04,L04AAS100005,2026-08-09 08:02:25,2026-08-09 08:04:24,2,0.743,OK,0000,0.91,OK,0000
LOT-20260809-AAS,line_04,pcb4,2026-08-09,2026-08-09 08:03:00,EQ-04-A,1,0,day,04,L04AAS100006,2026-08-09 08:03:00,2026-08-09 08:05:01,1,0.492,OK,0000,0.85,OK,0000
LOT-20260809-AAS,line_04,pcb4,2026-08-09,2026-08-09 08:03:22,EQ-04-A,1,0,day,04,L04AAS100007,2026-08-09 08:03:22,2026-08-09 08:05:22,2,0.408,OK,0000,0.82,OK,0000
LOT-20260809-AAS,line_04,pcb4,2026-08-09,2026-08-09 08:03:45,EQ-04-A,1,1,day,04,L04AAS100008,2026-08-09 08:03:45,2026-08-09 08:05:42,1,0.657,RE,ESA6,1.41,NG,ESA6
LOT-20260809-AAS,line_04,pcb4,2026-08-09,2026-08-09 08:04:17,EQ-04-A,1,0,day,04,L04AAS100009,2026-08-09 08:04:17,2026-08-09 08:06:18,2,0.395,OK,0000,0.85,OK,0000
LOT-20260809-AAS,line_04,pcb4,2026-08-09,2026-08-09 08:04:48,EQ-04-A,1,0,day,04,L04AAS100010,2026-08-09 08:04:48,2026-08-09 08:06:45,2,0.464,OK,0000,0.87,OK,0000
LOT-20260809-AAS,line_04,pcb4,2026-08-09,2026-08-09 08:05:16,EQ-04-A,1,0,day,04,L04AAS100011,2026-08-09 08:05:16,2026-08-09 08:07:18,2,0.442,OK,0000,0.8,OK,0000
LOT-20260809-AAS,line_04,pcb4,2026-08-09,2026-08-09 08:05:49,EQ-04-A,1,0,day,04,L04AAS100012,2026-08-09 08:05:49,2026-08-09 08:07:48,1,0.651,OK,0000,0.83,OK,0000
LOT-20260809-AAS,line_04,pcb4,2026-08-09,2026-08-09 08:06:28,EQ-04-A,1,0,day,04,L04AAS100013,2026-08-09 08:06:28,2026-08-09 08:08:25,1,0.47,RE,ESA1,1.29,OK,0000
LOT-20260809-AAS,line_04,pcb4,2026-08-09,2026-08-09 08:07:06,EQ-04-A,1,0,day,04,L04AAS100014,2026-08-09 08:07:06,2026-08-09 08:09:09,2,0.553,OK,0000,0.86,OK,0000
LOT-20260809-AAS,line_04,pcb4,2026-08-09,2026-08-09 08:07:35,EQ-04-A,1,0,day,04,L04AAS100015,2026-08-09 08:07:35,2026-08-09 08:09:32,1,0.256,OK,0000,0.86,OK,0000
LOT-20260809-AAS,line_04,pcb4,2026-08-09,2026-08-09 08:07:59,EQ-04-A,1,0,day,04,L04AAS100016,2026-08-09 08:07:59,2026-08-09 08:09:58,1,0.214,OK,0000,0.87,OK,0000
LOT-20260809-AAS,line_04,pcb4,2026-08-09,2026-08-09 08:08:20,EQ-04-A,1,0,day,04,L04AAS100017,2026-08-09 08:08:20,2026-08-09 08:10:21,1,0.668,OK,0000,0.8,OK,0000
LOT-20260809-AAS,line_04,pcb4,2026-08-09,2026-08-09 08:08:57,EQ-04-A,1,0,day,04,L04AAS100018,2026-08-09 08:08:57,2026-08-09 08:11:02,2,0.549,OK,0000,0.88,OK,0000
LOT-20260809-AAS,line_04,pcb4,2026-08-09,2026-08-09 08:09:30,EQ-04-A,1,0,day,04,L04AAS100019,2026-08-09 08:09:30,2026-08-09 08:11:27,1,0.433,RE,ESA4,1.32,OK,0000
LOT-20260809-AAS,line_04,pcb4,2026-08-09,2026-08-09 08:10:01,EQ-04-A,1,0,day,04,L04AAS100020,2026-08-09 08:10:01,2026-08-09 08:12:00,2,0.082,OK,0000,0.88,OK,0000
LOT-20260809-AAS,line_04,pcb4,2026-08-09,2026-08-09 08:10:41,EQ-04-A,1,0,day,04,L04AAS100021,2026-08-09 08:10:41,2026-08-09 08:12:45,2,0.504,OK,0000,0.83,OK,0000
LOT-20260809-AAS,line_04,pcb4,2026-08-09,2026-08-09 08:11:16,EQ-04-A,1,0,day,04,L04AAS100022,2026-08-09 08:11:16,2026-08-09 08:13:13,1,0.648,OK,0000,0.91,OK,0000
LOT-20260809-AAS,line_04,pcb4,2026-08-09,2026-08-09 08:11:50,EQ-04-A,1,0,day,04,L04AAS100023,2026-08-09 08:11:50,2026-08-09 08:13:49,1,0.573,OK,0000,0.9,OK,0000
LOT-20260809-AAS,line_04,pcb4,2026-08-09,2026-08-09 08:12:17,EQ-04-A,1,0,day,04,L04AAS100024,2026-08-09 08:12:17,2026-08-09 08:14:20,2,0.267,OK,0000,0.87,OK,0000
LOT-20260809-AAS,line_04,pcb4,2026-08-09,2026-08-09 08:12:42,EQ-04-A,1,0,day,04,L04AAS100025,2026-08-09 08:12:42,2026-08-09 08:14:43,1,0.48,OK,0000,0.81,OK,0000
LOT-20260809-AAS,line_04,pcb4,2026-08-09,2026-08-09 08:13:19,EQ-04-A,1,0,day,04,L04AAS100026,2026-08-09 08:13:19,2026-08-09 08:15:14,2,0.211,OK,0000,0.86,OK,0000
LOT-20260809-AAS,line_04,pcb4,2026-08-09,2026-08-09 08:13:50,EQ-04-A,1,0,day,04,L04AAS100027,2026-08-09 08:13:50,2026-08-09 08:15:47,1,0.631,OK,0000,0.89,OK,0000
LOT-20260809-AAS,line_04,pcb4,2026-08-09,2026-08-09 08:14:12,EQ-04-A,1,0,day,04,L04AAS100028,2026-08-09 08:14:12,2026-08-09 08:16:17,1,0.676,OK,0000,0.81,OK,0000
LOT-20260809-AAS,line_04,pcb4,2026-08-09,2026-08-09 08:14:40,EQ-04-A,1,1,day,04,L04AAS100029,2026-08-09 08:14:40,2026-08-09 08:16:35,2,0.694,RE,ESA6,1.39,NG,ESA7
LOT-20260809-AAS,line_04,pcb4,2026-08-09,2026-08-09 08:15:03,EQ-04-A,1,0,day,04,L04AAS100030,2026-08-09 08:15:03,2026-08-09 08:16:58,1,0.461,OK,0000,0.84,OK,0000
LOT-20260809-AAS,line_04,pcb4,2026-08-09,2026-08-09 08:15:30,EQ-04-A,1,1,day,04,L04AAS100031,2026-08-09 08:15:30,2026-08-09 08:17:33,1,0.36,RE,ESA3,1.4,NG,ESA4
LOT-20260809-AAS,line_04,pcb4,2026-08-09,2026-08-09 08:16:02,EQ-04-A,1,0,day,04,L04AAS100032,2026-08-09 08:16:02,2026-08-09 08:17:58,1,0.273,OK,0000,0.86,OK,0000
LOT-20260809-AAS,line_04,pcb4,2026-08-09,2026-08-09 08:16:41,EQ-04-A,1,0,day,04,L04AAS100033,2026-08-09 08:16:41,2026-08-09 08:18:36,1,0.41,OK,0000,0.8,OK,0000
LOT-20260809-AAS,line_04,pcb4,2026-08-09,2026-08-09 08:17:03,EQ-04-A,1,0,day,04,L04AAS100034,2026-08-09 08:17:03,2026-08-09 08:19:01,2,0.219,OK,0000,0.83,OK,0000
LOT-20260809-AAS,line_04,pcb4,2026-08-09,2026-08-09 08:17:32,EQ-04-A,1,0,day,04,L04AAS100035,2026-08-09 08:17:32,2026-08-09 08:19:28,2,0.31,OK,0000,0.84,OK,0000
LOT-20260809-AAS,line_04,pcb4,2026-08-09,2026-08-09 08:18:07,EQ-04-A,1,0,day,04,L04AAS100036,2026-08-09 08:18:07,2026-08-09 08:20:12,1,0.765,OK,0000,0.85,OK,0000
LOT-20260809-AAS,line_04,pcb4,2026-08-09,2026-08-09 08:18:44,EQ-04-A,1,0,day,04,L04AAS100037,2026-08-09 08:18:44,2026-08-09 08:20:49,2,0.8,OK,0000,0.8,OK,0000
LOT-20260809-AAS,line_04,pcb4,2026-08-09,2026-08-09 08:19:16,EQ-04-A,1,0,day,04,L04AAS100038,2026-08-09 08:19:16,2026-08-09 08:21:16,2,0.308,OK,0000,0.8,OK,0000
LOT-20260809-AAS,line_04,pcb4,2026-08-09,2026-08-09 08:19:55,EQ-04-A,1,0,day,04,L04AAS100039,2026-08-09 08:19:55,2026-08-09 08:21:54,2,0.49,OK,0000,0.95,OK,0000
LOT-20260809-AAS,line_04,pcb4,2026-08-09,2026-08-09 08:20:18,EQ-04-A,1,0,day,04,L04AAS100040,2026-08-09 08:20:18,2026-08-09 08:22:20,1,0.251,RE,ESA3,1.31,OK,0000
LOT-20260809-AAS,line_04,pcb4,2026-08-09,2026-08-09 08:20:54,EQ-04-A,1,0,day,04,L04AAS100041,2026-08-09 08:20:54,2026-08-09 08:22:56,1,0.395,OK,0000,0.83,OK,0000
LOT-20260809-AAS,line_04,pcb4,2026-08-09,2026-08-09 08:21:24,EQ-04-A,1,0,day,04,L04AAS100042,2026-08-09 08:21:24,2026-08-09 08:23:19,2,0.311,OK,0000,0.88,OK,0000
LOT-20260809-AAS,line_04,pcb4,2026-08-09,2026-08-09 08:21:59,EQ-04-A,1,0,day,04,L04AAS100043,2026-08-09 08:21:59,2026-08-09 08:24:01,2,0.493,OK,0000,0.88,OK,0000
LOT-20260809-AAS,line_04,pcb4,2026-08-09,2026-08-09 08:22:35,EQ-04-A,1,0,day,04,L04AAS100044,2026-08-09 08:22:35,2026-08-09 08:24:39,2,0.526,OK,0000,0.8,OK,0000
LOT-20260809-AAS,line_04,pcb4,2026-08-09,2026-08-09 08:22:56,EQ-04-A,1,0,day,04,L04AAS100045,2026-08-09 08:22:56,2026-08-09 08:24:52,1,0.664,OK,0000,0.8,OK,0000
LOT-20260809-AAS,line_04,pcb4,2026-08-09,2026-08-09 08:23:29,EQ-04-A,1,0,day,04,L04AAS100046,2026-08-09 08:23:29,2026-08-09 08:25:33,2,0.22,OK,0000,0.8,OK,0000
LOT-20260809-AAS,line_04,pcb4,2026-08-09,2026-08-09 08:24:04,EQ-04-A,1,0,day,04,L04AAS100047,2026-08-09 08:24:04,2026-08-09 08:26:09,2,0.364,OK,0000,0.9,OK,0000
LOT-20260809-AAS,line_04,pcb4,2026-08-09,2026-08-09 08:24:43,EQ-04-A,1,0,day,04,L04AAS100048,2026-08-09 08:24:43,2026-08-09 08:26:42,1,0.474,OK,0000,0.89,OK,0000
LOT-20260809-AAS,line_04,pcb4,2026-08-09,2026-08-09 08:25:18,EQ-04-A,1,0,day,04,L04AAS100049,2026-08-09 08:25:18,2026-08-09 08:27:18,1,0.415,OK,0000,0.85,OK,0000
LOT-20260809-AAS,line_04,pcb4,2026-08-09,2026-08-09 08:25:45,EQ-04-A,1,0,day,04,L04AAS100050,2026-08-09 08:25:45,2026-08-09 08:27:41,1,0.571,RE,ESA8,1.32,OK,0000
LOT-20260809-AAS,line_04,pcb4,2026-08-09,2026-08-09 08:26:05,EQ-04-A,1,0,day,04,L04AAS100051,2026-08-09 08:26:05,2026-08-09 08:28:05,1,0.43,RE,ESA4,1.21,OK,0000
LOT-20260809-AAS,line_04,pcb4,2026-08-09,2026-08-09 08:26:36,EQ-04-A,1,0,day,04,L04AAS100052,2026-08-09 08:26:36,2026-08-09 08:28:41,1,0.455,OK,0000,0.8,OK,0000
LOT-20260809-AAS,line_04,pcb4,2026-08-09,2026-08-09 08:27:05,EQ-04-A,1,0,day,04,L04AAS100053,2026-08-09 08:27:05,2026-08-09 08:29:06,1,0.487,OK,0000,0.82,OK,0000
LOT-20260809-AAS,line_04,pcb4,2026-08-09,2026-08-09 08:27:30,EQ-04-A,1,0,day,04,L04AAS100054,2026-08-09 08:27:30,2026-08-09 08:29:25,2,0.587,OK,0000,0.84,OK,0000
LOT-20260809-AAS,line_04,pcb4,2026-08-09,2026-08-09 08:28:02,EQ-04-A,1,0,day,04,L04AAS100055,2026-08-09 08:28:02,2026-08-09 08:30:04,1,0.7,OK,0000,0.84,OK,0000
LOT-20260809-AAS,line_04,pcb4,2026-08-09,2026-08-09 08:28:30,EQ-04-A,1,0,day,04,L04AAS100056,2026-08-09 08:28:30,2026-08-09 08:30:32,1,0.416,OK,0000,0.84,OK,0000
LOT-20260809-AAS,line_04,pcb4,2026-08-09,2026-08-09 08:29:01,EQ-04-A,1,0,day,04,L04AAS100057,2026-08-09 08:29:01,2026-08-09 08:31:05,2,0.609,OK,0000,0.8,OK,0000
LOT-20260809-AAS,line_04,pcb4,2026-08-09,2026-08-09 08:29:32,EQ-04-A,1,0,day,04,L04AAS100058,2026-08-09 08:29:32,2026-08-09 08:31:28,1,0.393,OK,0000,0.81,OK,0000
LOT-20260809-AAS,line_04,pcb4,2026-08-09,2026-08-09 08:30:02,EQ-04-A,1,1,day,04,L04AAS100059,2026-08-09 08:30:02,2026-08-09 08:32:01,1,0.562,NG,ESA1,1.85,NG,ESA1
LOT-20260809-AAS,line_04,pcb4,2026-08-09,2026-08-09 08:30:26,EQ-04-A,1,0,day,04,L04AAS100060,2026-08-09 08:30:26,2026-08-09 08:32:26,2,0.515,OK,0000,0.8,OK,0000
LOT-20260809-AAS,line_04,pcb4,2026-08-09,2026-08-09 08:30:47,EQ-04-A,1,0,day,04,L04AAS100061,2026-08-09 08:30:47,2026-08-09 08:32:46,1,0.252,OK,0000,0.83,OK,0000
LOT-20260809-AAS,line_04,pcb4,2026-08-09,2026-08-09 08:31:12,EQ-04-A,1,0,day,04,L04AAS100062,2026-08-09 08:31:12,2026-08-09 08:33:08,2,0.425,OK,0000,0.84,OK,0000
LOT-20260809-AAS,line_04,pcb4,2026-08-09,2026-08-09 08:31:51,EQ-04-A,1,0,day,04,L04AAS100063,2026-08-09 08:31:51,2026-08-09 08:33:54,2,0.43,NG,ESA6,1.95,OK,0000
LOT-20260809-AAS,line_04,pcb4,2026-08-09,2026-08-09 08:32:20,EQ-04-A,1,0,day,04,L04AAS100064,2026-08-09 08:32:20,2026-08-09 08:34:24,2,0.156,OK,0000,0.85,OK,0000
LOT-20260809-AAS,line_04,pcb4,2026-08-09,2026-08-09 08:32:42,EQ-04-A,1,1,day,04,L04AAS100065,2026-08-09 08:32:42,2026-08-09 08:34:39,1,0.624,RE,ESA6,1.32,NG,ESA6
LOT-20260809-AAS,line_04,pcb4,2026-08-09,2026-08-09 08:33:05,EQ-04-A,1,0,day,04,L04AAS100066,2026-08-09 08:33:05,2026-08-09 08:35:08,2,0.618,OK,0000,0.88,OK,0000
LOT-20260809-AAS,line_04,pcb4,2026-08-09,2026-08-09 08:33:37,EQ-04-A,1,0,day,04,L04AAS100067,2026-08-09 08:33:37,2026-08-09 08:35:35,2,0.409,OK,0000,0.8,OK,0000
LOT-20260809-AAS,line_04,pcb4,2026-08-09,2026-08-09 08:34:16,EQ-04-A,1,0,day,04,L04AAS100068,2026-08-09 08:34:16,2026-08-09 08:36:12,1,0.195,OK,0000,0.83,OK,0000
LOT-20260809-AAS,line_04,pcb4,2026-08-09,2026-08-09 08:34:36,EQ-04-A,1,0,day,04,L04AAS100069,2026-08-09 08:34:36,2026-08-09 08:36:35,1,0.383,OK,0000,0.89,OK,0000
LOT-20260809-AAS,line_04,pcb4,2026-08-09,2026-08-09 08:35:11,EQ-04-A,1,0,day,04,L04AAS100070,2026-08-09 08:35:11,2026-08-09 08:37:14,2,0.457,OK,0000,0.8,OK,0000
LOT-20260809-AAS,line_04,pcb4,2026-08-09,2026-08-09 08:35:49,EQ-04-A,1,0,day,04,L04AAS100071,2026-08-09 08:35:49,2026-08-09 08:37:51,2,0.322,OK,0000,0.92,OK,0000
LOT-20260809-AAS,line_04,pcb4,2026-08-09,2026-08-09 08:36:16,EQ-04-A,1,1,day,04,L04AAS100072,2026-08-09 08:36:16,2026-08-09 08:38:12,2,0.497,RE,ESA8,1.17,NG,ESA8
LOT-20260809-AAS,line_04,pcb4,2026-08-09,2026-08-09 08:36:40,EQ-04-A,1,0,day,04,L04AAS100073,2026-08-09 08:36:40,2026-08-09 08:38:36,1,0.519,OK,0000,0.92,OK,0000
LOT-20260809-AAS,line_04,pcb4,2026-08-09,2026-08-09 08:37:04,EQ-04-A,1,0,day,04,L04AAS100074,2026-08-09 08:37:04,2026-08-09 08:39:07,1,0.442,OK,0000,0.87,OK,0000
LOT-20260809-AAS,line_04,pcb4,2026-08-09,2026-08-09 08:37:27,EQ-04-A,1,0,day,04,L04AAS100075,2026-08-09 08:37:27,2026-08-09 08:39:32,2,0.678,OK,0000,0.8,OK,0000
LOT-20260809-AAS,line_04,pcb4,2026-08-09,2026-08-09 08:37:48,EQ-04-A,1,0,day,04,L04AAS100076,2026-08-09 08:37:48,2026-08-09 08:39:46,1,0.404,OK,0000,0.88,OK,0000
LOT-20260809-AAS,line_04,pcb4,2026-08-09,2026-08-09 08:38:20,EQ-04-A,1,0,day,04,L04AAS100077,2026-08-09 08:38:20,2026-08-09 08:40:20,1,0.395,OK,0000,0.86,OK,0000
LOT-20260809-AAS,line_04,pcb4,2026-08-09,2026-08-09 08:38:48,EQ-04-A,1,1,day,04,L04AAS100078,2026-08-09 08:38:48,2026-08-09 08:40:48,1,0.386,RE,ESA4,1.21,NG,ESA4
LOT-20260809-AAS,line_04,pcb4,2026-08-09,2026-08-09 08:39:10,EQ-04-A,1,0,day,04,L04AAS100079,2026-08-09 08:39:10,2026-08-09 08:41:12,1,0.415,OK,0000,0.87,OK,0000
LOT-20260809-AAS,line_04,pcb4,2026-08-09,2026-08-09 08:39:33,EQ-04-A,1,0,day,04,L04AAS100080,2026-08-09 08:39:33,2026-08-09 08:41:35,2,0.53,OK,0000,0.84,OK,0000
LOT-20260809-AAS,line_04,pcb4,2026-08-09,2026-08-09 08:40:10,EQ-04-A,1,0,day,04,L04AAS100081,2026-08-09 08:40:10,2026-08-09 08:42:05,1,0.876,OK,0000,0.91,OK,0000
LOT-20260809-AAS,line_04,pcb4,2026-08-09,2026-08-09 08:40:36,EQ-04-A,1,0,day,04,L04AAS100082,2026-08-09 08:40:36,2026-08-09 08:42:39,2,0.203,OK,0000,0.82,OK,0000
LOT-20260809-AAS,line_04,pcb4,2026-08-09,2026-08-09 08:40:56,EQ-04-A,1,0,day,04,L04AAS100083,2026-08-09 08:40:56,2026-08-09 08:42:52,2,0.864,OK,0000,0.82,OK,0000
LOT-20260809-AAS,line_04,pcb4,2026-08-09,2026-08-09 08:41:25,EQ-04-A,1,0,day,04,L04AAS100084,2026-08-09 08:41:25,2026-08-09 08:43:22,1,0.813,OK,0000,0.82,OK,0000
LOT-20260809-AAS,line_04,pcb4,2026-08-09,2026-08-09 08:41:57,EQ-04-A,1,0,day,04,L04AAS100085,2026-08-09 08:41:57,2026-08-09 08:43:58,1,0.465,OK,0000,0.87,OK,0000
LOT-20260809-AAS,line_04,pcb4,2026-08-09,2026-08-09 08:42:33,EQ-04-A,1,0,day,04,L04AAS100086,2026-08-09 08:42:33,2026-08-09 08:44:36,2,0.486,OK,0000,0.86,OK,0000
LOT-20260809-AAS,line_04,pcb4,2026-08-09,2026-08-09 08:43:09,EQ-04-A,1,0,day,04,L04AAS100087,2026-08-09 08:43:09,2026-08-09 08:45:10,1,0.736,OK,0000,0.87,OK,0000
LOT-20260809-AAS,line_04,pcb4,2026-08-09,2026-08-09 08:43:37,EQ-04-A,1,0,day,04,L04AAS100088,2026-08-09 08:43:37,2026-08-09 08:45:42,1,0.521,OK,0000,0.91,OK,0000
LOT-20260809-AAS,line_04,pcb4,2026-08-09,2026-08-09 08:44:03,EQ-04-A,1,0,day,04,L04AAS100089,2026-08-09 08:44:03,2026-08-09 08:46:01,1,0.632,OK,0000,0.81,OK,0000
LOT-20260809-AAS,line_04,pcb4,2026-08-09,2026-08-09 08:44:33,EQ-04-A,1,0,day,04,L04AAS100090,2026-08-09 08:44:33,2026-08-09 08:46:35,2,0.797,OK,0000,0.87,OK,0000
LOT-20260809-AAS,line_04,pcb4,2026-08-09,2026-08-09 08:45:06,EQ-04-A,1,0,day,04,L04AAS100091,2026-08-09 08:45:06,2026-08-09 08:47:09,2,0.468,OK,0000,0.8,OK,0000
LOT-20260809-AAS,line_04,pcb4,2026-08-09,2026-08-09 08:45:39,EQ-04-A,1,0,day,04,L04AAS100092,2026-08-09 08:45:39,2026-08-09 08:47:40,2,0.293,OK,0000,0.91,OK,0000
LOT-20260809-AAS,line_04,pcb4,2026-08-09,2026-08-09 08:45:59,EQ-04-A,1,0,day,04,L04AAS100093,2026-08-09 08:45:59,2026-08-09 08:48:00,2,0.761,OK,0000,0.84,OK,0000
LOT-20260809-AAS,line_04,pcb4,2026-08-09,2026-08-09 08:46:37,EQ-04-A,1,0,day,04,L04AAS100094,2026-08-09 08:46:37,2026-08-09 08:48:37,1,0.234,RE,ESA2,1.14,OK,0000
LOT-20260809-AAS,line_04,pcb4,2026-08-09,2026-08-09 08:47:04,EQ-04-A,1,0,day,04,L04AAS100095,2026-08-09 08:47:04,2026-08-09 08:49:06,2,0.256,OK,0000,0.8,OK,0000
LOT-20260809-AAS,line_04,pcb4,2026-08-09,2026-08-09 08:47:30,EQ-04-A,1,0,day,04,L04AAS100096,2026-08-09 08:47:30,2026-08-09 08:49:30,2,0.804,OK,0000,0.92,OK,0000
LOT-20260809-AAS,line_04,pcb4,2026-08-09,2026-08-09 08:48:09,EQ-04-A,1,0,day,04,L04AAS100097,2026-08-09 08:48:09,2026-08-09 08:50:04,1,0.332,OK,0000,0.84,OK,0000
LOT-20260809-AAS,line_04,pcb4,2026-08-09,2026-08-09 08:48:39,EQ-04-A,1,0,day,04,L04AAS100098,2026-08-09 08:48:39,2026-08-09 08:50:41,2,0.307,OK,0000,0.84,OK,0000
LOT-20260809-AAS,line_04,pcb4,2026-08-09,2026-08-09 08:49:00,EQ-04-A,1,0,day,04,L04AAS100099,2026-08-09 08:49:00,2026-08-09 08:51:02,1,0.746,OK,0000,0.88,OK,0000
LOT-20260809-AAS,line_04,pcb4,2026-08-09,2026-08-09 08:49:30,EQ-04-A,1,0,day,04,L04AAS100100,2026-08-09 08:49:30,2026-08-09 08:51:34,1,0.621,OK,0000,0.83,OK,0000
LOT-20260809-AAS,line_04,pcb4,2026-08-09,2026-08-09 08:49:50,EQ-04-A,1,0,day,04,L04AAS100101,2026-08-09 08:49:50,2026-08-09 08:51:47,1,0.689,OK,0000,0.87,OK,0000
LOT-20260809-AAS,line_04,pcb4,2026-08-09,2026-08-09 08:50:25,EQ-04-A,1,0,day,04,L04AAS100102,2026-08-09 08:50:25,2026-08-09 08:52:27,1,0.561,OK,0000,0.84,OK,0000
LOT-20260809-AAS,line_04,pcb4,2026-08-09,2026-08-09 08:50:51,EQ-04-A,1,0,day,04,L04AAS100103,2026-08-09 08:50:51,2026-08-09 08:52:56,1,0.548,OK,0000,0.85,OK,0000
LOT-20260810-AAP,line_01,pcb1,2026-08-10,2026-08-10 08:00:00,EQ-01-A,1,0,day,01,L01AAP100177,2026-08-10 08:00:00,2026-08-10 08:02:02,2,0.35,OK,0000,0.8,OK,0000
LOT-20260810-AAP,line_01,pcb1,2026-08-10,2026-08-10 08:00:31,EQ-01-A,1,1,day,01,L01AAP100178,2026-08-10 08:00:31,2026-08-10 08:02:33,1,0.472,RE,ESA0,1.21,NG,ESA0
LOT-20260810-AAP,line_01,pcb1,2026-08-10,2026-08-10 08:00:54,EQ-01-A,1,0,day,01,L01AAP100179,2026-08-10 08:00:54,2026-08-10 08:02:57,1,0.407,OK,0000,0.81,OK,0000
LOT-20260810-AAP,line_01,pcb1,2026-08-10,2026-08-10 08:01:25,EQ-01-A,1,0,day,01,L01AAP100180,2026-08-10 08:01:25,2026-08-10 08:03:29,1,0.544,OK,0000,0.9,OK,0000
LOT-20260810-AAP,line_01,pcb1,2026-08-10,2026-08-10 08:02:02,EQ-01-A,1,0,day,01,L01AAP100181,2026-08-10 08:02:02,2026-08-10 08:04:03,1,0.498,OK,0000,0.84,OK,0000
LOT-20260810-AAP,line_01,pcb1,2026-08-10,2026-08-10 08:02:40,EQ-01-A,1,0,day,01,L01AAP100182,2026-08-10 08:02:40,2026-08-10 08:04:37,2,0.36,OK,0000,0.83,OK,0000
LOT-20260810-AAP,line_01,pcb1,2026-08-10,2026-08-10 08:03:00,EQ-01-A,1,0,day,01,L01AAP100183,2026-08-10 08:03:00,2026-08-10 08:05:04,1,0.679,OK,0000,0.88,OK,0000
LOT-20260810-AAP,line_01,pcb1,2026-08-10,2026-08-10 08:03:37,EQ-01-A,1,0,day,01,L01AAP100184,2026-08-10 08:03:37,2026-08-10 08:05:34,1,0.645,OK,0000,0.88,OK,0000
LOT-20260810-AAP,line_01,pcb1,2026-08-10,2026-08-10 08:04:09,EQ-01-A,1,0,day,01,L01AAP100185,2026-08-10 08:04:09,2026-08-10 08:06:12,2,0.566,OK,0000,0.86,OK,0000
LOT-20260810-AAP,line_01,pcb1,2026-08-10,2026-08-10 08:04:29,EQ-01-A,1,0,day,01,L01AAP100186,2026-08-10 08:04:29,2026-08-10 08:06:24,2,0.537,OK,0000,0.82,OK,0000
LOT-20260810-AAP,line_01,pcb1,2026-08-10,2026-08-10 08:04:55,EQ-01-A,1,0,day,01,L01AAP100187,2026-08-10 08:04:55,2026-08-10 08:06:57,2,0.513,OK,0000,0.85,OK,0000
LOT-20260810-AAP,line_01,pcb1,2026-08-10,2026-08-10 08:05:16,EQ-01-A,1,0,day,01,L01AAP100188,2026-08-10 08:05:16,2026-08-10 08:07:15,1,0.595,OK,0000,0.84,OK,0000
LOT-20260810-AAP,line_01,pcb1,2026-08-10,2026-08-10 08:05:54,EQ-01-A,1,0,day,01,L01AAP100189,2026-08-10 08:05:54,2026-08-10 08:07:51,2,0.816,OK,0000,0.8,OK,0000
LOT-20260810-AAP,line_01,pcb1,2026-08-10,2026-08-10 08:06:22,EQ-01-A,1,0,day,01,L01AAP100190,2026-08-10 08:06:22,2026-08-10 08:08:18,1,0.613,OK,0000,0.84,OK,0000
LOT-20260810-AAP,line_01,pcb1,2026-08-10,2026-08-10 08:06:56,EQ-01-A,1,0,day,01,L01AAP100191,2026-08-10 08:06:56,2026-08-10 08:08:54,1,0.5,OK,0000,0.81,OK,0000
LOT-20260810-AAP,line_01,pcb1,2026-08-10,2026-08-10 08:07:33,EQ-01-A,1,0,day,01,L01AAP100192,2026-08-10 08:07:33,2026-08-10 08:09:34,1,0.653,OK,0000,0.87,OK,0000
LOT-20260810-AAP,line_01,pcb1,2026-08-10,2026-08-10 08:08:03,EQ-01-A,1,0,day,01,L01AAP100193,2026-08-10 08:08:03,2026-08-10 08:10:07,1,0.625,OK,0000,0.85,OK,0000
LOT-20260810-AAP,line_01,pcb1,2026-08-10,2026-08-10 08:08:40,EQ-01-A,1,0,day,01,L01AAP100194,2026-08-10 08:08:40,2026-08-10 08:10:44,1,0.451,OK,0000,0.84,OK,0000
LOT-20260810-AAP,line_01,pcb1,2026-08-10,2026-08-10 08:09:07,EQ-01-A,1,0,day,01,L01AAP100195,2026-08-10 08:09:07,2026-08-10 08:11:09,2,0.565,OK,0000,0.8,OK,0000
LOT-20260810-AAP,line_01,pcb1,2026-08-10,2026-08-10 08:09:32,EQ-01-A,1,0,day,01,L01AAP100196,2026-08-10 08:09:32,2026-08-10 08:11:28,1,0.631,OK,0000,0.94,OK,0000
LOT-20260810-AAP,line_01,pcb1,2026-08-10,2026-08-10 08:10:04,EQ-01-A,1,0,day,01,L01AAP100197,2026-08-10 08:10:04,2026-08-10 08:12:08,1,0.572,OK,0000,0.83,OK,0000
LOT-20260810-AAP,line_01,pcb1,2026-08-10,2026-08-10 08:10:37,EQ-01-A,1,0,day,01,L01AAP100198,2026-08-10 08:10:37,2026-08-10 08:12:39,2,0.476,OK,0000,0.87,OK,0000
LOT-20260810-AAP,line_01,pcb1,2026-08-10,2026-08-10 08:11:09,EQ-01-A,1,0,day,01,L01AAP100199,2026-08-10 08:11:09,2026-08-10 08:13:06,2,0.461,OK,0000,0.87,OK,0000
LOT-20260810-AAP,line_01,pcb1,2026-08-10,2026-08-10 08:11:46,EQ-01-A,1,0,day,01,L01AAP100200,2026-08-10 08:11:46,2026-08-10 08:13:48,2,0.474,OK,0000,0.91,OK,0000
LOT-20260810-AAT,line_01,pcb1,2026-08-10,2026-08-10 08:12:14,EQ-01-A,1,0,day,01,L01AAT100001,2026-08-10 08:12:14,2026-08-10 08:14:16,2,0.753,OK,0000,0.83,OK,0000
LOT-20260810-AAT,line_01,pcb1,2026-08-10,2026-08-10 08:12:34,EQ-01-A,1,0,day,01,L01AAT100002,2026-08-10 08:12:34,2026-08-10 08:14:29,2,0.488,OK,0000,0.84,OK,0000
LOT-20260810-AAT,line_01,pcb1,2026-08-10,2026-08-10 08:13:07,EQ-01-A,1,1,day,01,L01AAT100003,2026-08-10 08:13:07,2026-08-10 08:15:02,1,0.499,RE,ESA6,1.16,NG,ESA6
LOT-20260810-AAT,line_01,pcb1,2026-08-10,2026-08-10 08:13:32,EQ-01-A,1,0,day,01,L01AAT100004,2026-08-10 08:13:32,2026-08-10 08:15:29,1,0.337,OK,0000,0.89,OK,0000
LOT-20260810-AAT,line_01,pcb1,2026-08-10,2026-08-10 08:14:11,EQ-01-A,1,0,day,01,L01AAT100005,2026-08-10 08:14:11,2026-08-10 08:16:11,2,0.663,RE,ESA0,1.36,OK,0000
LOT-20260810-AAT,line_01,pcb1,2026-08-10,2026-08-10 08:14:40,EQ-01-A,1,0,day,01,L01AAT100006,2026-08-10 08:14:40,2026-08-10 08:16:44,1,0.49,OK,0000,0.92,OK,0000
LOT-20260810-AAT,line_01,pcb1,2026-08-10,2026-08-10 08:15:07,EQ-01-A,1,0,day,01,L01AAT100007,2026-08-10 08:15:07,2026-08-10 08:17:05,1,0.497,OK,0000,0.87,OK,0000
LOT-20260810-AAT,line_01,pcb1,2026-08-10,2026-08-10 08:15:33,EQ-01-A,1,0,day,01,L01AAT100008,2026-08-10 08:15:33,2026-08-10 08:17:29,1,0.292,OK,0000,0.83,OK,0000
LOT-20260810-AAT,line_01,pcb1,2026-08-10,2026-08-10 08:15:54,EQ-01-A,1,1,day,01,L01AAT100009,2026-08-10 08:15:54,2026-08-10 08:17:54,2,0.477,RE,ESA5,1.24,NG,ESA5
LOT-20260810-AAT,line_01,pcb1,2026-08-10,2026-08-10 08:16:25,EQ-01-A,1,0,day,01,L01AAT100010,2026-08-10 08:16:25,2026-08-10 08:18:25,1,0.301,OK,0000,0.87,OK,0000
LOT-20260810-AAT,line_01,pcb1,2026-08-10,2026-08-10 08:16:54,EQ-01-A,1,0,day,01,L01AAT100011,2026-08-10 08:16:54,2026-08-10 08:18:52,2,0.654,OK,0000,0.81,OK,0000
LOT-20260810-AAT,line_01,pcb1,2026-08-10,2026-08-10 08:17:26,EQ-01-A,1,0,day,01,L01AAT100012,2026-08-10 08:17:26,2026-08-10 08:19:25,2,0.328,OK,0000,0.81,OK,0000
LOT-20260810-AAT,line_01,pcb1,2026-08-10,2026-08-10 08:17:52,EQ-01-A,1,0,day,01,L01AAT100013,2026-08-10 08:17:52,2026-08-10 08:19:49,2,0.574,OK,0000,0.82,OK,0000
LOT-20260810-AAT,line_01,pcb1,2026-08-10,2026-08-10 08:18:21,EQ-01-A,1,0,day,01,L01AAT100014,2026-08-10 08:18:21,2026-08-10 08:20:22,1,0.48,OK,0000,0.8,OK,0000
LOT-20260810-AAT,line_01,pcb1,2026-08-10,2026-08-10 08:18:45,EQ-01-A,1,0,day,01,L01AAT100015,2026-08-10 08:18:45,2026-08-10 08:20:48,1,0.797,OK,0000,0.84,OK,0000
LOT-20260810-AAT,line_01,pcb1,2026-08-10,2026-08-10 08:19:25,EQ-01-A,1,0,day,01,L01AAT100016,2026-08-10 08:19:25,2026-08-10 08:21:24,1,0.672,OK,0000,0.86,OK,0000
LOT-20260810-AAT,line_01,pcb1,2026-08-10,2026-08-10 08:19:53,EQ-01-A,1,0,day,01,L01AAT100017,2026-08-10 08:19:53,2026-08-10 08:21:53,1,0.494,OK,0000,0.84,OK,0000
LOT-20260810-AAT,line_01,pcb1,2026-08-10,2026-08-10 08:20:32,EQ-01-A,1,0,day,01,L01AAT100018,2026-08-10 08:20:32,2026-08-10 08:22:36,2,0.391,OK,0000,0.82,OK,0000
LOT-20260810-AAT,line_01,pcb1,2026-08-10,2026-08-10 08:20:56,EQ-01-A,1,0,day,01,L01AAT100019,2026-08-10 08:20:56,2026-08-10 08:22:58,1,0.349,OK,0000,0.8,OK,0000
LOT-20260810-AAT,line_01,pcb1,2026-08-10,2026-08-10 08:21:28,EQ-01-A,1,0,day,01,L01AAT100020,2026-08-10 08:21:28,2026-08-10 08:23:28,1,0.813,OK,0000,0.85,OK,0000
LOT-20260810-AAT,line_01,pcb1,2026-08-10,2026-08-10 08:21:56,EQ-01-A,1,0,day,01,L01AAT100021,2026-08-10 08:21:56,2026-08-10 08:24:00,2,0.72,OK,0000,0.81,OK,0000
LOT-20260810-AAT,line_01,pcb1,2026-08-10,2026-08-10 08:22:24,EQ-01-A,1,0,day,01,L01AAT100022,2026-08-10 08:22:24,2026-08-10 08:24:24,2,0.312,OK,0000,0.8,OK,0000
LOT-20260810-AAT,line_01,pcb1,2026-08-10,2026-08-10 08:23:03,EQ-01-A,1,0,day,01,L01AAT100023,2026-08-10 08:23:03,2026-08-10 08:25:04,1,0.437,OK,0000,0.84,OK,0000
LOT-20260810-AAT,line_01,pcb1,2026-08-10,2026-08-10 08:23:37,EQ-01-A,1,0,day,01,L01AAT100024,2026-08-10 08:23:37,2026-08-10 08:25:35,1,0.477,OK,0000,0.81,OK,0000
LOT-20260810-AAT,line_01,pcb1,2026-08-10,2026-08-10 08:24:09,EQ-01-A,1,0,day,01,L01AAT100025,2026-08-10 08:24:09,2026-08-10 08:26:11,1,0.513,OK,0000,0.85,OK,0000
LOT-20260810-AAT,line_01,pcb1,2026-08-10,2026-08-10 08:24:39,EQ-01-A,1,0,day,01,L01AAT100026,2026-08-10 08:24:39,2026-08-10 08:26:40,1,0.605,OK,0000,0.9,OK,0000
LOT-20260810-AAT,line_01,pcb1,2026-08-10,2026-08-10 08:25:07,EQ-01-A,1,0,day,01,L01AAT100027,2026-08-10 08:25:07,2026-08-10 08:27:02,1,0.445,OK,0000,0.89,OK,0000
LOT-20260810-AAT,line_01,pcb1,2026-08-10,2026-08-10 08:25:46,EQ-01-A,1,0,day,01,L01AAT100028,2026-08-10 08:25:46,2026-08-10 08:27:41,2,0.51,OK,0000,0.8,OK,0000
LOT-20260810-AAT,line_01,pcb1,2026-08-10,2026-08-10 08:26:06,EQ-01-A,1,0,day,01,L01AAT100029,2026-08-10 08:26:06,2026-08-10 08:28:09,1,0.767,OK,0000,0.93,OK,0000
LOT-20260810-AAT,line_01,pcb1,2026-08-10,2026-08-10 08:26:34,EQ-01-A,1,0,day,01,L01AAT100030,2026-08-10 08:26:34,2026-08-10 08:28:31,1,0.593,OK,0000,0.84,OK,0000
LOT-20260810-AAT,line_01,pcb1,2026-08-10,2026-08-10 08:26:57,EQ-01-A,1,0,day,01,L01AAT100031,2026-08-10 08:26:57,2026-08-10 08:28:57,1,0.459,OK,0000,0.82,OK,0000
LOT-20260810-AAT,line_01,pcb1,2026-08-10,2026-08-10 08:27:17,EQ-01-A,1,0,day,01,L01AAT100032,2026-08-10 08:27:17,2026-08-10 08:29:14,2,0.682,OK,0000,0.84,OK,0000
LOT-20260810-AAT,line_01,pcb1,2026-08-10,2026-08-10 08:27:40,EQ-01-A,1,0,day,01,L01AAT100033,2026-08-10 08:27:40,2026-08-10 08:29:35,2,0.751,OK,0000,0.84,OK,0000
LOT-20260810-AAT,line_01,pcb1,2026-08-10,2026-08-10 08:28:16,EQ-01-A,1,0,day,01,L01AAT100034,2026-08-10 08:28:16,2026-08-10 08:30:21,1,0.438,OK,0000,0.82,OK,0000
LOT-20260810-AAT,line_01,pcb1,2026-08-10,2026-08-10 08:28:40,EQ-01-A,1,0,day,01,L01AAT100035,2026-08-10 08:28:40,2026-08-10 08:30:39,1,0.388,OK,0000,0.86,OK,0000
LOT-20260810-AAT,line_01,pcb1,2026-08-10,2026-08-10 08:29:04,EQ-01-A,1,0,day,01,L01AAT100036,2026-08-10 08:29:04,2026-08-10 08:31:03,2,0.306,OK,0000,0.81,OK,0000
LOT-20260810-AAT,line_01,pcb1,2026-08-10,2026-08-10 08:29:44,EQ-01-A,1,0,day,01,L01AAT100037,2026-08-10 08:29:44,2026-08-10 08:31:40,1,0.699,RE,ESA7,1.15,OK,0000
LOT-20260810-AAT,line_01,pcb1,2026-08-10,2026-08-10 08:30:22,EQ-01-A,1,0,day,01,L01AAT100038,2026-08-10 08:30:22,2026-08-10 08:32:24,1,0.629,OK,0000,0.8,OK,0000
LOT-20260810-AAT,line_01,pcb1,2026-08-10,2026-08-10 08:30:43,EQ-01-A,1,0,day,01,L01AAT100039,2026-08-10 08:30:43,2026-08-10 08:32:41,2,0.718,OK,0000,0.8,OK,0000
LOT-20260810-AAT,line_01,pcb1,2026-08-10,2026-08-10 08:31:09,EQ-01-A,1,0,day,01,L01AAT100040,2026-08-10 08:31:09,2026-08-10 08:33:12,1,0.369,OK,0000,0.87,OK,0000
LOT-20260810-AAT,line_01,pcb1,2026-08-10,2026-08-10 08:31:42,EQ-01-A,1,0,day,01,L01AAT100041,2026-08-10 08:31:42,2026-08-10 08:33:37,1,0.541,OK,0000,0.88,OK,0000
LOT-20260810-AAT,line_01,pcb1,2026-08-10,2026-08-10 08:32:07,EQ-01-A,1,0,day,01,L01AAT100042,2026-08-10 08:32:07,2026-08-10 08:34:08,1,0.308,OK,0000,0.83,OK,0000
LOT-20260810-AAT,line_01,pcb1,2026-08-10,2026-08-10 08:32:35,EQ-01-A,1,0,day,01,L01AAT100043,2026-08-10 08:32:35,2026-08-10 08:34:35,2,0.407,OK,0000,0.8,OK,0000
LOT-20260810-AAT,line_01,pcb1,2026-08-10,2026-08-10 08:33:11,EQ-01-A,1,0,day,01,L01AAT100044,2026-08-10 08:33:11,2026-08-10 08:35:11,2,0.589,OK,0000,0.88,OK,0000
LOT-20260810-AAT,line_01,pcb1,2026-08-10,2026-08-10 08:33:44,EQ-01-A,1,0,day,01,L01AAT100045,2026-08-10 08:33:44,2026-08-10 08:35:41,2,0.449,OK,0000,0.9,OK,0000
LOT-20260810-AAT,line_01,pcb1,2026-08-10,2026-08-10 08:34:04,EQ-01-A,1,0,day,01,L01AAT100046,2026-08-10 08:34:04,2026-08-10 08:36:09,2,0.382,OK,0000,0.9,OK,0000
LOT-20260810-AAT,line_01,pcb1,2026-08-10,2026-08-10 08:34:42,EQ-01-A,1,0,day,01,L01AAT100047,2026-08-10 08:34:42,2026-08-10 08:36:47,2,0.584,OK,0000,0.8,OK,0000
LOT-20260810-AAT,line_01,pcb1,2026-08-10,2026-08-10 08:35:12,EQ-01-A,1,0,day,01,L01AAT100048,2026-08-10 08:35:12,2026-08-10 08:37:09,1,0.797,OK,0000,0.82,OK,0000
LOT-20260810-AAT,line_01,pcb1,2026-08-10,2026-08-10 08:35:49,EQ-01-A,1,0,day,01,L01AAT100049,2026-08-10 08:35:49,2026-08-10 08:37:45,1,0.681,OK,0000,0.85,OK,0000
LOT-20260810-AAT,line_01,pcb1,2026-08-10,2026-08-10 08:36:26,EQ-01-A,1,0,day,01,L01AAT100050,2026-08-10 08:36:26,2026-08-10 08:38:31,1,0.556,OK,0000,0.88,OK,0000
LOT-20260810-AAT,line_01,pcb1,2026-08-10,2026-08-10 08:36:58,EQ-01-A,1,0,day,01,L01AAT100051,2026-08-10 08:36:58,2026-08-10 08:38:55,1,0.627,OK,0000,0.83,OK,0000
LOT-20260810-AAT,line_01,pcb1,2026-08-10,2026-08-10 08:37:35,EQ-01-A,1,0,day,01,L01AAT100052,2026-08-10 08:37:35,2026-08-10 08:39:32,1,0.58,OK,0000,0.86,OK,0000
LOT-20260810-AAT,line_01,pcb1,2026-08-10,2026-08-10 08:38:15,EQ-01-A,1,0,day,01,L01AAT100053,2026-08-10 08:38:15,2026-08-10 08:40:12,2,0.532,OK,0000,0.83,OK,0000
LOT-20260810-AAT,line_01,pcb1,2026-08-10,2026-08-10 08:38:42,EQ-01-A,1,1,day,01,L01AAT100054,2026-08-10 08:38:42,2026-08-10 08:40:39,1,0.532,RE,ESA5,1.45,NG,ESA5
LOT-20260810-AAT,line_01,pcb1,2026-08-10,2026-08-10 08:39:21,EQ-01-A,1,0,day,01,L01AAT100055,2026-08-10 08:39:21,2026-08-10 08:41:18,1,0.456,NG,ESA5,1.92,OK,0000
LOT-20260810-AAT,line_01,pcb1,2026-08-10,2026-08-10 08:39:55,EQ-01-A,1,0,day,01,L01AAT100056,2026-08-10 08:39:55,2026-08-10 08:41:50,1,0.407,OK,0000,0.8,OK,0000
LOT-20260810-AAT,line_01,pcb1,2026-08-10,2026-08-10 08:40:33,EQ-01-A,1,0,day,01,L01AAT100057,2026-08-10 08:40:33,2026-08-10 08:42:32,1,0.991,OK,0000,0.86,OK,0000
LOT-20260810-AAT,line_01,pcb1,2026-08-10,2026-08-10 08:41:13,EQ-01-A,1,0,day,01,L01AAT100058,2026-08-10 08:41:13,2026-08-10 08:43:08,2,0.585,OK,0000,0.86,OK,0000
LOT-20260810-AAT,line_01,pcb1,2026-08-10,2026-08-10 08:41:35,EQ-01-A,1,0,day,01,L01AAT100059,2026-08-10 08:41:35,2026-08-10 08:43:38,1,0.711,OK,0000,0.86,OK,0000
LOT-20260810-AAT,line_01,pcb1,2026-08-10,2026-08-10 08:42:14,EQ-01-A,1,0,day,01,L01AAT100060,2026-08-10 08:42:14,2026-08-10 08:44:10,2,0.622,OK,0000,0.8,OK,0000
LOT-20260810-AAT,line_01,pcb1,2026-08-10,2026-08-10 08:42:36,EQ-01-A,1,0,day,01,L01AAT100061,2026-08-10 08:42:36,2026-08-10 08:44:31,2,0.648,OK,0000,0.83,OK,0000
LOT-20260810-AAT,line_01,pcb1,2026-08-10,2026-08-10 08:43:09,EQ-01-A,1,0,day,01,L01AAT100062,2026-08-10 08:43:09,2026-08-10 08:45:11,1,0.601,OK,0000,0.8,OK,0000
LOT-20260810-AAT,line_01,pcb1,2026-08-10,2026-08-10 08:43:30,EQ-01-A,1,1,day,01,L01AAT100063,2026-08-10 08:43:30,2026-08-10 08:45:35,2,0.595,NG,ESA0,1.58,NG,ESA0
LOT-20260810-AAT,line_01,pcb1,2026-08-10,2026-08-10 08:44:03,EQ-01-A,1,0,day,01,L01AAT100064,2026-08-10 08:44:03,2026-08-10 08:46:04,1,0.459,OK,0000,0.8,OK,0000
LOT-20260810-AAT,line_01,pcb1,2026-08-10,2026-08-10 08:44:32,EQ-01-A,1,0,day,01,L01AAT100065,2026-08-10 08:44:32,2026-08-10 08:46:27,2,0.595,OK,0000,0.84,OK,0000
LOT-20260810-AAT,line_01,pcb1,2026-08-10,2026-08-10 08:44:52,EQ-01-A,1,0,day,01,L01AAT100066,2026-08-10 08:44:52,2026-08-10 08:46:51,1,0.384,OK,0000,0.9,OK,0000
LOT-20260810-AAT,line_01,pcb1,2026-08-10,2026-08-10 08:45:25,EQ-01-A,1,0,day,01,L01AAT100067,2026-08-10 08:45:25,2026-08-10 08:47:23,1,0.366,OK,0000,0.8,OK,0000
LOT-20260810-AAT,line_01,pcb1,2026-08-10,2026-08-10 08:45:48,EQ-01-A,1,0,day,01,L01AAT100068,2026-08-10 08:45:48,2026-08-10 08:47:49,1,0.577,OK,0000,0.8,OK,0000
LOT-20260810-AAT,line_01,pcb1,2026-08-10,2026-08-10 08:46:11,EQ-01-A,1,0,day,01,L01AAT100069,2026-08-10 08:46:11,2026-08-10 08:48:10,2,0.37,OK,0000,0.82,OK,0000
LOT-20260810-AAT,line_01,pcb1,2026-08-10,2026-08-10 08:46:33,EQ-01-A,1,0,day,01,L01AAT100070,2026-08-10 08:46:33,2026-08-10 08:48:29,1,0.286,OK,0000,0.82,OK,0000
LOT-20260810-AAQ,line_02,pcb2,2026-08-10,2026-08-10 08:00:00,EQ-02-A,1,0,day,02,L02AAQ100200,2026-08-10 08:00:00,2026-08-10 08:01:58,1,0.316,OK,0000,0.84,OK,0000
LOT-20260810-AAU,line_02,pcb2,2026-08-10,2026-08-10 08:00:34,EQ-02-A,1,0,day,02,L02AAU100001,2026-08-10 08:00:34,2026-08-10 08:02:37,1,0.674,OK,0000,0.87,OK,0000
LOT-20260810-AAU,line_02,pcb2,2026-08-10,2026-08-10 08:01:05,EQ-02-A,1,0,day,02,L02AAU100002,2026-08-10 08:01:05,2026-08-10 08:03:00,2,0.488,OK,0000,0.8,OK,0000
LOT-20260810-AAU,line_02,pcb2,2026-08-10,2026-08-10 08:01:38,EQ-02-A,1,1,day,02,L02AAU100003,2026-08-10 08:01:38,2026-08-10 08:03:37,2,0.524,RE,ESA5,1.18,NG,ESA5
LOT-20260810-AAU,line_02,pcb2,2026-08-10,2026-08-10 08:02:03,EQ-02-A,1,0,day,02,L02AAU100004,2026-08-10 08:02:03,2026-08-10 08:03:59,1,0.53,OK,0000,0.8,OK,0000
LOT-20260810-AAU,line_02,pcb2,2026-08-10,2026-08-10 08:02:38,EQ-02-A,1,0,day,02,L02AAU100005,2026-08-10 08:02:38,2026-08-10 08:04:40,2,0.621,OK,0000,0.84,OK,0000
LOT-20260810-AAU,line_02,pcb2,2026-08-10,2026-08-10 08:02:58,EQ-02-A,1,0,day,02,L02AAU100006,2026-08-10 08:02:58,2026-08-10 08:05:02,1,0.831,OK,0000,0.89,OK,0000
LOT-20260810-AAU,line_02,pcb2,2026-08-10,2026-08-10 08:03:36,EQ-02-A,1,0,day,02,L02AAU100007,2026-08-10 08:03:36,2026-08-10 08:05:33,2,0.585,OK,0000,0.84,OK,0000
LOT-20260810-AAU,line_02,pcb2,2026-08-10,2026-08-10 08:04:05,EQ-02-A,1,0,day,02,L02AAU100008,2026-08-10 08:04:05,2026-08-10 08:06:04,2,0.391,OK,0000,0.88,OK,0000
LOT-20260810-AAU,line_02,pcb2,2026-08-10,2026-08-10 08:04:27,EQ-02-A,1,0,day,02,L02AAU100009,2026-08-10 08:04:27,2026-08-10 08:06:28,2,0.466,OK,0000,0.89,OK,0000
LOT-20260810-AAU,line_02,pcb2,2026-08-10,2026-08-10 08:04:57,EQ-02-A,1,0,day,02,L02AAU100010,2026-08-10 08:04:57,2026-08-10 08:06:56,2,0.56,OK,0000,0.86,OK,0000
LOT-20260810-AAU,line_02,pcb2,2026-08-10,2026-08-10 08:05:31,EQ-02-A,1,0,day,02,L02AAU100011,2026-08-10 08:05:31,2026-08-10 08:07:30,1,0.589,OK,0000,0.8,OK,0000
LOT-20260810-AAU,line_02,pcb2,2026-08-10,2026-08-10 08:06:08,EQ-02-A,1,1,day,02,L02AAU100012,2026-08-10 08:06:08,2026-08-10 08:08:05,2,0.347,RE,ESA6,1.14,NG,ESA6
LOT-20260810-AAU,line_02,pcb2,2026-08-10,2026-08-10 08:06:41,EQ-02-A,1,0,day,02,L02AAU100013,2026-08-10 08:06:41,2026-08-10 08:08:44,2,0.657,OK,0000,0.8,OK,0000
LOT-20260810-AAU,line_02,pcb2,2026-08-10,2026-08-10 08:07:14,EQ-02-A,1,0,day,02,L02AAU100014,2026-08-10 08:07:14,2026-08-10 08:09:09,1,0.377,OK,0000,0.86,OK,0000
LOT-20260810-AAU,line_02,pcb2,2026-08-10,2026-08-10 08:07:53,EQ-02-A,1,0,day,02,L02AAU100015,2026-08-10 08:07:53,2026-08-10 08:09:53,2,0.462,OK,0000,0.82,OK,0000
LOT-20260810-AAU,line_02,pcb2,2026-08-10,2026-08-10 08:08:28,EQ-02-A,1,0,day,02,L02AAU100016,2026-08-10 08:08:28,2026-08-10 08:10:27,1,0.43,RE,ESA3,1.02,OK,0000
LOT-20260810-AAU,line_02,pcb2,2026-08-10,2026-08-10 08:08:55,EQ-02-A,1,0,day,02,L02AAU100017,2026-08-10 08:08:55,2026-08-10 08:10:57,1,0.355,RE,ESA6,1.37,OK,0000
LOT-20260810-AAU,line_02,pcb2,2026-08-10,2026-08-10 08:09:32,EQ-02-A,1,0,day,02,L02AAU100018,2026-08-10 08:09:32,2026-08-10 08:11:28,1,0.419,OK,0000,0.8,OK,0000
LOT-20260810-AAU,line_02,pcb2,2026-08-10,2026-08-10 08:10:01,EQ-02-A,1,1,day,02,L02AAU100019,2026-08-10 08:10:01,2026-08-10 08:12:00,1,0.349,RE,ESA7,1.29,NG,ESA7
LOT-20260810-AAU,line_02,pcb2,2026-08-10,2026-08-10 08:10:29,EQ-02-A,1,0,day,02,L02AAU100020,2026-08-10 08:10:29,2026-08-10 08:12:31,2,0.551,OK,0000,0.83,OK,0000
LOT-20260810-AAU,line_02,pcb2,2026-08-10,2026-08-10 08:11:09,EQ-02-A,1,0,day,02,L02AAU100021,2026-08-10 08:11:09,2026-08-10 08:13:10,1,0.397,OK,0000,0.8,OK,0000
LOT-20260810-AAU,line_02,pcb2,2026-08-10,2026-08-10 08:11:43,EQ-02-A,1,0,day,02,L02AAU100022,2026-08-10 08:11:43,2026-08-10 08:13:44,2,0.555,OK,0000,0.87,OK,0000
LOT-20260810-AAU,line_02,pcb2,2026-08-10,2026-08-10 08:12:20,EQ-02-A,1,0,day,02,L02AAU100023,2026-08-10 08:12:20,2026-08-10 08:14:20,2,0.693,OK,0000,0.8,OK,0000
LOT-20260810-AAU,line_02,pcb2,2026-08-10,2026-08-10 08:12:49,EQ-02-A,1,0,day,02,L02AAU100024,2026-08-10 08:12:49,2026-08-10 08:14:52,2,0.705,OK,0000,0.84,OK,0000
LOT-20260810-AAU,line_02,pcb2,2026-08-10,2026-08-10 08:13:28,EQ-02-A,1,0,day,02,L02AAU100025,2026-08-10 08:13:28,2026-08-10 08:15:30,2,0.504,OK,0000,0.88,OK,0000
LOT-20260810-AAU,line_02,pcb2,2026-08-10,2026-08-10 08:13:53,EQ-02-A,1,0,day,02,L02AAU100026,2026-08-10 08:13:53,2026-08-10 08:15:52,1,0.419,OK,0000,0.8,OK,0000
LOT-20260810-AAU,line_02,pcb2,2026-08-10,2026-08-10 08:14:23,EQ-02-A,1,0,day,02,L02AAU100027,2026-08-10 08:14:23,2026-08-10 08:16:26,1,0.606,OK,0000,0.85,OK,0000
LOT-20260810-AAU,line_02,pcb2,2026-08-10,2026-08-10 08:14:55,EQ-02-A,1,1,day,02,L02AAU100028,2026-08-10 08:14:55,2026-08-10 08:16:56,1,0.446,RE,ESA7,1.31,NG,ESA7
LOT-20260810-AAU,line_02,pcb2,2026-08-10,2026-08-10 08:15:16,EQ-02-A,1,0,day,02,L02AAU100029,2026-08-10 08:15:16,2026-08-10 08:17:17,2,0.624,OK,0000,0.8,OK,0000
LOT-20260810-AAU,line_02,pcb2,2026-08-10,2026-08-10 08:15:54,EQ-02-A,1,1,day,02,L02AAU100030,2026-08-10 08:15:54,2026-08-10 08:17:59,2,0.503,RE,ESA5,1.02,NG,ESA5
LOT-20260810-AAU,line_02,pcb2,2026-08-10,2026-08-10 08:16:28,EQ-02-A,1,0,day,02,L02AAU100031,2026-08-10 08:16:28,2026-08-10 08:18:24,2,0.481,OK,0000,0.83,OK,0000
LOT-20260810-AAU,line_02,pcb2,2026-08-10,2026-08-10 08:17:05,EQ-02-A,1,0,day,02,L02AAU100032,2026-08-10 08:17:05,2026-08-10 08:19:06,2,0.574,OK,0000,0.8,OK,0000
LOT-20260810-AAU,line_02,pcb2,2026-08-10,2026-08-10 08:17:40,EQ-02-A,1,0,day,02,L02AAU100033,2026-08-10 08:17:40,2026-08-10 08:19:44,2,0.437,OK,0000,0.8,OK,0000
LOT-20260810-AAU,line_02,pcb2,2026-08-10,2026-08-10 08:18:00,EQ-02-A,1,0,day,02,L02AAU100034,2026-08-10 08:18:00,2026-08-10 08:20:01,1,0.584,OK,0000,0.84,OK,0000
LOT-20260810-AAU,line_02,pcb2,2026-08-10,2026-08-10 08:18:30,EQ-02-A,1,0,day,02,L02AAU100035,2026-08-10 08:18:30,2026-08-10 08:20:25,1,0.513,OK,0000,0.8,OK,0000
LOT-20260810-AAU,line_02,pcb2,2026-08-10,2026-08-10 08:19:02,EQ-02-A,1,0,day,02,L02AAU100036,2026-08-10 08:19:02,2026-08-10 08:21:01,2,0.56,OK,0000,0.91,OK,0000
LOT-20260810-AAU,line_02,pcb2,2026-08-10,2026-08-10 08:19:27,EQ-02-A,1,1,day,02,L02AAU100037,2026-08-10 08:19:27,2026-08-10 08:21:30,2,0.472,RE,ESA5,1.32,NG,ESA5
LOT-20260810-AAU,line_02,pcb2,2026-08-10,2026-08-10 08:20:02,EQ-02-A,1,0,day,02,L02AAU100038,2026-08-10 08:20:02,2026-08-10 08:22:07,2,0.369,OK,0000,0.84,OK,0000
LOT-20260810-AAU,line_02,pcb2,2026-08-10,2026-08-10 08:20:32,EQ-02-A,1,0,day,02,L02AAU100039,2026-08-10 08:20:32,2026-08-10 08:22:36,1,0.27,OK,0000,0.87,OK,0000
LOT-20260810-AAU,line_02,pcb2,2026-08-10,2026-08-10 08:20:56,EQ-02-A,1,0,day,02,L02AAU100040,2026-08-10 08:20:56,2026-08-10 08:22:55,2,0.524,OK,0000,0.8,OK,0000
LOT-20260810-AAU,line_02,pcb2,2026-08-10,2026-08-10 08:21:36,EQ-02-A,1,0,day,02,L02AAU100041,2026-08-10 08:21:36,2026-08-10 08:23:32,2,0.38,OK,0000,0.84,OK,0000
LOT-20260810-AAU,line_02,pcb2,2026-08-10,2026-08-10 08:22:13,EQ-02-A,1,0,day,02,L02AAU100042,2026-08-10 08:22:13,2026-08-10 08:24:14,1,0.639,OK,0000,0.9,OK,0000
LOT-20260810-AAU,line_02,pcb2,2026-08-10,2026-08-10 08:22:45,EQ-02-A,1,0,day,02,L02AAU100043,2026-08-10 08:22:45,2026-08-10 08:24:46,2,0.48,OK,0000,0.8,OK,0000
LOT-20260810-AAU,line_02,pcb2,2026-08-10,2026-08-10 08:23:10,EQ-02-A,1,0,day,02,L02AAU100044,2026-08-10 08:23:10,2026-08-10 08:25:05,1,0.536,OK,0000,0.91,OK,0000
LOT-20260810-AAU,line_02,pcb2,2026-08-10,2026-08-10 08:23:45,EQ-02-A,1,0,day,02,L02AAU100045,2026-08-10 08:23:45,2026-08-10 08:25:48,1,0.257,OK,0000,0.8,OK,0000
LOT-20260810-AAU,line_02,pcb2,2026-08-10,2026-08-10 08:24:24,EQ-02-A,1,0,day,02,L02AAU100046,2026-08-10 08:24:24,2026-08-10 08:26:21,1,0.592,OK,0000,0.85,OK,0000
LOT-20260810-AAU,line_02,pcb2,2026-08-10,2026-08-10 08:24:59,EQ-02-A,1,0,day,02,L02AAU100047,2026-08-10 08:24:59,2026-08-10 08:26:57,1,0.418,OK,0000,0.85,OK,0000
LOT-20260810-AAU,line_02,pcb2,2026-08-10,2026-08-10 08:25:26,EQ-02-A,1,0,day,02,L02AAU100048,2026-08-10 08:25:26,2026-08-10 08:27:21,1,0.647,OK,0000,0.84,OK,0000
LOT-20260810-AAU,line_02,pcb2,2026-08-10,2026-08-10 08:26:03,EQ-02-A,1,0,day,02,L02AAU100049,2026-08-10 08:26:03,2026-08-10 08:28:00,2,0.472,OK,0000,0.86,OK,0000
LOT-20260810-AAU,line_02,pcb2,2026-08-10,2026-08-10 08:26:35,EQ-02-A,1,0,day,02,L02AAU100050,2026-08-10 08:26:35,2026-08-10 08:28:39,2,0.459,OK,0000,0.89,OK,0000
LOT-20260810-AAU,line_02,pcb2,2026-08-10,2026-08-10 08:27:12,EQ-02-A,1,0,day,02,L02AAU100051,2026-08-10 08:27:12,2026-08-10 08:29:08,2,0.804,OK,0000,0.8,OK,0000
LOT-20260810-AAU,line_02,pcb2,2026-08-10,2026-08-10 08:27:39,EQ-02-A,1,0,day,02,L02AAU100052,2026-08-10 08:27:39,2026-08-10 08:29:43,1,0.312,OK,0000,0.85,OK,0000
LOT-20260810-AAU,line_02,pcb2,2026-08-10,2026-08-10 08:27:59,EQ-02-A,1,0,day,02,L02AAU100053,2026-08-10 08:27:59,2026-08-10 08:30:00,1,0.307,OK,0000,0.8,OK,0000
LOT-20260810-AAU,line_02,pcb2,2026-08-10,2026-08-10 08:28:33,EQ-02-A,1,0,day,02,L02AAU100054,2026-08-10 08:28:33,2026-08-10 08:30:37,2,0.193,RE,ESA8,1.21,OK,0000
LOT-20260810-AAU,line_02,pcb2,2026-08-10,2026-08-10 08:29:03,EQ-02-A,1,0,day,02,L02AAU100055,2026-08-10 08:29:03,2026-08-10 08:31:00,1,0.495,OK,0000,0.82,OK,0000
LOT-20260810-AAU,line_02,pcb2,2026-08-10,2026-08-10 08:29:31,EQ-02-A,1,0,day,02,L02AAU100056,2026-08-10 08:29:31,2026-08-10 08:31:30,2,0.709,OK,0000,0.89,OK,0000
LOT-20260810-AAU,line_02,pcb2,2026-08-10,2026-08-10 08:29:58,EQ-02-A,1,0,day,02,L02AAU100057,2026-08-10 08:29:58,2026-08-10 08:32:03,1,0.789,OK,0000,0.84,OK,0000
LOT-20260810-AAU,line_02,pcb2,2026-08-10,2026-08-10 08:30:20,EQ-02-A,1,0,day,02,L02AAU100058,2026-08-10 08:30:20,2026-08-10 08:32:23,1,0.678,OK,0000,0.85,OK,0000
LOT-20260810-AAU,line_02,pcb2,2026-08-10,2026-08-10 08:30:40,EQ-02-A,1,0,day,02,L02AAU100059,2026-08-10 08:30:40,2026-08-10 08:32:45,2,0.531,OK,0000,0.82,OK,0000
LOT-20260810-AAU,line_02,pcb2,2026-08-10,2026-08-10 08:31:07,EQ-02-A,1,0,day,02,L02AAU100060,2026-08-10 08:31:07,2026-08-10 08:33:11,1,0.161,OK,0000,0.87,OK,0000
LOT-20260810-AAU,line_02,pcb2,2026-08-10,2026-08-10 08:31:28,EQ-02-A,1,0,day,02,L02AAU100061,2026-08-10 08:31:28,2026-08-10 08:33:32,2,0.673,OK,0000,0.8,OK,0000
LOT-20260810-AAU,line_02,pcb2,2026-08-10,2026-08-10 08:31:52,EQ-02-A,1,0,day,02,L02AAU100062,2026-08-10 08:31:52,2026-08-10 08:33:47,2,0.499,OK,0000,0.88,OK,0000
LOT-20260810-AAU,line_02,pcb2,2026-08-10,2026-08-10 08:32:18,EQ-02-A,1,0,day,02,L02AAU100063,2026-08-10 08:32:18,2026-08-10 08:34:13,2,0.446,OK,0000,0.89,OK,0000
LOT-20260810-AAU,line_02,pcb2,2026-08-10,2026-08-10 08:32:57,EQ-02-A,1,0,day,02,L02AAU100064,2026-08-10 08:32:57,2026-08-10 08:34:59,1,0.479,OK,0000,0.82,OK,0000
LOT-20260810-AAU,line_02,pcb2,2026-08-10,2026-08-10 08:33:18,EQ-02-A,1,0,day,02,L02AAU100065,2026-08-10 08:33:18,2026-08-10 08:35:21,2,0.688,OK,0000,0.8,OK,0000
LOT-20260810-AAU,line_02,pcb2,2026-08-10,2026-08-10 08:33:58,EQ-02-A,1,0,day,02,L02AAU100066,2026-08-10 08:33:58,2026-08-10 08:35:55,1,0.391,OK,0000,0.8,OK,0000
LOT-20260810-AAU,line_02,pcb2,2026-08-10,2026-08-10 08:34:30,EQ-02-A,1,0,day,02,L02AAU100067,2026-08-10 08:34:30,2026-08-10 08:36:33,2,0.329,OK,0000,0.85,OK,0000
LOT-20260810-AAR,line_03,pcb3,2026-08-10,2026-08-10 08:00:00,EQ-03-A,1,0,day,03,L03AAR100103,2026-08-10 08:00:00,2026-08-10 08:01:55,1,0.332,OK,0000,0.84,OK,0000
LOT-20260810-AAR,line_03,pcb3,2026-08-10,2026-08-10 08:00:34,EQ-03-A,1,0,day,03,L03AAR100104,2026-08-10 08:00:34,2026-08-10 08:02:34,1,0.72,OK,0000,0.86,OK,0000
LOT-20260810-AAR,line_03,pcb3,2026-08-10,2026-08-10 08:01:12,EQ-03-A,1,1,day,03,L03AAR100105,2026-08-10 08:01:12,2026-08-10 08:03:08,1,0.412,NG,ESA5,1.65,NG,ESA5
LOT-20260810-AAR,line_03,pcb3,2026-08-10,2026-08-10 08:01:34,EQ-03-A,1,0,day,03,L03AAR100106,2026-08-10 08:01:34,2026-08-10 08:03:38,2,0.403,OK,0000,0.84,OK,0000
LOT-20260810-AAR,line_03,pcb3,2026-08-10,2026-08-10 08:02:06,EQ-03-A,1,1,day,03,L03AAR100107,2026-08-10 08:02:06,2026-08-10 08:04:07,1,0.146,RE,ESA0,1.13,NG,ESA0
LOT-20260810-AAR,line_03,pcb3,2026-08-10,2026-08-10 08:02:30,EQ-03-A,1,0,day,03,L03AAR100108,2026-08-10 08:02:30,2026-08-10 08:04:34,1,0.389,OK,0000,0.83,OK,0000
LOT-20260810-AAR,line_03,pcb3,2026-08-10,2026-08-10 08:02:53,EQ-03-A,1,0,day,03,L03AAR100109,2026-08-10 08:02:53,2026-08-10 08:04:54,2,0.492,OK,0000,0.82,OK,0000
LOT-20260810-AAR,line_03,pcb3,2026-08-10,2026-08-10 08:03:19,EQ-03-A,1,0,day,03,L03AAR100110,2026-08-10 08:03:19,2026-08-10 08:05:17,2,0.576,OK,0000,0.84,OK,0000
LOT-20260810-AAR,line_03,pcb3,2026-08-10,2026-08-10 08:03:49,EQ-03-A,1,0,day,03,L03AAR100111,2026-08-10 08:03:49,2026-08-10 08:05:54,1,0.444,OK,0000,0.87,OK,0000
LOT-20260810-AAR,line_03,pcb3,2026-08-10,2026-08-10 08:04:17,EQ-03-A,1,1,day,03,L03AAR100112,2026-08-10 08:04:17,2026-08-10 08:06:19,1,0.584,RE,ESA5,1.1,NG,ESA5
LOT-20260810-AAR,line_03,pcb3,2026-08-10,2026-08-10 08:04:37,EQ-03-A,1,0,day,03,L03AAR100113,2026-08-10 08:04:37,2026-08-10 08:06:42,1,0.495,OK,0000,0.88,OK,0000
LOT-20260810-AAR,line_03,pcb3,2026-08-10,2026-08-10 08:05:01,EQ-03-A,1,0,day,03,L03AAR100114,2026-08-10 08:05:01,2026-08-10 08:07:02,1,0.659,OK,0000,0.85,OK,0000
LOT-20260810-AAR,line_03,pcb3,2026-08-10,2026-08-10 08:05:40,EQ-03-A,1,1,day,03,L03AAR100115,2026-08-10 08:05:40,2026-08-10 08:07:38,1,0.465,RE,ESA7,1.29,NG,ESA7
LOT-20260810-AAR,line_03,pcb3,2026-08-10,2026-08-10 08:06:14,EQ-03-A,1,0,day,03,L03AAR100116,2026-08-10 08:06:14,2026-08-10 08:08:16,2,0.621,OK,0000,0.84,OK,0000
LOT-20260810-AAR,line_03,pcb3,2026-08-10,2026-08-10 08:06:46,EQ-03-A,1,0,day,03,L03AAR100117,2026-08-10 08:06:46,2026-08-10 08:08:50,2,0.534,OK,0000,0.83,OK,0000
LOT-20260810-AAR,line_03,pcb3,2026-08-10,2026-08-10 08:07:18,EQ-03-A,1,0,day,03,L03AAR100118,2026-08-10 08:07:18,2026-08-10 08:09:17,1,0.299,OK,0000,0.83,OK,0000
LOT-20260810-AAR,line_03,pcb3,2026-08-10,2026-08-10 08:07:45,EQ-03-A,1,0,day,03,L03AAR100119,2026-08-10 08:07:45,2026-08-10 08:09:44,1,0.398,OK,0000,0.81,OK,0000
LOT-20260810-AAR,line_03,pcb3,2026-08-10,2026-08-10 08:08:06,EQ-03-A,1,0,day,03,L03AAR100120,2026-08-10 08:08:06,2026-08-10 08:10:05,2,0.715,OK,0000,0.88,OK,0000
LOT-20260810-AAR,line_03,pcb3,2026-08-10,2026-08-10 08:08:42,EQ-03-A,1,0,day,03,L03AAR100121,2026-08-10 08:08:42,2026-08-10 08:10:42,2,0.246,OK,0000,0.8,OK,0000
LOT-20260810-AAR,line_03,pcb3,2026-08-10,2026-08-10 08:09:10,EQ-03-A,1,0,day,03,L03AAR100122,2026-08-10 08:09:10,2026-08-10 08:11:09,2,0.445,OK,0000,0.81,OK,0000
LOT-20260810-AAR,line_03,pcb3,2026-08-10,2026-08-10 08:09:46,EQ-03-A,1,0,day,03,L03AAR100123,2026-08-10 08:09:46,2026-08-10 08:11:50,2,0.548,OK,0000,0.8,OK,0000
LOT-20260810-AAR,line_03,pcb3,2026-08-10,2026-08-10 08:10:20,EQ-03-A,1,0,day,03,L03AAR100124,2026-08-10 08:10:20,2026-08-10 08:12:21,1,0.644,OK,0000,0.84,OK,0000
LOT-20260810-AAR,line_03,pcb3,2026-08-10,2026-08-10 08:10:53,EQ-03-A,1,0,day,03,L03AAR100125,2026-08-10 08:10:53,2026-08-10 08:12:54,1,0.449,OK,0000,0.84,OK,0000
LOT-20260810-AAR,line_03,pcb3,2026-08-10,2026-08-10 08:11:14,EQ-03-A,1,0,day,03,L03AAR100126,2026-08-10 08:11:14,2026-08-10 08:13:18,1,0.437,OK,0000,0.8,OK,0000
LOT-20260810-AAR,line_03,pcb3,2026-08-10,2026-08-10 08:11:50,EQ-03-A,1,0,day,03,L03AAR100127,2026-08-10 08:11:50,2026-08-10 08:13:54,2,0.502,OK,0000,0.83,OK,0000
LOT-20260810-AAR,line_03,pcb3,2026-08-10,2026-08-10 08:12:19,EQ-03-A,1,1,day,03,L03AAR100128,2026-08-10 08:12:19,2026-08-10 08:14:24,1,0.357,RE,ESA0,1.36,NG,ESA0
LOT-20260810-AAR,line_03,pcb3,2026-08-10,2026-08-10 08:12:44,EQ-03-A,1,0,day,03,L03AAR100129,2026-08-10 08:12:44,2026-08-10 08:14:45,1,0.6,OK,0000,0.94,OK,0000
LOT-20260810-AAR,line_03,pcb3,2026-08-10,2026-08-10 08:13:09,EQ-03-A,1,1,day,03,L03AAR100130,2026-08-10 08:13:09,2026-08-10 08:15:04,1,0.625,RE,ESA6,1.19,NG,ESA6
LOT-20260810-AAR,line_03,pcb3,2026-08-10,2026-08-10 08:13:41,EQ-03-A,1,0,day,03,L03AAR100131,2026-08-10 08:13:41,2026-08-10 08:15:45,1,0.364,OK,0000,0.82,OK,0000
LOT-20260810-AAR,line_03,pcb3,2026-08-10,2026-08-10 08:14:14,EQ-03-A,1,0,day,03,L03AAR100132,2026-08-10 08:14:14,2026-08-10 08:16:18,2,0.4,OK,0000,0.84,OK,0000
LOT-20260810-AAR,line_03,pcb3,2026-08-10,2026-08-10 08:14:53,EQ-03-A,1,0,day,03,L03AAR100133,2026-08-10 08:14:53,2026-08-10 08:16:57,1,0.269,OK,0000,0.87,OK,0000
LOT-20260810-AAR,line_03,pcb3,2026-08-10,2026-08-10 08:15:30,EQ-03-A,1,0,day,03,L03AAR100134,2026-08-10 08:15:30,2026-08-10 08:17:32,2,0.514,OK,0000,0.86,OK,0000
LOT-20260810-AAR,line_03,pcb3,2026-08-10,2026-08-10 08:16:02,EQ-03-A,1,0,day,03,L03AAR100135,2026-08-10 08:16:02,2026-08-10 08:18:06,1,0.328,RE,ESA4,1.27,OK,0000
LOT-20260810-AAR,line_03,pcb3,2026-08-10,2026-08-10 08:16:27,EQ-03-A,1,0,day,03,L03AAR100136,2026-08-10 08:16:27,2026-08-10 08:18:30,1,0.695,OK,0000,0.81,OK,0000
LOT-20260810-AAR,line_03,pcb3,2026-08-10,2026-08-10 08:16:52,EQ-03-A,1,0,day,03,L03AAR100137,2026-08-10 08:16:52,2026-08-10 08:18:56,1,0.367,OK,0000,0.87,OK,0000
LOT-20260810-AAR,line_03,pcb3,2026-08-10,2026-08-10 08:17:19,EQ-03-A,1,0,day,03,L03AAR100138,2026-08-10 08:17:19,2026-08-10 08:19:17,1,0.355,OK,0000,0.83,OK,0000
LOT-20260810-AAR,line_03,pcb3,2026-08-10,2026-08-10 08:17:58,EQ-03-A,1,0,day,03,L03AAR100139,2026-08-10 08:17:58,2026-08-10 08:19:53,2,0.721,OK,0000,0.81,OK,0000
LOT-20260810-AAR,line_03,pcb3,2026-08-10,2026-08-10 08:18:18,EQ-03-A,1,0,day,03,L03AAR100140,2026-08-10 08:18:18,2026-08-10 08:20:23,2,0.732,OK,0000,0.83,OK,0000
LOT-20260810-AAR,line_03,pcb3,2026-08-10,2026-08-10 08:18:52,EQ-03-A,1,0,day,03,L03AAR100141,2026-08-10 08:18:52,2026-08-10 08:20:48,2,0.332,OK,0000,0.86,OK,0000
LOT-20260810-AAR,line_03,pcb3,2026-08-10,2026-08-10 08:19:21,EQ-03-A,1,0,day,03,L03AAR100142,2026-08-10 08:19:21,2026-08-10 08:21:20,1,0.516,RE,ESA7,1.25,OK,0000
LOT-20260810-AAR,line_03,pcb3,2026-08-10,2026-08-10 08:19:59,EQ-03-A,1,0,day,03,L03AAR100143,2026-08-10 08:19:59,2026-08-10 08:21:59,2,0.385,OK,0000,0.84,OK,0000
LOT-20260810-AAR,line_03,pcb3,2026-08-10,2026-08-10 08:20:23,EQ-03-A,1,0,day,03,L03AAR100144,2026-08-10 08:20:23,2026-08-10 08:22:18,2,0.19,OK,0000,0.85,OK,0000
LOT-20260810-AAR,line_03,pcb3,2026-08-10,2026-08-10 08:21:01,EQ-03-A,1,0,day,03,L03AAR100145,2026-08-10 08:21:01,2026-08-10 08:23:06,1,0.695,OK,0000,0.8,OK,0000
LOT-20260810-AAR,line_03,pcb3,2026-08-10,2026-08-10 08:21:33,EQ-03-A,1,0,day,03,L03AAR100146,2026-08-10 08:21:33,2026-08-10 08:23:30,2,0.439,OK,0000,0.81,OK,0000
LOT-20260810-AAR,line_03,pcb3,2026-08-10,2026-08-10 08:22:02,EQ-03-A,1,0,day,03,L03AAR100147,2026-08-10 08:22:02,2026-08-10 08:24:07,1,0.273,OK,0000,0.8,OK,0000
LOT-20260810-AAR,line_03,pcb3,2026-08-10,2026-08-10 08:22:26,EQ-03-A,1,0,day,03,L03AAR100148,2026-08-10 08:22:26,2026-08-10 08:24:24,2,0.323,OK,0000,0.83,OK,0000
LOT-20260810-AAR,line_03,pcb3,2026-08-10,2026-08-10 08:22:46,EQ-03-A,1,0,day,03,L03AAR100149,2026-08-10 08:22:46,2026-08-10 08:24:50,2,0.672,OK,0000,0.8,OK,0000
LOT-20260810-AAR,line_03,pcb3,2026-08-10,2026-08-10 08:23:09,EQ-03-A,1,0,day,03,L03AAR100150,2026-08-10 08:23:09,2026-08-10 08:25:10,2,0.544,OK,0000,0.85,OK,0000
LOT-20260810-AAR,line_03,pcb3,2026-08-10,2026-08-10 08:23:33,EQ-03-A,1,0,day,03,L03AAR100151,2026-08-10 08:23:33,2026-08-10 08:25:36,2,0.751,OK,0000,0.86,OK,0000
LOT-20260810-AAR,line_03,pcb3,2026-08-10,2026-08-10 08:23:54,EQ-03-A,1,0,day,03,L03AAR100152,2026-08-10 08:23:54,2026-08-10 08:25:51,1,0.594,OK,0000,0.87,OK,0000
LOT-20260810-AAR,line_03,pcb3,2026-08-10,2026-08-10 08:24:14,EQ-03-A,1,0,day,03,L03AAR100153,2026-08-10 08:24:14,2026-08-10 08:26:09,2,0.361,OK,0000,0.82,OK,0000
LOT-20260810-AAR,line_03,pcb3,2026-08-10,2026-08-10 08:24:48,EQ-03-A,1,0,day,03,L03AAR100154,2026-08-10 08:24:48,2026-08-10 08:26:49,1,0.668,OK,0000,0.8,OK,0000
LOT-20260810-AAR,line_03,pcb3,2026-08-10,2026-08-10 08:25:26,EQ-03-A,1,0,day,03,L03AAR100155,2026-08-10 08:25:26,2026-08-10 08:27:31,2,0.398,OK,0000,0.8,OK,0000
LOT-20260810-AAR,line_03,pcb3,2026-08-10,2026-08-10 08:26:06,EQ-03-A,1,0,day,03,L03AAR100156,2026-08-10 08:26:06,2026-08-10 08:28:05,2,0.535,OK,0000,0.82,OK,0000
LOT-20260810-AAR,line_03,pcb3,2026-08-10,2026-08-10 08:26:33,EQ-03-A,1,1,day,03,L03AAR100157,2026-08-10 08:26:33,2026-08-10 08:28:30,1,0.594,RE,ESA7,1.24,NG,ESA7
LOT-20260810-AAR,line_03,pcb3,2026-08-10,2026-08-10 08:27:03,EQ-03-A,1,1,day,03,L03AAR100158,2026-08-10 08:27:03,2026-08-10 08:29:03,1,0.268,RE,ESA5,1.1,NG,ESA5
LOT-20260810-AAR,line_03,pcb3,2026-08-10,2026-08-10 08:27:35,EQ-03-A,1,0,day,03,L03AAR100159,2026-08-10 08:27:35,2026-08-10 08:29:32,1,0.499,OK,0000,0.81,OK,0000
LOT-20260810-AAR,line_03,pcb3,2026-08-10,2026-08-10 08:27:57,EQ-03-A,1,0,day,03,L03AAR100160,2026-08-10 08:27:57,2026-08-10 08:29:58,2,0.42,OK,0000,0.88,OK,0000
LOT-20260810-AAR,line_03,pcb3,2026-08-10,2026-08-10 08:28:19,EQ-03-A,1,0,day,03,L03AAR100161,2026-08-10 08:28:19,2026-08-10 08:30:14,2,0.614,OK,0000,0.91,OK,0000
LOT-20260810-AAR,line_03,pcb3,2026-08-10,2026-08-10 08:28:43,EQ-03-A,1,0,day,03,L03AAR100162,2026-08-10 08:28:43,2026-08-10 08:30:47,2,0.453,OK,0000,0.81,OK,0000
LOT-20260810-AAR,line_03,pcb3,2026-08-10,2026-08-10 08:29:22,EQ-03-A,1,0,day,03,L03AAR100163,2026-08-10 08:29:22,2026-08-10 08:31:20,1,0.563,OK,0000,0.82,OK,0000
LOT-20260810-AAR,line_03,pcb3,2026-08-10,2026-08-10 08:29:48,EQ-03-A,1,0,day,03,L03AAR100164,2026-08-10 08:29:48,2026-08-10 08:31:47,1,0.421,OK,0000,0.83,OK,0000
LOT-20260810-AAS,line_04,pcb4,2026-08-10,2026-08-10 08:00:00,EQ-04-A,1,0,day,04,L04AAS100104,2026-08-10 08:00:00,2026-08-10 08:02:01,2,0.741,OK,0000,0.88,OK,0000
LOT-20260810-AAS,line_04,pcb4,2026-08-10,2026-08-10 08:00:24,EQ-04-A,1,1,day,04,L04AAS100105,2026-08-10 08:00:24,2026-08-10 08:02:19,1,0.33,OK,0000,0.88,NG,ESA8
LOT-20260810-AAS,line_04,pcb4,2026-08-10,2026-08-10 08:00:59,EQ-04-A,1,0,day,04,L04AAS100106,2026-08-10 08:00:59,2026-08-10 08:03:03,2,0.652,OK,0000,0.87,OK,0000
LOT-20260810-AAS,line_04,pcb4,2026-08-10,2026-08-10 08:01:21,EQ-04-A,1,0,day,04,L04AAS100107,2026-08-10 08:01:21,2026-08-10 08:03:24,1,0.471,OK,0000,0.86,OK,0000
LOT-20260810-AAS,line_04,pcb4,2026-08-10,2026-08-10 08:01:52,EQ-04-A,1,1,day,04,L04AAS100108,2026-08-10 08:01:52,2026-08-10 08:03:49,2,0.497,OK,0000,0.8,NG,ESA2
LOT-20260810-AAS,line_04,pcb4,2026-08-10,2026-08-10 08:02:29,EQ-04-A,1,0,day,04,L04AAS100109,2026-08-10 08:02:29,2026-08-10 08:04:29,1,0.391,OK,0000,0.87,OK,0000
LOT-20260810-AAS,line_04,pcb4,2026-08-10,2026-08-10 08:03:01,EQ-04-A,1,0,day,04,L04AAS100110,2026-08-10 08:03:01,2026-08-10 08:04:57,2,0.364,OK,0000,0.81,OK,0000
LOT-20260810-AAS,line_04,pcb4,2026-08-10,2026-08-10 08:03:38,EQ-04-A,1,0,day,04,L04AAS100111,2026-08-10 08:03:38,2026-08-10 08:05:41,2,0.613,OK,0000,0.85,OK,0000
LOT-20260810-AAS,line_04,pcb4,2026-08-10,2026-08-10 08:04:00,EQ-04-A,1,0,day,04,L04AAS100112,2026-08-10 08:04:00,2026-08-10 08:06:02,1,0.587,OK,0000,0.8,OK,0000
LOT-20260810-AAS,line_04,pcb4,2026-08-10,2026-08-10 08:04:28,EQ-04-A,1,0,day,04,L04AAS100113,2026-08-10 08:04:28,2026-08-10 08:06:28,2,0.582,OK,0000,0.81,OK,0000
LOT-20260810-AAS,line_04,pcb4,2026-08-10,2026-08-10 08:04:55,EQ-04-A,1,1,day,04,L04AAS100114,2026-08-10 08:04:55,2026-08-10 08:07:00,2,0.347,OK,0000,0.82,NG,ESA6
LOT-20260810-AAS,line_04,pcb4,2026-08-10,2026-08-10 08:05:30,EQ-04-A,1,0,day,04,L04AAS100115,2026-08-10 08:05:30,2026-08-10 08:07:29,2,0.704,OK,0000,0.83,OK,0000
LOT-20260810-AAS,line_04,pcb4,2026-08-10,2026-08-10 08:05:50,EQ-04-A,1,0,day,04,L04AAS100116,2026-08-10 08:05:50,2026-08-10 08:07:49,2,0.83,OK,0000,0.8,OK,0000
LOT-20260810-AAS,line_04,pcb4,2026-08-10,2026-08-10 08:06:20,EQ-04-A,1,0,day,04,L04AAS100117,2026-08-10 08:06:20,2026-08-10 08:08:15,2,0.268,OK,0000,0.89,OK,0000
LOT-20260810-AAS,line_04,pcb4,2026-08-10,2026-08-10 08:06:47,EQ-04-A,1,1,day,04,L04AAS100118,2026-08-10 08:06:47,2026-08-10 08:08:44,2,0.736,OK,0000,0.81,NG,ESA6
LOT-20260810-AAS,line_04,pcb4,2026-08-10,2026-08-10 08:07:09,EQ-04-A,1,0,day,04,L04AAS100119,2026-08-10 08:07:09,2026-08-10 08:09:07,1,0.51,OK,0000,0.87,OK,0000
LOT-20260810-AAS,line_04,pcb4,2026-08-10,2026-08-10 08:07:47,EQ-04-A,1,0,day,04,L04AAS100120,2026-08-10 08:07:47,2026-08-10 08:09:42,2,0.466,OK,0000,0.85,OK,0000
LOT-20260810-AAS,line_04,pcb4,2026-08-10,2026-08-10 08:08:14,EQ-04-A,1,0,day,04,L04AAS100121,2026-08-10 08:08:14,2026-08-10 08:10:15,2,0.502,RE,ESA8,1.1,OK,0000
LOT-20260810-AAS,line_04,pcb4,2026-08-10,2026-08-10 08:08:42,EQ-04-A,1,0,day,04,L04AAS100122,2026-08-10 08:08:42,2026-08-10 08:10:37,1,0.448,OK,0000,0.84,OK,0000
LOT-20260810-AAS,line_04,pcb4,2026-08-10,2026-08-10 08:09:06,EQ-04-A,1,0,day,04,L04AAS100123,2026-08-10 08:09:06,2026-08-10 08:11:02,1,0.515,OK,0000,0.8,OK,0000
LOT-20260810-AAS,line_04,pcb4,2026-08-10,2026-08-10 08:09:38,EQ-04-A,1,0,day,04,L04AAS100124,2026-08-10 08:09:38,2026-08-10 08:11:36,1,0.613,OK,0000,0.85,OK,0000
LOT-20260810-AAS,line_04,pcb4,2026-08-10,2026-08-10 08:10:05,EQ-04-A,1,0,day,04,L04AAS100125,2026-08-10 08:10:05,2026-08-10 08:12:03,2,0.342,OK,0000,0.91,OK,0000
LOT-20260810-AAS,line_04,pcb4,2026-08-10,2026-08-10 08:10:44,EQ-04-A,1,0,day,04,L04AAS100126,2026-08-10 08:10:44,2026-08-10 08:12:47,2,0.448,OK,0000,0.83,OK,0000
LOT-20260810-AAS,line_04,pcb4,2026-08-10,2026-08-10 08:11:20,EQ-04-A,1,0,day,04,L04AAS100127,2026-08-10 08:11:20,2026-08-10 08:13:22,2,0.596,OK,0000,0.92,OK,0000
LOT-20260810-AAS,line_04,pcb4,2026-08-10,2026-08-10 08:11:41,EQ-04-A,1,0,day,04,L04AAS100128,2026-08-10 08:11:41,2026-08-10 08:13:36,1,0.602,OK,0000,0.87,OK,0000
LOT-20260810-AAS,line_04,pcb4,2026-08-10,2026-08-10 08:12:20,EQ-04-A,1,0,day,04,L04AAS100129,2026-08-10 08:12:20,2026-08-10 08:14:24,1,0.35,OK,0000,0.84,OK,0000
LOT-20260810-AAS,line_04,pcb4,2026-08-10,2026-08-10 08:12:59,EQ-04-A,1,1,day,04,L04AAS100130,2026-08-10 08:12:59,2026-08-10 08:15:04,2,0.42,OK,0000,0.87,NG,ESA1
LOT-20260810-AAS,line_04,pcb4,2026-08-10,2026-08-10 08:13:28,EQ-04-A,1,0,day,04,L04AAS100131,2026-08-10 08:13:28,2026-08-10 08:15:26,2,0.62,OK,0000,0.91,OK,0000
LOT-20260810-AAS,line_04,pcb4,2026-08-10,2026-08-10 08:13:52,EQ-04-A,1,0,day,04,L04AAS100132,2026-08-10 08:13:52,2026-08-10 08:15:55,2,0.176,OK,0000,0.81,OK,0000
LOT-20260810-AAS,line_04,pcb4,2026-08-10,2026-08-10 08:14:20,EQ-04-A,1,0,day,04,L04AAS100133,2026-08-10 08:14:20,2026-08-10 08:16:21,1,0.695,OK,0000,0.8,OK,0000
LOT-20260810-AAS,line_04,pcb4,2026-08-10,2026-08-10 08:14:47,EQ-04-A,1,0,day,04,L04AAS100134,2026-08-10 08:14:47,2026-08-10 08:16:48,1,0.621,OK,0000,0.89,OK,0000
LOT-20260810-AAS,line_04,pcb4,2026-08-10,2026-08-10 08:15:08,EQ-04-A,1,0,day,04,L04AAS100135,2026-08-10 08:15:08,2026-08-10 08:17:05,1,0.496,OK,0000,0.8,OK,0000
LOT-20260810-AAS,line_04,pcb4,2026-08-10,2026-08-10 08:15:32,EQ-04-A,1,0,day,04,L04AAS100136,2026-08-10 08:15:32,2026-08-10 08:17:37,1,0.482,OK,0000,0.9,OK,0000
LOT-20260810-AAS,line_04,pcb4,2026-08-10,2026-08-10 08:15:52,EQ-04-A,1,0,day,04,L04AAS100137,2026-08-10 08:15:52,2026-08-10 08:17:51,1,0.731,OK,0000,0.85,OK,0000
LOT-20260810-AAS,line_04,pcb4,2026-08-10,2026-08-10 08:16:21,EQ-04-A,1,0,day,04,L04AAS100138,2026-08-10 08:16:21,2026-08-10 08:18:24,2,0.353,OK,0000,0.91,OK,0000
LOT-20260810-AAS,line_04,pcb4,2026-08-10,2026-08-10 08:16:45,EQ-04-A,1,1,day,04,L04AAS100139,2026-08-10 08:16:45,2026-08-10 08:18:41,1,0.623,RE,ESA1,1.16,NG,ESA1
LOT-20260810-AAS,line_04,pcb4,2026-08-10,2026-08-10 08:17:14,EQ-04-A,1,0,day,04,L04AAS100140,2026-08-10 08:17:14,2026-08-10 08:19:12,1,0.551,OK,0000,0.85,OK,0000
LOT-20260810-AAS,line_04,pcb4,2026-08-10,2026-08-10 08:17:52,EQ-04-A,1,0,day,04,L04AAS100141,2026-08-10 08:17:52,2026-08-10 08:19:53,1,0.404,OK,0000,0.85,OK,0000
LOT-20260810-AAS,line_04,pcb4,2026-08-10,2026-08-10 08:18:25,EQ-04-A,1,0,day,04,L04AAS100142,2026-08-10 08:18:25,2026-08-10 08:20:29,2,0.666,OK,0000,0.83,OK,0000
LOT-20260810-AAS,line_04,pcb4,2026-08-10,2026-08-10 08:18:57,EQ-04-A,1,0,day,04,L04AAS100143,2026-08-10 08:18:57,2026-08-10 08:20:54,1,0.681,RE,ESA8,1.07,OK,0000
LOT-20260810-AAS,line_04,pcb4,2026-08-10,2026-08-10 08:19:29,EQ-04-A,1,0,day,04,L04AAS100144,2026-08-10 08:19:29,2026-08-10 08:21:31,1,0.833,OK,0000,0.84,OK,0000
LOT-20260810-AAS,line_04,pcb4,2026-08-10,2026-08-10 08:19:49,EQ-04-A,1,1,day,04,L04AAS100145,2026-08-10 08:19:49,2026-08-10 08:21:49,1,0.661,RE,ESA7,1.27,NG,ESA7
LOT-20260810-AAS,line_04,pcb4,2026-08-10,2026-08-10 08:20:10,EQ-04-A,1,0,day,04,L04AAS100146,2026-08-10 08:20:10,2026-08-10 08:22:05,1,0.376,OK,0000,0.84,OK,0000
LOT-20260810-AAS,line_04,pcb4,2026-08-10,2026-08-10 08:20:41,EQ-04-A,1,0,day,04,L04AAS100147,2026-08-10 08:20:41,2026-08-10 08:22:37,2,0.214,RE,ESA1,1.32,OK,0000
LOT-20260810-AAS,line_04,pcb4,2026-08-10,2026-08-10 08:21:21,EQ-04-A,1,0,day,04,L04AAS100148,2026-08-10 08:21:21,2026-08-10 08:23:16,2,0.529,OK,0000,0.83,OK,0000
LOT-20260810-AAS,line_04,pcb4,2026-08-10,2026-08-10 08:21:47,EQ-04-A,1,0,day,04,L04AAS100149,2026-08-10 08:21:47,2026-08-10 08:23:42,2,0.613,OK,0000,0.84,OK,0000
LOT-20260810-AAS,line_04,pcb4,2026-08-10,2026-08-10 08:22:14,EQ-04-A,1,0,day,04,L04AAS100150,2026-08-10 08:22:14,2026-08-10 08:24:18,1,0.591,OK,0000,0.88,OK,0000
LOT-20260810-AAS,line_04,pcb4,2026-08-10,2026-08-10 08:22:42,EQ-04-A,1,0,day,04,L04AAS100151,2026-08-10 08:22:42,2026-08-10 08:24:44,2,0.418,OK,0000,0.81,OK,0000
LOT-20260810-AAS,line_04,pcb4,2026-08-10,2026-08-10 08:23:13,EQ-04-A,1,0,day,04,L04AAS100152,2026-08-10 08:23:13,2026-08-10 08:25:09,2,0.242,OK,0000,0.84,OK,0000
LOT-20260810-AAS,line_04,pcb4,2026-08-10,2026-08-10 08:23:51,EQ-04-A,1,0,day,04,L04AAS100153,2026-08-10 08:23:51,2026-08-10 08:25:46,2,0.568,OK,0000,0.8,OK,0000
LOT-20260810-AAS,line_04,pcb4,2026-08-10,2026-08-10 08:24:30,EQ-04-A,1,0,day,04,L04AAS100154,2026-08-10 08:24:30,2026-08-10 08:26:32,2,0.713,OK,0000,0.81,OK,0000
LOT-20260810-AAS,line_04,pcb4,2026-08-10,2026-08-10 08:25:01,EQ-04-A,1,0,day,04,L04AAS100155,2026-08-10 08:25:01,2026-08-10 08:27:06,1,0.184,OK,0000,0.9,OK,0000
LOT-20260810-AAS,line_04,pcb4,2026-08-10,2026-08-10 08:25:31,EQ-04-A,1,0,day,04,L04AAS100156,2026-08-10 08:25:31,2026-08-10 08:27:28,1,0.204,OK,0000,0.88,OK,0000
LOT-20260810-AAS,line_04,pcb4,2026-08-10,2026-08-10 08:25:52,EQ-04-A,1,0,day,04,L04AAS100157,2026-08-10 08:25:52,2026-08-10 08:27:51,2,0.608,OK,0000,0.85,OK,0000
LOT-20260810-AAS,line_04,pcb4,2026-08-10,2026-08-10 08:26:21,EQ-04-A,1,0,day,04,L04AAS100158,2026-08-10 08:26:21,2026-08-10 08:28:24,2,0.422,OK,0000,0.86,OK,0000
LOT-20260810-AAS,line_04,pcb4,2026-08-10,2026-08-10 08:26:41,EQ-04-A,1,0,day,04,L04AAS100159,2026-08-10 08:26:41,2026-08-10 08:28:42,2,0.657,OK,0000,0.8,OK,0000
LOT-20260810-AAS,line_04,pcb4,2026-08-10,2026-08-10 08:27:12,EQ-04-A,1,0,day,04,L04AAS100160,2026-08-10 08:27:12,2026-08-10 08:29:11,1,0.646,OK,0000,0.88,OK,0000
LOT-20260810-AAS,line_04,pcb4,2026-08-10,2026-08-10 08:27:42,EQ-04-A,1,0,day,04,L04AAS100161,2026-08-10 08:27:42,2026-08-10 08:29:46,1,0.544,OK,0000,0.82,OK,0000
LOT-20260810-AAS,line_04,pcb4,2026-08-10,2026-08-10 08:28:13,EQ-04-A,1,0,day,04,L04AAS100162,2026-08-10 08:28:13,2026-08-10 08:30:13,1,0.64,OK,0000,0.86,OK,0000
LOT-20260810-AAS,line_04,pcb4,2026-08-10,2026-08-10 08:28:46,EQ-04-A,1,0,day,04,L04AAS100163,2026-08-10 08:28:46,2026-08-10 08:30:42,2,0.348,OK,0000,0.83,OK,0000
LOT-20260810-AAS,line_04,pcb4,2026-08-10,2026-08-10 08:29:19,EQ-04-A,1,0,day,04,L04AAS100164,2026-08-10 08:29:19,2026-08-10 08:31:21,1,0.623,OK,0000,0.84,OK,0000
LOT-20260810-AAS,line_04,pcb4,2026-08-10,2026-08-10 08:29:39,EQ-04-A,1,0,day,04,L04AAS100165,2026-08-10 08:29:39,2026-08-10 08:31:40,1,0.663,OK,0000,0.83,OK,0000
LOT-20260810-AAS,line_04,pcb4,2026-08-10,2026-08-10 08:30:11,EQ-04-A,1,1,day,04,L04AAS100166,2026-08-10 08:30:11,2026-08-10 08:32:07,2,0.35,RE,ESA7,1.47,NG,ESA7
LOT-20260810-AAS,line_04,pcb4,2026-08-10,2026-08-10 08:30:42,EQ-04-A,1,0,day,04,L04AAS100167,2026-08-10 08:30:42,2026-08-10 08:32:37,1,0.248,OK,0000,0.82,OK,0000
LOT-20260810-AAS,line_04,pcb4,2026-08-10,2026-08-10 08:31:04,EQ-04-A,1,0,day,04,L04AAS100168,2026-08-10 08:31:04,2026-08-10 08:33:00,1,0.542,OK,0000,0.88,OK,0000
LOT-20260810-AAS,line_04,pcb4,2026-08-10,2026-08-10 08:31:37,EQ-04-A,1,1,day,04,L04AAS100169,2026-08-10 08:31:37,2026-08-10 08:33:37,1,0.597,RE,ESA8,1.48,NG,ESA8
LOT-20260810-AAS,line_04,pcb4,2026-08-10,2026-08-10 08:32:13,EQ-04-A,1,0,day,04,L04AAS100170,2026-08-10 08:32:13,2026-08-10 08:34:09,1,0.482,OK,0000,0.81,OK,0000
LOT-20260810-AAS,line_04,pcb4,2026-08-10,2026-08-10 08:32:39,EQ-04-A,1,0,day,04,L04AAS100171,2026-08-10 08:32:39,2026-08-10 08:34:38,2,0.467,OK,0000,0.83,OK,0000
LOT-20260810-AAS,line_04,pcb4,2026-08-10,2026-08-10 08:33:00,EQ-04-A,1,0,day,04,L04AAS100172,2026-08-10 08:33:00,2026-08-10 08:35:00,1,0.49,OK,0000,0.8,OK,0000
LOT-20260810-AAS,line_04,pcb4,2026-08-10,2026-08-10 08:33:26,EQ-04-A,1,0,day,04,L04AAS100173,2026-08-10 08:33:26,2026-08-10 08:35:28,1,0.618,OK,0000,0.85,OK,0000
LOT-20260810-AAS,line_04,pcb4,2026-08-10,2026-08-10 08:34:04,EQ-04-A,1,0,day,04,L04AAS100174,2026-08-10 08:34:04,2026-08-10 08:36:00,2,0.31,OK,0000,0.88,OK,0000
LOT-20260810-AAS,line_04,pcb4,2026-08-10,2026-08-10 08:34:44,EQ-04-A,1,0,day,04,L04AAS100175,2026-08-10 08:34:44,2026-08-10 08:36:45,2,0.378,OK,0000,0.8,OK,0000
LOT-20260810-AAS,line_04,pcb4,2026-08-10,2026-08-10 08:35:13,EQ-04-A,1,0,day,04,L04AAS100176,2026-08-10 08:35:13,2026-08-10 08:37:13,2,0.513,OK,0000,0.8,OK,0000
LOT-20260810-AAS,line_04,pcb4,2026-08-10,2026-08-10 08:35:45,EQ-04-A,1,0,day,04,L04AAS100177,2026-08-10 08:35:45,2026-08-10 08:37:45,1,0.588,OK,0000,0.8,OK,0000
LOT-20260810-AAS,line_04,pcb4,2026-08-10,2026-08-10 08:36:24,EQ-04-A,1,0,day,04,L04AAS100178,2026-08-10 08:36:24,2026-08-10 08:38:25,2,0.346,OK,0000,0.9,OK,0000
LOT-20260810-AAS,line_04,pcb4,2026-08-10,2026-08-10 08:37:01,EQ-04-A,1,0,day,04,L04AAS100179,2026-08-10 08:37:01,2026-08-10 08:38:58,2,0.397,OK,0000,0.82,OK,0000
LOT-20260810-AAS,line_04,pcb4,2026-08-10,2026-08-10 08:37:28,EQ-04-A,1,0,day,04,L04AAS100180,2026-08-10 08:37:28,2026-08-10 08:39:24,1,0.691,OK,0000,0.81,OK,0000
LOT-20260810-AAS,line_04,pcb4,2026-08-10,2026-08-10 08:38:05,EQ-04-A,1,1,day,04,L04AAS100181,2026-08-10 08:38:05,2026-08-10 08:40:01,1,0.615,RE,ESA6,1.37,NG,ESA6
LOT-20260810-AAS,line_04,pcb4,2026-08-10,2026-08-10 08:38:43,EQ-04-A,1,0,day,04,L04AAS100182,2026-08-10 08:38:43,2026-08-10 08:40:41,2,0.572,OK,0000,0.8,OK,0000
LOT-20260810-AAS,line_04,pcb4,2026-08-10,2026-08-10 08:39:09,EQ-04-A,1,0,day,04,L04AAS100183,2026-08-10 08:39:09,2026-08-10 08:41:11,2,0.409,OK,0000,0.95,OK,0000
LOT-20260810-AAS,line_04,pcb4,2026-08-10,2026-08-10 08:39:35,EQ-04-A,1,0,day,04,L04AAS100184,2026-08-10 08:39:35,2026-08-10 08:41:36,1,0.426,OK,0000,0.96,OK,0000
LOT-20260810-AAS,line_04,pcb4,2026-08-10,2026-08-10 08:40:04,EQ-04-A,1,0,day,04,L04AAS100185,2026-08-10 08:40:04,2026-08-10 08:42:01,1,0.756,OK,0000,0.86,OK,0000
LOT-20260810-AAS,line_04,pcb4,2026-08-10,2026-08-10 08:40:34,EQ-04-A,1,0,day,04,L04AAS100186,2026-08-10 08:40:34,2026-08-10 08:42:36,2,0.545,OK,0000,0.82,OK,0000
LOT-20260810-AAS,line_04,pcb4,2026-08-10,2026-08-10 08:41:06,EQ-04-A,1,0,day,04,L04AAS100187,2026-08-10 08:41:06,2026-08-10 08:43:03,1,0.487,OK,0000,0.81,OK,0000
LOT-20260810-AAS,line_04,pcb4,2026-08-10,2026-08-10 08:41:40,EQ-04-A,1,0,day,04,L04AAS100188,2026-08-10 08:41:40,2026-08-10 08:43:37,2,0.49,OK,0000,0.8,OK,0000
LOT-20260810-AAS,line_04,pcb4,2026-08-10,2026-08-10 08:42:07,EQ-04-A,1,0,day,04,L04AAS100189,2026-08-10 08:42:07,2026-08-10 08:44:02,1,0.288,OK,0000,0.89,OK,0000
LOT-20260810-AAS,line_04,pcb4,2026-08-10,2026-08-10 08:42:31,EQ-04-A,1,0,day,04,L04AAS100190,2026-08-10 08:42:31,2026-08-10 08:44:30,1,0.258,OK,0000,0.88,OK,0000
LOT-20260810-AAS,line_04,pcb4,2026-08-10,2026-08-10 08:42:51,EQ-04-A,1,0,day,04,L04AAS100191,2026-08-10 08:42:51,2026-08-10 08:44:48,1,0.216,OK,0000,0.87,OK,0000
LOT-20260810-AAS,line_04,pcb4,2026-08-10,2026-08-10 08:43:27,EQ-04-A,1,0,day,04,L04AAS100192,2026-08-10 08:43:27,2026-08-10 08:45:29,2,0.469,OK,0000,0.89,OK,0000
LOT-20260810-AAS,line_04,pcb4,2026-08-10,2026-08-10 08:43:49,EQ-04-A,1,0,day,04,L04AAS100193,2026-08-10 08:43:49,2026-08-10 08:45:44,1,0.45,OK,0000,0.8,OK,0000
LOT-20260810-AAS,line_04,pcb4,2026-08-10,2026-08-10 08:44:24,EQ-04-A,1,0,day,04,L04AAS100194,2026-08-10 08:44:24,2026-08-10 08:46:23,1,0.472,OK,0000,0.85,OK,0000
LOT-20260810-AAS,line_04,pcb4,2026-08-10,2026-08-10 08:44:54,EQ-04-A,1,0,day,04,L04AAS100195,2026-08-10 08:44:54,2026-08-10 08:46:56,1,0.48,OK,0000,0.86,OK,0000
LOT-20260810-AAS,line_04,pcb4,2026-08-10,2026-08-10 08:45:24,EQ-04-A,1,0,day,04,L04AAS100196,2026-08-10 08:45:24,2026-08-10 08:47:22,2,0.415,RE,ESA4,1.12,OK,0000
LOT-20260810-AAS,line_04,pcb4,2026-08-10,2026-08-10 08:46:01,EQ-04-A,1,0,day,04,L04AAS100197,2026-08-10 08:46:01,2026-08-10 08:47:59,2,0.35,OK,0000,0.82,OK,0000
LOT-20260810-AAS,line_04,pcb4,2026-08-10,2026-08-10 08:46:27,EQ-04-A,1,0,day,04,L04AAS100198,2026-08-10 08:46:27,2026-08-10 08:48:32,2,0.421,OK,0000,0.94,OK,0000
LOT-20260810-AAS,line_04,pcb4,2026-08-10,2026-08-10 08:46:51,EQ-04-A,1,0,day,04,L04AAS100199,2026-08-10 08:46:51,2026-08-10 08:48:49,2,0.688,OK,0000,0.87,OK,0000
LOT-20260810-AAS,line_04,pcb4,2026-08-10,2026-08-10 08:47:17,EQ-04-A,1,0,day,04,L04AAS100200,2026-08-10 08:47:17,2026-08-10 08:49:12,1,0.567,OK,0000,0.85,OK,0000
LOT-20260810-AAV,line_04,pcb4,2026-08-10,2026-08-10 08:47:49,EQ-04-A,1,0,day,04,L04AAV100001,2026-08-10 08:47:49,2026-08-10 08:49:51,1,0.546,OK,0000,0.85,OK,0000
LOT-20260810-AAV,line_04,pcb4,2026-08-10,2026-08-10 08:48:09,EQ-04-A,1,0,day,04,L04AAV100002,2026-08-10 08:48:09,2026-08-10 08:50:04,2,0.506,OK,0000,0.8,OK,0000
LOT-20260810-AAV,line_04,pcb4,2026-08-10,2026-08-10 08:48:39,EQ-04-A,1,0,day,04,L04AAV100003,2026-08-10 08:48:39,2026-08-10 08:50:38,2,0.445,OK,0000,0.83,OK,0000
LOT-20260810-AAV,line_04,pcb4,2026-08-10,2026-08-10 08:49:03,EQ-04-A,1,0,day,04,L04AAV100004,2026-08-10 08:49:03,2026-08-10 08:51:08,2,0.388,RE,ESA4,1.19,OK,0000
LOT-20260810-AAV,line_04,pcb4,2026-08-10,2026-08-10 08:49:38,EQ-04-A,1,0,day,04,L04AAV100005,2026-08-10 08:49:38,2026-08-10 08:51:33,2,0.545,OK,0000,0.87,OK,0000
LOT-20260810-AAV,line_04,pcb4,2026-08-10,2026-08-10 08:50:18,EQ-04-A,1,0,day,04,L04AAV100006,2026-08-10 08:50:18,2026-08-10 08:52:21,1,0.545,OK,0000,0.87,OK,0000
LOT-20260810-AAV,line_04,pcb4,2026-08-10,2026-08-10 08:50:43,EQ-04-A,1,1,day,04,L04AAV100007,2026-08-10 08:50:43,2026-08-10 08:52:38,2,0.614,RE,ESA6,1.22,NG,ESA6
LOT-20260810-AAV,line_04,pcb4,2026-08-10,2026-08-10 08:51:16,EQ-04-A,1,0,day,04,L04AAV100008,2026-08-10 08:51:16,2026-08-10 08:53:14,2,0.579,OK,0000,0.8,OK,0000
LOT-20260810-AAV,line_04,pcb4,2026-08-10,2026-08-10 08:51:52,EQ-04-A,1,0,day,04,L04AAV100009,2026-08-10 08:51:52,2026-08-10 08:53:53,2,0.442,OK,0000,0.82,OK,0000
LOT-20260810-AAV,line_04,pcb4,2026-08-10,2026-08-10 08:52:20,EQ-04-A,1,0,day,04,L04AAV100010,2026-08-10 08:52:20,2026-08-10 08:54:22,1,0.73,OK,0000,0.85,OK,0000
LOT-20260811-AAT,line_01,pcb1,2026-08-11,2026-08-11 08:00:00,EQ-01-A,1,0,day,01,L01AAT100071,2026-08-11 08:00:00,2026-08-11 08:01:56,2,0.636,OK,0000,0.84,OK,0000
LOT-20260811-AAT,line_01,pcb1,2026-08-11,2026-08-11 08:00:36,EQ-01-A,1,0,day,01,L01AAT100072,2026-08-11 08:00:36,2026-08-11 08:02:40,2,0.604,OK,0000,0.8,OK,0000
LOT-20260811-AAT,line_01,pcb1,2026-08-11,2026-08-11 08:01:11,EQ-01-A,1,0,day,01,L01AAT100073,2026-08-11 08:01:11,2026-08-11 08:03:15,1,0.095,OK,0000,0.8,OK,0000
LOT-20260811-AAT,line_01,pcb1,2026-08-11,2026-08-11 08:01:33,EQ-01-A,1,0,day,01,L01AAT100074,2026-08-11 08:01:33,2026-08-11 08:03:28,2,0.522,OK,0000,0.9,OK,0000
LOT-20260811-AAT,line_01,pcb1,2026-08-11,2026-08-11 08:02:11,EQ-01-A,1,0,day,01,L01AAT100075,2026-08-11 08:02:11,2026-08-11 08:04:06,2,0.331,OK,0000,0.81,OK,0000
LOT-20260811-AAT,line_01,pcb1,2026-08-11,2026-08-11 08:02:40,EQ-01-A,1,0,day,01,L01AAT100076,2026-08-11 08:02:40,2026-08-11 08:04:41,1,0.513,OK,0000,0.82,OK,0000
LOT-20260811-AAT,line_01,pcb1,2026-08-11,2026-08-11 08:03:13,EQ-01-A,1,0,day,01,L01AAT100077,2026-08-11 08:03:13,2026-08-11 08:05:17,2,0.418,OK,0000,0.82,OK,0000
LOT-20260811-AAT,line_01,pcb1,2026-08-11,2026-08-11 08:03:41,EQ-01-A,1,0,day,01,L01AAT100078,2026-08-11 08:03:41,2026-08-11 08:05:44,2,0.697,OK,0000,0.88,OK,0000
LOT-20260811-AAT,line_01,pcb1,2026-08-11,2026-08-11 08:04:19,EQ-01-A,1,0,day,01,L01AAT100079,2026-08-11 08:04:19,2026-08-11 08:06:15,1,0.504,OK,0000,0.91,OK,0000
LOT-20260811-AAT,line_01,pcb1,2026-08-11,2026-08-11 08:04:42,EQ-01-A,1,0,day,01,L01AAT100080,2026-08-11 08:04:42,2026-08-11 08:06:40,1,0.576,OK,0000,0.89,OK,0000
LOT-20260811-AAT,line_01,pcb1,2026-08-11,2026-08-11 08:05:10,EQ-01-A,1,0,day,01,L01AAT100081,2026-08-11 08:05:10,2026-08-11 08:07:12,2,0.371,OK,0000,0.81,OK,0000
LOT-20260811-AAT,line_01,pcb1,2026-08-11,2026-08-11 08:05:43,EQ-01-A,1,0,day,01,L01AAT100082,2026-08-11 08:05:43,2026-08-11 08:07:40,2,0.4,OK,0000,0.84,OK,0000
LOT-20260811-AAT,line_01,pcb1,2026-08-11,2026-08-11 08:06:09,EQ-01-A,1,0,day,01,L01AAT100083,2026-08-11 08:06:09,2026-08-11 08:08:08,1,0.509,OK,0000,0.85,OK,0000
LOT-20260811-AAT,line_01,pcb1,2026-08-11,2026-08-11 08:06:44,EQ-01-A,1,0,day,01,L01AAT100084,2026-08-11 08:06:44,2026-08-11 08:08:41,1,0.796,OK,0000,0.87,OK,0000
LOT-20260811-AAT,line_01,pcb1,2026-08-11,2026-08-11 08:07:14,EQ-01-A,1,0,day,01,L01AAT100085,2026-08-11 08:07:14,2026-08-11 08:09:16,2,0.423,OK,0000,0.84,OK,0000
LOT-20260811-AAT,line_01,pcb1,2026-08-11,2026-08-11 08:07:36,EQ-01-A,1,0,day,01,L01AAT100086,2026-08-11 08:07:36,2026-08-11 08:09:33,1,0.726,OK,0000,0.87,OK,0000
LOT-20260811-AAT,line_01,pcb1,2026-08-11,2026-08-11 08:08:02,EQ-01-A,1,0,day,01,L01AAT100087,2026-08-11 08:08:02,2026-08-11 08:09:57,2,0.724,OK,0000,0.82,OK,0000
LOT-20260811-AAT,line_01,pcb1,2026-08-11,2026-08-11 08:08:32,EQ-01-A,1,0,day,01,L01AAT100088,2026-08-11 08:08:32,2026-08-11 08:10:33,1,0.393,OK,0000,0.81,OK,0000
LOT-20260811-AAT,line_01,pcb1,2026-08-11,2026-08-11 08:09:08,EQ-01-A,1,0,day,01,L01AAT100089,2026-08-11 08:09:08,2026-08-11 08:11:06,2,0.44,OK,0000,0.8,OK,0000
LOT-20260811-AAT,line_01,pcb1,2026-08-11,2026-08-11 08:09:36,EQ-01-A,1,0,day,01,L01AAT100090,2026-08-11 08:09:36,2026-08-11 08:11:40,2,0.544,OK,0000,0.85,OK,0000
LOT-20260811-AAT,line_01,pcb1,2026-08-11,2026-08-11 08:10:15,EQ-01-A,1,0,day,01,L01AAT100091,2026-08-11 08:10:15,2026-08-11 08:12:10,2,0.701,OK,0000,0.8,OK,0000
LOT-20260811-AAT,line_01,pcb1,2026-08-11,2026-08-11 08:10:45,EQ-01-A,1,0,day,01,L01AAT100092,2026-08-11 08:10:45,2026-08-11 08:12:49,1,0.358,OK,0000,0.87,OK,0000
LOT-20260811-AAT,line_01,pcb1,2026-08-11,2026-08-11 08:11:17,EQ-01-A,1,0,day,01,L01AAT100093,2026-08-11 08:11:17,2026-08-11 08:13:12,2,0.528,OK,0000,0.84,OK,0000
LOT-20260811-AAT,line_01,pcb1,2026-08-11,2026-08-11 08:11:56,EQ-01-A,1,1,day,01,L01AAT100094,2026-08-11 08:11:56,2026-08-11 08:13:52,2,0.69,RE,ESA7,1.15,NG,ESA7
LOT-20260811-AAT,line_01,pcb1,2026-08-11,2026-08-11 08:12:17,EQ-01-A,1,0,day,01,L01AAT100095,2026-08-11 08:12:17,2026-08-11 08:14:18,1,0.391,OK,0000,0.81,OK,0000
LOT-20260811-AAT,line_01,pcb1,2026-08-11,2026-08-11 08:12:49,EQ-01-A,1,0,day,01,L01AAT100096,2026-08-11 08:12:49,2026-08-11 08:14:49,2,0.198,OK,0000,0.85,OK,0000
LOT-20260811-AAT,line_01,pcb1,2026-08-11,2026-08-11 08:13:23,EQ-01-A,1,0,day,01,L01AAT100097,2026-08-11 08:13:23,2026-08-11 08:15:25,2,0.422,OK,0000,0.81,OK,0000
LOT-20260811-AAT,line_01,pcb1,2026-08-11,2026-08-11 08:13:59,EQ-01-A,1,0,day,01,L01AAT100098,2026-08-11 08:13:59,2026-08-11 08:15:59,1,0.363,OK,0000,0.84,OK,0000
LOT-20260811-AAT,line_01,pcb1,2026-08-11,2026-08-11 08:14:34,EQ-01-A,1,1,day,01,L01AAT100099,2026-08-11 08:14:34,2026-08-11 08:16:36,1,0.38,RE,ESA5,1.27,NG,ESA5
LOT-20260811-AAT,line_01,pcb1,2026-08-11,2026-08-11 08:15:07,EQ-01-A,1,0,day,01,L01AAT100100,2026-08-11 08:15:07,2026-08-11 08:17:10,2,0.569,OK,0000,0.83,OK,0000
LOT-20260811-AAT,line_01,pcb1,2026-08-11,2026-08-11 08:15:40,EQ-01-A,1,0,day,01,L01AAT100101,2026-08-11 08:15:40,2026-08-11 08:17:35,1,0.446,OK,0000,0.85,OK,0000
LOT-20260811-AAT,line_01,pcb1,2026-08-11,2026-08-11 08:16:11,EQ-01-A,1,0,day,01,L01AAT100102,2026-08-11 08:16:11,2026-08-11 08:18:07,1,0.496,OK,0000,0.89,OK,0000
LOT-20260811-AAT,line_01,pcb1,2026-08-11,2026-08-11 08:16:35,EQ-01-A,1,0,day,01,L01AAT100103,2026-08-11 08:16:35,2026-08-11 08:18:31,2,0.548,OK,0000,0.88,OK,0000
LOT-20260811-AAT,line_01,pcb1,2026-08-11,2026-08-11 08:17:11,EQ-01-A,1,0,day,01,L01AAT100104,2026-08-11 08:17:11,2026-08-11 08:19:08,1,0.592,OK,0000,0.8,OK,0000
LOT-20260811-AAT,line_01,pcb1,2026-08-11,2026-08-11 08:17:37,EQ-01-A,1,0,day,01,L01AAT100105,2026-08-11 08:17:37,2026-08-11 08:19:38,2,0.416,OK,0000,0.84,OK,0000
LOT-20260811-AAT,line_01,pcb1,2026-08-11,2026-08-11 08:17:57,EQ-01-A,1,0,day,01,L01AAT100106,2026-08-11 08:17:57,2026-08-11 08:19:59,2,0.63,OK,0000,0.92,OK,0000
LOT-20260811-AAT,line_01,pcb1,2026-08-11,2026-08-11 08:18:18,EQ-01-A,1,0,day,01,L01AAT100107,2026-08-11 08:18:18,2026-08-11 08:20:19,1,0.427,OK,0000,0.84,OK,0000
LOT-20260811-AAT,line_01,pcb1,2026-08-11,2026-08-11 08:18:44,EQ-01-A,1,0,day,01,L01AAT100108,2026-08-11 08:18:44,2026-08-11 08:20:43,2,0.62,OK,0000,0.84,OK,0000
LOT-20260811-AAT,line_01,pcb1,2026-08-11,2026-08-11 08:19:08,EQ-01-A,1,0,day,01,L01AAT100109,2026-08-11 08:19:08,2026-08-11 08:21:05,2,0.747,RE,ESA8,1.12,OK,0000
LOT-20260811-AAT,line_01,pcb1,2026-08-11,2026-08-11 08:19:29,EQ-01-A,1,0,day,01,L01AAT100110,2026-08-11 08:19:29,2026-08-11 08:21:27,2,0.602,OK,0000,0.87,OK,0000
LOT-20260811-AAT,line_01,pcb1,2026-08-11,2026-08-11 08:19:49,EQ-01-A,1,0,day,01,L01AAT100111,2026-08-11 08:19:49,2026-08-11 08:21:45,1,0.673,OK,0000,0.84,OK,0000
LOT-20260811-AAT,line_01,pcb1,2026-08-11,2026-08-11 08:20:15,EQ-01-A,1,0,day,01,L01AAT100112,2026-08-11 08:20:15,2026-08-11 08:22:16,1,0.634,OK,0000,0.83,OK,0000
LOT-20260811-AAT,line_01,pcb1,2026-08-11,2026-08-11 08:20:55,EQ-01-A,1,0,day,01,L01AAT100113,2026-08-11 08:20:55,2026-08-11 08:22:59,1,0.38,OK,0000,0.8,OK,0000
LOT-20260811-AAT,line_01,pcb1,2026-08-11,2026-08-11 08:21:30,EQ-01-A,1,0,day,01,L01AAT100114,2026-08-11 08:21:30,2026-08-11 08:23:33,1,0.284,OK,0000,0.82,OK,0000
LOT-20260811-AAT,line_01,pcb1,2026-08-11,2026-08-11 08:21:58,EQ-01-A,1,0,day,01,L01AAT100115,2026-08-11 08:21:58,2026-08-11 08:24:01,1,0.547,OK,0000,0.83,OK,0000
LOT-20260811-AAT,line_01,pcb1,2026-08-11,2026-08-11 08:22:18,EQ-01-A,1,0,day,01,L01AAT100116,2026-08-11 08:22:18,2026-08-11 08:24:18,2,0.53,OK,0000,0.89,OK,0000
LOT-20260811-AAT,line_01,pcb1,2026-08-11,2026-08-11 08:22:50,EQ-01-A,1,0,day,01,L01AAT100117,2026-08-11 08:22:50,2026-08-11 08:24:45,1,0.422,OK,0000,0.93,OK,0000
LOT-20260811-AAT,line_01,pcb1,2026-08-11,2026-08-11 08:23:28,EQ-01-A,1,0,day,01,L01AAT100118,2026-08-11 08:23:28,2026-08-11 08:25:32,2,0.613,OK,0000,0.83,OK,0000
LOT-20260811-AAT,line_01,pcb1,2026-08-11,2026-08-11 08:23:56,EQ-01-A,1,0,day,01,L01AAT100119,2026-08-11 08:23:56,2026-08-11 08:26:01,1,0.467,OK,0000,0.8,OK,0000
LOT-20260811-AAT,line_01,pcb1,2026-08-11,2026-08-11 08:24:33,EQ-01-A,1,0,day,01,L01AAT100120,2026-08-11 08:24:33,2026-08-11 08:26:30,1,0.496,OK,0000,0.8,OK,0000
LOT-20260811-AAT,line_01,pcb1,2026-08-11,2026-08-11 08:25:12,EQ-01-A,1,0,day,01,L01AAT100121,2026-08-11 08:25:12,2026-08-11 08:27:07,2,0.688,OK,0000,0.8,OK,0000
LOT-20260811-AAT,line_01,pcb1,2026-08-11,2026-08-11 08:25:39,EQ-01-A,1,0,day,01,L01AAT100122,2026-08-11 08:25:39,2026-08-11 08:27:36,2,0.506,OK,0000,0.8,OK,0000
LOT-20260811-AAT,line_01,pcb1,2026-08-11,2026-08-11 08:26:09,EQ-01-A,1,0,day,01,L01AAT100123,2026-08-11 08:26:09,2026-08-11 08:28:11,2,0.395,OK,0000,0.82,OK,0000
LOT-20260811-AAT,line_01,pcb1,2026-08-11,2026-08-11 08:26:35,EQ-01-A,1,0,day,01,L01AAT100124,2026-08-11 08:26:35,2026-08-11 08:28:39,2,0.789,OK,0000,0.8,OK,0000
LOT-20260811-AAT,line_01,pcb1,2026-08-11,2026-08-11 08:27:09,EQ-01-A,1,0,day,01,L01AAT100125,2026-08-11 08:27:09,2026-08-11 08:29:11,2,0.637,OK,0000,0.89,OK,0000
LOT-20260811-AAT,line_01,pcb1,2026-08-11,2026-08-11 08:27:40,EQ-01-A,1,0,day,01,L01AAT100126,2026-08-11 08:27:40,2026-08-11 08:29:39,2,0.149,OK,0000,0.82,OK,0000
LOT-20260811-AAT,line_01,pcb1,2026-08-11,2026-08-11 08:28:02,EQ-01-A,1,0,day,01,L01AAT100127,2026-08-11 08:28:02,2026-08-11 08:30:07,2,0.723,OK,0000,0.8,OK,0000
LOT-20260811-AAT,line_01,pcb1,2026-08-11,2026-08-11 08:28:38,EQ-01-A,1,0,day,01,L01AAT100128,2026-08-11 08:28:38,2026-08-11 08:30:35,1,0.68,OK,0000,0.84,OK,0000
LOT-20260811-AAT,line_01,pcb1,2026-08-11,2026-08-11 08:29:17,EQ-01-A,1,0,day,01,L01AAT100129,2026-08-11 08:29:17,2026-08-11 08:31:20,1,0.491,OK,0000,0.84,OK,0000
LOT-20260811-AAT,line_01,pcb1,2026-08-11,2026-08-11 08:29:45,EQ-01-A,1,0,day,01,L01AAT100130,2026-08-11 08:29:45,2026-08-11 08:31:43,2,0.551,OK,0000,0.8,OK,0000
LOT-20260811-AAT,line_01,pcb1,2026-08-11,2026-08-11 08:30:10,EQ-01-A,1,0,day,01,L01AAT100131,2026-08-11 08:30:10,2026-08-11 08:32:10,1,0.461,OK,0000,0.85,OK,0000
LOT-20260811-AAT,line_01,pcb1,2026-08-11,2026-08-11 08:30:47,EQ-01-A,1,0,day,01,L01AAT100132,2026-08-11 08:30:47,2026-08-11 08:32:49,2,0.527,OK,0000,0.85,OK,0000
LOT-20260811-AAT,line_01,pcb1,2026-08-11,2026-08-11 08:31:20,EQ-01-A,1,1,day,01,L01AAT100133,2026-08-11 08:31:20,2026-08-11 08:33:16,1,0.392,RE,ESA5,1.31,NG,ESA5
LOT-20260811-AAT,line_01,pcb1,2026-08-11,2026-08-11 08:31:54,EQ-01-A,1,0,day,01,L01AAT100134,2026-08-11 08:31:54,2026-08-11 08:33:52,2,0.519,OK,0000,0.8,OK,0000
LOT-20260811-AAT,line_01,pcb1,2026-08-11,2026-08-11 08:32:34,EQ-01-A,1,0,day,01,L01AAT100135,2026-08-11 08:32:34,2026-08-11 08:34:37,1,0.42,OK,0000,0.8,OK,0000
LOT-20260811-AAT,line_01,pcb1,2026-08-11,2026-08-11 08:32:56,EQ-01-A,1,0,day,01,L01AAT100136,2026-08-11 08:32:56,2026-08-11 08:34:53,2,0.364,OK,0000,0.82,OK,0000
LOT-20260811-AAT,line_01,pcb1,2026-08-11,2026-08-11 08:33:28,EQ-01-A,1,0,day,01,L01AAT100137,2026-08-11 08:33:28,2026-08-11 08:35:29,2,0.592,OK,0000,0.81,OK,0000
LOT-20260811-AAT,line_01,pcb1,2026-08-11,2026-08-11 08:34:07,EQ-01-A,1,0,day,01,L01AAT100138,2026-08-11 08:34:07,2026-08-11 08:36:04,1,0.534,OK,0000,0.84,OK,0000
LOT-20260811-AAT,line_01,pcb1,2026-08-11,2026-08-11 08:34:34,EQ-01-A,1,0,day,01,L01AAT100139,2026-08-11 08:34:34,2026-08-11 08:36:36,1,0.383,OK,0000,0.83,OK,0000
LOT-20260811-AAT,line_01,pcb1,2026-08-11,2026-08-11 08:34:57,EQ-01-A,1,0,day,01,L01AAT100140,2026-08-11 08:34:57,2026-08-11 08:36:54,1,0.63,OK,0000,0.85,OK,0000
LOT-20260811-AAT,line_01,pcb1,2026-08-11,2026-08-11 08:35:22,EQ-01-A,1,0,day,01,L01AAT100141,2026-08-11 08:35:22,2026-08-11 08:37:17,1,0.582,OK,0000,0.89,OK,0000
LOT-20260811-AAT,line_01,pcb1,2026-08-11,2026-08-11 08:35:55,EQ-01-A,1,1,day,01,L01AAT100142,2026-08-11 08:35:55,2026-08-11 08:37:58,2,0.565,RE,ESA6,1.06,NG,ESA6
LOT-20260811-AAT,line_01,pcb1,2026-08-11,2026-08-11 08:36:35,EQ-01-A,1,0,day,01,L01AAT100143,2026-08-11 08:36:35,2026-08-11 08:38:37,2,0.541,OK,0000,0.82,OK,0000
LOT-20260811-AAT,line_01,pcb1,2026-08-11,2026-08-11 08:37:09,EQ-01-A,1,0,day,01,L01AAT100144,2026-08-11 08:37:09,2026-08-11 08:39:11,1,0.772,OK,0000,0.86,OK,0000
LOT-20260811-AAT,line_01,pcb1,2026-08-11,2026-08-11 08:37:42,EQ-01-A,1,0,day,01,L01AAT100145,2026-08-11 08:37:42,2026-08-11 08:39:38,2,0.41,OK,0000,0.86,OK,0000
LOT-20260811-AAT,line_01,pcb1,2026-08-11,2026-08-11 08:38:19,EQ-01-A,1,0,day,01,L01AAT100146,2026-08-11 08:38:19,2026-08-11 08:40:17,2,0.514,OK,0000,0.8,OK,0000
LOT-20260811-AAT,line_01,pcb1,2026-08-11,2026-08-11 08:38:53,EQ-01-A,1,0,day,01,L01AAT100147,2026-08-11 08:38:53,2026-08-11 08:40:55,1,0.629,OK,0000,0.82,OK,0000
LOT-20260811-AAT,line_01,pcb1,2026-08-11,2026-08-11 08:39:32,EQ-01-A,1,0,day,01,L01AAT100148,2026-08-11 08:39:32,2026-08-11 08:41:36,1,0.713,OK,0000,0.84,OK,0000
LOT-20260811-AAT,line_01,pcb1,2026-08-11,2026-08-11 08:40:12,EQ-01-A,1,0,day,01,L01AAT100149,2026-08-11 08:40:12,2026-08-11 08:42:15,2,0.716,OK,0000,0.86,OK,0000
LOT-20260811-AAT,line_01,pcb1,2026-08-11,2026-08-11 08:40:40,EQ-01-A,1,0,day,01,L01AAT100150,2026-08-11 08:40:40,2026-08-11 08:42:35,2,0.646,OK,0000,0.82,OK,0000
LOT-20260811-AAT,line_01,pcb1,2026-08-11,2026-08-11 08:41:04,EQ-01-A,1,0,day,01,L01AAT100151,2026-08-11 08:41:04,2026-08-11 08:43:01,2,0.553,OK,0000,0.8,OK,0000
LOT-20260811-AAT,line_01,pcb1,2026-08-11,2026-08-11 08:41:31,EQ-01-A,1,0,day,01,L01AAT100152,2026-08-11 08:41:31,2026-08-11 08:43:36,1,0.481,OK,0000,0.8,OK,0000
LOT-20260811-AAT,line_01,pcb1,2026-08-11,2026-08-11 08:42:10,EQ-01-A,1,0,day,01,L01AAT100153,2026-08-11 08:42:10,2026-08-11 08:44:13,1,0.329,OK,0000,0.8,OK,0000
LOT-20260811-AAT,line_01,pcb1,2026-08-11,2026-08-11 08:42:47,EQ-01-A,1,0,day,01,L01AAT100154,2026-08-11 08:42:47,2026-08-11 08:44:50,2,0.599,OK,0000,0.83,OK,0000
LOT-20260811-AAT,line_01,pcb1,2026-08-11,2026-08-11 08:43:23,EQ-01-A,1,0,day,01,L01AAT100155,2026-08-11 08:43:23,2026-08-11 08:45:19,2,0.505,RE,ESA0,1.23,OK,0000
LOT-20260811-AAT,line_01,pcb1,2026-08-11,2026-08-11 08:43:59,EQ-01-A,1,0,day,01,L01AAT100156,2026-08-11 08:43:59,2026-08-11 08:46:00,2,0.662,OK,0000,0.84,OK,0000
LOT-20260811-AAV,line_04,pcb4,2026-08-11,2026-08-11 08:00:00,EQ-04-A,1,0,day,04,L04AAV100011,2026-08-11 08:00:00,2026-08-11 08:01:56,1,0.672,OK,0000,0.89,OK,0000
LOT-20260811-AAV,line_04,pcb4,2026-08-11,2026-08-11 08:00:21,EQ-04-A,1,0,day,04,L04AAV100012,2026-08-11 08:00:21,2026-08-11 08:02:18,2,0.494,OK,0000,0.82,OK,0000
LOT-20260811-AAV,line_04,pcb4,2026-08-11,2026-08-11 08:00:59,EQ-04-A,1,0,day,04,L04AAV100013,2026-08-11 08:00:59,2026-08-11 08:02:57,1,0.258,OK,0000,0.81,OK,0000
LOT-20260811-AAV,line_04,pcb4,2026-08-11,2026-08-11 08:01:26,EQ-04-A,1,0,day,04,L04AAV100014,2026-08-11 08:01:26,2026-08-11 08:03:27,2,0.175,RE,ESA0,1.16,OK,0000
LOT-20260811-AAV,line_04,pcb4,2026-08-11,2026-08-11 08:01:55,EQ-04-A,1,0,day,04,L04AAV100015,2026-08-11 08:01:55,2026-08-11 08:03:56,1,0.554,OK,0000,0.84,OK,0000
LOT-20260811-AAV,line_04,pcb4,2026-08-11,2026-08-11 08:02:30,EQ-04-A,1,0,day,04,L04AAV100016,2026-08-11 08:02:30,2026-08-11 08:04:33,2,0.848,OK,0000,0.83,OK,0000
LOT-20260811-AAV,line_04,pcb4,2026-08-11,2026-08-11 08:02:57,EQ-04-A,1,0,day,04,L04AAV100017,2026-08-11 08:02:57,2026-08-11 08:04:59,2,0.433,OK,0000,0.88,OK,0000
LOT-20260811-AAV,line_04,pcb4,2026-08-11,2026-08-11 08:03:17,EQ-04-A,1,0,day,04,L04AAV100018,2026-08-11 08:03:17,2026-08-11 08:05:14,1,0.211,OK,0000,0.8,OK,0000
LOT-20260811-AAV,line_04,pcb4,2026-08-11,2026-08-11 08:03:43,EQ-04-A,1,0,day,04,L04AAV100019,2026-08-11 08:03:43,2026-08-11 08:05:48,1,0.6,OK,0000,0.83,OK,0000
LOT-20260811-AAV,line_04,pcb4,2026-08-11,2026-08-11 08:04:13,EQ-04-A,1,0,day,04,L04AAV100020,2026-08-11 08:04:13,2026-08-11 08:06:18,2,0.474,OK,0000,0.8,OK,0000
LOT-20260811-AAV,line_04,pcb4,2026-08-11,2026-08-11 08:04:35,EQ-04-A,1,0,day,04,L04AAV100021,2026-08-11 08:04:35,2026-08-11 08:06:33,1,0.536,OK,0000,0.81,OK,0000
LOT-20260811-AAV,line_04,pcb4,2026-08-11,2026-08-11 08:05:11,EQ-04-A,1,0,day,04,L04AAV100022,2026-08-11 08:05:11,2026-08-11 08:07:10,2,0.511,OK,0000,0.8,OK,0000
LOT-20260811-AAV,line_04,pcb4,2026-08-11,2026-08-11 08:05:42,EQ-04-A,1,0,day,04,L04AAV100023,2026-08-11 08:05:42,2026-08-11 08:07:38,1,0.473,OK,0000,0.92,OK,0000
LOT-20260811-AAV,line_04,pcb4,2026-08-11,2026-08-11 08:06:11,EQ-04-A,1,0,day,04,L04AAV100024,2026-08-11 08:06:11,2026-08-11 08:08:16,2,0.436,OK,0000,0.83,OK,0000
LOT-20260811-AAV,line_04,pcb4,2026-08-11,2026-08-11 08:06:34,EQ-04-A,1,0,day,04,L04AAV100025,2026-08-11 08:06:34,2026-08-11 08:08:34,1,0.47,OK,0000,0.85,OK,0000
LOT-20260811-AAV,line_04,pcb4,2026-08-11,2026-08-11 08:06:55,EQ-04-A,1,0,day,04,L04AAV100026,2026-08-11 08:06:55,2026-08-11 08:08:55,2,0.57,OK,0000,0.85,OK,0000
LOT-20260811-AAV,line_04,pcb4,2026-08-11,2026-08-11 08:07:35,EQ-04-A,1,0,day,04,L04AAV100027,2026-08-11 08:07:35,2026-08-11 08:09:39,2,0.542,OK,0000,0.83,OK,0000
LOT-20260811-AAV,line_04,pcb4,2026-08-11,2026-08-11 08:07:57,EQ-04-A,1,1,day,04,L04AAV100028,2026-08-11 08:07:57,2026-08-11 08:09:59,1,0.515,RE,ESA7,1.23,NG,ESA7
LOT-20260811-AAV,line_04,pcb4,2026-08-11,2026-08-11 08:08:36,EQ-04-A,1,0,day,04,L04AAV100029,2026-08-11 08:08:36,2026-08-11 08:10:35,1,0.228,OK,0000,0.95,OK,0000
LOT-20260811-AAV,line_04,pcb4,2026-08-11,2026-08-11 08:09:16,EQ-04-A,1,0,day,04,L04AAV100030,2026-08-11 08:09:16,2026-08-11 08:11:17,2,0.609,OK,0000,0.8,OK,0000
LOT-20260811-AAV,line_04,pcb4,2026-08-11,2026-08-11 08:09:51,EQ-04-A,1,0,day,04,L04AAV100031,2026-08-11 08:09:51,2026-08-11 08:11:49,2,0.535,OK,0000,0.8,OK,0000
LOT-20260811-AAV,line_04,pcb4,2026-08-11,2026-08-11 08:10:24,EQ-04-A,1,0,day,04,L04AAV100032,2026-08-11 08:10:24,2026-08-11 08:12:19,1,0.426,OK,0000,0.8,OK,0000
LOT-20260811-AAV,line_04,pcb4,2026-08-11,2026-08-11 08:10:46,EQ-04-A,1,0,day,04,L04AAV100033,2026-08-11 08:10:46,2026-08-11 08:12:48,2,0.492,OK,0000,0.8,OK,0000
LOT-20260811-AAV,line_04,pcb4,2026-08-11,2026-08-11 08:11:12,EQ-04-A,1,0,day,04,L04AAV100034,2026-08-11 08:11:12,2026-08-11 08:13:08,2,0.558,OK,0000,0.87,OK,0000
LOT-20260811-AAV,line_04,pcb4,2026-08-11,2026-08-11 08:11:43,EQ-04-A,1,0,day,04,L04AAV100035,2026-08-11 08:11:43,2026-08-11 08:13:40,2,0.376,OK,0000,0.85,OK,0000
LOT-20260811-AAV,line_04,pcb4,2026-08-11,2026-08-11 08:12:22,EQ-04-A,1,0,day,04,L04AAV100036,2026-08-11 08:12:22,2026-08-11 08:14:20,2,0.368,OK,0000,0.86,OK,0000
LOT-20260811-AAV,line_04,pcb4,2026-08-11,2026-08-11 08:12:45,EQ-04-A,1,0,day,04,L04AAV100037,2026-08-11 08:12:45,2026-08-11 08:14:43,1,0.397,OK,0000,0.87,OK,0000
LOT-20260811-AAV,line_04,pcb4,2026-08-11,2026-08-11 08:13:06,EQ-04-A,1,0,day,04,L04AAV100038,2026-08-11 08:13:06,2026-08-11 08:15:06,2,0.228,OK,0000,0.8,OK,0000
LOT-20260811-AAV,line_04,pcb4,2026-08-11,2026-08-11 08:13:35,EQ-04-A,1,0,day,04,L04AAV100039,2026-08-11 08:13:35,2026-08-11 08:15:32,1,0.334,OK,0000,0.85,OK,0000
LOT-20260811-AAV,line_04,pcb4,2026-08-11,2026-08-11 08:14:04,EQ-04-A,1,0,day,04,L04AAV100040,2026-08-11 08:14:04,2026-08-11 08:16:00,1,0.583,OK,0000,0.85,OK,0000
LOT-20260811-AAV,line_04,pcb4,2026-08-11,2026-08-11 08:14:41,EQ-04-A,1,1,day,04,L04AAV100041,2026-08-11 08:14:41,2026-08-11 08:16:45,2,0.424,RE,ESA4,1.01,NG,ESA4
LOT-20260811-AAV,line_04,pcb4,2026-08-11,2026-08-11 08:15:14,EQ-04-A,1,0,day,04,L04AAV100042,2026-08-11 08:15:14,2026-08-11 08:17:13,2,0.506,OK,0000,0.87,OK,0000
LOT-20260811-AAV,line_04,pcb4,2026-08-11,2026-08-11 08:15:46,EQ-04-A,1,0,day,04,L04AAV100043,2026-08-11 08:15:46,2026-08-11 08:17:42,2,0.902,OK,0000,0.82,OK,0000
LOT-20260811-AAV,line_04,pcb4,2026-08-11,2026-08-11 08:16:17,EQ-04-A,1,0,day,04,L04AAV100044,2026-08-11 08:16:17,2026-08-11 08:18:22,2,0.4,OK,0000,0.85,OK,0000
LOT-20260811-AAV,line_04,pcb4,2026-08-11,2026-08-11 08:16:39,EQ-04-A,1,0,day,04,L04AAV100045,2026-08-11 08:16:39,2026-08-11 08:18:43,1,0.462,OK,0000,0.89,OK,0000
LOT-20260811-AAV,line_04,pcb4,2026-08-11,2026-08-11 08:17:02,EQ-04-A,1,0,day,04,L04AAV100046,2026-08-11 08:17:02,2026-08-11 08:18:59,1,0.379,OK,0000,0.83,OK,0000
LOT-20260811-AAV,line_04,pcb4,2026-08-11,2026-08-11 08:17:27,EQ-04-A,1,0,day,04,L04AAV100047,2026-08-11 08:17:27,2026-08-11 08:19:30,2,0.631,OK,0000,0.85,OK,0000
LOT-20260811-AAV,line_04,pcb4,2026-08-11,2026-08-11 08:17:49,EQ-04-A,1,0,day,04,L04AAV100048,2026-08-11 08:17:49,2026-08-11 08:19:45,2,0.674,OK,0000,0.82,OK,0000
LOT-20260811-AAV,line_04,pcb4,2026-08-11,2026-08-11 08:18:16,EQ-04-A,1,1,day,04,L04AAV100049,2026-08-11 08:18:16,2026-08-11 08:20:18,2,0.689,RE,ESA6,1.08,NG,ESA6
LOT-20260811-AAV,line_04,pcb4,2026-08-11,2026-08-11 08:18:48,EQ-04-A,1,0,day,04,L04AAV100050,2026-08-11 08:18:48,2026-08-11 08:20:46,2,0.256,OK,0000,0.89,OK,0000
LOT-20260811-AAV,line_04,pcb4,2026-08-11,2026-08-11 08:19:23,EQ-04-A,1,0,day,04,L04AAV100051,2026-08-11 08:19:23,2026-08-11 08:21:20,2,0.501,OK,0000,0.88,OK,0000
LOT-20260811-AAV,line_04,pcb4,2026-08-11,2026-08-11 08:20:01,EQ-04-A,1,0,day,04,L04AAV100052,2026-08-11 08:20:01,2026-08-11 08:22:00,2,0.515,OK,0000,0.84,OK,0000
LOT-20260811-AAV,line_04,pcb4,2026-08-11,2026-08-11 08:20:41,EQ-04-A,1,0,day,04,L04AAV100053,2026-08-11 08:20:41,2026-08-11 08:22:36,1,0.301,OK,0000,0.84,OK,0000
LOT-20260811-AAV,line_04,pcb4,2026-08-11,2026-08-11 08:21:05,EQ-04-A,1,0,day,04,L04AAV100054,2026-08-11 08:21:05,2026-08-11 08:23:00,2,0.704,OK,0000,0.84,OK,0000
LOT-20260811-AAV,line_04,pcb4,2026-08-11,2026-08-11 08:21:43,EQ-04-A,1,0,day,04,L04AAV100055,2026-08-11 08:21:43,2026-08-11 08:23:40,2,0.602,OK,0000,0.87,OK,0000
LOT-20260811-AAV,line_04,pcb4,2026-08-11,2026-08-11 08:22:06,EQ-04-A,1,0,day,04,L04AAV100056,2026-08-11 08:22:06,2026-08-11 08:24:08,2,0.348,OK,0000,0.87,OK,0000
LOT-20260811-AAV,line_04,pcb4,2026-08-11,2026-08-11 08:22:29,EQ-04-A,1,0,day,04,L04AAV100057,2026-08-11 08:22:29,2026-08-11 08:24:30,1,0.453,OK,0000,0.83,OK,0000
LOT-20260811-AAV,line_04,pcb4,2026-08-11,2026-08-11 08:22:51,EQ-04-A,1,0,day,04,L04AAV100058,2026-08-11 08:22:51,2026-08-11 08:24:49,1,0.815,RE,ESA2,1.31,OK,0000
LOT-20260811-AAV,line_04,pcb4,2026-08-11,2026-08-11 08:23:19,EQ-04-A,1,0,day,04,L04AAV100059,2026-08-11 08:23:19,2026-08-11 08:25:16,1,0.404,RE,ESA3,1.26,OK,0000
LOT-20260811-AAV,line_04,pcb4,2026-08-11,2026-08-11 08:23:46,EQ-04-A,1,0,day,04,L04AAV100060,2026-08-11 08:23:46,2026-08-11 08:25:48,2,0.505,OK,0000,0.91,OK,0000
LOT-20260811-AAV,line_04,pcb4,2026-08-11,2026-08-11 08:24:19,EQ-04-A,1,0,day,04,L04AAV100061,2026-08-11 08:24:19,2026-08-11 08:26:23,1,0.506,OK,0000,0.93,OK,0000
LOT-20260811-AAV,line_04,pcb4,2026-08-11,2026-08-11 08:24:39,EQ-04-A,1,0,day,04,L04AAV100062,2026-08-11 08:24:39,2026-08-11 08:26:39,2,0.305,OK,0000,0.84,OK,0000
LOT-20260811-AAV,line_04,pcb4,2026-08-11,2026-08-11 08:25:03,EQ-04-A,1,0,day,04,L04AAV100063,2026-08-11 08:25:03,2026-08-11 08:27:02,1,0.386,OK,0000,0.82,OK,0000
LOT-20260811-AAV,line_04,pcb4,2026-08-11,2026-08-11 08:25:32,EQ-04-A,1,0,day,04,L04AAV100064,2026-08-11 08:25:32,2026-08-11 08:27:32,1,0.429,OK,0000,0.81,OK,0000
LOT-20260811-AAV,line_04,pcb4,2026-08-11,2026-08-11 08:25:54,EQ-04-A,1,0,day,04,L04AAV100065,2026-08-11 08:25:54,2026-08-11 08:27:55,1,0.76,OK,0000,0.9,OK,0000
LOT-20260811-AAV,line_04,pcb4,2026-08-11,2026-08-11 08:26:23,EQ-04-A,1,0,day,04,L04AAV100066,2026-08-11 08:26:23,2026-08-11 08:28:19,1,0.56,OK,0000,0.82,OK,0000
LOT-20260811-AAV,line_04,pcb4,2026-08-11,2026-08-11 08:27:00,EQ-04-A,1,0,day,04,L04AAV100067,2026-08-11 08:27:00,2026-08-11 08:28:58,2,0.398,OK,0000,0.87,OK,0000
LOT-20260811-AAV,line_04,pcb4,2026-08-11,2026-08-11 08:27:22,EQ-04-A,1,0,day,04,L04AAV100068,2026-08-11 08:27:22,2026-08-11 08:29:27,2,0.545,OK,0000,0.83,OK,0000
LOT-20260811-AAV,line_04,pcb4,2026-08-11,2026-08-11 08:27:54,EQ-04-A,1,0,day,04,L04AAV100069,2026-08-11 08:27:54,2026-08-11 08:29:51,1,0.581,OK,0000,0.88,OK,0000
LOT-20260811-AAV,line_04,pcb4,2026-08-11,2026-08-11 08:28:34,EQ-04-A,1,1,day,04,L04AAV100070,2026-08-11 08:28:34,2026-08-11 08:30:33,1,0.477,RE,ESA6,1.17,NG,ESA6
LOT-20260811-AAV,line_04,pcb4,2026-08-11,2026-08-11 08:28:56,EQ-04-A,1,0,day,04,L04AAV100071,2026-08-11 08:28:56,2026-08-11 08:30:59,1,0.302,OK,0000,0.85,OK,0000
LOT-20260811-AAV,line_04,pcb4,2026-08-11,2026-08-11 08:29:26,EQ-04-A,1,0,day,04,L04AAV100072,2026-08-11 08:29:26,2026-08-11 08:31:26,2,0.825,OK,0000,0.8,OK,0000
LOT-20260811-AAV,line_04,pcb4,2026-08-11,2026-08-11 08:29:48,EQ-04-A,1,0,day,04,L04AAV100073,2026-08-11 08:29:48,2026-08-11 08:31:47,2,0.665,OK,0000,0.81,OK,0000
LOT-20260811-AAV,line_04,pcb4,2026-08-11,2026-08-11 08:30:17,EQ-04-A,1,0,day,04,L04AAV100074,2026-08-11 08:30:17,2026-08-11 08:32:19,1,0.429,OK,0000,0.88,OK,0000
LOT-20260811-AAV,line_04,pcb4,2026-08-11,2026-08-11 08:30:41,EQ-04-A,1,0,day,04,L04AAV100075,2026-08-11 08:30:41,2026-08-11 08:32:36,1,0.462,OK,0000,0.85,OK,0000
LOT-20260811-AAV,line_04,pcb4,2026-08-11,2026-08-11 08:31:10,EQ-04-A,1,0,day,04,L04AAV100076,2026-08-11 08:31:10,2026-08-11 08:33:09,1,0.534,OK,0000,0.81,OK,0000
LOT-20260811-AAV,line_04,pcb4,2026-08-11,2026-08-11 08:31:41,EQ-04-A,1,0,day,04,L04AAV100077,2026-08-11 08:31:41,2026-08-11 08:33:41,1,0.634,OK,0000,0.84,OK,0000
LOT-20260811-AAV,line_04,pcb4,2026-08-11,2026-08-11 08:32:16,EQ-04-A,1,0,day,04,L04AAV100078,2026-08-11 08:32:16,2026-08-11 08:34:12,1,0.292,OK,0000,0.8,OK,0000
LOT-20260811-AAV,line_04,pcb4,2026-08-11,2026-08-11 08:32:39,EQ-04-A,1,0,day,04,L04AAV100079,2026-08-11 08:32:39,2026-08-11 08:34:42,2,0.033,OK,0000,0.84,OK,0000
LOT-20260811-AAV,line_04,pcb4,2026-08-11,2026-08-11 08:33:13,EQ-04-A,1,0,day,04,L04AAV100080,2026-08-11 08:33:13,2026-08-11 08:35:08,1,0.696,OK,0000,0.8,OK,0000
LOT-20260811-AAV,line_04,pcb4,2026-08-11,2026-08-11 08:33:42,EQ-04-A,1,0,day,04,L04AAV100081,2026-08-11 08:33:42,2026-08-11 08:35:44,1,0.588,OK,0000,0.86,OK,0000
LOT-20260811-AAV,line_04,pcb4,2026-08-11,2026-08-11 08:34:22,EQ-04-A,1,1,day,04,L04AAV100082,2026-08-11 08:34:22,2026-08-11 08:36:25,2,0.387,RE,ESA6,1.4,NG,ESA6
LOT-20260811-AAV,line_04,pcb4,2026-08-11,2026-08-11 08:34:53,EQ-04-A,1,0,day,04,L04AAV100083,2026-08-11 08:34:53,2026-08-11 08:36:51,1,0.459,OK,0000,0.92,OK,0000
LOT-20260811-AAV,line_04,pcb4,2026-08-11,2026-08-11 08:35:15,EQ-04-A,1,0,day,04,L04AAV100084,2026-08-11 08:35:15,2026-08-11 08:37:11,1,0.255,OK,0000,0.83,OK,0000
LOT-20260811-AAV,line_04,pcb4,2026-08-11,2026-08-11 08:35:43,EQ-04-A,1,1,day,04,L04AAV100085,2026-08-11 08:35:43,2026-08-11 08:37:48,2,0.477,RE,ESA4,1.25,NG,ESA4
LOT-20260811-AAV,line_04,pcb4,2026-08-11,2026-08-11 08:36:06,EQ-04-A,1,0,day,04,L04AAV100086,2026-08-11 08:36:06,2026-08-11 08:38:08,1,0.607,OK,0000,0.98,OK,0000
LOT-20260811-AAV,line_04,pcb4,2026-08-11,2026-08-11 08:36:29,EQ-04-A,1,0,day,04,L04AAV100087,2026-08-11 08:36:29,2026-08-11 08:38:29,1,0.568,OK,0000,0.84,OK,0000
LOT-20260811-AAV,line_04,pcb4,2026-08-11,2026-08-11 08:37:02,EQ-04-A,1,0,day,04,L04AAV100088,2026-08-11 08:37:02,2026-08-11 08:38:57,2,0.336,RE,ESA3,1.06,OK,0000
LOT-20260812-AAT,line_01,pcb1,2026-08-12,2026-08-12 08:00:00,EQ-01-A,1,1,day,01,L01AAT100157,2026-08-12 08:00:00,2026-08-12 08:01:58,1,0.63,RE,ESA7,1.28,NG,ESA7
LOT-20260812-AAT,line_01,pcb1,2026-08-12,2026-08-12 08:00:20,EQ-01-A,1,0,day,01,L01AAT100158,2026-08-12 08:00:20,2026-08-12 08:02:23,2,0.559,OK,0000,0.86,OK,0000
LOT-20260812-AAT,line_01,pcb1,2026-08-12,2026-08-12 08:00:53,EQ-01-A,1,0,day,01,L01AAT100159,2026-08-12 08:00:53,2026-08-12 08:02:53,2,0.396,OK,0000,0.8,OK,0000
LOT-20260812-AAT,line_01,pcb1,2026-08-12,2026-08-12 08:01:13,EQ-01-A,1,0,day,01,L01AAT100160,2026-08-12 08:01:13,2026-08-12 08:03:12,1,0.417,RE,ESA0,1.25,OK,0000
LOT-20260812-AAT,line_01,pcb1,2026-08-12,2026-08-12 08:01:36,EQ-01-A,1,0,day,01,L01AAT100161,2026-08-12 08:01:36,2026-08-12 08:03:32,1,0.403,OK,0000,0.8,OK,0000
LOT-20260812-AAT,line_01,pcb1,2026-08-12,2026-08-12 08:02:06,EQ-01-A,1,0,day,01,L01AAT100162,2026-08-12 08:02:06,2026-08-12 08:04:03,1,0.388,OK,0000,0.88,OK,0000
LOT-20260812-AAT,line_01,pcb1,2026-08-12,2026-08-12 08:02:26,EQ-01-A,1,0,day,01,L01AAT100163,2026-08-12 08:02:26,2026-08-12 08:04:24,2,0.612,OK,0000,0.85,OK,0000
LOT-20260812-AAT,line_01,pcb1,2026-08-12,2026-08-12 08:02:52,EQ-01-A,1,0,day,01,L01AAT100164,2026-08-12 08:02:52,2026-08-12 08:04:49,1,0.588,OK,0000,0.8,OK,0000
LOT-20260812-AAT,line_01,pcb1,2026-08-12,2026-08-12 08:03:20,EQ-01-A,1,0,day,01,L01AAT100165,2026-08-12 08:03:20,2026-08-12 08:05:24,1,0.381,OK,0000,0.85,OK,0000
LOT-20260812-AAT,line_01,pcb1,2026-08-12,2026-08-12 08:03:44,EQ-01-A,1,0,day,01,L01AAT100166,2026-08-12 08:03:44,2026-08-12 08:05:41,1,0.349,OK,0000,0.84,OK,0000
LOT-20260812-AAT,line_01,pcb1,2026-08-12,2026-08-12 08:04:24,EQ-01-A,1,0,day,01,L01AAT100167,2026-08-12 08:04:24,2026-08-12 08:06:19,1,0.311,OK,0000,0.8,OK,0000
LOT-20260812-AAT,line_01,pcb1,2026-08-12,2026-08-12 08:04:46,EQ-01-A,1,0,day,01,L01AAT100168,2026-08-12 08:04:46,2026-08-12 08:06:44,2,0.61,OK,0000,0.88,OK,0000
LOT-20260812-AAT,line_01,pcb1,2026-08-12,2026-08-12 08:05:13,EQ-01-A,1,0,day,01,L01AAT100169,2026-08-12 08:05:13,2026-08-12 08:07:13,2,0.405,OK,0000,0.8,OK,0000
LOT-20260812-AAT,line_01,pcb1,2026-08-12,2026-08-12 08:05:38,EQ-01-A,1,0,day,01,L01AAT100170,2026-08-12 08:05:38,2026-08-12 08:07:36,1,0.169,OK,0000,0.91,OK,0000
LOT-20260812-AAT,line_01,pcb1,2026-08-12,2026-08-12 08:06:03,EQ-01-A,1,0,day,01,L01AAT100171,2026-08-12 08:06:03,2026-08-12 08:08:04,1,0.517,OK,0000,0.82,OK,0000
LOT-20260812-AAT,line_01,pcb1,2026-08-12,2026-08-12 08:06:32,EQ-01-A,1,0,day,01,L01AAT100172,2026-08-12 08:06:32,2026-08-12 08:08:33,2,0.445,OK,0000,0.8,OK,0000
LOT-20260812-AAT,line_01,pcb1,2026-08-12,2026-08-12 08:07:01,EQ-01-A,1,0,day,01,L01AAT100173,2026-08-12 08:07:01,2026-08-12 08:08:56,1,0.593,OK,0000,0.92,OK,0000
LOT-20260812-AAT,line_01,pcb1,2026-08-12,2026-08-12 08:07:26,EQ-01-A,1,0,day,01,L01AAT100174,2026-08-12 08:07:26,2026-08-12 08:09:25,2,0.383,OK,0000,0.94,OK,0000
LOT-20260812-AAT,line_01,pcb1,2026-08-12,2026-08-12 08:07:51,EQ-01-A,1,0,day,01,L01AAT100175,2026-08-12 08:07:51,2026-08-12 08:09:51,1,0.483,OK,0000,0.91,OK,0000
LOT-20260812-AAT,line_01,pcb1,2026-08-12,2026-08-12 08:08:18,EQ-01-A,1,0,day,01,L01AAT100176,2026-08-12 08:08:18,2026-08-12 08:10:23,1,0.546,OK,0000,0.85,OK,0000
LOT-20260812-AAT,line_01,pcb1,2026-08-12,2026-08-12 08:08:45,EQ-01-A,1,0,day,01,L01AAT100177,2026-08-12 08:08:45,2026-08-12 08:10:45,2,0.777,OK,0000,0.87,OK,0000
LOT-20260812-AAT,line_01,pcb1,2026-08-12,2026-08-12 08:09:10,EQ-01-A,1,0,day,01,L01AAT100178,2026-08-12 08:09:10,2026-08-12 08:11:06,2,0.556,OK,0000,0.8,OK,0000
LOT-20260812-AAT,line_01,pcb1,2026-08-12,2026-08-12 08:09:40,EQ-01-A,1,0,day,01,L01AAT100179,2026-08-12 08:09:40,2026-08-12 08:11:41,2,0.274,OK,0000,0.86,OK,0000
LOT-20260812-AAT,line_01,pcb1,2026-08-12,2026-08-12 08:10:11,EQ-01-A,1,0,day,01,L01AAT100180,2026-08-12 08:10:11,2026-08-12 08:12:13,2,0.72,OK,0000,0.85,OK,0000
LOT-20260812-AAT,line_01,pcb1,2026-08-12,2026-08-12 08:10:43,EQ-01-A,1,0,day,01,L01AAT100181,2026-08-12 08:10:43,2026-08-12 08:12:48,1,0.411,OK,0000,0.8,OK,0000
LOT-20260812-AAT,line_01,pcb1,2026-08-12,2026-08-12 08:11:19,EQ-01-A,1,0,day,01,L01AAT100182,2026-08-12 08:11:19,2026-08-12 08:13:15,1,0.382,OK,0000,0.85,OK,0000
LOT-20260812-AAT,line_01,pcb1,2026-08-12,2026-08-12 08:11:47,EQ-01-A,1,0,day,01,L01AAT100183,2026-08-12 08:11:47,2026-08-12 08:13:48,2,0.372,OK,0000,0.8,OK,0000
LOT-20260812-AAT,line_01,pcb1,2026-08-12,2026-08-12 08:12:25,EQ-01-A,1,0,day,01,L01AAT100184,2026-08-12 08:12:25,2026-08-12 08:14:24,1,0.492,OK,0000,0.9,OK,0000
LOT-20260812-AAT,line_01,pcb1,2026-08-12,2026-08-12 08:12:57,EQ-01-A,1,0,day,01,L01AAT100185,2026-08-12 08:12:57,2026-08-12 08:14:55,2,0.603,OK,0000,0.85,OK,0000
LOT-20260812-AAT,line_01,pcb1,2026-08-12,2026-08-12 08:13:34,EQ-01-A,1,0,day,01,L01AAT100186,2026-08-12 08:13:34,2026-08-12 08:15:31,2,0.528,OK,0000,0.86,OK,0000
LOT-20260812-AAT,line_01,pcb1,2026-08-12,2026-08-12 08:14:14,EQ-01-A,1,0,day,01,L01AAT100187,2026-08-12 08:14:14,2026-08-12 08:16:12,1,0.483,OK,0000,0.82,OK,0000
LOT-20260812-AAT,line_01,pcb1,2026-08-12,2026-08-12 08:14:38,EQ-01-A,1,0,day,01,L01AAT100188,2026-08-12 08:14:38,2026-08-12 08:16:39,2,0.611,OK,0000,0.83,OK,0000
LOT-20260812-AAT,line_01,pcb1,2026-08-12,2026-08-12 08:15:13,EQ-01-A,1,0,day,01,L01AAT100189,2026-08-12 08:15:13,2026-08-12 08:17:15,1,0.322,OK,0000,0.9,OK,0000
LOT-20260812-AAT,line_01,pcb1,2026-08-12,2026-08-12 08:15:35,EQ-01-A,1,0,day,01,L01AAT100190,2026-08-12 08:15:35,2026-08-12 08:17:36,2,0.22,OK,0000,0.9,OK,0000
LOT-20260812-AAT,line_01,pcb1,2026-08-12,2026-08-12 08:16:01,EQ-01-A,1,0,day,01,L01AAT100191,2026-08-12 08:16:01,2026-08-12 08:18:00,2,0.576,OK,0000,0.8,OK,0000
LOT-20260812-AAT,line_01,pcb1,2026-08-12,2026-08-12 08:16:27,EQ-01-A,1,0,day,01,L01AAT100192,2026-08-12 08:16:27,2026-08-12 08:18:30,1,0.504,OK,0000,0.82,OK,0000
LOT-20260812-AAT,line_01,pcb1,2026-08-12,2026-08-12 08:17:00,EQ-01-A,1,0,day,01,L01AAT100193,2026-08-12 08:17:00,2026-08-12 08:18:56,2,0.621,OK,0000,0.87,OK,0000
LOT-20260812-AAT,line_01,pcb1,2026-08-12,2026-08-12 08:17:32,EQ-01-A,1,0,day,01,L01AAT100194,2026-08-12 08:17:32,2026-08-12 08:19:36,1,0.569,OK,0000,0.87,OK,0000
LOT-20260812-AAT,line_01,pcb1,2026-08-12,2026-08-12 08:18:12,EQ-01-A,1,0,day,01,L01AAT100195,2026-08-12 08:18:12,2026-08-12 08:20:15,1,0.483,OK,0000,0.91,OK,0000
LOT-20260812-AAT,line_01,pcb1,2026-08-12,2026-08-12 08:18:34,EQ-01-A,1,0,day,01,L01AAT100196,2026-08-12 08:18:34,2026-08-12 08:20:37,1,0.684,OK,0000,0.82,OK,0000
LOT-20260812-AAT,line_01,pcb1,2026-08-12,2026-08-12 08:18:56,EQ-01-A,1,0,day,01,L01AAT100197,2026-08-12 08:18:56,2026-08-12 08:20:54,1,0.622,OK,0000,0.87,OK,0000
LOT-20260812-AAT,line_01,pcb1,2026-08-12,2026-08-12 08:19:30,EQ-01-A,1,1,day,01,L01AAT100198,2026-08-12 08:19:30,2026-08-12 08:21:28,1,0.461,RE,ESA0,1.22,NG,ESA0
LOT-20260812-AAT,line_01,pcb1,2026-08-12,2026-08-12 08:20:05,EQ-01-A,1,0,day,01,L01AAT100199,2026-08-12 08:20:05,2026-08-12 08:22:00,1,0.682,OK,0000,0.84,OK,0000
LOT-20260812-AAT,line_01,pcb1,2026-08-12,2026-08-12 08:20:28,EQ-01-A,1,0,day,01,L01AAT100200,2026-08-12 08:20:28,2026-08-12 08:22:31,2,0.539,OK,0000,0.9,OK,0000
LOT-20260812-AAW,line_01,pcb1,2026-08-12,2026-08-12 08:20:48,EQ-01-A,1,0,day,01,L01AAW100001,2026-08-12 08:20:48,2026-08-12 08:22:52,1,0.88,OK,0000,0.82,OK,0000
LOT-20260812-AAW,line_01,pcb1,2026-08-12,2026-08-12 08:21:14,EQ-01-A,1,0,day,01,L01AAW100002,2026-08-12 08:21:14,2026-08-12 08:23:15,2,0.467,OK,0000,0.84,OK,0000
LOT-20260812-AAW,line_01,pcb1,2026-08-12,2026-08-12 08:21:40,EQ-01-A,1,0,day,01,L01AAW100003,2026-08-12 08:21:40,2026-08-12 08:23:41,1,0.515,OK,0000,0.86,OK,0000
LOT-20260812-AAW,line_01,pcb1,2026-08-12,2026-08-12 08:22:05,EQ-01-A,1,0,day,01,L01AAW100004,2026-08-12 08:22:05,2026-08-12 08:24:09,1,0.426,OK,0000,0.8,OK,0000
LOT-20260812-AAW,line_01,pcb1,2026-08-12,2026-08-12 08:22:45,EQ-01-A,1,0,day,01,L01AAW100005,2026-08-12 08:22:45,2026-08-12 08:24:46,2,0.763,OK,0000,0.86,OK,0000
LOT-20260812-AAW,line_01,pcb1,2026-08-12,2026-08-12 08:23:11,EQ-01-A,1,0,day,01,L01AAW100006,2026-08-12 08:23:11,2026-08-12 08:25:08,2,0.437,OK,0000,0.86,OK,0000
LOT-20260812-AAW,line_01,pcb1,2026-08-12,2026-08-12 08:23:49,EQ-01-A,1,0,day,01,L01AAW100007,2026-08-12 08:23:49,2026-08-12 08:25:44,1,0.775,OK,0000,0.81,OK,0000
LOT-20260812-AAW,line_01,pcb1,2026-08-12,2026-08-12 08:24:15,EQ-01-A,1,0,day,01,L01AAW100008,2026-08-12 08:24:15,2026-08-12 08:26:20,2,0.532,OK,0000,0.8,OK,0000
LOT-20260812-AAW,line_01,pcb1,2026-08-12,2026-08-12 08:24:37,EQ-01-A,1,0,day,01,L01AAW100009,2026-08-12 08:24:37,2026-08-12 08:26:38,2,0.482,OK,0000,0.86,OK,0000
LOT-20260812-AAW,line_01,pcb1,2026-08-12,2026-08-12 08:25:06,EQ-01-A,1,0,day,01,L01AAW100010,2026-08-12 08:25:06,2026-08-12 08:27:11,1,0.333,OK,0000,0.83,OK,0000
LOT-20260812-AAW,line_01,pcb1,2026-08-12,2026-08-12 08:25:26,EQ-01-A,1,1,day,01,L01AAW100011,2026-08-12 08:25:26,2026-08-12 08:27:26,2,0.62,NG,ESA5,1.86,NG,ESA5
LOT-20260812-AAW,line_01,pcb1,2026-08-12,2026-08-12 08:25:53,EQ-01-A,1,0,day,01,L01AAW100012,2026-08-12 08:25:53,2026-08-12 08:27:53,1,0.326,OK,0000,0.85,OK,0000
LOT-20260812-AAW,line_01,pcb1,2026-08-12,2026-08-12 08:26:31,EQ-01-A,1,0,day,01,L01AAW100013,2026-08-12 08:26:31,2026-08-12 08:28:35,1,0.584,OK,0000,0.84,OK,0000
LOT-20260812-AAW,line_01,pcb1,2026-08-12,2026-08-12 08:27:10,EQ-01-A,1,0,day,01,L01AAW100014,2026-08-12 08:27:10,2026-08-12 08:29:06,1,0.663,OK,0000,0.82,OK,0000
LOT-20260812-AAW,line_01,pcb1,2026-08-12,2026-08-12 08:27:36,EQ-01-A,1,0,day,01,L01AAW100015,2026-08-12 08:27:36,2026-08-12 08:29:38,2,0.562,OK,0000,0.8,OK,0000
LOT-20260812-AAW,line_01,pcb1,2026-08-12,2026-08-12 08:28:09,EQ-01-A,1,0,day,01,L01AAW100016,2026-08-12 08:28:09,2026-08-12 08:30:14,2,0.26,RE,ESA4,1.33,OK,0000
LOT-20260812-AAW,line_01,pcb1,2026-08-12,2026-08-12 08:28:37,EQ-01-A,1,0,day,01,L01AAW100017,2026-08-12 08:28:37,2026-08-12 08:30:33,2,0.503,OK,0000,0.82,OK,0000
LOT-20260812-AAW,line_01,pcb1,2026-08-12,2026-08-12 08:28:58,EQ-01-A,1,0,day,01,L01AAW100018,2026-08-12 08:28:58,2026-08-12 08:30:56,1,0.34,OK,0000,0.87,OK,0000
LOT-20260812-AAW,line_01,pcb1,2026-08-12,2026-08-12 08:29:19,EQ-01-A,1,0,day,01,L01AAW100019,2026-08-12 08:29:19,2026-08-12 08:31:15,1,0.274,OK,0000,0.88,OK,0000
LOT-20260812-AAW,line_01,pcb1,2026-08-12,2026-08-12 08:29:51,EQ-01-A,1,1,day,01,L01AAW100020,2026-08-12 08:29:51,2026-08-12 08:31:55,2,0.568,RE,ESA7,1.1,NG,ESA7
LOT-20260812-AAW,line_01,pcb1,2026-08-12,2026-08-12 08:30:13,EQ-01-A,1,0,day,01,L01AAW100021,2026-08-12 08:30:13,2026-08-12 08:32:10,1,0.519,OK,0000,0.95,OK,0000
LOT-20260812-AAW,line_01,pcb1,2026-08-12,2026-08-12 08:30:34,EQ-01-A,1,0,day,01,L01AAW100022,2026-08-12 08:30:34,2026-08-12 08:32:35,1,0.678,NG,ESA0,1.72,OK,0000
LOT-20260812-AAW,line_01,pcb1,2026-08-12,2026-08-12 08:30:57,EQ-01-A,1,0,day,01,L01AAW100023,2026-08-12 08:30:57,2026-08-12 08:32:55,1,0.608,OK,0000,0.8,OK,0000
LOT-20260812-AAW,line_01,pcb1,2026-08-12,2026-08-12 08:31:26,EQ-01-A,1,0,day,01,L01AAW100024,2026-08-12 08:31:26,2026-08-12 08:33:25,2,0.294,OK,0000,0.84,OK,0000
LOT-20260812-AAW,line_01,pcb1,2026-08-12,2026-08-12 08:32:02,EQ-01-A,1,0,day,01,L01AAW100025,2026-08-12 08:32:02,2026-08-12 08:34:01,2,0.583,OK,0000,0.87,OK,0000
LOT-20260812-AAW,line_01,pcb1,2026-08-12,2026-08-12 08:32:26,EQ-01-A,1,0,day,01,L01AAW100026,2026-08-12 08:32:26,2026-08-12 08:34:27,2,0.624,OK,0000,0.86,OK,0000
LOT-20260812-AAW,line_01,pcb1,2026-08-12,2026-08-12 08:32:47,EQ-01-A,1,0,day,01,L01AAW100027,2026-08-12 08:32:47,2026-08-12 08:34:49,1,0.258,OK,0000,0.84,OK,0000
LOT-20260812-AAW,line_01,pcb1,2026-08-12,2026-08-12 08:33:25,EQ-01-A,1,0,day,01,L01AAW100028,2026-08-12 08:33:25,2026-08-12 08:35:21,2,0.645,OK,0000,0.86,OK,0000
LOT-20260812-AAW,line_01,pcb1,2026-08-12,2026-08-12 08:33:55,EQ-01-A,1,0,day,01,L01AAW100029,2026-08-12 08:33:55,2026-08-12 08:35:51,1,0.527,OK,0000,0.85,OK,0000
LOT-20260812-AAW,line_01,pcb1,2026-08-12,2026-08-12 08:34:30,EQ-01-A,1,0,day,01,L01AAW100030,2026-08-12 08:34:30,2026-08-12 08:36:26,2,0.547,OK,0000,0.8,OK,0000
LOT-20260812-AAW,line_01,pcb1,2026-08-12,2026-08-12 08:35:08,EQ-01-A,1,0,day,01,L01AAW100031,2026-08-12 08:35:08,2026-08-12 08:37:05,2,0.673,NG,ESA8,1.79,OK,0000
LOT-20260812-AAW,line_01,pcb1,2026-08-12,2026-08-12 08:35:37,EQ-01-A,1,0,day,01,L01AAW100032,2026-08-12 08:35:37,2026-08-12 08:37:40,1,0.606,OK,0000,0.8,OK,0000
LOT-20260812-AAW,line_01,pcb1,2026-08-12,2026-08-12 08:36:17,EQ-01-A,1,0,day,01,L01AAW100033,2026-08-12 08:36:17,2026-08-12 08:38:20,2,0.749,OK,0000,0.8,OK,0000
LOT-20260812-AAW,line_01,pcb1,2026-08-12,2026-08-12 08:36:51,EQ-01-A,1,0,day,01,L01AAW100034,2026-08-12 08:36:51,2026-08-12 08:38:53,2,0.881,OK,0000,0.92,OK,0000
LOT-20260812-AAW,line_01,pcb1,2026-08-12,2026-08-12 08:37:13,EQ-01-A,1,0,day,01,L01AAW100035,2026-08-12 08:37:13,2026-08-12 08:39:15,1,0.301,OK,0000,0.87,OK,0000
LOT-20260812-AAW,line_01,pcb1,2026-08-12,2026-08-12 08:37:49,EQ-01-A,1,0,day,01,L01AAW100036,2026-08-12 08:37:49,2026-08-12 08:39:47,1,0.347,OK,0000,0.81,OK,0000
LOT-20260812-AAW,line_01,pcb1,2026-08-12,2026-08-12 08:38:28,EQ-01-A,1,0,day,01,L01AAW100037,2026-08-12 08:38:28,2026-08-12 08:40:23,1,0.407,OK,0000,0.86,OK,0000
LOT-20260812-AAW,line_01,pcb1,2026-08-12,2026-08-12 08:39:08,EQ-01-A,1,0,day,01,L01AAW100038,2026-08-12 08:39:08,2026-08-12 08:41:09,2,0.549,OK,0000,0.8,OK,0000
LOT-20260812-AAW,line_01,pcb1,2026-08-12,2026-08-12 08:39:31,EQ-01-A,1,0,day,01,L01AAW100039,2026-08-12 08:39:31,2026-08-12 08:41:36,1,0.566,RE,ESA1,1.23,OK,0000
LOT-20260812-AAW,line_01,pcb1,2026-08-12,2026-08-12 08:39:55,EQ-01-A,1,0,day,01,L01AAW100040,2026-08-12 08:39:55,2026-08-12 08:41:55,1,0.227,OK,0000,0.82,OK,0000
LOT-20260812-AAW,line_01,pcb1,2026-08-12,2026-08-12 08:40:21,EQ-01-A,1,0,day,01,L01AAW100041,2026-08-12 08:40:21,2026-08-12 08:42:26,1,0.749,OK,0000,0.82,OK,0000
LOT-20260812-AAW,line_01,pcb1,2026-08-12,2026-08-12 08:40:46,EQ-01-A,1,0,day,01,L01AAW100042,2026-08-12 08:40:46,2026-08-12 08:42:46,1,0.225,OK,0000,0.87,OK,0000
LOT-20260812-AAW,line_01,pcb1,2026-08-12,2026-08-12 08:41:16,EQ-01-A,1,1,day,01,L01AAW100043,2026-08-12 08:41:16,2026-08-12 08:43:18,2,0.361,RE,ESA0,1.27,NG,ESA0
LOT-20260812-AAW,line_01,pcb1,2026-08-12,2026-08-12 08:41:45,EQ-01-A,1,0,day,01,L01AAW100044,2026-08-12 08:41:45,2026-08-12 08:43:41,2,0.474,OK,0000,0.91,OK,0000
LOT-20260812-AAW,line_01,pcb1,2026-08-12,2026-08-12 08:42:19,EQ-01-A,1,0,day,01,L01AAW100045,2026-08-12 08:42:19,2026-08-12 08:44:22,2,0.474,OK,0000,0.8,OK,0000
LOT-20260812-AAW,line_01,pcb1,2026-08-12,2026-08-12 08:42:55,EQ-01-A,1,0,day,01,L01AAW100046,2026-08-12 08:42:55,2026-08-12 08:44:54,2,0.43,OK,0000,0.8,OK,0000
LOT-20260812-AAW,line_01,pcb1,2026-08-12,2026-08-12 08:43:31,EQ-01-A,1,0,day,01,L01AAW100047,2026-08-12 08:43:31,2026-08-12 08:45:26,1,0.469,OK,0000,0.91,OK,0000
LOT-20260812-AAW,line_01,pcb1,2026-08-12,2026-08-12 08:43:51,EQ-01-A,1,0,day,01,L01AAW100048,2026-08-12 08:43:51,2026-08-12 08:45:51,1,0.687,OK,0000,0.92,OK,0000
LOT-20260812-AAW,line_01,pcb1,2026-08-12,2026-08-12 08:44:24,EQ-01-A,1,0,day,01,L01AAW100049,2026-08-12 08:44:24,2026-08-12 08:46:22,1,0.572,OK,0000,0.85,OK,0000
LOT-20260812-AAW,line_01,pcb1,2026-08-12,2026-08-12 08:44:55,EQ-01-A,1,0,day,01,L01AAW100050,2026-08-12 08:44:55,2026-08-12 08:46:52,2,0.35,OK,0000,0.85,OK,0000
LOT-20260813-AAW,line_01,pcb1,2026-08-13,2026-08-13 08:00:00,EQ-01-A,1,0,day,01,L01AAW100051,2026-08-13 08:00:00,2026-08-13 08:02:01,2,0.332,OK,0000,0.84,OK,0000
LOT-20260813-AAW,line_01,pcb1,2026-08-13,2026-08-13 08:00:24,EQ-01-A,1,0,day,01,L01AAW100052,2026-08-13 08:00:24,2026-08-13 08:02:23,2,0.264,OK,0000,0.85,OK,0000
LOT-20260813-AAW,line_01,pcb1,2026-08-13,2026-08-13 08:00:56,EQ-01-A,1,0,day,01,L01AAW100053,2026-08-13 08:00:56,2026-08-13 08:02:52,2,0.601,OK,0000,0.8,OK,0000
LOT-20260813-AAW,line_01,pcb1,2026-08-13,2026-08-13 08:01:25,EQ-01-A,1,0,day,01,L01AAW100054,2026-08-13 08:01:25,2026-08-13 08:03:23,2,0.299,OK,0000,0.8,OK,0000
LOT-20260813-AAW,line_01,pcb1,2026-08-13,2026-08-13 08:01:45,EQ-01-A,1,0,day,01,L01AAW100055,2026-08-13 08:01:45,2026-08-13 08:03:46,1,0.473,OK,0000,0.8,OK,0000
LOT-20260813-AAW,line_01,pcb1,2026-08-13,2026-08-13 08:02:10,EQ-01-A,1,0,day,01,L01AAW100056,2026-08-13 08:02:10,2026-08-13 08:04:06,1,0.707,OK,0000,0.86,OK,0000
LOT-20260813-AAW,line_01,pcb1,2026-08-13,2026-08-13 08:02:30,EQ-01-A,1,0,day,01,L01AAW100057,2026-08-13 08:02:30,2026-08-13 08:04:31,2,0.59,OK,0000,0.8,OK,0000
LOT-20260813-AAW,line_01,pcb1,2026-08-13,2026-08-13 08:03:07,EQ-01-A,1,0,day,01,L01AAW100058,2026-08-13 08:03:07,2026-08-13 08:05:03,1,0.694,OK,0000,0.87,OK,0000
LOT-20260813-AAW,line_01,pcb1,2026-08-13,2026-08-13 08:03:42,EQ-01-A,1,0,day,01,L01AAW100059,2026-08-13 08:03:42,2026-08-13 08:05:39,2,0.398,OK,0000,0.8,OK,0000
LOT-20260813-AAW,line_01,pcb1,2026-08-13,2026-08-13 08:04:08,EQ-01-A,1,0,day,01,L01AAW100060,2026-08-13 08:04:08,2026-08-13 08:06:13,1,0.489,OK,0000,0.82,OK,0000
LOT-20260813-AAW,line_01,pcb1,2026-08-13,2026-08-13 08:04:33,EQ-01-A,1,1,day,01,L01AAW100061,2026-08-13 08:04:33,2026-08-13 08:06:30,1,0.436,RE,ESA0,1.18,NG,ESA0
LOT-20260813-AAW,line_01,pcb1,2026-08-13,2026-08-13 08:05:10,EQ-01-A,1,0,day,01,L01AAW100062,2026-08-13 08:05:10,2026-08-13 08:07:07,1,0.608,OK,0000,0.8,OK,0000
LOT-20260813-AAW,line_01,pcb1,2026-08-13,2026-08-13 08:05:46,EQ-01-A,1,0,day,01,L01AAW100063,2026-08-13 08:05:46,2026-08-13 08:07:45,1,0.714,OK,0000,0.88,OK,0000
LOT-20260813-AAW,line_01,pcb1,2026-08-13,2026-08-13 08:06:07,EQ-01-A,1,0,day,01,L01AAW100064,2026-08-13 08:06:07,2026-08-13 08:08:10,1,0.532,OK,0000,0.83,OK,0000
LOT-20260813-AAW,line_01,pcb1,2026-08-13,2026-08-13 08:06:35,EQ-01-A,1,0,day,01,L01AAW100065,2026-08-13 08:06:35,2026-08-13 08:08:31,2,0.662,RE,ESA5,1.25,OK,0000
LOT-20260813-AAW,line_01,pcb1,2026-08-13,2026-08-13 08:06:58,EQ-01-A,1,0,day,01,L01AAW100066,2026-08-13 08:06:58,2026-08-13 08:08:56,2,0.458,OK,0000,0.89,OK,0000
LOT-20260813-AAW,line_01,pcb1,2026-08-13,2026-08-13 08:07:28,EQ-01-A,1,0,day,01,L01AAW100067,2026-08-13 08:07:28,2026-08-13 08:09:25,2,0.814,OK,0000,0.8,OK,0000
LOT-20260813-AAW,line_01,pcb1,2026-08-13,2026-08-13 08:08:08,EQ-01-A,1,0,day,01,L01AAW100068,2026-08-13 08:08:08,2026-08-13 08:10:09,1,0.564,OK,0000,0.8,OK,0000
LOT-20260813-AAW,line_01,pcb1,2026-08-13,2026-08-13 08:08:37,EQ-01-A,1,0,day,01,L01AAW100069,2026-08-13 08:08:37,2026-08-13 08:10:39,2,0.575,OK,0000,0.81,OK,0000
LOT-20260813-AAW,line_01,pcb1,2026-08-13,2026-08-13 08:09:14,EQ-01-A,1,0,day,01,L01AAW100070,2026-08-13 08:09:14,2026-08-13 08:11:12,1,0.682,OK,0000,0.84,OK,0000
LOT-20260813-AAW,line_01,pcb1,2026-08-13,2026-08-13 08:09:34,EQ-01-A,1,0,day,01,L01AAW100071,2026-08-13 08:09:34,2026-08-13 08:11:29,1,0.507,OK,0000,0.91,OK,0000
LOT-20260813-AAW,line_01,pcb1,2026-08-13,2026-08-13 08:10:03,EQ-01-A,1,0,day,01,L01AAW100072,2026-08-13 08:10:03,2026-08-13 08:12:03,1,0.39,OK,0000,0.87,OK,0000
LOT-20260813-AAW,line_01,pcb1,2026-08-13,2026-08-13 08:10:30,EQ-01-A,1,0,day,01,L01AAW100073,2026-08-13 08:10:30,2026-08-13 08:12:27,2,0.405,OK,0000,0.89,OK,0000
LOT-20260813-AAW,line_01,pcb1,2026-08-13,2026-08-13 08:11:06,EQ-01-A,1,0,day,01,L01AAW100074,2026-08-13 08:11:06,2026-08-13 08:13:05,2,0.768,OK,0000,0.83,OK,0000
LOT-20260813-AAW,line_01,pcb1,2026-08-13,2026-08-13 08:11:41,EQ-01-A,1,0,day,01,L01AAW100075,2026-08-13 08:11:41,2026-08-13 08:13:46,2,0.171,OK,0000,0.81,OK,0000
LOT-20260813-AAW,line_01,pcb1,2026-08-13,2026-08-13 08:12:05,EQ-01-A,1,0,day,01,L01AAW100076,2026-08-13 08:12:05,2026-08-13 08:14:10,2,0.865,OK,0000,0.82,OK,0000
LOT-20260813-AAW,line_01,pcb1,2026-08-13,2026-08-13 08:12:42,EQ-01-A,1,0,day,01,L01AAW100077,2026-08-13 08:12:42,2026-08-13 08:14:42,2,0.766,OK,0000,0.82,OK,0000
LOT-20260813-AAW,line_01,pcb1,2026-08-13,2026-08-13 08:13:17,EQ-01-A,1,0,day,01,L01AAW100078,2026-08-13 08:13:17,2026-08-13 08:15:12,1,0.405,OK,0000,0.87,OK,0000
LOT-20260813-AAW,line_01,pcb1,2026-08-13,2026-08-13 08:13:44,EQ-01-A,1,0,day,01,L01AAW100079,2026-08-13 08:13:44,2026-08-13 08:15:41,1,0.599,OK,0000,0.87,OK,0000
LOT-20260813-AAW,line_01,pcb1,2026-08-13,2026-08-13 08:14:07,EQ-01-A,1,0,day,01,L01AAW100080,2026-08-13 08:14:07,2026-08-13 08:16:09,2,0.501,OK,0000,0.88,OK,0000
LOT-20260813-AAW,line_01,pcb1,2026-08-13,2026-08-13 08:14:35,EQ-01-A,1,0,day,01,L01AAW100081,2026-08-13 08:14:35,2026-08-13 08:16:36,2,0.644,OK,0000,0.89,OK,0000
LOT-20260813-AAW,line_01,pcb1,2026-08-13,2026-08-13 08:15:14,EQ-01-A,1,0,day,01,L01AAW100082,2026-08-13 08:15:14,2026-08-13 08:17:14,2,0.406,OK,0000,0.88,OK,0000
LOT-20260813-AAW,line_01,pcb1,2026-08-13,2026-08-13 08:15:45,EQ-01-A,1,0,day,01,L01AAW100083,2026-08-13 08:15:45,2026-08-13 08:17:44,2,0.422,OK,0000,0.83,OK,0000
LOT-20260813-AAW,line_01,pcb1,2026-08-13,2026-08-13 08:16:05,EQ-01-A,1,0,day,01,L01AAW100084,2026-08-13 08:16:05,2026-08-13 08:18:00,2,0.473,OK,0000,0.8,OK,0000
LOT-20260813-AAW,line_01,pcb1,2026-08-13,2026-08-13 08:16:38,EQ-01-A,1,0,day,01,L01AAW100085,2026-08-13 08:16:38,2026-08-13 08:18:37,2,0.24,OK,0000,0.89,OK,0000
LOT-20260813-AAW,line_01,pcb1,2026-08-13,2026-08-13 08:17:09,EQ-01-A,1,0,day,01,L01AAW100086,2026-08-13 08:17:09,2026-08-13 08:19:10,1,0.395,OK,0000,0.83,OK,0000
LOT-20260813-AAW,line_01,pcb1,2026-08-13,2026-08-13 08:17:29,EQ-01-A,1,0,day,01,L01AAW100087,2026-08-13 08:17:29,2026-08-13 08:19:30,1,0.39,OK,0000,0.83,OK,0000
LOT-20260813-AAW,line_01,pcb1,2026-08-13,2026-08-13 08:18:03,EQ-01-A,1,0,day,01,L01AAW100088,2026-08-13 08:18:03,2026-08-13 08:20:05,1,0.424,OK,0000,0.89,OK,0000
LOT-20260813-AAW,line_01,pcb1,2026-08-13,2026-08-13 08:18:24,EQ-01-A,1,0,day,01,L01AAW100089,2026-08-13 08:18:24,2026-08-13 08:20:20,1,0.411,OK,0000,0.91,OK,0000
LOT-20260813-AAW,line_01,pcb1,2026-08-13,2026-08-13 08:18:51,EQ-01-A,1,0,day,01,L01AAW100090,2026-08-13 08:18:51,2026-08-13 08:20:54,1,0.671,RE,ESA7,1.2,OK,0000
LOT-20260813-AAW,line_01,pcb1,2026-08-13,2026-08-13 08:19:12,EQ-01-A,1,0,day,01,L01AAW100091,2026-08-13 08:19:12,2026-08-13 08:21:13,2,0.548,OK,0000,0.86,OK,0000
LOT-20260813-AAW,line_01,pcb1,2026-08-13,2026-08-13 08:19:51,EQ-01-A,1,0,day,01,L01AAW100092,2026-08-13 08:19:51,2026-08-13 08:21:50,1,0.626,OK,0000,0.88,OK,0000
LOT-20260813-AAW,line_01,pcb1,2026-08-13,2026-08-13 08:20:19,EQ-01-A,1,0,day,01,L01AAW100093,2026-08-13 08:20:19,2026-08-13 08:22:16,2,0.528,OK,0000,0.8,OK,0000
LOT-20260813-AAW,line_01,pcb1,2026-08-13,2026-08-13 08:20:49,EQ-01-A,1,0,day,01,L01AAW100094,2026-08-13 08:20:49,2026-08-13 08:22:54,1,0.596,OK,0000,0.83,OK,0000
