image_path,line,object,date,lot_id,equipment_id,split,label,mask_path,visa_source
line_01/2026-08-01/L01AAA100001.JPG,line_01,pcb1,2026-08-01,LOT-20260801-AAA,EQ-01-A,operation,normal,,pcb1/Data/Images/Normal/0654.JPG
line_01/2026-08-01/L01AAA100002.JPG,line_01,pcb1,2026-08-01,LOT-20260801-AAA,EQ-01-A,operation,defect,/Users/eundong/Library/CloudStorage/GoogleDrive-yidheld@gmail.com/내 드라이브/[Shared]SK_AI_Hackathon/archive/pcb1/Data/Masks/Anomaly/089.png,pcb1/Data/Images/Anomaly/089.JPG
line_01/2026-08-01/L01AAA100003.JPG,line_01,pcb1,2026-08-01,LOT-20260801-AAA,EQ-01-A,operation,normal,,pcb1/Data/Images/Normal/0114.JPG
line_01/2026-08-01/L01AAA100004.JPG,line_01,pcb1,2026-08-01,LOT-20260801-AAA,EQ-01-A,operation,normal,,pcb1/Data/Images/Normal/0025.JPG
line_01/2026-08-01/L01AAA100005.JPG,line_01,pcb1,2026-08-01,LOT-20260801-AAA,EQ-01-A,operation,normal,,pcb1/Data/Images/Normal/0759.JPG
line_01/2026-08-01/L01AAA100006.JPG,line_01,pcb1,2026-08-01,LOT-20260801-AAA,EQ-01-A,operation,normal,,pcb1/Data/Images/Normal/0281.JPG
line_01/2026-08-01/L01AAA100007.JPG,line_01,pcb1,2026-08-01,LOT-20260801-AAA,EQ-01-A,operation,normal,,pcb1/Data/Images/Normal/0250.JPG
line_01/2026-08-01/L01AAA100008.JPG,line_01,pcb1,2026-08-01,LOT-20260801-AAA,EQ-01-A,operation,normal,,pcb1/Data/Images/Normal/0228.JPG
line_01/2026-08-01/L01AAA100009.JPG,line_01,pcb1,2026-08-01,LOT-20260801-AAA,EQ-01-A,operation,normal,,pcb1/Data/Images/Normal/0142.JPG
line_01/2026-08-01/L01AAA100010.JPG,line_01,pcb1,2026-08-01,LOT-20260801-AAA,EQ-01-A,operation,normal,,pcb1/Data/Images/Normal/0754.JPG
line_01/2026-08-01/L01AAA100011.JPG,line_01,pcb1,2026-08-01,LOT-20260801-AAA,EQ-01-A,operation,normal,,pcb1/Data/Images/Normal/0104.JPG
line_01/2026-08-01/L01AAA100012.JPG,line_01,pcb1,2026-08-01,LOT-20260801-AAA,EQ-01-A,operation,normal,,pcb1/Data/Images/Normal/0692.JPG
line_01/2026-08-01/L01AAA100013.JPG,line_01,pcb1,2026-08-01,LOT-20260801-AAA,EQ-01-A,operation,normal,,pcb1/Data/Images/Normal/0758.JPG
line_01/2026-08-01/L01AAA100014.JPG,line_01,pcb1,2026-08-01,LOT-20260801-AAA,EQ-01-A,operation,normal,,pcb1/Data/Images/Normal/0913.JPG
line_01/2026-08-01/L01AAA100015.JPG,line_01,pcb1,2026-08-01,LOT-20260801-AAA,EQ-01-A,operation,normal,,pcb1/Data/Images/Normal/0558.JPG
line_01/2026-08-01/L01AAA100016.JPG,line_01,pcb1,2026-08-01,LOT-20260801-AAA,EQ-01-A,operation,normal,,pcb1/Data/Images/Normal/0089.JPG
line_01/2026-08-01/L01AAA100017.JPG,line_01,pcb1,2026-08-01,LOT-20260801-AAA,EQ-01-A,operation,normal,,pcb1/Data/Images/Normal/0604.JPG
line_01/2026-08-01/L01AAA100018.JPG,line_01,pcb1,2026-08-01,LOT-20260801-AAA,EQ-01-A,operation,normal,,pcb1/Data/Images/Normal/0432.JPG
line_01/2026-08-01/L01AAA100019.JPG,line_01,pcb1,2026-08-01,LOT-20260801-AAA,EQ-01-A,operation,normal,,pcb1/Data/Images/Normal/0032.JPG
line_01/2026-08-01/L01AAA100020.JPG,line_01,pcb1,2026-08-01,LOT-20260801-AAA,EQ-01-A,operation,defect,/Users/eundong/Library/CloudStorage/GoogleDrive-yidheld@gmail.com/내 드라이브/[Shared]SK_AI_Hackathon/archive/pcb1/Data/Masks/Anomaly/058.png,pcb1/Data/Images/Anomaly/058.JPG
line_01/2026-08-01/L01AAA100021.JPG,line_01,pcb1,2026-08-01,LOT-20260801-AAA,EQ-01-A,operation,normal,,pcb1/Data/Images/Normal/0030.JPG
line_01/2026-08-01/L01AAA100022.JPG,line_01,pcb1,2026-08-01,LOT-20260801-AAA,EQ-01-A,operation,normal,,pcb1/Data/Images/Normal/0095.JPG
line_01/2026-08-01/L01AAA100023.JPG,line_01,pcb1,2026-08-01,LOT-20260801-AAA,EQ-01-A,operation,normal,,pcb1/Data/Images/Normal/0223.JPG
line_01/2026-08-01/L01AAA100024.JPG,line_01,pcb1,2026-08-01,LOT-20260801-AAA,EQ-01-A,operation,normal,,pcb1/Data/Images/Normal/0238.JPG
line_01/2026-08-01/L01AAA100025.JPG,line_01,pcb1,2026-08-01,LOT-20260801-AAA,EQ-01-A,operation,normal,,pcb1/Data/Images/Normal/0517.JPG
line_01/2026-08-01/L01AAA100026.JPG,line_01,pcb1,2026-08-01,LOT-20260801-AAA,EQ-01-A,operation,defect,/Users/eundong/Library/CloudStorage/GoogleDrive-yidheld@gmail.com/내 드라이브/[Shared]SK_AI_Hackathon/archive/pcb1/Data/Masks/Anomaly/009.png,pcb1/Data/Images/Anomaly/009.JPG
line_01/2026-08-01/L01AAA100027.JPG,line_01,pcb1,2026-08-01,LOT-20260801-AAA,EQ-01-A,operation,normal,,pcb1/Data/Images/Normal/0616.JPG
line_01/2026-08-01/L01AAA100028.JPG,line_01,pcb1,2026-08-01,LOT-20260801-AAA,EQ-01-A,operation,normal,,pcb1/Data/Images/Normal/0027.JPG
line_01/2026-08-01/L01AAA100029.JPG,line_01,pcb1,2026-08-01,LOT-20260801-AAA,EQ-01-A,operation,normal,,pcb1/Data/Images/Normal/0574.JPG
line_01/2026-08-01/L01AAA100030.JPG,line_01,pcb1,2026-08-01,LOT-20260801-AAA,EQ-01-A,operation,normal,,pcb1/Data/Images/Normal/0203.JPG
line_01/2026-08-01/L01AAA100031.JPG,line_01,pcb1,2026-08-01,LOT-20260801-AAA,EQ-01-A,operation,normal,,pcb1/Data/Images/Normal/0733.JPG
line_01/2026-08-01/L01AAA100032.JPG,line_01,pcb1,2026-08-01,LOT-20260801-AAA,EQ-01-A,operation,normal,,pcb1/Data/Images/Normal/0665.JPG
line_01/2026-08-01/L01AAA100033.JPG,line_01,pcb1,2026-08-01,LOT-20260801-AAA,EQ-01-A,operation,normal,,pcb1/Data/Images/Normal/0718.JPG
line_01/2026-08-01/L01AAA100034.JPG,line_01,pcb1,2026-08-01,LOT-20260801-AAA,EQ-01-A,operation,normal,,pcb1/Data/Images/Normal/0990.JPG
line_01/2026-08-01/L01AAA100035.JPG,line_01,pcb1,2026-08-01,LOT-20260801-AAA,EQ-01-A,operation,normal,,pcb1/Data/Images/Normal/0429.JPG
line_01/2026-08-01/L01AAA100036.JPG,line_01,pcb1,2026-08-01,LOT-20260801-AAA,EQ-01-A,operation,normal,,pcb1/Data/Images/Normal/0225.JPG
line_01/2026-08-01/L01AAA100037.JPG,line_01,pcb1,2026-08-01,LOT-20260801-AAA,EQ-01-A,operation,normal,,pcb1/Data/Images/Normal/0459.JPG
line_01/2026-08-01/L01AAA100038.JPG,line_01,pcb1,2026-08-01,LOT-20260801-AAA,EQ-01-A,operation,normal,,pcb1/Data/Images/Normal/0603.JPG
line_01/2026-08-01/L01AAA100039.JPG,line_01,pcb1,2026-08-01,LOT-20260801-AAA,EQ-01-A,operation,normal,,pcb1/Data/Images/Normal/0284.JPG
line_01/2026-08-01/L01AAA100040.JPG,line_01,pcb1,2026-08-01,LOT-20260801-AAA,EQ-01-A,operation,normal,,pcb1/Data/Images/Normal/0828.JPG
line_01/2026-08-01/L01AAA100041.JPG,line_01,pcb1,2026-08-01,LOT-20260801-AAA,EQ-01-A,operation,normal,,pcb1/Data/Images/Normal/0890.JPG
line_01/2026-08-01/L01AAA100042.JPG,line_01,pcb1,2026-08-01,LOT-20260801-AAA,EQ-01-A,operation,normal,,pcb1/Data/Images/Normal/0006.JPG
line_01/2026-08-01/L01AAA100043.JPG,line_01,pcb1,2026-08-01,LOT-20260801-AAA,EQ-01-A,operation,normal,,pcb1/Data/Images/Normal/0777.JPG
line_01/2026-08-01/L01AAA100044.JPG,line_01,pcb1,2026-08-01,LOT-20260801-AAA,EQ-01-A,operation,normal,,pcb1/Data/Images/Normal/0825.JPG
line_01/2026-08-01/L01AAA100045.JPG,line_01,pcb1,2026-08-01,LOT-20260801-AAA,EQ-01-A,operation,normal,,pcb1/Data/Images/Normal/0163.JPG
line_01/2026-08-01/L01AAA100046.JPG,line_01,pcb1,2026-08-01,LOT-20260801-AAA,EQ-01-A,operation,normal,,pcb1/Data/Images/Normal/0714.JPG
line_01/2026-08-01/L01AAA100047.JPG,line_01,pcb1,2026-08-01,LOT-20260801-AAA,EQ-01-A,operation,defect,/Users/eundong/Library/CloudStorage/GoogleDrive-yidheld@gmail.com/내 드라이브/[Shared]SK_AI_Hackathon/archive/pcb1/Data/Masks/Anomaly/087.png,pcb1/Data/Images/Anomaly/087.JPG
line_01/2026-08-01/L01AAA100048.JPG,line_01,pcb1,2026-08-01,LOT-20260801-AAA,EQ-01-A,operation,normal,,pcb1/Data/Images/Normal/0987.JPG
line_01/2026-08-01/L01AAA100049.JPG,line_01,pcb1,2026-08-01,LOT-20260801-AAA,EQ-01-A,operation,normal,,pcb1/Data/Images/Normal/0348.JPG
line_01/2026-08-01/L01AAA100050.JPG,line_01,pcb1,2026-08-01,LOT-20260801-AAA,EQ-01-A,operation,normal,,pcb1/Data/Images/Normal/0968.JPG
line_01/2026-08-01/L01AAA100051.JPG,line_01,pcb1,2026-08-01,LOT-20260801-AAA,EQ-01-A,operation,normal,,pcb1/Data/Images/Normal/0159.JPG
line_01/2026-08-01/L01AAA100052.JPG,line_01,pcb1,2026-08-01,LOT-20260801-AAA,EQ-01-A,operation,normal,,pcb1/Data/Images/Normal/0220.JPG
line_01/2026-08-01/L01AAA100053.JPG,line_01,pcb1,2026-08-01,LOT-20260801-AAA,EQ-01-A,operation,normal,,pcb1/Data/Images/Normal/0781.JPG
line_01/2026-08-01/L01AAA100054.JPG,line_01,pcb1,2026-08-01,LOT-20260801-AAA,EQ-01-A,operation,normal,,pcb1/Data/Images/Normal/0344.JPG
line_01/2026-08-01/L01AAA100055.JPG,line_01,pcb1,2026-08-01,LOT-20260801-AAA,EQ-01-A,operation,normal,,pcb1/Data/Images/Normal/0994.JPG
line_01/2026-08-01/L01AAA100056.JPG,line_01,pcb1,2026-08-01,LOT-20260801-AAA,EQ-01-A,operation,normal,,pcb1/Data/Images/Normal/0094.JPG
line_01/2026-08-01/L01AAA100057.JPG,line_01,pcb1,2026-08-01,LOT-20260801-AAA,EQ-01-A,operation,normal,,pcb1/Data/Images/Normal/0389.JPG
line_01/2026-08-01/L01AAA100058.JPG,line_01,pcb1,2026-08-01,LOT-20260801-AAA,EQ-01-A,operation,normal,,pcb1/Data/Images/Normal/0099.JPG
line_01/2026-08-01/L01AAA100059.JPG,line_01,pcb1,2026-08-01,LOT-20260801-AAA,EQ-01-A,operation,normal,,pcb1/Data/Images/Normal/0367.JPG
line_01/2026-08-01/L01AAA100060.JPG,line_01,pcb1,2026-08-01,LOT-20260801-AAA,EQ-01-A,operation,normal,,pcb1/Data/Images/Normal/0867.JPG
line_01/2026-08-01/L01AAA100061.JPG,line_01,pcb1,2026-08-01,LOT-20260801-AAA,EQ-01-A,operation,normal,,pcb1/Data/Images/Normal/0352.JPG
line_01/2026-08-01/L01AAA100062.JPG,line_01,pcb1,2026-08-01,LOT-20260801-AAA,EQ-01-A,operation,normal,,pcb1/Data/Images/Normal/0618.JPG
line_01/2026-08-01/L01AAA100063.JPG,line_01,pcb1,2026-08-01,LOT-20260801-AAA,EQ-01-A,operation,normal,,pcb1/Data/Images/Normal/0270.JPG
line_01/2026-08-01/L01AAA100064.JPG,line_01,pcb1,2026-08-01,LOT-20260801-AAA,EQ-01-A,operation,normal,,pcb1/Data/Images/Normal/0826.JPG
line_01/2026-08-01/L01AAA100065.JPG,line_01,pcb1,2026-08-01,LOT-20260801-AAA,EQ-01-A,operation,normal,,pcb1/Data/Images/Normal/0044.JPG
line_01/2026-08-01/L01AAA100066.JPG,line_01,pcb1,2026-08-01,LOT-20260801-AAA,EQ-01-A,operation,normal,,pcb1/Data/Images/Normal/0747.JPG
line_01/2026-08-01/L01AAA100067.JPG,line_01,pcb1,2026-08-01,LOT-20260801-AAA,EQ-01-A,operation,normal,,pcb1/Data/Images/Normal/0470.JPG
line_01/2026-08-01/L01AAA100068.JPG,line_01,pcb1,2026-08-01,LOT-20260801-AAA,EQ-01-A,operation,normal,,pcb1/Data/Images/Normal/0549.JPG
line_01/2026-08-01/L01AAA100069.JPG,line_01,pcb1,2026-08-01,LOT-20260801-AAA,EQ-01-A,operation,normal,,pcb1/Data/Images/Normal/0127.JPG
line_01/2026-08-01/L01AAA100070.JPG,line_01,pcb1,2026-08-01,LOT-20260801-AAA,EQ-01-A,operation,normal,,pcb1/Data/Images/Normal/0387.JPG
line_01/2026-08-01/L01AAA100071.JPG,line_01,pcb1,2026-08-01,LOT-20260801-AAA,EQ-01-A,operation,normal,,pcb1/Data/Images/Normal/0080.JPG
line_01/2026-08-01/L01AAA100072.JPG,line_01,pcb1,2026-08-01,LOT-20260801-AAA,EQ-01-A,operation,normal,,pcb1/Data/Images/Normal/0565.JPG
line_01/2026-08-01/L01AAA100073.JPG,line_01,pcb1,2026-08-01,LOT-20260801-AAA,EQ-01-A,operation,normal,,pcb1/Data/Images/Normal/0300.JPG
line_01/2026-08-01/L01AAA100074.JPG,line_01,pcb1,2026-08-01,LOT-20260801-AAA,EQ-01-A,operation,normal,,pcb1/Data/Images/Normal/0849.JPG
line_01/2026-08-01/L01AAA100075.JPG,line_01,pcb1,2026-08-01,LOT-20260801-AAA,EQ-01-A,operation,normal,,pcb1/Data/Images/Normal/0643.JPG
line_01/2026-08-01/L01AAA100076.JPG,line_01,pcb1,2026-08-01,LOT-20260801-AAA,EQ-01-A,operation,normal,,pcb1/Data/Images/Normal/0633.JPG
line_01/2026-08-01/L01AAA100077.JPG,line_01,pcb1,2026-08-01,LOT-20260801-AAA,EQ-01-A,operation,normal,,pcb1/Data/Images/Normal/0906.JPG
line_01/2026-08-01/L01AAA100078.JPG,line_01,pcb1,2026-08-01,LOT-20260801-AAA,EQ-01-A,operation,normal,,pcb1/Data/Images/Normal/0882.JPG
line_01/2026-08-01/L01AAA100079.JPG,line_01,pcb1,2026-08-01,LOT-20260801-AAA,EQ-01-A,operation,normal,,pcb1/Data/Images/Normal/0370.JPG
line_01/2026-08-01/L01AAA100080.JPG,line_01,pcb1,2026-08-01,LOT-20260801-AAA,EQ-01-A,operation,normal,,pcb1/Data/Images/Normal/0591.JPG
line_01/2026-08-01/L01AAA100081.JPG,line_01,pcb1,2026-08-01,LOT-20260801-AAA,EQ-01-A,operation,normal,,pcb1/Data/Images/Normal/0196.JPG
line_01/2026-08-01/L01AAA100082.JPG,line_01,pcb1,2026-08-01,LOT-20260801-AAA,EQ-01-A,operation,normal,,pcb1/Data/Images/Normal/0721.JPG
line_01/2026-08-01/L01AAA100083.JPG,line_01,pcb1,2026-08-01,LOT-20260801-AAA,EQ-01-A,operation,normal,,pcb1/Data/Images/Normal/0071.JPG
line_01/2026-08-01/L01AAA100084.JPG,line_01,pcb1,2026-08-01,LOT-20260801-AAA,EQ-01-A,operation,normal,,pcb1/Data/Images/Normal/0046.JPG
line_01/2026-08-01/L01AAA100085.JPG,line_01,pcb1,2026-08-01,LOT-20260801-AAA,EQ-01-A,operation,normal,,pcb1/Data/Images/Normal/0677.JPG
line_01/2026-08-01/L01AAA100086.JPG,line_01,pcb1,2026-08-01,LOT-20260801-AAA,EQ-01-A,operation,normal,,pcb1/Data/Images/Normal/0233.JPG
line_01/2026-08-01/L01AAA100087.JPG,line_01,pcb1,2026-08-01,LOT-20260801-AAA,EQ-01-A,operation,normal,,pcb1/Data/Images/Normal/0791.JPG
line_01/2026-08-01/L01AAA100088.JPG,line_01,pcb1,2026-08-01,LOT-20260801-AAA,EQ-01-A,operation,normal,,pcb1/Data/Images/Normal/0296.JPG
line_01/2026-08-01/L01AAA100089.JPG,line_01,pcb1,2026-08-01,LOT-20260801-AAA,EQ-01-A,operation,normal,,pcb1/Data/Images/Normal/0081.JPG
line_01/2026-08-01/L01AAA100090.JPG,line_01,pcb1,2026-08-01,LOT-20260801-AAA,EQ-01-A,operation,normal,,pcb1/Data/Images/Normal/0875.JPG
line_01/2026-08-01/L01AAA100091.JPG,line_01,pcb1,2026-08-01,LOT-20260801-AAA,EQ-01-A,operation,defect,/Users/eundong/Library/CloudStorage/GoogleDrive-yidheld@gmail.com/내 드라이브/[Shared]SK_AI_Hackathon/archive/pcb1/Data/Masks/Anomaly/029.png,pcb1/Data/Images/Anomaly/029.JPG
line_01/2026-08-01/L01AAA100092.JPG,line_01,pcb1,2026-08-01,LOT-20260801-AAA,EQ-01-A,operation,normal,,pcb1/Data/Images/Normal/0982.JPG
line_01/2026-08-01/L01AAA100093.JPG,line_01,pcb1,2026-08-01,LOT-20260801-AAA,EQ-01-A,operation,normal,,pcb1/Data/Images/Normal/0887.JPG
line_01/2026-08-01/L01AAA100094.JPG,line_01,pcb1,2026-08-01,LOT-20260801-AAA,EQ-01-A,operation,normal,,pcb1/Data/Images/Normal/0103.JPG
line_01/2026-08-01/L01AAA100095.JPG,line_01,pcb1,2026-08-01,LOT-20260801-AAA,EQ-01-A,operation,defect,/Users/eundong/Library/CloudStorage/GoogleDrive-yidheld@gmail.com/내 드라이브/[Shared]SK_AI_Hackathon/archive/pcb1/Data/Masks/Anomaly/033.png,pcb1/Data/Images/Anomaly/033.JPG
line_01/2026-08-01/L01AAA100096.JPG,line_01,pcb1,2026-08-01,LOT-20260801-AAA,EQ-01-A,operation,normal,,pcb1/Data/Images/Normal/0951.JPG
line_01/2026-08-01/L01AAA100097.JPG,line_01,pcb1,2026-08-01,LOT-20260801-AAA,EQ-01-A,operation,normal,,pcb1/Data/Images/Normal/0958.JPG
line_01/2026-08-01/L01AAA100098.JPG,line_01,pcb1,2026-08-01,LOT-20260801-AAA,EQ-01-A,operation,normal,,pcb1/Data/Images/Normal/0464.JPG
line_01/2026-08-01/L01AAA100099.JPG,line_01,pcb1,2026-08-01,LOT-20260801-AAA,EQ-01-A,operation,normal,,pcb1/Data/Images/Normal/0650.JPG
line_01/2026-08-01/L01AAA100100.JPG,line_01,pcb1,2026-08-01,LOT-20260801-AAA,EQ-01-A,operation,normal,,pcb1/Data/Images/Normal/0854.JPG
line_01/2026-08-01/L01AAA100101.JPG,line_01,pcb1,2026-08-01,LOT-20260801-AAA,EQ-01-A,operation,normal,,pcb1/Data/Images/Normal/0373.JPG
line_01/2026-08-01/L01AAA100102.JPG,line_01,pcb1,2026-08-01,LOT-20260801-AAA,EQ-01-A,operation,normal,,pcb1/Data/Images/Normal/0166.JPG
line_01/2026-08-01/L01AAA100103.JPG,line_01,pcb1,2026-08-01,LOT-20260801-AAA,EQ-01-A,operation,normal,,pcb1/Data/Images/Normal/0379.JPG
line_01/2026-08-01/L01AAA100104.JPG,line_01,pcb1,2026-08-01,LOT-20260801-AAA,EQ-01-A,operation,normal,,pcb1/Data/Images/Normal/0363.JPG
line_02/2026-08-01/L02AAB100001.JPG,line_02,pcb2,2026-08-01,LOT-20260801-AAB,EQ-02-A,operation,normal,,pcb2/Data/Images/Normal/0640.JPG
line_02/2026-08-01/L02AAB100002.JPG,line_02,pcb2,2026-08-01,LOT-20260801-AAB,EQ-02-A,operation,defect,/Users/eundong/Library/CloudStorage/GoogleDrive-yidheld@gmail.com/내 드라이브/[Shared]SK_AI_Hackathon/archive/pcb2/Data/Masks/Anomaly/083.png,pcb2/Data/Images/Anomaly/083.JPG
line_02/2026-08-01/L02AAB100003.JPG,line_02,pcb2,2026-08-01,LOT-20260801-AAB,EQ-02-A,operation,normal,,pcb2/Data/Images/Normal/0452.JPG
line_02/2026-08-01/L02AAB100004.JPG,line_02,pcb2,2026-08-01,LOT-20260801-AAB,EQ-02-A,operation,normal,,pcb2/Data/Images/Normal/0778.JPG
line_02/2026-08-01/L02AAB100005.JPG,line_02,pcb2,2026-08-01,LOT-20260801-AAB,EQ-02-A,operation,normal,,pcb2/Data/Images/Normal/0052.JPG
line_02/2026-08-01/L02AAB100006.JPG,line_02,pcb2,2026-08-01,LOT-20260801-AAB,EQ-02-A,operation,normal,,pcb2/Data/Images/Normal/0208.JPG
line_02/2026-08-01/L02AAB100007.JPG,line_02,pcb2,2026-08-01,LOT-20260801-AAB,EQ-02-A,operation,normal,,pcb2/Data/Images/Normal/0273.JPG
line_02/2026-08-01/L02AAB100008.JPG,line_02,pcb2,2026-08-01,LOT-20260801-AAB,EQ-02-A,operation,normal,,pcb2/Data/Images/Normal/0562.JPG
line_02/2026-08-01/L02AAB100009.JPG,line_02,pcb2,2026-08-01,LOT-20260801-AAB,EQ-02-A,operation,normal,,pcb2/Data/Images/Normal/0134.JPG
line_02/2026-08-01/L02AAB100010.JPG,line_02,pcb2,2026-08-01,LOT-20260801-AAB,EQ-02-A,operation,normal,,pcb2/Data/Images/Normal/0949.JPG
line_02/2026-08-01/L02AAB100011.JPG,line_02,pcb2,2026-08-01,LOT-20260801-AAB,EQ-02-A,operation,normal,,pcb2/Data/Images/Normal/0294.JPG
line_02/2026-08-01/L02AAB100012.JPG,line_02,pcb2,2026-08-01,LOT-20260801-AAB,EQ-02-A,operation,normal,,pcb2/Data/Images/Normal/0448.JPG
line_02/2026-08-01/L02AAB100013.JPG,line_02,pcb2,2026-08-01,LOT-20260801-AAB,EQ-02-A,operation,normal,,pcb2/Data/Images/Normal/0901.JPG
line_02/2026-08-01/L02AAB100014.JPG,line_02,pcb2,2026-08-01,LOT-20260801-AAB,EQ-02-A,operation,normal,,pcb2/Data/Images/Normal/0715.JPG
line_02/2026-08-01/L02AAB100015.JPG,line_02,pcb2,2026-08-01,LOT-20260801-AAB,EQ-02-A,operation,normal,,pcb2/Data/Images/Normal/0496.JPG
line_02/2026-08-01/L02AAB100016.JPG,line_02,pcb2,2026-08-01,LOT-20260801-AAB,EQ-02-A,operation,normal,,pcb2/Data/Images/Normal/0124.JPG
line_02/2026-08-01/L02AAB100017.JPG,line_02,pcb2,2026-08-01,LOT-20260801-AAB,EQ-02-A,operation,normal,,pcb2/Data/Images/Normal/0029.JPG
line_02/2026-08-01/L02AAB100018.JPG,line_02,pcb2,2026-08-01,LOT-20260801-AAB,EQ-02-A,operation,normal,,pcb2/Data/Images/Normal/0645.JPG
line_02/2026-08-01/L02AAB100019.JPG,line_02,pcb2,2026-08-01,LOT-20260801-AAB,EQ-02-A,operation,normal,,pcb2/Data/Images/Normal/0623.JPG
line_02/2026-08-01/L02AAB100020.JPG,line_02,pcb2,2026-08-01,LOT-20260801-AAB,EQ-02-A,operation,normal,,pcb2/Data/Images/Normal/0818.JPG
line_02/2026-08-01/L02AAB100021.JPG,line_02,pcb2,2026-08-01,LOT-20260801-AAB,EQ-02-A,operation,defect,/Users/eundong/Library/CloudStorage/GoogleDrive-yidheld@gmail.com/내 드라이브/[Shared]SK_AI_Hackathon/archive/pcb2/Data/Masks/Anomaly/042.png,pcb2/Data/Images/Anomaly/042.JPG
line_02/2026-08-01/L02AAB100022.JPG,line_02,pcb2,2026-08-01,LOT-20260801-AAB,EQ-02-A,operation,normal,,pcb2/Data/Images/Normal/0245.JPG
line_02/2026-08-01/L02AAB100023.JPG,line_02,pcb2,2026-08-01,LOT-20260801-AAB,EQ-02-A,operation,normal,,pcb2/Data/Images/Normal/0726.JPG
line_02/2026-08-01/L02AAB100024.JPG,line_02,pcb2,2026-08-01,LOT-20260801-AAB,EQ-02-A,operation,normal,,pcb2/Data/Images/Normal/0162.JPG
line_02/2026-08-01/L02AAB100025.JPG,line_02,pcb2,2026-08-01,LOT-20260801-AAB,EQ-02-A,operation,defect,/Users/eundong/Library/CloudStorage/GoogleDrive-yidheld@gmail.com/내 드라이브/[Shared]SK_AI_Hackathon/archive/pcb2/Data/Masks/Anomaly/034.png,pcb2/Data/Images/Anomaly/034.JPG
line_02/2026-08-01/L02AAB100026.JPG,line_02,pcb2,2026-08-01,LOT-20260801-AAB,EQ-02-A,operation,defect,/Users/eundong/Library/CloudStorage/GoogleDrive-yidheld@gmail.com/내 드라이브/[Shared]SK_AI_Hackathon/archive/pcb2/Data/Masks/Anomaly/015.png,pcb2/Data/Images/Anomaly/015.JPG
line_02/2026-08-01/L02AAB100027.JPG,line_02,pcb2,2026-08-01,LOT-20260801-AAB,EQ-02-A,operation,normal,,pcb2/Data/Images/Normal/0318.JPG
line_02/2026-08-01/L02AAB100028.JPG,line_02,pcb2,2026-08-01,LOT-20260801-AAB,EQ-02-A,operation,normal,,pcb2/Data/Images/Normal/0564.JPG
line_02/2026-08-01/L02AAB100029.JPG,line_02,pcb2,2026-08-01,LOT-20260801-AAB,EQ-02-A,operation,normal,,pcb2/Data/Images/Normal/0014.JPG
line_02/2026-08-01/L02AAB100030.JPG,line_02,pcb2,2026-08-01,LOT-20260801-AAB,EQ-02-A,operation,normal,,pcb2/Data/Images/Normal/0565.JPG
line_02/2026-08-01/L02AAB100031.JPG,line_02,pcb2,2026-08-01,LOT-20260801-AAB,EQ-02-A,operation,normal,,pcb2/Data/Images/Normal/0417.JPG
line_02/2026-08-01/L02AAB100032.JPG,line_02,pcb2,2026-08-01,LOT-20260801-AAB,EQ-02-A,operation,normal,,pcb2/Data/Images/Normal/0095.JPG
line_02/2026-08-01/L02AAB100033.JPG,line_02,pcb2,2026-08-01,LOT-20260801-AAB,EQ-02-A,operation,normal,,pcb2/Data/Images/Normal/0230.JPG
line_02/2026-08-01/L02AAB100034.JPG,line_02,pcb2,2026-08-01,LOT-20260801-AAB,EQ-02-A,operation,normal,,pcb2/Data/Images/Normal/0861.JPG
line_02/2026-08-01/L02AAB100035.JPG,line_02,pcb2,2026-08-01,LOT-20260801-AAB,EQ-02-A,operation,defect,/Users/eundong/Library/CloudStorage/GoogleDrive-yidheld@gmail.com/내 드라이브/[Shared]SK_AI_Hackathon/archive/pcb2/Data/Masks/Anomaly/047.png,pcb2/Data/Images/Anomaly/047.JPG
line_02/2026-08-01/L02AAB100036.JPG,line_02,pcb2,2026-08-01,LOT-20260801-AAB,EQ-02-A,operation,normal,,pcb2/Data/Images/Normal/0934.JPG
line_02/2026-08-01/L02AAB100037.JPG,line_02,pcb2,2026-08-01,LOT-20260801-AAB,EQ-02-A,operation,defect,/Users/eundong/Library/CloudStorage/GoogleDrive-yidheld@gmail.com/내 드라이브/[Shared]SK_AI_Hackathon/archive/pcb2/Data/Masks/Anomaly/055.png,pcb2/Data/Images/Anomaly/055.JPG
line_02/2026-08-01/L02AAB100038.JPG,line_02,pcb2,2026-08-01,LOT-20260801-AAB,EQ-02-A,operation,normal,,pcb2/Data/Images/Normal/0116.JPG
line_02/2026-08-01/L02AAB100039.JPG,line_02,pcb2,2026-08-01,LOT-20260801-AAB,EQ-02-A,operation,defect,/Users/eundong/Library/CloudStorage/GoogleDrive-yidheld@gmail.com/내 드라이브/[Shared]SK_AI_Hackathon/archive/pcb2/Data/Masks/Anomaly/051.png,pcb2/Data/Images/Anomaly/051.JPG
line_02/2026-08-01/L02AAB100040.JPG,line_02,pcb2,2026-08-01,LOT-20260801-AAB,EQ-02-A,operation,normal,,pcb2/Data/Images/Normal/0472.JPG
line_02/2026-08-01/L02AAB100041.JPG,line_02,pcb2,2026-08-01,LOT-20260801-AAB,EQ-02-A,operation,defect,/Users/eundong/Library/CloudStorage/GoogleDrive-yidheld@gmail.com/내 드라이브/[Shared]SK_AI_Hackathon/archive/pcb2/Data/Masks/Anomaly/056.png,pcb2/Data/Images/Anomaly/056.JPG
line_02/2026-08-01/L02AAB100042.JPG,line_02,pcb2,2026-08-01,LOT-20260801-AAB,EQ-02-A,operation,defect,/Users/eundong/Library/CloudStorage/GoogleDrive-yidheld@gmail.com/내 드라이브/[Shared]SK_AI_Hackathon/archive/pcb2/Data/Masks/Anomaly/049.png,pcb2/Data/Images/Anomaly/049.JPG
line_02/2026-08-01/L02AAB100043.JPG,line_02,pcb2,2026-08-01,LOT-20260801-AAB,EQ-02-A,operation,normal,,pcb2/Data/Images/Normal/0120.JPG
line_02/2026-08-01/L02AAB100044.JPG,line_02,pcb2,2026-08-01,LOT-20260801-AAB,EQ-02-A,operation,normal,,pcb2/Data/Images/Normal/0663.JPG
line_02/2026-08-01/L02AAB100045.JPG,line_02,pcb2,2026-08-01,LOT-20260801-AAB,EQ-02-A,operation,defect,/Users/eundong/Library/CloudStorage/GoogleDrive-yidheld@gmail.com/내 드라이브/[Shared]SK_AI_Hackathon/archive/pcb2/Data/Masks/Anomaly/043.png,pcb2/Data/Images/Anomaly/043.JPG
line_02/2026-08-01/L02AAB100046.JPG,line_02,pcb2,2026-08-01,LOT-20260801-AAB,EQ-02-A,operation,normal,,pcb2/Data/Images/Normal/0852.JPG
line_02/2026-08-01/L02AAB100047.JPG,line_02,pcb2,2026-08-01,LOT-20260801-AAB,EQ-02-A,operation,normal,,pcb2/Data/Images/Normal/0157.JPG
line_02/2026-08-01/L02AAB100048.JPG,line_02,pcb2,2026-08-01,LOT-20260801-AAB,EQ-02-A,operation,normal,,pcb2/Data/Images/Normal/0510.JPG
line_02/2026-08-01/L02AAB100049.JPG,line_02,pcb2,2026-08-01,LOT-20260801-AAB,EQ-02-A,operation,normal,,pcb2/Data/Images/Normal/0955.JPG
line_02/2026-08-01/L02AAB100050.JPG,line_02,pcb2,2026-08-01,LOT-20260801-AAB,EQ-02-A,operation,defect,/Users/eundong/Library/CloudStorage/GoogleDrive-yidheld@gmail.com/내 드라이브/[Shared]SK_AI_Hackathon/archive/pcb2/Data/Masks/Anomaly/023.png,pcb2/Data/Images/Anomaly/023.JPG
line_02/2026-08-01/L02AAB100051.JPG,line_02,pcb2,2026-08-01,LOT-20260801-AAB,EQ-02-A,operation,normal,,pcb2/Data/Images/Normal/0733.JPG
line_02/2026-08-01/L02AAB100052.JPG,line_02,pcb2,2026-08-01,LOT-20260801-AAB,EQ-02-A,operation,normal,,pcb2/Data/Images/Normal/0298.JPG
line_02/2026-08-01/L02AAB100053.JPG,line_02,pcb2,2026-08-01,LOT-20260801-AAB,EQ-02-A,operation,normal,,pcb2/Data/Images/Normal/0521.JPG
line_02/2026-08-01/L02AAB100054.JPG,line_02,pcb2,2026-08-01,LOT-20260801-AAB,EQ-02-A,operation,normal,,pcb2/Data/Images/Normal/0722.JPG
line_02/2026-08-01/L02AAB100055.JPG,line_02,pcb2,2026-08-01,LOT-20260801-AAB,EQ-02-A,operation,normal,,pcb2/Data/Images/Normal/0279.JPG
line_02/2026-08-01/L02AAB100056.JPG,line_02,pcb2,2026-08-01,LOT-20260801-AAB,EQ-02-A,operation,defect,/Users/eundong/Library/CloudStorage/GoogleDrive-yidheld@gmail.com/내 드라이브/[Shared]SK_AI_Hackathon/archive/pcb2/Data/Masks/Anomaly/063.png,pcb2/Data/Images/Anomaly/063.JPG
line_02/2026-08-01/L02AAB100057.JPG,line_02,pcb2,2026-08-01,LOT-20260801-AAB,EQ-02-A,operation,normal,,pcb2/Data/Images/Normal/0425.JPG
line_02/2026-08-01/L02AAB100058.JPG,line_02,pcb2,2026-08-01,LOT-20260801-AAB,EQ-02-A,operation,normal,,pcb2/Data/Images/Normal/0854.JPG
line_02/2026-08-01/L02AAB100059.JPG,line_02,pcb2,2026-08-01,LOT-20260801-AAB,EQ-02-A,operation,normal,,pcb2/Data/Images/Normal/0494.JPG
line_02/2026-08-01/L02AAB100060.JPG,line_02,pcb2,2026-08-01,LOT-20260801-AAB,EQ-02-A,operation,normal,,pcb2/Data/Images/Normal/0483.JPG
line_02/2026-08-01/L02AAB100061.JPG,line_02,pcb2,2026-08-01,LOT-20260801-AAB,EQ-02-A,operation,normal,,pcb2/Data/Images/Normal/0249.JPG
line_02/2026-08-01/L02AAB100062.JPG,line_02,pcb2,2026-08-01,LOT-20260801-AAB,EQ-02-A,operation,normal,,pcb2/Data/Images/Normal/0467.JPG
line_02/2026-08-01/L02AAB100063.JPG,line_02,pcb2,2026-08-01,LOT-20260801-AAB,EQ-02-A,operation,normal,,pcb2/Data/Images/Normal/0977.JPG
line_02/2026-08-01/L02AAB100064.JPG,line_02,pcb2,2026-08-01,LOT-20260801-AAB,EQ-02-A,operation,normal,,pcb2/Data/Images/Normal/0148.JPG
line_02/2026-08-01/L02AAB100065.JPG,line_02,pcb2,2026-08-01,LOT-20260801-AAB,EQ-02-A,operation,normal,,pcb2/Data/Images/Normal/0392.JPG
line_02/2026-08-01/L02AAB100066.JPG,line_02,pcb2,2026-08-01,LOT-20260801-AAB,EQ-02-A,operation,normal,,pcb2/Data/Images/Normal/0195.JPG
line_02/2026-08-01/L02AAB100067.JPG,line_02,pcb2,2026-08-01,LOT-20260801-AAB,EQ-02-A,operation,normal,,pcb2/Data/Images/Normal/0943.JPG
line_02/2026-08-01/L02AAB100068.JPG,line_02,pcb2,2026-08-01,LOT-20260801-AAB,EQ-02-A,operation,normal,,pcb2/Data/Images/Normal/0613.JPG
line_02/2026-08-01/L02AAB100069.JPG,line_02,pcb2,2026-08-01,LOT-20260801-AAB,EQ-02-A,operation,normal,,pcb2/Data/Images/Normal/0520.JPG
line_02/2026-08-01/L02AAB100070.JPG,line_02,pcb2,2026-08-01,LOT-20260801-AAB,EQ-02-A,operation,normal,,pcb2/Data/Images/Normal/0764.JPG
line_02/2026-08-01/L02AAB100071.JPG,line_02,pcb2,2026-08-01,LOT-20260801-AAB,EQ-02-A,operation,normal,,pcb2/Data/Images/Normal/0900.JPG
line_02/2026-08-01/L02AAB100072.JPG,line_02,pcb2,2026-08-01,LOT-20260801-AAB,EQ-02-A,operation,normal,,pcb2/Data/Images/Normal/0139.JPG
line_02/2026-08-01/L02AAB100073.JPG,line_02,pcb2,2026-08-01,LOT-20260801-AAB,EQ-02-A,operation,normal,,pcb2/Data/Images/Normal/0884.JPG
line_02/2026-08-01/L02AAB100074.JPG,line_02,pcb2,2026-08-01,LOT-20260801-AAB,EQ-02-A,operation,normal,,pcb2/Data/Images/Normal/0071.JPG
line_02/2026-08-01/L02AAB100075.JPG,line_02,pcb2,2026-08-01,LOT-20260801-AAB,EQ-02-A,operation,normal,,pcb2/Data/Images/Normal/0282.JPG
line_02/2026-08-01/L02AAB100076.JPG,line_02,pcb2,2026-08-01,LOT-20260801-AAB,EQ-02-A,operation,normal,,pcb2/Data/Images/Normal/0791.JPG
line_02/2026-08-01/L02AAB100077.JPG,line_02,pcb2,2026-08-01,LOT-20260801-AAB,EQ-02-A,operation,normal,,pcb2/Data/Images/Normal/0808.JPG
line_02/2026-08-01/L02AAB100078.JPG,line_02,pcb2,2026-08-01,LOT-20260801-AAB,EQ-02-A,operation,defect,/Users/eundong/Library/CloudStorage/GoogleDrive-yidheld@gmail.com/내 드라이브/[Shared]SK_AI_Hackathon/archive/pcb2/Data/Masks/Anomaly/088.png,pcb2/Data/Images/Anomaly/088.JPG
line_02/2026-08-01/L02AAB100079.JPG,line_02,pcb2,2026-08-01,LOT-20260801-AAB,EQ-02-A,operation,normal,,pcb2/Data/Images/Normal/0874.JPG
line_02/2026-08-01/L02AAB100080.JPG,line_02,pcb2,2026-08-01,LOT-20260801-AAB,EQ-02-A,operation,normal,,pcb2/Data/Images/Normal/0424.JPG
line_02/2026-08-01/L02AAB100081.JPG,line_02,pcb2,2026-08-01,LOT-20260801-AAB,EQ-02-A,operation,normal,,pcb2/Data/Images/Normal/0348.JPG
line_02/2026-08-01/L02AAB100082.JPG,line_02,pcb2,2026-08-01,LOT-20260801-AAB,EQ-02-A,operation,normal,,pcb2/Data/Images/Normal/0806.JPG
line_02/2026-08-01/L02AAB100083.JPG,line_02,pcb2,2026-08-01,LOT-20260801-AAB,EQ-02-A,operation,normal,,pcb2/Data/Images/Normal/0519.JPG
line_02/2026-08-01/L02AAB100084.JPG,line_02,pcb2,2026-08-01,LOT-20260801-AAB,EQ-02-A,operation,normal,,pcb2/Data/Images/Normal/0995.JPG
line_02/2026-08-01/L02AAB100085.JPG,line_02,pcb2,2026-08-01,LOT-20260801-AAB,EQ-02-A,operation,normal,,pcb2/Data/Images/Normal/0840.JPG
line_02/2026-08-01/L02AAB100086.JPG,line_02,pcb2,2026-08-01,LOT-20260801-AAB,EQ-02-A,operation,normal,,pcb2/Data/Images/Normal/0002.JPG
line_02/2026-08-01/L02AAB100087.JPG,line_02,pcb2,2026-08-01,LOT-20260801-AAB,EQ-02-A,operation,normal,,pcb2/Data/Images/Normal/0289.JPG
line_02/2026-08-01/L02AAB100088.JPG,line_02,pcb2,2026-08-01,LOT-20260801-AAB,EQ-02-A,operation,normal,,pcb2/Data/Images/Normal/0743.JPG
line_02/2026-08-01/L02AAB100089.JPG,line_02,pcb2,2026-08-01,LOT-20260801-AAB,EQ-02-A,operation,normal,,pcb2/Data/Images/Normal/0305.JPG
line_02/2026-08-01/L02AAB100090.JPG,line_02,pcb2,2026-08-01,LOT-20260801-AAB,EQ-02-A,operation,normal,,pcb2/Data/Images/Normal/0857.JPG
line_02/2026-08-01/L02AAB100091.JPG,line_02,pcb2,2026-08-01,LOT-20260801-AAB,EQ-02-A,operation,normal,,pcb2/Data/Images/Normal/0601.JPG
line_02/2026-08-01/L02AAB100092.JPG,line_02,pcb2,2026-08-01,LOT-20260801-AAB,EQ-02-A,operation,defect,/Users/eundong/Library/CloudStorage/GoogleDrive-yidheld@gmail.com/내 드라이브/[Shared]SK_AI_Hackathon/archive/pcb2/Data/Masks/Anomaly/095.png,pcb2/Data/Images/Anomaly/095.JPG
line_02/2026-08-01/L02AAB100093.JPG,line_02,pcb2,2026-08-01,LOT-20260801-AAB,EQ-02-A,operation,normal,,pcb2/Data/Images/Normal/0593.JPG
line_02/2026-08-01/L02AAB100094.JPG,line_02,pcb2,2026-08-01,LOT-20260801-AAB,EQ-02-A,operation,normal,,pcb2/Data/Images/Normal/0675.JPG
line_02/2026-08-01/L02AAB100095.JPG,line_02,pcb2,2026-08-01,LOT-20260801-AAB,EQ-02-A,operation,normal,,pcb2/Data/Images/Normal/0501.JPG
line_02/2026-08-01/L02AAB100096.JPG,line_02,pcb2,2026-08-01,LOT-20260801-AAB,EQ-02-A,operation,normal,,pcb2/Data/Images/Normal/0886.JPG
line_02/2026-08-01/L02AAB100097.JPG,line_02,pcb2,2026-08-01,LOT-20260801-AAB,EQ-02-A,operation,normal,,pcb2/Data/Images/Normal/0152.JPG
line_02/2026-08-01/L02AAB100098.JPG,line_02,pcb2,2026-08-01,LOT-20260801-AAB,EQ-02-A,operation,normal,,pcb2/Data/Images/Normal/0457.JPG
line_02/2026-08-01/L02AAB100099.JPG,line_02,pcb2,2026-08-01,LOT-20260801-AAB,EQ-02-A,operation,normal,,pcb2/Data/Images/Normal/0551.JPG
line_02/2026-08-01/L02AAB100100.JPG,line_02,pcb2,2026-08-01,LOT-20260801-AAB,EQ-02-A,operation,normal,,pcb2/Data/Images/Normal/0495.JPG
line_02/2026-08-01/L02AAB100101.JPG,line_02,pcb2,2026-08-01,LOT-20260801-AAB,EQ-02-A,operation,normal,,pcb2/Data/Images/Normal/0353.JPG
line_02/2026-08-01/L02AAB100102.JPG,line_02,pcb2,2026-08-01,LOT-20260801-AAB,EQ-02-A,operation,normal,,pcb2/Data/Images/Normal/0340.JPG
line_02/2026-08-01/L02AAB100103.JPG,line_02,pcb2,2026-08-01,LOT-20260801-AAB,EQ-02-A,operation,normal,,pcb2/Data/Images/Normal/0975.JPG
line_02/2026-08-01/L02AAB100104.JPG,line_02,pcb2,2026-08-01,LOT-20260801-AAB,EQ-02-A,operation,normal,,pcb2/Data/Images/Normal/0781.JPG
line_02/2026-08-01/L02AAB100105.JPG,line_02,pcb2,2026-08-01,LOT-20260801-AAB,EQ-02-A,operation,normal,,pcb2/Data/Images/Normal/0556.JPG
line_03/2026-08-01/L03AAC100001.JPG,line_03,pcb3,2026-08-01,LOT-20260801-AAC,EQ-03-A,operation,normal,,pcb3/Data/Images/Normal/0710.JPG
line_03/2026-08-01/L03AAC100002.JPG,line_03,pcb3,2026-08-01,LOT-20260801-AAC,EQ-03-A,operation,normal,,pcb3/Data/Images/Normal/0938.JPG
line_03/2026-08-01/L03AAC100003.JPG,line_03,pcb3,2026-08-01,LOT-20260801-AAC,EQ-03-A,operation,normal,,pcb3/Data/Images/Normal/0502.JPG
line_03/2026-08-01/L03AAC100004.JPG,line_03,pcb3,2026-08-01,LOT-20260801-AAC,EQ-03-A,operation,normal,,pcb3/Data/Images/Normal/0204.JPG
line_03/2026-08-01/L03AAC100005.JPG,line_03,pcb3,2026-08-01,LOT-20260801-AAC,EQ-03-A,operation,normal,,pcb3/Data/Images/Normal/0125.JPG
line_03/2026-08-01/L03AAC100006.JPG,line_03,pcb3,2026-08-01,LOT-20260801-AAC,EQ-03-A,operation,normal,,pcb3/Data/Images/Normal/0138.JPG
line_03/2026-08-01/L03AAC100007.JPG,line_03,pcb3,2026-08-01,LOT-20260801-AAC,EQ-03-A,operation,normal,,pcb3/Data/Images/Normal/0873.JPG
line_03/2026-08-01/L03AAC100008.JPG,line_03,pcb3,2026-08-01,LOT-20260801-AAC,EQ-03-A,operation,normal,,pcb3/Data/Images/Normal/0075.JPG
line_03/2026-08-01/L03AAC100009.JPG,line_03,pcb3,2026-08-01,LOT-20260801-AAC,EQ-03-A,operation,defect,/Users/eundong/Library/CloudStorage/GoogleDrive-yidheld@gmail.com/내 드라이브/[Shared]SK_AI_Hackathon/archive/pcb3/Data/Masks/Anomaly/011.png,pcb3/Data/Images/Anomaly/011.JPG
line_03/2026-08-01/L03AAC100010.JPG,line_03,pcb3,2026-08-01,LOT-20260801-AAC,EQ-03-A,operation,normal,,pcb3/Data/Images/Normal/0462.JPG
line_03/2026-08-01/L03AAC100011.JPG,line_03,pcb3,2026-08-01,LOT-20260801-AAC,EQ-03-A,operation,defect,/Users/eundong/Library/CloudStorage/GoogleDrive-yidheld@gmail.com/내 드라이브/[Shared]SK_AI_Hackathon/archive/pcb3/Data/Masks/Anomaly/045.png,pcb3/Data/Images/Anomaly/045.JPG
line_03/2026-08-01/L03AAC100012.JPG,line_03,pcb3,2026-08-01,LOT-20260801-AAC,EQ-03-A,operation,normal,,pcb3/Data/Images/Normal/0176.JPG
line_03/2026-08-01/L03AAC100013.JPG,line_03,pcb3,2026-08-01,LOT-20260801-AAC,EQ-03-A,operation,normal,,pcb3/Data/Images/Normal/0920.JPG
line_03/2026-08-01/L03AAC100014.JPG,line_03,pcb3,2026-08-01,LOT-20260801-AAC,EQ-03-A,operation,normal,,pcb3/Data/Images/Normal/0730.JPG
line_03/2026-08-01/L03AAC100015.JPG,line_03,pcb3,2026-08-01,LOT-20260801-AAC,EQ-03-A,operation,normal,,pcb3/Data/Images/Normal/0455.JPG
line_03/2026-08-01/L03AAC100016.JPG,line_03,pcb3,2026-08-01,LOT-20260801-AAC,EQ-03-A,operation,normal,,pcb3/Data/Images/Normal/0089.JPG
line_03/2026-08-01/L03AAC100017.JPG,line_03,pcb3,2026-08-01,LOT-20260801-AAC,EQ-03-A,operation,defect,/Users/eundong/Library/CloudStorage/GoogleDrive-yidheld@gmail.com/내 드라이브/[Shared]SK_AI_Hackathon/archive/pcb3/Data/Masks/Anomaly/070.png,pcb3/Data/Images/Anomaly/070.JPG
line_03/2026-08-01/L03AAC100018.JPG,line_03,pcb3,2026-08-01,LOT-20260801-AAC,EQ-03-A,operation,normal,,pcb3/Data/Images/Normal/0829.JPG
line_03/2026-08-01/L03AAC100019.JPG,line_03,pcb3,2026-08-01,LOT-20260801-AAC,EQ-03-A,operation,normal,,pcb3/Data/Images/Normal/0698.JPG
line_03/2026-08-01/L03AAC100020.JPG,line_03,pcb3,2026-08-01,LOT-20260801-AAC,EQ-03-A,operation,normal,,pcb3/Data/Images/Normal/0865.JPG
line_03/2026-08-01/L03AAC100021.JPG,line_03,pcb3,2026-08-01,LOT-20260801-AAC,EQ-03-A,operation,normal,,pcb3/Data/Images/Normal/0327.JPG
line_03/2026-08-01/L03AAC100022.JPG,line_03,pcb3,2026-08-01,LOT-20260801-AAC,EQ-03-A,operation,normal,,pcb3/Data/Images/Normal/0683.JPG
line_03/2026-08-01/L03AAC100023.JPG,line_03,pcb3,2026-08-01,LOT-20260801-AAC,EQ-03-A,operation,normal,,pcb3/Data/Images/Normal/0355.JPG
line_03/2026-08-01/L03AAC100024.JPG,line_03,pcb3,2026-08-01,LOT-20260801-AAC,EQ-03-A,operation,normal,,pcb3/Data/Images/Normal/0726.JPG
line_03/2026-08-01/L03AAC100025.JPG,line_03,pcb3,2026-08-01,LOT-20260801-AAC,EQ-03-A,operation,normal,,pcb3/Data/Images/Normal/0066.JPG
line_03/2026-08-01/L03AAC100026.JPG,line_03,pcb3,2026-08-01,LOT-20260801-AAC,EQ-03-A,operation,normal,,pcb3/Data/Images/Normal/0563.JPG
line_03/2026-08-01/L03AAC100027.JPG,line_03,pcb3,2026-08-01,LOT-20260801-AAC,EQ-03-A,operation,normal,,pcb3/Data/Images/Normal/0555.JPG
line_03/2026-08-01/L03AAC100028.JPG,line_03,pcb3,2026-08-01,LOT-20260801-AAC,EQ-03-A,operation,normal,,pcb3/Data/Images/Normal/0297.JPG
line_03/2026-08-01/L03AAC100029.JPG,line_03,pcb3,2026-08-01,LOT-20260801-AAC,EQ-03-A,operation,normal,,pcb3/Data/Images/Normal/0912.JPG
line_03/2026-08-01/L03AAC100030.JPG,line_03,pcb3,2026-08-01,LOT-20260801-AAC,EQ-03-A,operation,normal,,pcb3/Data/Images/Normal/0307.JPG
line_03/2026-08-01/L03AAC100031.JPG,line_03,pcb3,2026-08-01,LOT-20260801-AAC,EQ-03-A,operation,normal,,pcb3/Data/Images/Normal/0871.JPG
line_03/2026-08-01/L03AAC100032.JPG,line_03,pcb3,2026-08-01,LOT-20260801-AAC,EQ-03-A,operation,normal,,pcb3/Data/Images/Normal/0161.JPG
line_03/2026-08-01/L03AAC100033.JPG,line_03,pcb3,2026-08-01,LOT-20260801-AAC,EQ-03-A,operation,normal,,pcb3/Data/Images/Normal/0728.JPG
line_03/2026-08-01/L03AAC100034.JPG,line_03,pcb3,2026-08-01,LOT-20260801-AAC,EQ-03-A,operation,normal,,pcb3/Data/Images/Normal/0985.JPG
line_03/2026-08-01/L03AAC100035.JPG,line_03,pcb3,2026-08-01,LOT-20260801-AAC,EQ-03-A,operation,normal,,pcb3/Data/Images/Normal/0949.JPG
line_03/2026-08-01/L03AAC100036.JPG,line_03,pcb3,2026-08-01,LOT-20260801-AAC,EQ-03-A,operation,normal,,pcb3/Data/Images/Normal/0717.JPG
line_03/2026-08-01/L03AAC100037.JPG,line_03,pcb3,2026-08-01,LOT-20260801-AAC,EQ-03-A,operation,normal,,pcb3/Data/Images/Normal/0653.JPG
line_03/2026-08-01/L03AAC100038.JPG,line_03,pcb3,2026-08-01,LOT-20260801-AAC,EQ-03-A,operation,normal,,pcb3/Data/Images/Normal/0178.JPG
line_03/2026-08-01/L03AAC100039.JPG,line_03,pcb3,2026-08-01,LOT-20260801-AAC,EQ-03-A,operation,normal,,pcb3/Data/Images/Normal/0812.JPG
line_03/2026-08-01/L03AAC100040.JPG,line_03,pcb3,2026-08-01,LOT-20260801-AAC,EQ-03-A,operation,normal,,pcb3/Data/Images/Normal/0370.JPG
line_03/2026-08-01/L03AAC100041.JPG,line_03,pcb3,2026-08-01,LOT-20260801-AAC,EQ-03-A,operation,normal,,pcb3/Data/Images/Normal/0520.JPG
line_03/2026-08-01/L03AAC100042.JPG,line_03,pcb3,2026-08-01,LOT-20260801-AAC,EQ-03-A,operation,normal,,pcb3/Data/Images/Normal/0229.JPG
line_03/2026-08-01/L03AAC100043.JPG,line_03,pcb3,2026-08-01,LOT-20260801-AAC,EQ-03-A,operation,normal,,pcb3/Data/Images/Normal/0124.JPG
line_03/2026-08-01/L03AAC100044.JPG,line_03,pcb3,2026-08-01,LOT-20260801-AAC,EQ-03-A,operation,defect,/Users/eundong/Library/CloudStorage/GoogleDrive-yidheld@gmail.com/내 드라이브/[Shared]SK_AI_Hackathon/archive/pcb3/Data/Masks/Anomaly/099.png,pcb3/Data/Images/Anomaly/099.JPG
line_03/2026-08-01/L03AAC100045.JPG,line_03,pcb3,2026-08-01,LOT-20260801-AAC,EQ-03-A,operation,normal,,pcb3/Data/Images/Normal/0205.JPG
line_03/2026-08-01/L03AAC100046.JPG,line_03,pcb3,2026-08-01,LOT-20260801-AAC,EQ-03-A,operation,normal,,pcb3/Data/Images/Normal/0811.JPG
line_03/2026-08-01/L03AAC100047.JPG,line_03,pcb3,2026-08-01,LOT-20260801-AAC,EQ-03-A,operation,normal,,pcb3/Data/Images/Normal/0142.JPG
line_03/2026-08-01/L03AAC100048.JPG,line_03,pcb3,2026-08-01,LOT-20260801-AAC,EQ-03-A,operation,normal,,pcb3/Data/Images/Normal/0242.JPG
line_03/2026-08-01/L03AAC100049.JPG,line_03,pcb3,2026-08-01,LOT-20260801-AAC,EQ-03-A,operation,normal,,pcb3/Data/Images/Normal/0809.JPG
line_03/2026-08-01/L03AAC100050.JPG,line_03,pcb3,2026-08-01,LOT-20260801-AAC,EQ-03-A,operation,normal,,pcb3/Data/Images/Normal/0505.JPG
line_03/2026-08-01/L03AAC100051.JPG,line_03,pcb3,2026-08-01,LOT-20260801-AAC,EQ-03-A,operation,normal,,pcb3/Data/Images/Normal/0026.JPG
line_03/2026-08-01/L03AAC100052.JPG,line_03,pcb3,2026-08-01,LOT-20260801-AAC,EQ-03-A,operation,normal,,pcb3/Data/Images/Normal/0369.JPG
line_03/2026-08-01/L03AAC100053.JPG,line_03,pcb3,2026-08-01,LOT-20260801-AAC,EQ-03-A,operation,normal,,pcb3/Data/Images/Normal/0567.JPG
line_03/2026-08-01/L03AAC100054.JPG,line_03,pcb3,2026-08-01,LOT-20260801-AAC,EQ-03-A,operation,normal,,pcb3/Data/Images/Normal/0586.JPG
line_03/2026-08-01/L03AAC100055.JPG,line_03,pcb3,2026-08-01,LOT-20260801-AAC,EQ-03-A,operation,normal,,pcb3/Data/Images/Normal/0377.JPG
line_03/2026-08-01/L03AAC100056.JPG,line_03,pcb3,2026-08-01,LOT-20260801-AAC,EQ-03-A,operation,normal,,pcb3/Data/Images/Normal/0478.JPG
line_03/2026-08-01/L03AAC100057.JPG,line_03,pcb3,2026-08-01,LOT-20260801-AAC,EQ-03-A,operation,normal,,pcb3/Data/Images/Normal/0822.JPG
line_03/2026-08-01/L03AAC100058.JPG,line_03,pcb3,2026-08-01,LOT-20260801-AAC,EQ-03-A,operation,normal,,pcb3/Data/Images/Normal/0564.JPG
line_03/2026-08-01/L03AAC100059.JPG,line_03,pcb3,2026-08-01,LOT-20260801-AAC,EQ-03-A,operation,normal,,pcb3/Data/Images/Normal/0132.JPG
line_03/2026-08-01/L03AAC100060.JPG,line_03,pcb3,2026-08-01,LOT-20260801-AAC,EQ-03-A,operation,normal,,pcb3/Data/Images/Normal/0626.JPG
line_03/2026-08-01/L03AAC100061.JPG,line_03,pcb3,2026-08-01,LOT-20260801-AAC,EQ-03-A,operation,normal,,pcb3/Data/Images/Normal/0905.JPG
line_03/2026-08-01/L03AAC100062.JPG,line_03,pcb3,2026-08-01,LOT-20260801-AAC,EQ-03-A,operation,normal,,pcb3/Data/Images/Normal/0088.JPG
line_03/2026-08-01/L03AAC100063.JPG,line_03,pcb3,2026-08-01,LOT-20260801-AAC,EQ-03-A,operation,normal,,pcb3/Data/Images/Normal/0067.JPG
line_03/2026-08-01/L03AAC100064.JPG,line_03,pcb3,2026-08-01,LOT-20260801-AAC,EQ-03-A,operation,normal,,pcb3/Data/Images/Normal/0316.JPG
line_03/2026-08-01/L03AAC100065.JPG,line_03,pcb3,2026-08-01,LOT-20260801-AAC,EQ-03-A,operation,normal,,pcb3/Data/Images/Normal/0407.JPG
line_03/2026-08-01/L03AAC100066.JPG,line_03,pcb3,2026-08-01,LOT-20260801-AAC,EQ-03-A,operation,normal,,pcb3/Data/Images/Normal/0734.JPG
line_03/2026-08-01/L03AAC100067.JPG,line_03,pcb3,2026-08-01,LOT-20260801-AAC,EQ-03-A,operation,defect,/Users/eundong/Library/CloudStorage/GoogleDrive-yidheld@gmail.com/내 드라이브/[Shared]SK_AI_Hackathon/archive/pcb3/Data/Masks/Anomaly/076.png,pcb3/Data/Images/Anomaly/076.JPG
line_03/2026-08-01/L03AAC100068.JPG,line_03,pcb3,2026-08-01,LOT-20260801-AAC,EQ-03-A,operation,defect,/Users/eundong/Library/CloudStorage/GoogleDrive-yidheld@gmail.com/내 드라이브/[Shared]SK_AI_Hackathon/archive/pcb3/Data/Masks/Anomaly/095.png,pcb3/Data/Images/Anomaly/095.JPG
line_03/2026-08-01/L03AAC100069.JPG,line_03,pcb3,2026-08-01,LOT-20260801-AAC,EQ-03-A,operation,normal,,pcb3/Data/Images/Normal/0736.JPG
line_03/2026-08-01/L03AAC100070.JPG,line_03,pcb3,2026-08-01,LOT-20260801-AAC,EQ-03-A,operation,normal,,pcb3/Data/Images/Normal/0490.JPG
line_03/2026-08-01/L03AAC100071.JPG,line_03,pcb3,2026-08-01,LOT-20260801-AAC,EQ-03-A,operation,normal,,pcb3/Data/Images/Normal/0538.JPG
line_03/2026-08-01/L03AAC100072.JPG,line_03,pcb3,2026-08-01,LOT-20260801-AAC,EQ-03-A,operation,normal,,pcb3/Data/Images/Normal/0420.JPG
line_03/2026-08-01/L03AAC100073.JPG,line_03,pcb3,2026-08-01,LOT-20260801-AAC,EQ-03-A,operation,normal,,pcb3/Data/Images/Normal/0787.JPG
line_03/2026-08-01/L03AAC100074.JPG,line_03,pcb3,2026-08-01,LOT-20260801-AAC,EQ-03-A,operation,normal,,pcb3/Data/Images/Normal/0419.JPG
line_03/2026-08-01/L03AAC100075.JPG,line_03,pcb3,2026-08-01,LOT-20260801-AAC,EQ-03-A,operation,normal,,pcb3/Data/Images/Normal/0843.JPG
line_03/2026-08-01/L03AAC100076.JPG,line_03,pcb3,2026-08-01,LOT-20260801-AAC,EQ-03-A,operation,defect,/Users/eundong/Library/CloudStorage/GoogleDrive-yidheld@gmail.com/내 드라이브/[Shared]SK_AI_Hackathon/archive/pcb3/Data/Masks/Anomaly/041.png,pcb3/Data/Images/Anomaly/041.JPG
line_03/2026-08-01/L03AAC100077.JPG,line_03,pcb3,2026-08-01,LOT-20260801-AAC,EQ-03-A,operation,normal,,pcb3/Data/Images/Normal/0588.JPG
line_03/2026-08-01/L03AAC100078.JPG,line_03,pcb3,2026-08-01,LOT-20260801-AAC,EQ-03-A,operation,normal,,pcb3/Data/Images/Normal/0998.JPG
line_03/2026-08-01/L03AAC100079.JPG,line_03,pcb3,2026-08-01,LOT-20260801-AAC,EQ-03-A,operation,normal,,pcb3/Data/Images/Normal/0128.JPG
line_03/2026-08-01/L03AAC100080.JPG,line_03,pcb3,2026-08-01,LOT-20260801-AAC,EQ-03-A,operation,normal,,pcb3/Data/Images/Normal/0324.JPG
line_03/2026-08-01/L03AAC100081.JPG,line_03,pcb3,2026-08-01,LOT-20260801-AAC,EQ-03-A,operation,normal,,pcb3/Data/Images/Normal/0657.JPG
line_03/2026-08-01/L03AAC100082.JPG,line_03,pcb3,2026-08-01,LOT-20260801-AAC,EQ-03-A,operation,normal,,pcb3/Data/Images/Normal/0935.JPG
line_03/2026-08-01/L03AAC100083.JPG,line_03,pcb3,2026-08-01,LOT-20260801-AAC,EQ-03-A,operation,normal,,pcb3/Data/Images/Normal/0460.JPG
line_03/2026-08-01/L03AAC100084.JPG,line_03,pcb3,2026-08-01,LOT-20260801-AAC,EQ-03-A,operation,normal,,pcb3/Data/Images/Normal/0477.JPG
line_03/2026-08-01/L03AAC100085.JPG,line_03,pcb3,2026-08-01,LOT-20260801-AAC,EQ-03-A,operation,normal,,pcb3/Data/Images/Normal/0696.JPG
line_03/2026-08-01/L03AAC100086.JPG,line_03,pcb3,2026-08-01,LOT-20260801-AAC,EQ-03-A,operation,normal,,pcb3/Data/Images/Normal/0529.JPG
line_03/2026-08-01/L03AAC100087.JPG,line_03,pcb3,2026-08-01,LOT-20260801-AAC,EQ-03-A,operation,normal,,pcb3/Data/Images/Normal/0352.JPG
line_03/2026-08-01/L03AAC100088.JPG,line_03,pcb3,2026-08-01,LOT-20260801-AAC,EQ-03-A,operation,normal,,pcb3/Data/Images/Normal/0131.JPG
line_03/2026-08-01/L03AAC100089.JPG,line_03,pcb3,2026-08-01,LOT-20260801-AAC,EQ-03-A,operation,normal,,pcb3/Data/Images/Normal/0899.JPG
line_03/2026-08-01/L03AAC100090.JPG,line_03,pcb3,2026-08-01,LOT-20260801-AAC,EQ-03-A,operation,normal,,pcb3/Data/Images/Normal/0848.JPG
line_03/2026-08-01/L03AAC100091.JPG,line_03,pcb3,2026-08-01,LOT-20260801-AAC,EQ-03-A,operation,normal,,pcb3/Data/Images/Normal/0798.JPG
line_03/2026-08-01/L03AAC100092.JPG,line_03,pcb3,2026-08-01,LOT-20260801-AAC,EQ-03-A,operation,normal,,pcb3/Data/Images/Normal/0952.JPG
line_03/2026-08-01/L03AAC100093.JPG,line_03,pcb3,2026-08-01,LOT-20260801-AAC,EQ-03-A,operation,normal,,pcb3/Data/Images/Normal/0655.JPG
line_03/2026-08-01/L03AAC100094.JPG,line_03,pcb3,2026-08-01,LOT-20260801-AAC,EQ-03-A,operation,normal,,pcb3/Data/Images/Normal/0601.JPG
line_03/2026-08-01/L03AAC100095.JPG,line_03,pcb3,2026-08-01,LOT-20260801-AAC,EQ-03-A,operation,normal,,pcb3/Data/Images/Normal/0186.JPG
line_03/2026-08-01/L03AAC100096.JPG,line_03,pcb3,2026-08-01,LOT-20260801-AAC,EQ-03-A,operation,normal,,pcb3/Data/Images/Normal/0786.JPG
line_03/2026-08-01/L03AAC100097.JPG,line_03,pcb3,2026-08-01,LOT-20260801-AAC,EQ-03-A,operation,normal,,pcb3/Data/Images/Normal/0951.JPG
line_04/2026-08-01/L04AAD100001.JPG,line_04,pcb4,2026-08-01,LOT-20260801-AAD,EQ-04-A,operation,normal,,pcb4/Data/Images/Normal/0674.JPG
line_04/2026-08-01/L04AAD100002.JPG,line_04,pcb4,2026-08-01,LOT-20260801-AAD,EQ-04-A,operation,normal,,pcb4/Data/Images/Normal/0157.JPG
line_04/2026-08-01/L04AAD100003.JPG,line_04,pcb4,2026-08-01,LOT-20260801-AAD,EQ-04-A,operation,defect,/Users/eundong/Library/CloudStorage/GoogleDrive-yidheld@gmail.com/내 드라이브/[Shared]SK_AI_Hackathon/archive/pcb4/Data/Masks/Anomaly/090.png,pcb4/Data/Images/Anomaly/090.JPG
line_04/2026-08-01/L04AAD100004.JPG,line_04,pcb4,2026-08-01,LOT-20260801-AAD,EQ-04-A,operation,normal,,pcb4/Data/Images/Normal/0732.JPG
line_04/2026-08-01/L04AAD100005.JPG,line_04,pcb4,2026-08-01,LOT-20260801-AAD,EQ-04-A,operation,normal,,pcb4/Data/Images/Normal/0433.JPG
line_04/2026-08-01/L04AAD100006.JPG,line_04,pcb4,2026-08-01,LOT-20260801-AAD,EQ-04-A,operation,normal,,pcb4/Data/Images/Normal/0808.JPG
line_04/2026-08-01/L04AAD100007.JPG,line_04,pcb4,2026-08-01,LOT-20260801-AAD,EQ-04-A,operation,normal,,pcb4/Data/Images/Normal/0386.JPG
line_04/2026-08-01/L04AAD100008.JPG,line_04,pcb4,2026-08-01,LOT-20260801-AAD,EQ-04-A,operation,defect,/Users/eundong/Library/CloudStorage/GoogleDrive-yidheld@gmail.com/내 드라이브/[Shared]SK_AI_Hackathon/archive/pcb4/Data/Masks/Anomaly/003.png,pcb4/Data/Images/Anomaly/003.JPG
line_04/2026-08-01/L04AAD100009.JPG,line_04,pcb4,2026-08-01,LOT-20260801-AAD,EQ-04-A,operation,normal,,pcb4/Data/Images/Normal/0075.JPG
line_04/2026-08-01/L04AAD100010.JPG,line_04,pcb4,2026-08-01,LOT-20260801-AAD,EQ-04-A,operation,normal,,pcb4/Data/Images/Normal/0459.JPG
line_04/2026-08-01/L04AAD100011.JPG,line_04,pcb4,2026-08-01,LOT-20260801-AAD,EQ-04-A,operation,normal,,pcb4/Data/Images/Normal/0612.JPG
line_04/2026-08-01/L04AAD100012.JPG,line_04,pcb4,2026-08-01,LOT-20260801-AAD,EQ-04-A,operation,defect,/Users/eundong/Library/CloudStorage/GoogleDrive-yidheld@gmail.com/내 드라이브/[Shared]SK_AI_Hackathon/archive/pcb4/Data/Masks/Anomaly/055.png,pcb4/Data/Images/Anomaly/055.JPG
line_04/2026-08-01/L04AAD100013.JPG,line_04,pcb4,2026-08-01,LOT-20260801-AAD,EQ-04-A,operation,defect,/Users/eundong/Library/CloudStorage/GoogleDrive-yidheld@gmail.com/내 드라이브/[Shared]SK_AI_Hackathon/archive/pcb4/Data/Masks/Anomaly/083.png,pcb4/Data/Images/Anomaly/083.JPG
line_04/2026-08-01/L04AAD100014.JPG,line_04,pcb4,2026-08-01,LOT-20260801-AAD,EQ-04-A,operation,normal,,pcb4/Data/Images/Normal/0490.JPG
line_04/2026-08-01/L04AAD100015.JPG,line_04,pcb4,2026-08-01,LOT-20260801-AAD,EQ-04-A,operation,normal,,pcb4/Data/Images/Normal/0596.JPG
line_04/2026-08-01/L04AAD100016.JPG,line_04,pcb4,2026-08-01,LOT-20260801-AAD,EQ-04-A,operation,normal,,pcb4/Data/Images/Normal/0410.JPG
line_04/2026-08-01/L04AAD100017.JPG,line_04,pcb4,2026-08-01,LOT-20260801-AAD,EQ-04-A,operation,normal,,pcb4/Data/Images/Normal/0547.JPG
line_04/2026-08-01/L04AAD100018.JPG,line_04,pcb4,2026-08-01,LOT-20260801-AAD,EQ-04-A,operation,normal,,pcb4/Data/Images/Normal/0518.JPG
line_04/2026-08-01/L04AAD100019.JPG,line_04,pcb4,2026-08-01,LOT-20260801-AAD,EQ-04-A,operation,normal,,pcb4/Data/Images/Normal/0945.JPG
line_04/2026-08-01/L04AAD100020.JPG,line_04,pcb4,2026-08-01,LOT-20260801-AAD,EQ-04-A,operation,normal,,pcb4/Data/Images/Normal/0942.JPG
line_04/2026-08-01/L04AAD100021.JPG,line_04,pcb4,2026-08-01,LOT-20260801-AAD,EQ-04-A,operation,normal,,pcb4/Data/Images/Normal/0890.JPG
line_04/2026-08-01/L04AAD100022.JPG,line_04,pcb4,2026-08-01,LOT-20260801-AAD,EQ-04-A,operation,normal,,pcb4/Data/Images/Normal/0708.JPG
line_04/2026-08-01/L04AAD100023.JPG,line_04,pcb4,2026-08-01,LOT-20260801-AAD,EQ-04-A,operation,normal,,pcb4/Data/Images/Normal/0428.JPG
line_04/2026-08-01/L04AAD100024.JPG,line_04,pcb4,2026-08-01,LOT-20260801-AAD,EQ-04-A,operation,normal,,pcb4/Data/Images/Normal/0556.JPG
line_04/2026-08-01/L04AAD100025.JPG,line_04,pcb4,2026-08-01,LOT-20260801-AAD,EQ-04-A,operation,normal,,pcb4/Data/Images/Normal/0037.JPG
line_04/2026-08-01/L04AAD100026.JPG,line_04,pcb4,2026-08-01,LOT-20260801-AAD,EQ-04-A,operation,normal,,pcb4/Data/Images/Normal/0809.JPG
line_04/2026-08-01/L04AAD100027.JPG,line_04,pcb4,2026-08-01,LOT-20260801-AAD,EQ-04-A,operation,normal,,pcb4/Data/Images/Normal/0368.JPG
line_04/2026-08-01/L04AAD100028.JPG,line_04,pcb4,2026-08-01,LOT-20260801-AAD,EQ-04-A,operation,normal,,pcb4/Data/Images/Normal/0718.JPG
line_04/2026-08-01/L04AAD100029.JPG,line_04,pcb4,2026-08-01,LOT-20260801-AAD,EQ-04-A,operation,normal,,pcb4/Data/Images/Normal/0916.JPG
line_04/2026-08-01/L04AAD100030.JPG,line_04,pcb4,2026-08-01,LOT-20260801-AAD,EQ-04-A,operation,normal,,pcb4/Data/Images/Normal/0831.JPG
line_04/2026-08-01/L04AAD100031.JPG,line_04,pcb4,2026-08-01,LOT-20260801-AAD,EQ-04-A,operation,normal,,pcb4/Data/Images/Normal/0549.JPG
line_04/2026-08-01/L04AAD100032.JPG,line_04,pcb4,2026-08-01,LOT-20260801-AAD,EQ-04-A,operation,defect,/Users/eundong/Library/CloudStorage/GoogleDrive-yidheld@gmail.com/내 드라이브/[Shared]SK_AI_Hackathon/archive/pcb4/Data/Masks/Anomaly/021.png,pcb4/Data/Images/Anomaly/021.JPG
line_04/2026-08-01/L04AAD100033.JPG,line_04,pcb4,2026-08-01,LOT-20260801-AAD,EQ-04-A,operation,normal,,pcb4/Data/Images/Normal/0608.JPG
line_04/2026-08-01/L04AAD100034.JPG,line_04,pcb4,2026-08-01,LOT-20260801-AAD,EQ-04-A,operation,normal,,pcb4/Data/Images/Normal/0653.JPG
line_04/2026-08-01/L04AAD100035.JPG,line_04,pcb4,2026-08-01,LOT-20260801-AAD,EQ-04-A,operation,normal,,pcb4/Data/Images/Normal/0936.JPG
line_04/2026-08-01/L04AAD100036.JPG,line_04,pcb4,2026-08-01,LOT-20260801-AAD,EQ-04-A,operation,normal,,pcb4/Data/Images/Normal/0087.JPG
line_04/2026-08-01/L04AAD100037.JPG,line_04,pcb4,2026-08-01,LOT-20260801-AAD,EQ-04-A,operation,normal,,pcb4/Data/Images/Normal/0111.JPG
line_04/2026-08-01/L04AAD100038.JPG,line_04,pcb4,2026-08-01,LOT-20260801-AAD,EQ-04-A,operation,normal,,pcb4/Data/Images/Normal/0787.JPG
line_04/2026-08-01/L04AAD100039.JPG,line_04,pcb4,2026-08-01,LOT-20260801-AAD,EQ-04-A,operation,normal,,pcb4/Data/Images/Normal/0254.JPG
line_04/2026-08-01/L04AAD100040.JPG,line_04,pcb4,2026-08-01,LOT-20260801-AAD,EQ-04-A,operation,normal,,pcb4/Data/Images/Normal/0673.JPG
line_04/2026-08-01/L04AAD100041.JPG,line_04,pcb4,2026-08-01,LOT-20260801-AAD,EQ-04-A,operation,normal,,pcb4/Data/Images/Normal/0680.JPG
line_04/2026-08-01/L04AAD100042.JPG,line_04,pcb4,2026-08-01,LOT-20260801-AAD,EQ-04-A,operation,normal,,pcb4/Data/Images/Normal/0363.JPG
line_04/2026-08-01/L04AAD100043.JPG,line_04,pcb4,2026-08-01,LOT-20260801-AAD,EQ-04-A,operation,normal,,pcb4/Data/Images/Normal/0170.JPG
line_04/2026-08-01/L04AAD100044.JPG,line_04,pcb4,2026-08-01,LOT-20260801-AAD,EQ-04-A,operation,normal,,pcb4/Data/Images/Normal/0662.JPG
line_04/2026-08-01/L04AAD100045.JPG,line_04,pcb4,2026-08-01,LOT-20260801-AAD,EQ-04-A,operation,normal,,pcb4/Data/Images/Normal/0627.JPG
line_04/2026-08-01/L04AAD100046.JPG,line_04,pcb4,2026-08-01,LOT-20260801-AAD,EQ-04-A,operation,normal,,pcb4/Data/Images/Normal/0045.JPG
line_04/2026-08-01/L04AAD100047.JPG,line_04,pcb4,2026-08-01,LOT-20260801-AAD,EQ-04-A,operation,normal,,pcb4/Data/Images/Normal/0576.JPG
line_04/2026-08-01/L04AAD100048.JPG,line_04,pcb4,2026-08-01,LOT-20260801-AAD,EQ-04-A,operation,normal,,pcb4/Data/Images/Normal/0660.JPG
line_04/2026-08-01/L04AAD100049.JPG,line_04,pcb4,2026-08-01,LOT-20260801-AAD,EQ-04-A,operation,normal,,pcb4/Data/Images/Normal/0693.JPG
line_04/2026-08-01/L04AAD100050.JPG,line_04,pcb4,2026-08-01,LOT-20260801-AAD,EQ-04-A,operation,normal,,pcb4/Data/Images/Normal/0966.JPG
line_04/2026-08-01/L04AAD100051.JPG,line_04,pcb4,2026-08-01,LOT-20260801-AAD,EQ-04-A,operation,normal,,pcb4/Data/Images/Normal/0409.JPG
line_04/2026-08-01/L04AAD100052.JPG,line_04,pcb4,2026-08-01,LOT-20260801-AAD,EQ-04-A,operation,normal,,pcb4/Data/Images/Normal/0770.JPG
line_04/2026-08-01/L04AAD100053.JPG,line_04,pcb4,2026-08-01,LOT-20260801-AAD,EQ-04-A,operation,normal,,pcb4/Data/Images/Normal/0339.JPG
line_04/2026-08-01/L04AAD100054.JPG,line_04,pcb4,2026-08-01,LOT-20260801-AAD,EQ-04-A,operation,normal,,pcb4/Data/Images/Normal/0815.JPG
line_04/2026-08-01/L04AAD100055.JPG,line_04,pcb4,2026-08-01,LOT-20260801-AAD,EQ-04-A,operation,normal,,pcb4/Data/Images/Normal/0440.JPG
line_04/2026-08-01/L04AAD100056.JPG,line_04,pcb4,2026-08-01,LOT-20260801-AAD,EQ-04-A,operation,normal,,pcb4/Data/Images/Normal/0108.JPG
line_04/2026-08-01/L04AAD100057.JPG,line_04,pcb4,2026-08-01,LOT-20260801-AAD,EQ-04-A,operation,normal,,pcb4/Data/Images/Normal/0010.JPG
line_04/2026-08-01/L04AAD100058.JPG,line_04,pcb4,2026-08-01,LOT-20260801-AAD,EQ-04-A,operation,normal,,pcb4/Data/Images/Normal/0100.JPG
line_04/2026-08-01/L04AAD100059.JPG,line_04,pcb4,2026-08-01,LOT-20260801-AAD,EQ-04-A,operation,normal,,pcb4/Data/Images/Normal/0264.JPG
line_04/2026-08-01/L04AAD100060.JPG,line_04,pcb4,2026-08-01,LOT-20260801-AAD,EQ-04-A,operation,defect,/Users/eundong/Library/CloudStorage/GoogleDrive-yidheld@gmail.com/내 드라이브/[Shared]SK_AI_Hackathon/archive/pcb4/Data/Masks/Anomaly/077.png,pcb4/Data/Images/Anomaly/077.JPG
line_04/2026-08-01/L04AAD100061.JPG,line_04,pcb4,2026-08-01,LOT-20260801-AAD,EQ-04-A,operation,normal,,pcb4/Data/Images/Normal/0227.JPG
line_04/2026-08-01/L04AAD100062.JPG,line_04,pcb4,2026-08-01,LOT-20260801-AAD,EQ-04-A,operation,normal,,pcb4/Data/Images/Normal/0522.JPG
line_04/2026-08-01/L04AAD100063.JPG,line_04,pcb4,2026-08-01,LOT-20260801-AAD,EQ-04-A,operation,normal,,pcb4/Data/Images/Normal/0764.JPG
line_04/2026-08-01/L04AAD100064.JPG,line_04,pcb4,2026-08-01,LOT-20260801-AAD,EQ-04-A,operation,normal,,pcb4/Data/Images/Normal/0531.JPG
line_04/2026-08-01/L04AAD100065.JPG,line_04,pcb4,2026-08-01,LOT-20260801-AAD,EQ-04-A,operation,normal,,pcb4/Data/Images/Normal/0571.JPG
line_04/2026-08-01/L04AAD100066.JPG,line_04,pcb4,2026-08-01,LOT-20260801-AAD,EQ-04-A,operation,normal,,pcb4/Data/Images/Normal/0594.JPG
line_04/2026-08-01/L04AAD100067.JPG,line_04,pcb4,2026-08-01,LOT-20260801-AAD,EQ-04-A,operation,normal,,pcb4/Data/Images/Normal/0704.JPG
line_04/2026-08-01/L04AAD100068.JPG,line_04,pcb4,2026-08-01,LOT-20260801-AAD,EQ-04-A,operation,normal,,pcb4/Data/Images/Normal/0589.JPG
line_04/2026-08-01/L04AAD100069.JPG,line_04,pcb4,2026-08-01,LOT-20260801-AAD,EQ-04-A,operation,normal,,pcb4/Data/Images/Normal/0226.JPG
line_04/2026-08-01/L04AAD100070.JPG,line_04,pcb4,2026-08-01,LOT-20260801-AAD,EQ-04-A,operation,normal,,pcb4/Data/Images/Normal/0456.JPG
line_04/2026-08-01/L04AAD100071.JPG,line_04,pcb4,2026-08-01,LOT-20260801-AAD,EQ-04-A,operation,normal,,pcb4/Data/Images/Normal/0383.JPG
line_04/2026-08-01/L04AAD100072.JPG,line_04,pcb4,2026-08-01,LOT-20260801-AAD,EQ-04-A,operation,normal,,pcb4/Data/Images/Normal/0400.JPG
line_04/2026-08-01/L04AAD100073.JPG,line_04,pcb4,2026-08-01,LOT-20260801-AAD,EQ-04-A,operation,normal,,pcb4/Data/Images/Normal/0474.JPG
line_04/2026-08-01/L04AAD100074.JPG,line_04,pcb4,2026-08-01,LOT-20260801-AAD,EQ-04-A,operation,normal,,pcb4/Data/Images/Normal/0790.JPG
line_04/2026-08-01/L04AAD100075.JPG,line_04,pcb4,2026-08-01,LOT-20260801-AAD,EQ-04-A,operation,normal,,pcb4/Data/Images/Normal/0695.JPG
line_04/2026-08-01/L04AAD100076.JPG,line_04,pcb4,2026-08-01,LOT-20260801-AAD,EQ-04-A,operation,normal,,pcb4/Data/Images/Normal/0602.JPG
line_04/2026-08-01/L04AAD100077.JPG,line_04,pcb4,2026-08-01,LOT-20260801-AAD,EQ-04-A,operation,normal,,pcb4/Data/Images/Normal/0707.JPG
line_04/2026-08-01/L04AAD100078.JPG,line_04,pcb4,2026-08-01,LOT-20260801-AAD,EQ-04-A,operation,normal,,pcb4/Data/Images/Normal/0512.JPG
line_04/2026-08-01/L04AAD100079.JPG,line_04,pcb4,2026-08-01,LOT-20260801-AAD,EQ-04-A,operation,defect,/Users/eundong/Library/CloudStorage/GoogleDrive-yidheld@gmail.com/내 드라이브/[Shared]SK_AI_Hackathon/archive/pcb4/Data/Masks/Anomaly/097.png,pcb4/Data/Images/Anomaly/097.JPG
line_04/2026-08-01/L04AAD100080.JPG,line_04,pcb4,2026-08-01,LOT-20260801-AAD,EQ-04-A,operation,normal,,pcb4/Data/Images/Normal/0154.JPG
line_04/2026-08-01/L04AAD100081.JPG,line_04,pcb4,2026-08-01,LOT-20260801-AAD,EQ-04-A,operation,normal,,pcb4/Data/Images/Normal/0353.JPG
line_04/2026-08-01/L04AAD100082.JPG,line_04,pcb4,2026-08-01,LOT-20260801-AAD,EQ-04-A,operation,normal,,pcb4/Data/Images/Normal/0025.JPG
line_04/2026-08-01/L04AAD100083.JPG,line_04,pcb4,2026-08-01,LOT-20260801-AAD,EQ-04-A,operation,normal,,pcb4/Data/Images/Normal/0494.JPG
line_04/2026-08-01/L04AAD100084.JPG,line_04,pcb4,2026-08-01,LOT-20260801-AAD,EQ-04-A,operation,normal,,pcb4/Data/Images/Normal/0107.JPG
line_04/2026-08-01/L04AAD100085.JPG,line_04,pcb4,2026-08-01,LOT-20260801-AAD,EQ-04-A,operation,normal,,pcb4/Data/Images/Normal/0302.JPG
line_04/2026-08-01/L04AAD100086.JPG,line_04,pcb4,2026-08-01,LOT-20260801-AAD,EQ-04-A,operation,normal,,pcb4/Data/Images/Normal/0425.JPG
line_04/2026-08-01/L04AAD100087.JPG,line_04,pcb4,2026-08-01,LOT-20260801-AAD,EQ-04-A,operation,normal,,pcb4/Data/Images/Normal/0974.JPG
line_04/2026-08-01/L04AAD100088.JPG,line_04,pcb4,2026-08-01,LOT-20260801-AAD,EQ-04-A,operation,normal,,pcb4/Data/Images/Normal/0118.JPG
line_04/2026-08-01/L04AAD100089.JPG,line_04,pcb4,2026-08-01,LOT-20260801-AAD,EQ-04-A,operation,normal,,pcb4/Data/Images/Normal/0851.JPG
line_04/2026-08-01/L04AAD100090.JPG,line_04,pcb4,2026-08-01,LOT-20260801-AAD,EQ-04-A,operation,normal,,pcb4/Data/Images/Normal/0747.JPG
line_04/2026-08-01/L04AAD100091.JPG,line_04,pcb4,2026-08-01,LOT-20260801-AAD,EQ-04-A,operation,normal,,pcb4/Data/Images/Normal/0145.JPG
line_04/2026-08-01/L04AAD100092.JPG,line_04,pcb4,2026-08-01,LOT-20260801-AAD,EQ-04-A,operation,normal,,pcb4/Data/Images/Normal/0356.JPG
line_04/2026-08-01/L04AAD100093.JPG,line_04,pcb4,2026-08-01,LOT-20260801-AAD,EQ-04-A,operation,normal,,pcb4/Data/Images/Normal/0319.JPG
line_04/2026-08-01/L04AAD100094.JPG,line_04,pcb4,2026-08-01,LOT-20260801-AAD,EQ-04-A,operation,normal,,pcb4/Data/Images/Normal/0351.JPG
line_04/2026-08-01/L04AAD100095.JPG,line_04,pcb4,2026-08-01,LOT-20260801-AAD,EQ-04-A,operation,defect,/Users/eundong/Library/CloudStorage/GoogleDrive-yidheld@gmail.com/내 드라이브/[Shared]SK_AI_Hackathon/archive/pcb4/Data/Masks/Anomaly/020.png,pcb4/Data/Images/Anomaly/020.JPG
line_04/2026-08-01/L04AAD100096.JPG,line_04,pcb4,2026-08-01,LOT-20260801-AAD,EQ-04-A,operation,normal,,pcb4/Data/Images/Normal/0466.JPG
line_04/2026-08-01/L04AAD100097.JPG,line_04,pcb4,2026-08-01,LOT-20260801-AAD,EQ-04-A,operation,normal,,pcb4/Data/Images/Normal/0803.JPG
line_04/2026-08-01/L04AAD100098.JPG,line_04,pcb4,2026-08-01,LOT-20260801-AAD,EQ-04-A,operation,normal,,pcb4/Data/Images/Normal/0211.JPG
line_04/2026-08-01/L04AAD100099.JPG,line_04,pcb4,2026-08-01,LOT-20260801-AAD,EQ-04-A,operation,normal,,pcb4/Data/Images/Normal/0533.JPG
line_04/2026-08-01/L04AAD100100.JPG,line_04,pcb4,2026-08-01,LOT-20260801-AAD,EQ-04-A,operation,normal,,pcb4/Data/Images/Normal/0929.JPG
line_04/2026-08-01/L04AAD100101.JPG,line_04,pcb4,2026-08-01,LOT-20260801-AAD,EQ-04-A,operation,normal,,pcb4/Data/Images/Normal/0920.JPG
line_04/2026-08-01/L04AAD100102.JPG,line_04,pcb4,2026-08-01,LOT-20260801-AAD,EQ-04-A,operation,normal,,pcb4/Data/Images/Normal/0487.JPG
line_04/2026-08-01/L04AAD100103.JPG,line_04,pcb4,2026-08-01,LOT-20260801-AAD,EQ-04-A,operation,normal,,pcb4/Data/Images/Normal/0099.JPG
line_04/2026-08-01/L04AAD100104.JPG,line_04,pcb4,2026-08-01,LOT-20260801-AAD,EQ-04-A,operation,normal,,pcb4/Data/Images/Normal/0448.JPG
line_01/2026-08-02/L01AAA100105.JPG,line_01,pcb1,2026-08-02,LOT-20260802-AAA,EQ-01-A,operation,normal,,pcb1/Data/Images/Normal/0214.JPG
line_01/2026-08-02/L01AAA100106.JPG,line_01,pcb1,2026-08-02,LOT-20260802-AAA,EQ-01-A,operation,normal,,pcb1/Data/Images/Normal/0686.JPG
line_01/2026-08-02/L01AAA100107.JPG,line_01,pcb1,2026-08-02,LOT-20260802-AAA,EQ-01-A,operation,defect,/Users/eundong/Library/CloudStorage/GoogleDrive-yidheld@gmail.com/내 드라이브/[Shared]SK_AI_Hackathon/archive/pcb1/Data/Masks/Anomaly/080.png,pcb1/Data/Images/Anomaly/080.JPG
line_01/2026-08-02/L01AAA100108.JPG,line_01,pcb1,2026-08-02,LOT-20260802-AAA,EQ-01-A,operation,normal,,pcb1/Data/Images/Normal/0273.JPG
line_01/2026-08-02/L01AAA100109.JPG,line_01,pcb1,2026-08-02,LOT-20260802-AAA,EQ-01-A,operation,normal,,pcb1/Data/Images/Normal/0974.JPG
line_01/2026-08-02/L01AAA100110.JPG,line_01,pcb1,2026-08-02,LOT-20260802-AAA,EQ-01-A,operation,normal,,pcb1/Data/Images/Normal/0699.JPG
line_01/2026-08-02/L01AAA100111.JPG,line_01,pcb1,2026-08-02,LOT-20260802-AAA,EQ-01-A,operation,normal,,pcb1/Data/Images/Normal/0663.JPG
line_01/2026-08-02/L01AAA100112.JPG,line_01,pcb1,2026-08-02,LOT-20260802-AAA,EQ-01-A,operation,normal,,pcb1/Data/Images/Normal/0073.JPG
line_01/2026-08-02/L01AAA100113.JPG,line_01,pcb1,2026-08-02,LOT-20260802-AAA,EQ-01-A,operation,normal,,pcb1/Data/Images/Normal/0623.JPG
line_01/2026-08-02/L01AAA100114.JPG,line_01,pcb1,2026-08-02,LOT-20260802-AAA,EQ-01-A,operation,defect,/Users/eundong/Library/CloudStorage/GoogleDrive-yidheld@gmail.com/내 드라이브/[Shared]SK_AI_Hackathon/archive/pcb1/Data/Masks/Anomaly/075.png,pcb1/Data/Images/Anomaly/075.JPG
line_01/2026-08-02/L01AAA100115.JPG,line_01,pcb1,2026-08-02,LOT-20260802-AAA,EQ-01-A,operation,normal,,pcb1/Data/Images/Normal/0911.JPG
line_01/2026-08-02/L01AAA100116.JPG,line_01,pcb1,2026-08-02,LOT-20260802-AAA,EQ-01-A,operation,normal,,pcb1/Data/Images/Normal/0175.JPG
line_01/2026-08-02/L01AAA100117.JPG,line_01,pcb1,2026-08-02,LOT-20260802-AAA,EQ-01-A,operation,normal,,pcb1/Data/Images/Normal/0546.JPG
line_01/2026-08-02/L01AAA100118.JPG,line_01,pcb1,2026-08-02,LOT-20260802-AAA,EQ-01-A,operation,normal,,pcb1/Data/Images/Normal/0746.JPG
line_01/2026-08-02/L01AAA100119.JPG,line_01,pcb1,2026-08-02,LOT-20260802-AAA,EQ-01-A,operation,normal,,pcb1/Data/Images/Normal/0998.JPG
line_01/2026-08-02/L01AAA100120.JPG,line_01,pcb1,2026-08-02,LOT-20260802-AAA,EQ-01-A,operation,normal,,pcb1/Data/Images/Normal/0167.JPG
line_01/2026-08-02/L01AAA100121.JPG,line_01,pcb1,2026-08-02,LOT-20260802-AAA,EQ-01-A,operation,normal,,pcb1/Data/Images/Normal/0473.JPG
line_01/2026-08-02/L01AAA100122.JPG,line_01,pcb1,2026-08-02,LOT-20260802-AAA,EQ-01-A,operation,normal,,pcb1/Data/Images/Normal/0388.JPG
line_01/2026-08-02/L01AAA100123.JPG,line_01,pcb1,2026-08-02,LOT-20260802-AAA,EQ-01-A,operation,normal,,pcb1/Data/Images/Normal/0276.JPG
line_01/2026-08-02/L01AAA100124.JPG,line_01,pcb1,2026-08-02,LOT-20260802-AAA,EQ-01-A,operation,normal,,pcb1/Data/Images/Normal/0655.JPG
line_01/2026-08-02/L01AAA100125.JPG,line_01,pcb1,2026-08-02,LOT-20260802-AAA,EQ-01-A,operation,normal,,pcb1/Data/Images/Normal/0704.JPG
line_01/2026-08-02/L01AAA100126.JPG,line_01,pcb1,2026-08-02,LOT-20260802-AAA,EQ-01-A,operation,normal,,pcb1/Data/Images/Normal/0570.JPG
line_01/2026-08-02/L01AAA100127.JPG,line_01,pcb1,2026-08-02,LOT-20260802-AAA,EQ-01-A,operation,normal,,pcb1/Data/Images/Normal/0224.JPG
line_01/2026-08-02/L01AAA100128.JPG,line_01,pcb1,2026-08-02,LOT-20260802-AAA,EQ-01-A,operation,normal,,pcb1/Data/Images/Normal/0701.JPG
line_01/2026-08-02/L01AAA100129.JPG,line_01,pcb1,2026-08-02,LOT-20260802-AAA,EQ-01-A,operation,normal,,pcb1/Data/Images/Normal/0332.JPG
line_01/2026-08-02/L01AAA100130.JPG,line_01,pcb1,2026-08-02,LOT-20260802-AAA,EQ-01-A,operation,normal,,pcb1/Data/Images/Normal/0863.JPG
line_01/2026-08-02/L01AAA100131.JPG,line_01,pcb1,2026-08-02,LOT-20260802-AAA,EQ-01-A,operation,normal,,pcb1/Data/Images/Normal/0786.JPG
line_01/2026-08-02/L01AAA100132.JPG,line_01,pcb1,2026-08-02,LOT-20260802-AAA,EQ-01-A,operation,normal,,pcb1/Data/Images/Normal/0794.JPG
line_01/2026-08-02/L01AAA100133.JPG,line_01,pcb1,2026-08-02,LOT-20260802-AAA,EQ-01-A,operation,defect,/Users/eundong/Library/CloudStorage/GoogleDrive-yidheld@gmail.com/내 드라이브/[Shared]SK_AI_Hackathon/archive/pcb1/Data/Masks/Anomaly/084.png,pcb1/Data/Images/Anomaly/084.JPG
line_01/2026-08-02/L01AAA100134.JPG,line_01,pcb1,2026-08-02,LOT-20260802-AAA,EQ-01-A,operation,defect,/Users/eundong/Library/CloudStorage/GoogleDrive-yidheld@gmail.com/내 드라이브/[Shared]SK_AI_Hackathon/archive/pcb1/Data/Masks/Anomaly/025.png,pcb1/Data/Images/Anomaly/025.JPG
line_01/2026-08-02/L01AAA100135.JPG,line_01,pcb1,2026-08-02,LOT-20260802-AAA,EQ-01-A,operation,normal,,pcb1/Data/Images/Normal/0057.JPG
line_01/2026-08-02/L01AAA100136.JPG,line_01,pcb1,2026-08-02,LOT-20260802-AAA,EQ-01-A,operation,normal,,pcb1/Data/Images/Normal/0234.JPG
line_01/2026-08-02/L01AAA100137.JPG,line_01,pcb1,2026-08-02,LOT-20260802-AAA,EQ-01-A,operation,normal,,pcb1/Data/Images/Normal/0841.JPG
line_01/2026-08-02/L01AAA100138.JPG,line_01,pcb1,2026-08-02,LOT-20260802-AAA,EQ-01-A,operation,normal,,pcb1/Data/Images/Normal/0986.JPG
line_01/2026-08-02/L01AAA100139.JPG,line_01,pcb1,2026-08-02,LOT-20260802-AAA,EQ-01-A,operation,normal,,pcb1/Data/Images/Normal/0824.JPG
line_01/2026-08-02/L01AAA100140.JPG,line_01,pcb1,2026-08-02,LOT-20260802-AAA,EQ-01-A,operation,normal,,pcb1/Data/Images/Normal/0323.JPG
line_01/2026-08-02/L01AAA100141.JPG,line_01,pcb1,2026-08-02,LOT-20260802-AAA,EQ-01-A,operation,normal,,pcb1/Data/Images/Normal/0410.JPG
line_01/2026-08-02/L01AAA100142.JPG,line_01,pcb1,2026-08-02,LOT-20260802-AAA,EQ-01-A,operation,normal,,pcb1/Data/Images/Normal/0274.JPG
line_01/2026-08-02/L01AAA100143.JPG,line_01,pcb1,2026-08-02,LOT-20260802-AAA,EQ-01-A,operation,normal,,pcb1/Data/Images/Normal/0067.JPG
line_01/2026-08-02/L01AAA100144.JPG,line_01,pcb1,2026-08-02,LOT-20260802-AAA,EQ-01-A,operation,normal,,pcb1/Data/Images/Normal/0216.JPG
line_01/2026-08-02/L01AAA100145.JPG,line_01,pcb1,2026-08-02,LOT-20260802-AAA,EQ-01-A,operation,normal,,pcb1/Data/Images/Normal/0580.JPG
line_01/2026-08-02/L01AAA100146.JPG,line_01,pcb1,2026-08-02,LOT-20260802-AAA,EQ-01-A,operation,normal,,pcb1/Data/Images/Normal/0735.JPG
line_01/2026-08-02/L01AAA100147.JPG,line_01,pcb1,2026-08-02,LOT-20260802-AAA,EQ-01-A,operation,normal,,pcb1/Data/Images/Normal/0322.JPG
line_01/2026-08-02/L01AAA100148.JPG,line_01,pcb1,2026-08-02,LOT-20260802-AAA,EQ-01-A,operation,normal,,pcb1/Data/Images/Normal/0217.JPG
line_01/2026-08-02/L01AAA100149.JPG,line_01,pcb1,2026-08-02,LOT-20260802-AAA,EQ-01-A,operation,normal,,pcb1/Data/Images/Normal/0671.JPG
line_01/2026-08-02/L01AAA100150.JPG,line_01,pcb1,2026-08-02,LOT-20260802-AAA,EQ-01-A,operation,normal,,pcb1/Data/Images/Normal/0511.JPG
line_01/2026-08-02/L01AAA100151.JPG,line_01,pcb1,2026-08-02,LOT-20260802-AAA,EQ-01-A,operation,defect,/Users/eundong/Library/CloudStorage/GoogleDrive-yidheld@gmail.com/내 드라이브/[Shared]SK_AI_Hackathon/archive/pcb1/Data/Masks/Anomaly/054.png,pcb1/Data/Images/Anomaly/054.JPG
line_01/2026-08-02/L01AAA100152.JPG,line_01,pcb1,2026-08-02,LOT-20260802-AAA,EQ-01-A,operation,normal,,pcb1/Data/Images/Normal/0405.JPG
line_01/2026-08-02/L01AAA100153.JPG,line_01,pcb1,2026-08-02,LOT-20260802-AAA,EQ-01-A,operation,normal,,pcb1/Data/Images/Normal/0658.JPG
line_01/2026-08-02/L01AAA100154.JPG,line_01,pcb1,2026-08-02,LOT-20260802-AAA,EQ-01-A,operation,normal,,pcb1/Data/Images/Normal/0469.JPG
line_01/2026-08-02/L01AAA100155.JPG,line_01,pcb1,2026-08-02,LOT-20260802-AAA,EQ-01-A,operation,normal,,pcb1/Data/Images/Normal/0146.JPG
line_01/2026-08-02/L01AAA100156.JPG,line_01,pcb1,2026-08-02,LOT-20260802-AAA,EQ-01-A,operation,normal,,pcb1/Data/Images/Normal/0271.JPG
line_01/2026-08-02/L01AAA100157.JPG,line_01,pcb1,2026-08-02,LOT-20260802-AAA,EQ-01-A,operation,normal,,pcb1/Data/Images/Normal/0996.JPG
line_01/2026-08-02/L01AAA100158.JPG,line_01,pcb1,2026-08-02,LOT-20260802-AAA,EQ-01-A,operation,normal,,pcb1/Data/Images/Normal/0252.JPG
line_01/2026-08-02/L01AAA100159.JPG,line_01,pcb1,2026-08-02,LOT-20260802-AAA,EQ-01-A,operation,normal,,pcb1/Data/Images/Normal/0762.JPG
line_01/2026-08-02/L01AAA100160.JPG,line_01,pcb1,2026-08-02,LOT-20260802-AAA,EQ-01-A,operation,normal,,pcb1/Data/Images/Normal/0978.JPG
line_01/2026-08-02/L01AAA100161.JPG,line_01,pcb1,2026-08-02,LOT-20260802-AAA,EQ-01-A,operation,normal,,pcb1/Data/Images/Normal/0551.JPG
line_01/2026-08-02/L01AAA100162.JPG,line_01,pcb1,2026-08-02,LOT-20260802-AAA,EQ-01-A,operation,normal,,pcb1/Data/Images/Normal/0269.JPG
line_01/2026-08-02/L01AAA100163.JPG,line_01,pcb1,2026-08-02,LOT-20260802-AAA,EQ-01-A,operation,normal,,pcb1/Data/Images/Normal/0764.JPG
line_01/2026-08-02/L01AAA100164.JPG,line_01,pcb1,2026-08-02,LOT-20260802-AAA,EQ-01-A,operation,normal,,pcb1/Data/Images/Normal/0598.JPG
line_01/2026-08-02/L01AAA100165.JPG,line_01,pcb1,2026-08-02,LOT-20260802-AAA,EQ-01-A,operation,normal,,pcb1/Data/Images/Normal/0438.JPG
line_01/2026-08-02/L01AAA100166.JPG,line_01,pcb1,2026-08-02,LOT-20260802-AAA,EQ-01-A,operation,normal,,pcb1/Data/Images/Normal/0597.JPG
line_01/2026-08-02/L01AAA100167.JPG,line_01,pcb1,2026-08-02,LOT-20260802-AAA,EQ-01-A,operation,normal,,pcb1/Data/Images/Normal/0408.JPG
line_01/2026-08-02/L01AAA100168.JPG,line_01,pcb1,2026-08-02,LOT-20260802-AAA,EQ-01-A,operation,normal,,pcb1/Data/Images/Normal/0929.JPG
line_01/2026-08-02/L01AAA100169.JPG,line_01,pcb1,2026-08-02,LOT-20260802-AAA,EQ-01-A,operation,normal,,pcb1/Data/Images/Normal/0885.JPG
line_01/2026-08-02/L01AAA100170.JPG,line_01,pcb1,2026-08-02,LOT-20260802-AAA,EQ-01-A,operation,normal,,pcb1/Data/Images/Normal/0141.JPG
line_01/2026-08-02/L01AAA100171.JPG,line_01,pcb1,2026-08-02,LOT-20260802-AAA,EQ-01-A,operation,normal,,pcb1/Data/Images/Normal/0521.JPG
line_01/2026-08-02/L01AAA100172.JPG,line_01,pcb1,2026-08-02,LOT-20260802-AAA,EQ-01-A,operation,normal,,pcb1/Data/Images/Normal/0505.JPG
line_01/2026-08-02/L01AAA100173.JPG,line_01,pcb1,2026-08-02,LOT-20260802-AAA,EQ-01-A,operation,defect,/Users/eundong/Library/CloudStorage/GoogleDrive-yidheld@gmail.com/내 드라이브/[Shared]SK_AI_Hackathon/archive/pcb1/Data/Masks/Anomaly/014.png,pcb1/Data/Images/Anomaly/014.JPG
line_01/2026-08-02/L01AAA100174.JPG,line_01,pcb1,2026-08-02,LOT-20260802-AAA,EQ-01-A,operation,normal,,pcb1/Data/Images/Normal/0093.JPG
line_01/2026-08-02/L01AAA100175.JPG,line_01,pcb1,2026-08-02,LOT-20260802-AAA,EQ-01-A,operation,normal,,pcb1/Data/Images/Normal/0773.JPG
line_01/2026-08-02/L01AAA100176.JPG,line_01,pcb1,2026-08-02,LOT-20260802-AAA,EQ-01-A,operation,normal,,pcb1/Data/Images/Normal/0048.JPG
line_01/2026-08-02/L01AAA100177.JPG,line_01,pcb1,2026-08-02,LOT-20260802-AAA,EQ-01-A,operation,normal,,pcb1/Data/Images/Normal/0112.JPG
line_01/2026-08-02/L01AAA100178.JPG,line_01,pcb1,2026-08-02,LOT-20260802-AAA,EQ-01-A,operation,normal,,pcb1/Data/Images/Normal/0156.JPG
line_01/2026-08-02/L01AAA100179.JPG,line_01,pcb1,2026-08-02,LOT-20260802-AAA,EQ-01-A,operation,normal,,pcb1/Data/Images/Normal/0642.JPG
line_01/2026-08-02/L01AAA100180.JPG,line_01,pcb1,2026-08-02,LOT-20260802-AAA,EQ-01-A,operation,normal,,pcb1/Data/Images/Normal/0962.JPG
line_01/2026-08-02/L01AAA100181.JPG,line_01,pcb1,2026-08-02,LOT-20260802-AAA,EQ-01-A,operation,normal,,pcb1/Data/Images/Normal/0811.JPG
line_01/2026-08-02/L01AAA100182.JPG,line_01,pcb1,2026-08-02,LOT-20260802-AAA,EQ-01-A,operation,normal,,pcb1/Data/Images/Normal/0696.JPG
line_01/2026-08-02/L01AAA100183.JPG,line_01,pcb1,2026-08-02,LOT-20260802-AAA,EQ-01-A,operation,normal,,pcb1/Data/Images/Normal/0960.JPG
line_01/2026-08-02/L01AAA100184.JPG,line_01,pcb1,2026-08-02,LOT-20260802-AAA,EQ-01-A,operation,normal,,pcb1/Data/Images/Normal/0610.JPG
line_01/2026-08-02/L01AAA100185.JPG,line_01,pcb1,2026-08-02,LOT-20260802-AAA,EQ-01-A,operation,normal,,pcb1/Data/Images/Normal/0065.JPG
line_01/2026-08-02/L01AAA100186.JPG,line_01,pcb1,2026-08-02,LOT-20260802-AAA,EQ-01-A,operation,normal,,pcb1/Data/Images/Normal/0394.JPG
line_01/2026-08-02/L01AAA100187.JPG,line_01,pcb1,2026-08-02,LOT-20260802-AAA,EQ-01-A,operation,normal,,pcb1/Data/Images/Normal/0390.JPG
line_01/2026-08-02/L01AAA100188.JPG,line_01,pcb1,2026-08-02,LOT-20260802-AAA,EQ-01-A,operation,normal,,pcb1/Data/Images/Normal/0832.JPG
line_01/2026-08-02/L01AAA100189.JPG,line_01,pcb1,2026-08-02,LOT-20260802-AAA,EQ-01-A,operation,normal,,pcb1/Data/Images/Normal/0479.JPG
line_01/2026-08-02/L01AAA100190.JPG,line_01,pcb1,2026-08-02,LOT-20260802-AAA,EQ-01-A,operation,normal,,pcb1/Data/Images/Normal/0541.JPG
line_01/2026-08-02/L01AAA100191.JPG,line_01,pcb1,2026-08-02,LOT-20260802-AAA,EQ-01-A,operation,normal,,pcb1/Data/Images/Normal/0257.JPG
line_01/2026-08-02/L01AAA100192.JPG,line_01,pcb1,2026-08-02,LOT-20260802-AAA,EQ-01-A,operation,normal,,pcb1/Data/Images/Normal/0566.JPG
line_01/2026-08-02/L01AAA100193.JPG,line_01,pcb1,2026-08-02,LOT-20260802-AAA,EQ-01-A,operation,normal,,pcb1/Data/Images/Normal/0011.JPG
line_01/2026-08-02/L01AAA100194.JPG,line_01,pcb1,2026-08-02,LOT-20260802-AAA,EQ-01-A,operation,normal,,pcb1/Data/Images/Normal/0834.JPG
line_01/2026-08-02/L01AAA100195.JPG,line_01,pcb1,2026-08-02,LOT-20260802-AAA,EQ-01-A,operation,normal,,pcb1/Data/Images/Normal/0738.JPG
line_01/2026-08-02/L01AAA100196.JPG,line_01,pcb1,2026-08-02,LOT-20260802-AAA,EQ-01-A,operation,normal,,pcb1/Data/Images/Normal/0117.JPG
line_01/2026-08-02/L01AAA100197.JPG,line_01,pcb1,2026-08-02,LOT-20260802-AAA,EQ-01-A,operation,normal,,pcb1/Data/Images/Normal/0698.JPG
line_01/2026-08-02/L01AAA100198.JPG,line_01,pcb1,2026-08-02,LOT-20260802-AAA,EQ-01-A,operation,normal,,pcb1/Data/Images/Normal/0940.JPG
line_01/2026-08-02/L01AAA100199.JPG,line_01,pcb1,2026-08-02,LOT-20260802-AAA,EQ-01-A,operation,defect,/Users/eundong/Library/CloudStorage/GoogleDrive-yidheld@gmail.com/내 드라이브/[Shared]SK_AI_Hackathon/archive/pcb1/Data/Masks/Anomaly/069.png,pcb1/Data/Images/Anomaly/069.JPG
line_02/2026-08-02/L02AAB100106.JPG,line_02,pcb2,2026-08-02,LOT-20260802-AAB,EQ-02-A,operation,normal,,pcb2/Data/Images/Normal/0386.JPG
line_02/2026-08-02/L02AAB100107.JPG,line_02,pcb2,2026-08-02,LOT-20260802-AAB,EQ-02-A,operation,normal,,pcb2/Data/Images/Normal/0466.JPG
line_02/2026-08-02/L02AAB100108.JPG,line_02,pcb2,2026-08-02,LOT-20260802-AAB,EQ-02-A,operation,normal,,pcb2/Data/Images/Normal/0329.JPG
line_02/2026-08-02/L02AAB100109.JPG,line_02,pcb2,2026-08-02,LOT-20260802-AAB,EQ-02-A,operation,normal,,pcb2/Data/Images/Normal/0890.JPG
line_02/2026-08-02/L02AAB100110.JPG,line_02,pcb2,2026-08-02,LOT-20260802-AAB,EQ-02-A,operation,defect,/Users/eundong/Library/CloudStorage/GoogleDrive-yidheld@gmail.com/내 드라이브/[Shared]SK_AI_Hackathon/archive/pcb2/Data/Masks/Anomaly/066.png,pcb2/Data/Images/Anomaly/066.JPG
line_02/2026-08-02/L02AAB100111.JPG,line_02,pcb2,2026-08-02,LOT-20260802-AAB,EQ-02-A,operation,normal,,pcb2/Data/Images/Normal/0193.JPG
line_02/2026-08-02/L02AAB100112.JPG,line_02,pcb2,2026-08-02,LOT-20260802-AAB,EQ-02-A,operation,defect,/Users/eundong/Library/CloudStorage/GoogleDrive-yidheld@gmail.com/내 드라이브/[Shared]SK_AI_Hackathon/archive/pcb2/Data/Masks/Anomaly/097.png,pcb2/Data/Images/Anomaly/097.JPG
line_02/2026-08-02/L02AAB100113.JPG,line_02,pcb2,2026-08-02,LOT-20260802-AAB,EQ-02-A,operation,normal,,pcb2/Data/Images/Normal/0714.JPG
line_02/2026-08-02/L02AAB100114.JPG,line_02,pcb2,2026-08-02,LOT-20260802-AAB,EQ-02-A,operation,normal,,pcb2/Data/Images/Normal/0244.JPG
line_02/2026-08-02/L02AAB100115.JPG,line_02,pcb2,2026-08-02,LOT-20260802-AAB,EQ-02-A,operation,normal,,pcb2/Data/Images/Normal/0585.JPG
line_02/2026-08-02/L02AAB100116.JPG,line_02,pcb2,2026-08-02,LOT-20260802-AAB,EQ-02-A,operation,normal,,pcb2/Data/Images/Normal/0948.JPG
line_02/2026-08-02/L02AAB100117.JPG,line_02,pcb2,2026-08-02,LOT-20260802-AAB,EQ-02-A,operation,normal,,pcb2/Data/Images/Normal/0239.JPG
line_02/2026-08-02/L02AAB100118.JPG,line_02,pcb2,2026-08-02,LOT-20260802-AAB,EQ-02-A,operation,defect,/Users/eundong/Library/CloudStorage/GoogleDrive-yidheld@gmail.com/내 드라이브/[Shared]SK_AI_Hackathon/archive/pcb2/Data/Masks/Anomaly/010.png,pcb2/Data/Images/Anomaly/010.JPG
line_02/2026-08-02/L02AAB100119.JPG,line_02,pcb2,2026-08-02,LOT-20260802-AAB,EQ-02-A,operation,normal,,pcb2/Data/Images/Normal/0876.JPG
line_02/2026-08-02/L02AAB100120.JPG,line_02,pcb2,2026-08-02,LOT-20260802-AAB,EQ-02-A,operation,normal,,pcb2/Data/Images/Normal/0794.JPG
line_02/2026-08-02/L02AAB100121.JPG,line_02,pcb2,2026-08-02,LOT-20260802-AAB,EQ-02-A,operation,normal,,pcb2/Data/Images/Normal/0420.JPG
line_02/2026-08-02/L02AAB100122.JPG,line_02,pcb2,2026-08-02,LOT-20260802-AAB,EQ-02-A,operation,normal,,pcb2/Data/Images/Normal/0044.JPG
line_02/2026-08-02/L02AAB100123.JPG,line_02,pcb2,2026-08-02,LOT-20260802-AAB,EQ-02-A,operation,normal,,pcb2/Data/Images/Normal/0325.JPG
line_02/2026-08-02/L02AAB100124.JPG,line_02,pcb2,2026-08-02,LOT-20260802-AAB,EQ-02-A,operation,normal,,pcb2/Data/Images/Normal/0762.JPG
line_02/2026-08-02/L02AAB100125.JPG,line_02,pcb2,2026-08-02,LOT-20260802-AAB,EQ-02-A,operation,normal,,pcb2/Data/Images/Normal/0484.JPG
line_02/2026-08-02/L02AAB100126.JPG,line_02,pcb2,2026-08-02,LOT-20260802-AAB,EQ-02-A,operation,normal,,pcb2/Data/Images/Normal/0958.JPG
line_02/2026-08-02/L02AAB100127.JPG,line_02,pcb2,2026-08-02,LOT-20260802-AAB,EQ-02-A,operation,normal,,pcb2/Data/Images/Normal/0830.JPG
line_02/2026-08-02/L02AAB100128.JPG,line_02,pcb2,2026-08-02,LOT-20260802-AAB,EQ-02-A,operation,normal,,pcb2/Data/Images/Normal/0390.JPG
line_02/2026-08-02/L02AAB100129.JPG,line_02,pcb2,2026-08-02,LOT-20260802-AAB,EQ-02-A,operation,normal,,pcb2/Data/Images/Normal/0395.JPG
line_02/2026-08-02/L02AAB100130.JPG,line_02,pcb2,2026-08-02,LOT-20260802-AAB,EQ-02-A,operation,normal,,pcb2/Data/Images/Normal/0679.JPG
line_02/2026-08-02/L02AAB100131.JPG,line_02,pcb2,2026-08-02,LOT-20260802-AAB,EQ-02-A,operation,normal,,pcb2/Data/Images/Normal/0811.JPG
line_02/2026-08-02/L02AAB100132.JPG,line_02,pcb2,2026-08-02,LOT-20260802-AAB,EQ-02-A,operation,normal,,pcb2/Data/Images/Normal/0929.JPG
line_02/2026-08-02/L02AAB100133.JPG,line_02,pcb2,2026-08-02,LOT-20260802-AAB,EQ-02-A,operation,normal,,pcb2/Data/Images/Normal/0667.JPG
line_02/2026-08-02/L02AAB100134.JPG,line_02,pcb2,2026-08-02,LOT-20260802-AAB,EQ-02-A,operation,normal,,pcb2/Data/Images/Normal/0155.JPG
line_02/2026-08-02/L02AAB100135.JPG,line_02,pcb2,2026-08-02,LOT-20260802-AAB,EQ-02-A,operation,normal,,pcb2/Data/Images/Normal/0507.JPG
line_02/2026-08-02/L02AAB100136.JPG,line_02,pcb2,2026-08-02,LOT-20260802-AAB,EQ-02-A,operation,defect,/Users/eundong/Library/CloudStorage/GoogleDrive-yidheld@gmail.com/내 드라이브/[Shared]SK_AI_Hackathon/archive/pcb2/Data/Masks/Anomaly/054.png,pcb2/Data/Images/Anomaly/054.JPG
line_02/2026-08-02/L02AAB100137.JPG,line_02,pcb2,2026-08-02,LOT-20260802-AAB,EQ-02-A,operation,normal,,pcb2/Data/Images/Normal/0037.JPG
line_02/2026-08-02/L02AAB100138.JPG,line_02,pcb2,2026-08-02,LOT-20260802-AAB,EQ-02-A,operation,normal,,pcb2/Data/Images/Normal/0129.JPG
line_02/2026-08-02/L02AAB100139.JPG,line_02,pcb2,2026-08-02,LOT-20260802-AAB,EQ-02-A,operation,defect,/Users/eundong/Library/CloudStorage/GoogleDrive-yidheld@gmail.com/내 드라이브/[Shared]SK_AI_Hackathon/archive/pcb2/Data/Masks/Anomaly/099.png,pcb2/Data/Images/Anomaly/099.JPG
line_02/2026-08-02/L02AAB100140.JPG,line_02,pcb2,2026-08-02,LOT-20260802-AAB,EQ-02-A,operation,normal,,pcb2/Data/Images/Normal/0514.JPG
line_02/2026-08-02/L02AAB100141.JPG,line_02,pcb2,2026-08-02,LOT-20260802-AAB,EQ-02-A,operation,normal,,pcb2/Data/Images/Normal/0604.JPG
line_02/2026-08-02/L02AAB100142.JPG,line_02,pcb2,2026-08-02,LOT-20260802-AAB,EQ-02-A,operation,normal,,pcb2/Data/Images/Normal/0339.JPG
line_02/2026-08-02/L02AAB100143.JPG,line_02,pcb2,2026-08-02,LOT-20260802-AAB,EQ-02-A,operation,normal,,pcb2/Data/Images/Normal/0102.JPG
line_02/2026-08-02/L02AAB100144.JPG,line_02,pcb2,2026-08-02,LOT-20260802-AAB,EQ-02-A,operation,normal,,pcb2/Data/Images/Normal/0865.JPG
line_02/2026-08-02/L02AAB100145.JPG,line_02,pcb2,2026-08-02,LOT-20260802-AAB,EQ-02-A,operation,normal,,pcb2/Data/Images/Normal/0450.JPG
line_02/2026-08-02/L02AAB100146.JPG,line_02,pcb2,2026-08-02,LOT-20260802-AAB,EQ-02-A,operation,normal,,pcb2/Data/Images/Normal/0877.JPG
line_02/2026-08-02/L02AAB100147.JPG,line_02,pcb2,2026-08-02,LOT-20260802-AAB,EQ-02-A,operation,normal,,pcb2/Data/Images/Normal/0538.JPG
line_02/2026-08-02/L02AAB100148.JPG,line_02,pcb2,2026-08-02,LOT-20260802-AAB,EQ-02-A,operation,normal,,pcb2/Data/Images/Normal/0951.JPG
line_02/2026-08-02/L02AAB100149.JPG,line_02,pcb2,2026-08-02,LOT-20260802-AAB,EQ-02-A,operation,normal,,pcb2/Data/Images/Normal/0015.JPG
line_02/2026-08-02/L02AAB100150.JPG,line_02,pcb2,2026-08-02,LOT-20260802-AAB,EQ-02-A,operation,normal,,pcb2/Data/Images/Normal/0739.JPG
line_02/2026-08-02/L02AAB100151.JPG,line_02,pcb2,2026-08-02,LOT-20260802-AAB,EQ-02-A,operation,normal,,pcb2/Data/Images/Normal/0147.JPG
line_02/2026-08-02/L02AAB100152.JPG,line_02,pcb2,2026-08-02,LOT-20260802-AAB,EQ-02-A,operation,defect,/Users/eundong/Library/CloudStorage/GoogleDrive-yidheld@gmail.com/내 드라이브/[Shared]SK_AI_Hackathon/archive/pcb2/Data/Masks/Anomaly/094.png,pcb2/Data/Images/Anomaly/094.JPG
line_02/2026-08-02/L02AAB100153.JPG,line_02,pcb2,2026-08-02,LOT-20260802-AAB,EQ-02-A,operation,normal,,pcb2/Data/Images/Normal/0419.JPG
line_02/2026-08-02/L02AAB100154.JPG,line_02,pcb2,2026-08-02,LOT-20260802-AAB,EQ-02-A,operation,normal,,pcb2/Data/Images/Normal/0670.JPG
line_02/2026-08-02/L02AAB100155.JPG,line_02,pcb2,2026-08-02,LOT-20260802-AAB,EQ-02-A,operation,normal,,pcb2/Data/Images/Normal/0158.JPG
line_02/2026-08-02/L02AAB100156.JPG,line_02,pcb2,2026-08-02,LOT-20260802-AAB,EQ-02-A,operation,normal,,pcb2/Data/Images/Normal/0076.JPG
line_02/2026-08-02/L02AAB100157.JPG,line_02,pcb2,2026-08-02,LOT-20260802-AAB,EQ-02-A,operation,normal,,pcb2/Data/Images/Normal/0480.JPG
line_02/2026-08-02/L02AAB100158.JPG,line_02,pcb2,2026-08-02,LOT-20260802-AAB,EQ-02-A,operation,defect,/Users/eundong/Library/CloudStorage/GoogleDrive-yidheld@gmail.com/내 드라이브/[Shared]SK_AI_Hackathon/archive/pcb2/Data/Masks/Anomaly/077.png,pcb2/Data/Images/Anomaly/077.JPG
line_02/2026-08-02/L02AAB100159.JPG,line_02,pcb2,2026-08-02,LOT-20260802-AAB,EQ-02-A,operation,defect,/Users/eundong/Library/CloudStorage/GoogleDrive-yidheld@gmail.com/내 드라이브/[Shared]SK_AI_Hackathon/archive/pcb2/Data/Masks/Anomaly/089.png,pcb2/Data/Images/Anomaly/089.JPG
line_02/2026-08-02/L02AAB100160.JPG,line_02,pcb2,2026-08-02,LOT-20260802-AAB,EQ-02-A,operation,normal,,pcb2/Data/Images/Normal/0800.JPG
line_02/2026-08-02/L02AAB100161.JPG,line_02,pcb2,2026-08-02,LOT-20260802-AAB,EQ-02-A,operation,normal,,pcb2/Data/Images/Normal/0271.JPG
line_02/2026-08-02/L02AAB100162.JPG,line_02,pcb2,2026-08-02,LOT-20260802-AAB,EQ-02-A,operation,defect,/Users/eundong/Library/CloudStorage/GoogleDrive-yidheld@gmail.com/내 드라이브/[Shared]SK_AI_Hackathon/archive/pcb2/Data/Masks/Anomaly/069.png,pcb2/Data/Images/Anomaly/069.JPG
line_02/2026-08-02/L02AAB100163.JPG,line_02,pcb2,2026-08-02,LOT-20260802-AAB,EQ-02-A,operation,normal,,pcb2/Data/Images/Normal/0346.JPG
line_02/2026-08-02/L02AAB100164.JPG,line_02,pcb2,2026-08-02,LOT-20260802-AAB,EQ-02-A,operation,normal,,pcb2/Data/Images/Normal/0638.JPG
line_02/2026-08-02/L02AAB100165.JPG,line_02,pcb2,2026-08-02,LOT-20260802-AAB,EQ-02-A,operation,defect,/Users/eundong/Library/CloudStorage/GoogleDrive-yidheld@gmail.com/내 드라이브/[Shared]SK_AI_Hackathon/archive/pcb2/Data/Masks/Anomaly/037.png,pcb2/Data/Images/Anomaly/037.JPG
line_02/2026-08-02/L02AAB100166.JPG,line_02,pcb2,2026-08-02,LOT-20260802-AAB,EQ-02-A,operation,normal,,pcb2/Data/Images/Normal/0709.JPG
line_02/2026-08-02/L02AAB100167.JPG,line_02,pcb2,2026-08-02,LOT-20260802-AAB,EQ-02-A,operation,normal,,pcb2/Data/Images/Normal/0407.JPG
line_02/2026-08-02/L02AAB100168.JPG,line_02,pcb2,2026-08-02,LOT-20260802-AAB,EQ-02-A,operation,normal,,pcb2/Data/Images/Normal/0665.JPG
line_02/2026-08-02/L02AAB100169.JPG,line_02,pcb2,2026-08-02,LOT-20260802-AAB,EQ-02-A,operation,normal,,pcb2/Data/Images/Normal/0082.JPG
line_02/2026-08-02/L02AAB100170.JPG,line_02,pcb2,2026-08-02,LOT-20260802-AAB,EQ-02-A,operation,normal,,pcb2/Data/Images/Normal/0336.JPG
line_02/2026-08-02/L02AAB100171.JPG,line_02,pcb2,2026-08-02,LOT-20260802-AAB,EQ-02-A,operation,normal,,pcb2/Data/Images/Normal/0690.JPG
line_02/2026-08-02/L02AAB100172.JPG,line_02,pcb2,2026-08-02,LOT-20260802-AAB,EQ-02-A,operation,normal,,pcb2/Data/Images/Normal/0546.JPG
line_02/2026-08-02/L02AAB100173.JPG,line_02,pcb2,2026-08-02,LOT-20260802-AAB,EQ-02-A,operation,normal,,pcb2/Data/Images/Normal/0389.JPG
line_02/2026-08-02/L02AAB100174.JPG,line_02,pcb2,2026-08-02,LOT-20260802-AAB,EQ-02-A,operation,normal,,pcb2/Data/Images/Normal/0324.JPG
line_02/2026-08-02/L02AAB100175.JPG,line_02,pcb2,2026-08-02,LOT-20260802-AAB,EQ-02-A,operation,normal,,pcb2/Data/Images/Normal/0641.JPG
line_02/2026-08-02/L02AAB100176.JPG,line_02,pcb2,2026-08-02,LOT-20260802-AAB,EQ-02-A,operation,normal,,pcb2/Data/Images/Normal/0735.JPG
line_02/2026-08-02/L02AAB100177.JPG,line_02,pcb2,2026-08-02,LOT-20260802-AAB,EQ-02-A,operation,normal,,pcb2/Data/Images/Normal/0777.JPG
line_02/2026-08-02/L02AAB100178.JPG,line_02,pcb2,2026-08-02,LOT-20260802-AAB,EQ-02-A,operation,normal,,pcb2/Data/Images/Normal/0499.JPG
line_02/2026-08-02/L02AAB100179.JPG,line_02,pcb2,2026-08-02,LOT-20260802-AAB,EQ-02-A,operation,defect,/Users/eundong/Library/CloudStorage/GoogleDrive-yidheld@gmail.com/내 드라이브/[Shared]SK_AI_Hackathon/archive/pcb2/Data/Masks/Anomaly/041.png,pcb2/Data/Images/Anomaly/041.JPG
line_02/2026-08-02/L02AAB100180.JPG,line_02,pcb2,2026-08-02,LOT-20260802-AAB,EQ-02-A,operation,normal,,pcb2/Data/Images/Normal/0554.JPG
line_02/2026-08-02/L02AAB100181.JPG,line_02,pcb2,2026-08-02,LOT-20260802-AAB,EQ-02-A,operation,normal,,pcb2/Data/Images/Normal/0036.JPG
line_02/2026-08-02/L02AAB100182.JPG,line_02,pcb2,2026-08-02,LOT-20260802-AAB,EQ-02-A,operation,normal,,pcb2/Data/Images/Normal/0632.JPG
line_02/2026-08-02/L02AAB100183.JPG,line_02,pcb2,2026-08-02,LOT-20260802-AAB,EQ-02-A,operation,normal,,pcb2/Data/Images/Normal/0070.JPG
line_02/2026-08-02/L02AAB100184.JPG,line_02,pcb2,2026-08-02,LOT-20260802-AAB,EQ-02-A,operation,normal,,pcb2/Data/Images/Normal/0240.JPG
line_02/2026-08-02/L02AAB100185.JPG,line_02,pcb2,2026-08-02,LOT-20260802-AAB,EQ-02-A,operation,normal,,pcb2/Data/Images/Normal/0646.JPG
line_02/2026-08-02/L02AAB100186.JPG,line_02,pcb2,2026-08-02,LOT-20260802-AAB,EQ-02-A,operation,normal,,pcb2/Data/Images/Normal/0700.JPG
line_02/2026-08-02/L02AAB100187.JPG,line_02,pcb2,2026-08-02,LOT-20260802-AAB,EQ-02-A,operation,normal,,pcb2/Data/Images/Normal/0991.JPG
line_02/2026-08-02/L02AAB100188.JPG,line_02,pcb2,2026-08-02,LOT-20260802-AAB,EQ-02-A,operation,normal,,pcb2/Data/Images/Normal/0232.JPG
line_02/2026-08-02/L02AAB100189.JPG,line_02,pcb2,2026-08-02,LOT-20260802-AAB,EQ-02-A,operation,normal,,pcb2/Data/Images/Normal/0946.JPG
line_02/2026-08-02/L02AAB100190.JPG,line_02,pcb2,2026-08-02,LOT-20260802-AAB,EQ-02-A,operation,normal,,pcb2/Data/Images/Normal/0092.JPG
line_02/2026-08-02/L02AAB100191.JPG,line_02,pcb2,2026-08-02,LOT-20260802-AAB,EQ-02-A,operation,normal,,pcb2/Data/Images/Normal/0444.JPG
line_02/2026-08-02/L02AAB100192.JPG,line_02,pcb2,2026-08-02,LOT-20260802-AAB,EQ-02-A,operation,normal,,pcb2/Data/Images/Normal/0100.JPG
line_02/2026-08-02/L02AAB100193.JPG,line_02,pcb2,2026-08-02,LOT-20260802-AAB,EQ-02-A,operation,normal,,pcb2/Data/Images/Normal/0998.JPG
line_02/2026-08-02/L02AAB100194.JPG,line_02,pcb2,2026-08-02,LOT-20260802-AAB,EQ-02-A,operation,normal,,pcb2/Data/Images/Normal/0648.JPG
line_02/2026-08-02/L02AAB100195.JPG,line_02,pcb2,2026-08-02,LOT-20260802-AAB,EQ-02-A,operation,normal,,pcb2/Data/Images/Normal/0720.JPG
line_02/2026-08-02/L02AAB100196.JPG,line_02,pcb2,2026-08-02,LOT-20260802-AAB,EQ-02-A,operation,normal,,pcb2/Data/Images/Normal/0935.JPG
line_02/2026-08-02/L02AAB100197.JPG,line_02,pcb2,2026-08-02,LOT-20260802-AAB,EQ-02-A,operation,normal,,pcb2/Data/Images/Normal/0454.JPG
line_02/2026-08-02/L02AAB100198.JPG,line_02,pcb2,2026-08-02,LOT-20260802-AAB,EQ-02-A,operation,normal,,pcb2/Data/Images/Normal/0170.JPG
line_02/2026-08-02/L02AAB100199.JPG,line_02,pcb2,2026-08-02,LOT-20260802-AAB,EQ-02-A,operation,normal,,pcb2/Data/Images/Normal/0710.JPG
line_02/2026-08-02/L02AAB100200.JPG,line_02,pcb2,2026-08-02,LOT-20260802-AAB,EQ-02-A,operation,normal,,pcb2/Data/Images/Normal/0306.JPG
line_02/2026-08-02/L02AAE100001.JPG,line_02,pcb2,2026-08-02,LOT-20260802-AAE,EQ-02-A,operation,normal,,pcb2/Data/Images/Normal/0985.JPG
line_02/2026-08-02/L02AAE100002.JPG,line_02,pcb2,2026-08-02,LOT-20260802-AAE,EQ-02-A,operation,normal,,pcb2/Data/Images/Normal/0047.JPG
line_02/2026-08-02/L02AAE100003.JPG,line_02,pcb2,2026-08-02,LOT-20260802-AAE,EQ-02-A,operation,normal,,pcb2/Data/Images/Normal/0332.JPG
line_02/2026-08-02/L02AAE100004.JPG,line_02,pcb2,2026-08-02,LOT-20260802-AAE,EQ-02-A,operation,normal,,pcb2/Data/Images/Normal/0815.JPG
line_02/2026-08-02/L02AAE100005.JPG,line_02,pcb2,2026-08-02,LOT-20260802-AAE,EQ-02-A,operation,normal,,pcb2/Data/Images/Normal/0057.JPG
line_02/2026-08-02/L02AAE100006.JPG,line_02,pcb2,2026-08-02,LOT-20260802-AAE,EQ-02-A,operation,normal,,pcb2/Data/Images/Normal/0300.JPG
line_02/2026-08-02/L02AAE100007.JPG,line_02,pcb2,2026-08-02,LOT-20260802-AAE,EQ-02-A,operation,normal,,pcb2/Data/Images/Normal/0367.JPG
line_02/2026-08-02/L02AAE100008.JPG,line_02,pcb2,2026-08-02,LOT-20260802-AAE,EQ-02-A,operation,normal,,pcb2/Data/Images/Normal/0383.JPG
line_02/2026-08-02/L02AAE100009.JPG,line_02,pcb2,2026-08-02,LOT-20260802-AAE,EQ-02-A,operation,normal,,pcb2/Data/Images/Normal/0441.JPG
line_02/2026-08-02/L02AAE100010.JPG,line_02,pcb2,2026-08-02,LOT-20260802-AAE,EQ-02-A,operation,defect,/Users/eundong/Library/CloudStorage/GoogleDrive-yidheld@gmail.com/내 드라이브/[Shared]SK_AI_Hackathon/archive/pcb2/Data/Masks/Anomaly/013.png,pcb2/Data/Images/Anomaly/013.JPG
line_03/2026-08-02/L03AAC100098.JPG,line_03,pcb3,2026-08-02,LOT-20260802-AAC,EQ-03-A,operation,normal,,pcb3/Data/Images/Normal/0443.JPG
line_03/2026-08-02/L03AAC100099.JPG,line_03,pcb3,2026-08-02,LOT-20260802-AAC,EQ-03-A,operation,normal,,pcb3/Data/Images/Normal/0514.JPG
line_03/2026-08-02/L03AAC100100.JPG,line_03,pcb3,2026-08-02,LOT-20260802-AAC,EQ-03-A,operation,normal,,pcb3/Data/Images/Normal/0889.JPG
line_03/2026-08-02/L03AAC100101.JPG,line_03,pcb3,2026-08-02,LOT-20260802-AAC,EQ-03-A,operation,normal,,pcb3/Data/Images/Normal/0056.JPG
line_03/2026-08-02/L03AAC100102.JPG,line_03,pcb3,2026-08-02,LOT-20260802-AAC,EQ-03-A,operation,normal,,pcb3/Data/Images/Normal/0851.JPG
line_03/2026-08-02/L03AAC100103.JPG,line_03,pcb3,2026-08-02,LOT-20260802-AAC,EQ-03-A,operation,normal,,pcb3/Data/Images/Normal/0127.JPG
line_03/2026-08-02/L03AAC100104.JPG,line_03,pcb3,2026-08-02,LOT-20260802-AAC,EQ-03-A,operation,normal,,pcb3/Data/Images/Normal/0530.JPG
line_03/2026-08-02/L03AAC100105.JPG,line_03,pcb3,2026-08-02,LOT-20260802-AAC,EQ-03-A,operation,normal,,pcb3/Data/Images/Normal/0156.JPG
line_03/2026-08-02/L03AAC100106.JPG,line_03,pcb3,2026-08-02,LOT-20260802-AAC,EQ-03-A,operation,normal,,pcb3/Data/Images/Normal/0311.JPG
line_03/2026-08-02/L03AAC100107.JPG,line_03,pcb3,2026-08-02,LOT-20260802-AAC,EQ-03-A,operation,normal,,pcb3/Data/Images/Normal/0168.JPG
line_03/2026-08-02/L03AAC100108.JPG,line_03,pcb3,2026-08-02,LOT-20260802-AAC,EQ-03-A,operation,normal,,pcb3/Data/Images/Normal/0165.JPG
line_03/2026-08-02/L03AAC100109.JPG,line_03,pcb3,2026-08-02,LOT-20260802-AAC,EQ-03-A,operation,normal,,pcb3/Data/Images/Normal/0330.JPG
line_03/2026-08-02/L03AAC100110.JPG,line_03,pcb3,2026-08-02,LOT-20260802-AAC,EQ-03-A,operation,normal,,pcb3/Data/Images/Normal/0975.JPG
line_03/2026-08-02/L03AAC100111.JPG,line_03,pcb3,2026-08-02,LOT-20260802-AAC,EQ-03-A,operation,normal,,pcb3/Data/Images/Normal/0230.JPG
line_03/2026-08-02/L03AAC100112.JPG,line_03,pcb3,2026-08-02,LOT-20260802-AAC,EQ-03-A,operation,defect,/Users/eundong/Library/CloudStorage/GoogleDrive-yidheld@gmail.com/내 드라이브/[Shared]SK_AI_Hackathon/archive/pcb3/Data/Masks/Anomaly/049.png,pcb3/Data/Images/Anomaly/049.JPG
line_03/2026-08-02/L03AAC100113.JPG,line_03,pcb3,2026-08-02,LOT-20260802-AAC,EQ-03-A,operation,normal,,pcb3/Data/Images/Normal/0354.JPG
line_03/2026-08-02/L03AAC100114.JPG,line_03,pcb3,2026-08-02,LOT-20260802-AAC,EQ-03-A,operation,normal,,pcb3/Data/Images/Normal/0531.JPG
line_03/2026-08-02/L03AAC100115.JPG,line_03,pcb3,2026-08-02,LOT-20260802-AAC,EQ-03-A,operation,normal,,pcb3/Data/Images/Normal/0290.JPG
line_03/2026-08-02/L03AAC100116.JPG,line_03,pcb3,2026-08-02,LOT-20260802-AAC,EQ-03-A,operation,normal,,pcb3/Data/Images/Normal/0866.JPG
line_03/2026-08-02/L03AAC100117.JPG,line_03,pcb3,2026-08-02,LOT-20260802-AAC,EQ-03-A,operation,defect,/Users/eundong/Library/CloudStorage/GoogleDrive-yidheld@gmail.com/내 드라이브/[Shared]SK_AI_Hackathon/archive/pcb3/Data/Masks/Anomaly/001.png,pcb3/Data/Images/Anomaly/001.JPG
line_03/2026-08-02/L03AAC100118.JPG,line_03,pcb3,2026-08-02,LOT-20260802-AAC,EQ-03-A,operation,normal,,pcb3/Data/Images/Normal/0080.JPG
line_03/2026-08-02/L03AAC100119.JPG,line_03,pcb3,2026-08-02,LOT-20260802-AAC,EQ-03-A,operation,normal,,pcb3/Data/Images/Normal/0256.JPG
line_03/2026-08-02/L03AAC100120.JPG,line_03,pcb3,2026-08-02,LOT-20260802-AAC,EQ-03-A,operation,normal,,pcb3/Data/Images/Normal/0201.JPG
line_03/2026-08-02/L03AAC100121.JPG,line_03,pcb3,2026-08-02,LOT-20260802-AAC,EQ-03-A,operation,normal,,pcb3/Data/Images/Normal/0650.JPG
line_03/2026-08-02/L03AAC100122.JPG,line_03,pcb3,2026-08-02,LOT-20260802-AAC,EQ-03-A,operation,normal,,pcb3/Data/Images/Normal/0921.JPG
line_03/2026-08-02/L03AAC100123.JPG,line_03,pcb3,2026-08-02,LOT-20260802-AAC,EQ-03-A,operation,normal,,pcb3/Data/Images/Normal/0281.JPG
line_03/2026-08-02/L03AAC100124.JPG,line_03,pcb3,2026-08-02,LOT-20260802-AAC,EQ-03-A,operation,defect,/Users/eundong/Library/CloudStorage/GoogleDrive-yidheld@gmail.com/내 드라이브/[Shared]SK_AI_Hackathon/archive/pcb3/Data/Masks/Anomaly/037.png,pcb3/Data/Images/Anomaly/037.JPG
line_03/2026-08-02/L03AAC100125.JPG,line_03,pcb3,2026-08-02,LOT-20260802-AAC,EQ-03-A,operation,normal,,pcb3/Data/Images/Normal/0934.JPG
line_03/2026-08-02/L03AAC100126.JPG,line_03,pcb3,2026-08-02,LOT-20260802-AAC,EQ-03-A,operation,normal,,pcb3/Data/Images/Normal/0640.JPG
line_03/2026-08-02/L03AAC100127.JPG,line_03,pcb3,2026-08-02,LOT-20260802-AAC,EQ-03-A,operation,normal,,pcb3/Data/Images/Normal/0310.JPG
line_03/2026-08-02/L03AAC100128.JPG,line_03,pcb3,2026-08-02,LOT-20260802-AAC,EQ-03-A,operation,defect,/Users/eundong/Library/CloudStorage/GoogleDrive-yidheld@gmail.com/내 드라이브/[Shared]SK_AI_Hackathon/archive/pcb3/Data/Masks/Anomaly/052.png,pcb3/Data/Images/Anomaly/052.JPG
line_03/2026-08-02/L03AAC100129.JPG,line_03,pcb3,2026-08-02,LOT-20260802-AAC,EQ-03-A,operation,normal,,pcb3/Data/Images/Normal/0629.JPG
line_03/2026-08-02/L03AAC100130.JPG,line_03,pcb3,2026-08-02,LOT-20260802-AAC,EQ-03-A,operation,normal,,pcb3/Data/Images/Normal/0546.JPG
line_03/2026-08-02/L03AAC100131.JPG,line_03,pcb3,2026-08-02,LOT-20260802-AAC,EQ-03-A,operation,normal,,pcb3/Data/Images/Normal/0095.JPG
line_03/2026-08-02/L03AAC100132.JPG,line_03,pcb3,2026-08-02,LOT-20260802-AAC,EQ-03-A,operation,normal,,pcb3/Data/Images/Normal/0914.JPG
line_03/2026-08-02/L03AAC100133.JPG,line_03,pcb3,2026-08-02,LOT-20260802-AAC,EQ-03-A,operation,normal,,pcb3/Data/Images/Normal/0656.JPG
line_03/2026-08-02/L03AAC100134.JPG,line_03,pcb3,2026-08-02,LOT-20260802-AAC,EQ-03-A,operation,normal,,pcb3/Data/Images/Normal/0172.JPG
line_03/2026-08-02/L03AAC100135.JPG,line_03,pcb3,2026-08-02,LOT-20260802-AAC,EQ-03-A,operation,defect,/Users/eundong/Library/CloudStorage/GoogleDrive-yidheld@gmail.com/내 드라이브/[Shared]SK_AI_Hackathon/archive/pcb3/Data/Masks/Anomaly/092.png,pcb3/Data/Images/Anomaly/092.JPG
line_03/2026-08-02/L03AAC100136.JPG,line_03,pcb3,2026-08-02,LOT-20260802-AAC,EQ-03-A,operation,normal,,pcb3/Data/Images/Normal/0606.JPG
line_03/2026-08-02/L03AAC100137.JPG,line_03,pcb3,2026-08-02,LOT-20260802-AAC,EQ-03-A,operation,normal,,pcb3/Data/Images/Normal/0594.JPG
line_03/2026-08-02/L03AAC100138.JPG,line_03,pcb3,2026-08-02,LOT-20260802-AAC,EQ-03-A,operation,normal,,pcb3/Data/Images/Normal/0157.JPG
line_03/2026-08-02/L03AAC100139.JPG,line_03,pcb3,2026-08-02,LOT-20260802-AAC,EQ-03-A,operation,defect,/Users/eundong/Library/CloudStorage/GoogleDrive-yidheld@gmail.com/내 드라이브/[Shared]SK_AI_Hackathon/archive/pcb3/Data/Masks/Anomaly/010.png,pcb3/Data/Images/Anomaly/010.JPG
line_03/2026-08-02/L03AAC100140.JPG,line_03,pcb3,2026-08-02,LOT-20260802-AAC,EQ-03-A,operation,normal,,pcb3/Data/Images/Normal/0175.JPG
line_03/2026-08-02/L03AAC100141.JPG,line_03,pcb3,2026-08-02,LOT-20260802-AAC,EQ-03-A,operation,normal,,pcb3/Data/Images/Normal/0674.JPG
line_03/2026-08-02/L03AAC100142.JPG,line_03,pcb3,2026-08-02,LOT-20260802-AAC,EQ-03-A,operation,normal,,pcb3/Data/Images/Normal/0639.JPG
line_03/2026-08-02/L03AAC100143.JPG,line_03,pcb3,2026-08-02,LOT-20260802-AAC,EQ-03-A,operation,normal,,pcb3/Data/Images/Normal/0737.JPG
line_03/2026-08-02/L03AAC100144.JPG,line_03,pcb3,2026-08-02,LOT-20260802-AAC,EQ-03-A,operation,normal,,pcb3/Data/Images/Normal/0619.JPG
line_03/2026-08-02/L03AAC100145.JPG,line_03,pcb3,2026-08-02,LOT-20260802-AAC,EQ-03-A,operation,normal,,pcb3/Data/Images/Normal/0345.JPG
line_03/2026-08-02/L03AAC100146.JPG,line_03,pcb3,2026-08-02,LOT-20260802-AAC,EQ-03-A,operation,normal,,pcb3/Data/Images/Normal/0862.JPG
line_03/2026-08-02/L03AAC100147.JPG,line_03,pcb3,2026-08-02,LOT-20260802-AAC,EQ-03-A,operation,normal,,pcb3/Data/Images/Normal/0577.JPG
line_03/2026-08-02/L03AAC100148.JPG,line_03,pcb3,2026-08-02,LOT-20260802-AAC,EQ-03-A,operation,normal,,pcb3/Data/Images/Normal/0042.JPG
line_03/2026-08-02/L03AAC100149.JPG,line_03,pcb3,2026-08-02,LOT-20260802-AAC,EQ-03-A,operation,normal,,pcb3/Data/Images/Normal/0845.JPG
line_03/2026-08-02/L03AAC100150.JPG,line_03,pcb3,2026-08-02,LOT-20260802-AAC,EQ-03-A,operation,normal,,pcb3/Data/Images/Normal/0029.JPG
line_03/2026-08-02/L03AAC100151.JPG,line_03,pcb3,2026-08-02,LOT-20260802-AAC,EQ-03-A,operation,normal,,pcb3/Data/Images/Normal/0083.JPG
line_03/2026-08-02/L03AAC100152.JPG,line_03,pcb3,2026-08-02,LOT-20260802-AAC,EQ-03-A,operation,normal,,pcb3/Data/Images/Normal/0046.JPG
line_03/2026-08-02/L03AAC100153.JPG,line_03,pcb3,2026-08-02,LOT-20260802-AAC,EQ-03-A,operation,normal,,pcb3/Data/Images/Normal/0884.JPG
line_03/2026-08-02/L03AAC100154.JPG,line_03,pcb3,2026-08-02,LOT-20260802-AAC,EQ-03-A,operation,normal,,pcb3/Data/Images/Normal/0789.JPG
line_03/2026-08-02/L03AAC100155.JPG,line_03,pcb3,2026-08-02,LOT-20260802-AAC,EQ-03-A,operation,normal,,pcb3/Data/Images/Normal/0590.JPG
line_03/2026-08-02/L03AAC100156.JPG,line_03,pcb3,2026-08-02,LOT-20260802-AAC,EQ-03-A,operation,normal,,pcb3/Data/Images/Normal/0271.JPG
line_03/2026-08-02/L03AAC100157.JPG,line_03,pcb3,2026-08-02,LOT-20260802-AAC,EQ-03-A,operation,normal,,pcb3/Data/Images/Normal/0666.JPG
line_03/2026-08-02/L03AAC100158.JPG,line_03,pcb3,2026-08-02,LOT-20260802-AAC,EQ-03-A,operation,normal,,pcb3/Data/Images/Normal/0215.JPG
line_03/2026-08-02/L03AAC100159.JPG,line_03,pcb3,2026-08-02,LOT-20260802-AAC,EQ-03-A,operation,normal,,pcb3/Data/Images/Normal/0785.JPG
line_03/2026-08-02/L03AAC100160.JPG,line_03,pcb3,2026-08-02,LOT-20260802-AAC,EQ-03-A,operation,normal,,pcb3/Data/Images/Normal/0585.JPG
line_03/2026-08-02/L03AAC100161.JPG,line_03,pcb3,2026-08-02,LOT-20260802-AAC,EQ-03-A,operation,normal,,pcb3/Data/Images/Normal/0426.JPG
line_03/2026-08-02/L03AAC100162.JPG,line_03,pcb3,2026-08-02,LOT-20260802-AAC,EQ-03-A,operation,normal,,pcb3/Data/Images/Normal/0632.JPG
line_03/2026-08-02/L03AAC100163.JPG,line_03,pcb3,2026-08-02,LOT-20260802-AAC,EQ-03-A,operation,defect,/Users/eundong/Library/CloudStorage/GoogleDrive-yidheld@gmail.com/내 드라이브/[Shared]SK_AI_Hackathon/archive/pcb3/Data/Masks/Anomaly/071.png,pcb3/Data/Images/Anomaly/071.JPG
line_03/2026-08-02/L03AAC100164.JPG,line_03,pcb3,2026-08-02,LOT-20260802-AAC,EQ-03-A,operation,normal,,pcb3/Data/Images/Normal/0654.JPG
line_03/2026-08-02/L03AAC100165.JPG,line_03,pcb3,2026-08-02,LOT-20260802-AAC,EQ-03-A,operation,normal,,pcb3/Data/Images/Normal/0031.JPG
line_03/2026-08-02/L03AAC100166.JPG,line_03,pcb3,2026-08-02,LOT-20260802-AAC,EQ-03-A,operation,normal,,pcb3/Data/Images/Normal/0509.JPG
line_03/2026-08-02/L03AAC100167.JPG,line_03,pcb3,2026-08-02,LOT-20260802-AAC,EQ-03-A,operation,normal,,pcb3/Data/Images/Normal/0642.JPG
line_03/2026-08-02/L03AAC100168.JPG,line_03,pcb3,2026-08-02,LOT-20260802-AAC,EQ-03-A,operation,normal,,pcb3/Data/Images/Normal/0558.JPG
line_03/2026-08-02/L03AAC100169.JPG,line_03,pcb3,2026-08-02,LOT-20260802-AAC,EQ-03-A,operation,normal,,pcb3/Data/Images/Normal/0296.JPG
line_03/2026-08-02/L03AAC100170.JPG,line_03,pcb3,2026-08-02,LOT-20260802-AAC,EQ-03-A,operation,defect,/Users/eundong/Library/CloudStorage/GoogleDrive-yidheld@gmail.com/내 드라이브/[Shared]SK_AI_Hackathon/archive/pcb3/Data/Masks/Anomaly/031.png,pcb3/Data/Images/Anomaly/031.JPG
line_03/2026-08-02/L03AAC100171.JPG,line_03,pcb3,2026-08-02,LOT-20260802-AAC,EQ-03-A,operation,normal,,pcb3/Data/Images/Normal/0932.JPG
line_03/2026-08-02/L03AAC100172.JPG,line_03,pcb3,2026-08-02,LOT-20260802-AAC,EQ-03-A,operation,normal,,pcb3/Data/Images/Normal/0309.JPG
line_03/2026-08-02/L03AAC100173.JPG,line_03,pcb3,2026-08-02,LOT-20260802-AAC,EQ-03-A,operation,normal,,pcb3/Data/Images/Normal/0494.JPG
line_03/2026-08-02/L03AAC100174.JPG,line_03,pcb3,2026-08-02,LOT-20260802-AAC,EQ-03-A,operation,normal,,pcb3/Data/Images/Normal/0250.JPG
line_03/2026-08-02/L03AAC100175.JPG,line_03,pcb3,2026-08-02,LOT-20260802-AAC,EQ-03-A,operation,normal,,pcb3/Data/Images/Normal/0824.JPG
line_03/2026-08-02/L03AAC100176.JPG,line_03,pcb3,2026-08-02,LOT-20260802-AAC,EQ-03-A,operation,normal,,pcb3/Data/Images/Normal/0826.JPG
line_03/2026-08-02/L03AAC100177.JPG,line_03,pcb3,2026-08-02,LOT-20260802-AAC,EQ-03-A,operation,normal,,pcb3/Data/Images/Normal/0701.JPG
line_03/2026-08-02/L03AAC100178.JPG,line_03,pcb3,2026-08-02,LOT-20260802-AAC,EQ-03-A,operation,normal,,pcb3/Data/Images/Normal/0415.JPG
line_03/2026-08-02/L03AAC100179.JPG,line_03,pcb3,2026-08-02,LOT-20260802-AAC,EQ-03-A,operation,normal,,pcb3/Data/Images/Normal/0304.JPG
line_03/2026-08-02/L03AAC100180.JPG,line_03,pcb3,2026-08-02,LOT-20260802-AAC,EQ-03-A,operation,normal,,pcb3/Data/Images/Normal/0464.JPG
line_03/2026-08-02/L03AAC100181.JPG,line_03,pcb3,2026-08-02,LOT-20260802-AAC,EQ-03-A,operation,normal,,pcb3/Data/Images/Normal/0074.JPG
line_03/2026-08-02/L03AAC100182.JPG,line_03,pcb3,2026-08-02,LOT-20260802-AAC,EQ-03-A,operation,normal,,pcb3/Data/Images/Normal/0705.JPG
line_03/2026-08-02/L03AAC100183.JPG,line_03,pcb3,2026-08-02,LOT-20260802-AAC,EQ-03-A,operation,normal,,pcb3/Data/Images/Normal/0061.JPG
line_03/2026-08-02/L03AAC100184.JPG,line_03,pcb3,2026-08-02,LOT-20260802-AAC,EQ-03-A,operation,normal,,pcb3/Data/Images/Normal/0977.JPG
line_03/2026-08-02/L03AAC100185.JPG,line_03,pcb3,2026-08-02,LOT-20260802-AAC,EQ-03-A,operation,normal,,pcb3/Data/Images/Normal/0450.JPG
line_03/2026-08-02/L03AAC100186.JPG,line_03,pcb3,2026-08-02,LOT-20260802-AAC,EQ-03-A,operation,normal,,pcb3/Data/Images/Normal/0425.JPG
line_03/2026-08-02/L03AAC100187.JPG,line_03,pcb3,2026-08-02,LOT-20260802-AAC,EQ-03-A,operation,normal,,pcb3/Data/Images/Normal/0495.JPG
line_03/2026-08-02/L03AAC100188.JPG,line_03,pcb3,2026-08-02,LOT-20260802-AAC,EQ-03-A,operation,normal,,pcb3/Data/Images/Normal/0475.JPG
line_03/2026-08-02/L03AAC100189.JPG,line_03,pcb3,2026-08-02,LOT-20260802-AAC,EQ-03-A,operation,defect,/Users/eundong/Library/CloudStorage/GoogleDrive-yidheld@gmail.com/내 드라이브/[Shared]SK_AI_Hackathon/archive/pcb3/Data/Masks/Anomaly/073.png,pcb3/Data/Images/Anomaly/073.JPG
line_03/2026-08-02/L03AAC100190.JPG,line_03,pcb3,2026-08-02,LOT-20260802-AAC,EQ-03-A,operation,normal,,pcb3/Data/Images/Normal/0208.JPG
line_03/2026-08-02/L03AAC100191.JPG,line_03,pcb3,2026-08-02,LOT-20260802-AAC,EQ-03-A,operation,normal,,pcb3/Data/Images/Normal/0348.JPG
line_03/2026-08-02/L03AAC100192.JPG,line_03,pcb3,2026-08-02,LOT-20260802-AAC,EQ-03-A,operation,normal,,pcb3/Data/Images/Normal/0621.JPG
line_03/2026-08-02/L03AAC100193.JPG,line_03,pcb3,2026-08-02,LOT-20260802-AAC,EQ-03-A,operation,normal,,pcb3/Data/Images/Normal/0147.JPG
line_03/2026-08-02/L03AAC100194.JPG,line_03,pcb3,2026-08-02,LOT-20260802-AAC,EQ-03-A,operation,normal,,pcb3/Data/Images/Normal/0320.JPG
line_03/2026-08-02/L03AAC100195.JPG,line_03,pcb3,2026-08-02,LOT-20260802-AAC,EQ-03-A,operation,normal,,pcb3/Data/Images/Normal/0735.JPG
line_03/2026-08-02/L03AAC100196.JPG,line_03,pcb3,2026-08-02,LOT-20260802-AAC,EQ-03-A,operation,normal,,pcb3/Data/Images/Normal/0326.JPG
line_04/2026-08-02/L04AAD100105.JPG,line_04,pcb4,2026-08-02,LOT-20260802-AAD,EQ-04-A,operation,normal,,pcb4/Data/Images/Normal/0739.JPG
line_04/2026-08-02/L04AAD100106.JPG,line_04,pcb4,2026-08-02,LOT-20260802-AAD,EQ-04-A,operation,normal,,pcb4/Data/Images/Normal/0713.JPG
line_04/2026-08-02/L04AAD100107.JPG,line_04,pcb4,2026-08-02,LOT-20260802-AAD,EQ-04-A,operation,normal,,pcb4/Data/Images/Normal/0463.JPG
line_04/2026-08-02/L04AAD100108.JPG,line_04,pcb4,2026-08-02,LOT-20260802-AAD,EQ-04-A,operation,normal,,pcb4/Data/Images/Normal/0326.JPG
line_04/2026-08-02/L04AAD100109.JPG,line_04,pcb4,2026-08-02,LOT-20260802-AAD,EQ-04-A,operation,normal,,pcb4/Data/Images/Normal/0068.JPG
line_04/2026-08-02/L04AAD100110.JPG,line_04,pcb4,2026-08-02,LOT-20260802-AAD,EQ-04-A,operation,normal,,pcb4/Data/Images/Normal/0307.JPG
line_04/2026-08-02/L04AAD100111.JPG,line_04,pcb4,2026-08-02,LOT-20260802-AAD,EQ-04-A,operation,normal,,pcb4/Data/Images/Normal/0964.JPG
line_04/2026-08-02/L04AAD100112.JPG,line_04,pcb4,2026-08-02,LOT-20260802-AAD,EQ-04-A,operation,normal,,pcb4/Data/Images/Normal/0829.JPG
line_04/2026-08-02/L04AAD100113.JPG,line_04,pcb4,2026-08-02,LOT-20260802-AAD,EQ-04-A,operation,defect,/Users/eundong/Library/CloudStorage/GoogleDrive-yidheld@gmail.com/내 드라이브/[Shared]SK_AI_Hackathon/archive/pcb4/Data/Masks/Anomaly/006.png,pcb4/Data/Images/Anomaly/006.JPG
line_04/2026-08-02/L04AAD100114.JPG,line_04,pcb4,2026-08-02,LOT-20260802-AAD,EQ-04-A,operation,normal,,pcb4/Data/Images/Normal/0727.JPG
line_04/2026-08-02/L04AAD100115.JPG,line_04,pcb4,2026-08-02,LOT-20260802-AAD,EQ-04-A,operation,normal,,pcb4/Data/Images/Normal/0117.JPG
line_04/2026-08-02/L04AAD100116.JPG,line_04,pcb4,2026-08-02,LOT-20260802-AAD,EQ-04-A,operation,normal,,pcb4/Data/Images/Normal/0023.JPG
line_04/2026-08-02/L04AAD100117.JPG,line_04,pcb4,2026-08-02,LOT-20260802-AAD,EQ-04-A,operation,normal,,pcb4/Data/Images/Normal/0869.JPG
line_04/2026-08-02/L04AAD100118.JPG,line_04,pcb4,2026-08-02,LOT-20260802-AAD,EQ-04-A,operation,normal,,pcb4/Data/Images/Normal/0918.JPG
line_04/2026-08-02/L04AAD100119.JPG,line_04,pcb4,2026-08-02,LOT-20260802-AAD,EQ-04-A,operation,normal,,pcb4/Data/Images/Normal/0663.JPG
line_04/2026-08-02/L04AAD100120.JPG,line_04,pcb4,2026-08-02,LOT-20260802-AAD,EQ-04-A,operation,normal,,pcb4/Data/Images/Normal/0973.JPG
line_04/2026-08-02/L04AAD100121.JPG,line_04,pcb4,2026-08-02,LOT-20260802-AAD,EQ-04-A,operation,normal,,pcb4/Data/Images/Normal/0961.JPG
line_04/2026-08-02/L04AAD100122.JPG,line_04,pcb4,2026-08-02,LOT-20260802-AAD,EQ-04-A,operation,normal,,pcb4/Data/Images/Normal/0819.JPG
line_04/2026-08-02/L04AAD100123.JPG,line_04,pcb4,2026-08-02,LOT-20260802-AAD,EQ-04-A,operation,normal,,pcb4/Data/Images/Normal/0168.JPG
line_04/2026-08-02/L04AAD100124.JPG,line_04,pcb4,2026-08-02,LOT-20260802-AAD,EQ-04-A,operation,normal,,pcb4/Data/Images/Normal/0758.JPG
line_04/2026-08-02/L04AAD100125.JPG,line_04,pcb4,2026-08-02,LOT-20260802-AAD,EQ-04-A,operation,normal,,pcb4/Data/Images/Normal/0249.JPG
line_04/2026-08-02/L04AAD100126.JPG,line_04,pcb4,2026-08-02,LOT-20260802-AAD,EQ-04-A,operation,normal,,pcb4/Data/Images/Normal/0528.JPG
line_04/2026-08-02/L04AAD100127.JPG,line_04,pcb4,2026-08-02,LOT-20260802-AAD,EQ-04-A,operation,normal,,pcb4/Data/Images/Normal/0178.JPG
line_04/2026-08-02/L04AAD100128.JPG,line_04,pcb4,2026-08-02,LOT-20260802-AAD,EQ-04-A,operation,normal,,pcb4/Data/Images/Normal/0565.JPG
line_04/2026-08-02/L04AAD100129.JPG,line_04,pcb4,2026-08-02,LOT-20260802-AAD,EQ-04-A,operation,normal,,pcb4/Data/Images/Normal/0163.JPG
line_04/2026-08-02/L04AAD100130.JPG,line_04,pcb4,2026-08-02,LOT-20260802-AAD,EQ-04-A,operation,normal,,pcb4/Data/Images/Normal/0338.JPG
line_04/2026-08-02/L04AAD100131.JPG,line_04,pcb4,2026-08-02,LOT-20260802-AAD,EQ-04-A,operation,normal,,pcb4/Data/Images/Normal/0573.JPG
line_04/2026-08-02/L04AAD100132.JPG,line_04,pcb4,2026-08-02,LOT-20260802-AAD,EQ-04-A,operation,normal,,pcb4/Data/Images/Normal/0436.JPG
line_04/2026-08-02/L04AAD100133.JPG,line_04,pcb4,2026-08-02,LOT-20260802-AAD,EQ-04-A,operation,defect,/Users/eundong/Library/CloudStorage/GoogleDrive-yidheld@gmail.com/내 드라이브/[Shared]SK_AI_Hackathon/archive/pcb4/Data/Masks/Anomaly/012.png,pcb4/Data/Images/Anomaly/012.JPG
line_04/2026-08-02/L04AAD100134.JPG,line_04,pcb4,2026-08-02,LOT-20260802-AAD,EQ-04-A,operation,normal,,pcb4/Data/Images/Normal/0473.JPG
line_04/2026-08-02/L04AAD100135.JPG,line_04,pcb4,2026-08-02,LOT-20260802-AAD,EQ-04-A,operation,normal,,pcb4/Data/Images/Normal/0237.JPG
line_04/2026-08-02/L04AAD100136.JPG,line_04,pcb4,2026-08-02,LOT-20260802-AAD,EQ-04-A,operation,normal,,pcb4/Data/Images/Normal/0816.JPG
line_04/2026-08-02/L04AAD100137.JPG,line_04,pcb4,2026-08-02,LOT-20260802-AAD,EQ-04-A,operation,normal,,pcb4/Data/Images/Normal/0414.JPG
line_04/2026-08-02/L04AAD100138.JPG,line_04,pcb4,2026-08-02,LOT-20260802-AAD,EQ-04-A,operation,normal,,pcb4/Data/Images/Normal/0644.JPG
line_04/2026-08-02/L04AAD100139.JPG,line_04,pcb4,2026-08-02,LOT-20260802-AAD,EQ-04-A,operation,normal,,pcb4/Data/Images/Normal/0188.JPG
line_04/2026-08-02/L04AAD100140.JPG,line_04,pcb4,2026-08-02,LOT-20260802-AAD,EQ-04-A,operation,normal,,pcb4/Data/Images/Normal/0190.JPG
line_04/2026-08-02/L04AAD100141.JPG,line_04,pcb4,2026-08-02,LOT-20260802-AAD,EQ-04-A,operation,normal,,pcb4/Data/Images/Normal/0655.JPG
line_04/2026-08-02/L04AAD100142.JPG,line_04,pcb4,2026-08-02,LOT-20260802-AAD,EQ-04-A,operation,normal,,pcb4/Data/Images/Normal/0970.JPG
line_04/2026-08-02/L04AAD100143.JPG,line_04,pcb4,2026-08-02,LOT-20260802-AAD,EQ-04-A,operation,normal,,pcb4/Data/Images/Normal/0442.JPG
line_04/2026-08-02/L04AAD100144.JPG,line_04,pcb4,2026-08-02,LOT-20260802-AAD,EQ-04-A,operation,defect,/Users/eundong/Library/CloudStorage/GoogleDrive-yidheld@gmail.com/내 드라이브/[Shared]SK_AI_Hackathon/archive/pcb4/Data/Masks/Anomaly/042.png,pcb4/Data/Images/Anomaly/042.JPG
line_04/2026-08-02/L04AAD100145.JPG,line_04,pcb4,2026-08-02,LOT-20260802-AAD,EQ-04-A,operation,normal,,pcb4/Data/Images/Normal/0405.JPG
line_04/2026-08-02/L04AAD100146.JPG,line_04,pcb4,2026-08-02,LOT-20260802-AAD,EQ-04-A,operation,normal,,pcb4/Data/Images/Normal/0029.JPG
line_04/2026-08-02/L04AAD100147.JPG,line_04,pcb4,2026-08-02,LOT-20260802-AAD,EQ-04-A,operation,normal,,pcb4/Data/Images/Normal/0755.JPG
line_04/2026-08-02/L04AAD100148.JPG,line_04,pcb4,2026-08-02,LOT-20260802-AAD,EQ-04-A,operation,normal,,pcb4/Data/Images/Normal/0628.JPG
line_04/2026-08-02/L04AAD100149.JPG,line_04,pcb4,2026-08-02,LOT-20260802-AAD,EQ-04-A,operation,normal,,pcb4/Data/Images/Normal/0202.JPG
line_04/2026-08-02/L04AAD100150.JPG,line_04,pcb4,2026-08-02,LOT-20260802-AAD,EQ-04-A,operation,normal,,pcb4/Data/Images/Normal/0460.JPG
line_04/2026-08-02/L04AAD100151.JPG,line_04,pcb4,2026-08-02,LOT-20260802-AAD,EQ-04-A,operation,normal,,pcb4/Data/Images/Normal/0606.JPG
line_04/2026-08-02/L04AAD100152.JPG,line_04,pcb4,2026-08-02,LOT-20260802-AAD,EQ-04-A,operation,normal,,pcb4/Data/Images/Normal/0439.JPG
line_04/2026-08-02/L04AAD100153.JPG,line_04,pcb4,2026-08-02,LOT-20260802-AAD,EQ-04-A,operation,normal,,pcb4/Data/Images/Normal/0398.JPG
line_04/2026-08-02/L04AAD100154.JPG,line_04,pcb4,2026-08-02,LOT-20260802-AAD,EQ-04-A,operation,defect,/Users/eundong/Library/CloudStorage/GoogleDrive-yidheld@gmail.com/내 드라이브/[Shared]SK_AI_Hackathon/archive/pcb4/Data/Masks/Anomaly/026.png,pcb4/Data/Images/Anomaly/026.JPG
line_04/2026-08-02/L04AAD100155.JPG,line_04,pcb4,2026-08-02,LOT-20260802-AAD,EQ-04-A,operation,normal,,pcb4/Data/Images/Normal/0004.JPG
line_04/2026-08-02/L04AAD100156.JPG,line_04,pcb4,2026-08-02,LOT-20260802-AAD,EQ-04-A,operation,normal,,pcb4/Data/Images/Normal/0721.JPG
line_04/2026-08-02/L04AAD100157.JPG,line_04,pcb4,2026-08-02,LOT-20260802-AAD,EQ-04-A,operation,normal,,pcb4/Data/Images/Normal/0219.JPG
line_04/2026-08-02/L04AAD100158.JPG,line_04,pcb4,2026-08-02,LOT-20260802-AAD,EQ-04-A,operation,normal,,pcb4/Data/Images/Normal/0210.JPG
line_04/2026-08-02/L04AAD100159.JPG,line_04,pcb4,2026-08-02,LOT-20260802-AAD,EQ-04-A,operation,normal,,pcb4/Data/Images/Normal/0285.JPG
line_04/2026-08-02/L04AAD100160.JPG,line_04,pcb4,2026-08-02,LOT-20260802-AAD,EQ-04-A,operation,normal,,pcb4/Data/Images/Normal/0958.JPG
line_04/2026-08-02/L04AAD100161.JPG,line_04,pcb4,2026-08-02,LOT-20260802-AAD,EQ-04-A,operation,normal,,pcb4/Data/Images/Normal/0720.JPG
line_04/2026-08-02/L04AAD100162.JPG,line_04,pcb4,2026-08-02,LOT-20260802-AAD,EQ-04-A,operation,normal,,pcb4/Data/Images/Normal/0828.JPG
line_04/2026-08-02/L04AAD100163.JPG,line_04,pcb4,2026-08-02,LOT-20260802-AAD,EQ-04-A,operation,normal,,pcb4/Data/Images/Normal/0956.JPG
line_04/2026-08-02/L04AAD100164.JPG,line_04,pcb4,2026-08-02,LOT-20260802-AAD,EQ-04-A,operation,normal,,pcb4/Data/Images/Normal/0064.JPG
line_04/2026-08-02/L04AAD100165.JPG,line_04,pcb4,2026-08-02,LOT-20260802-AAD,EQ-04-A,operation,normal,,pcb4/Data/Images/Normal/0591.JPG
line_04/2026-08-02/L04AAD100166.JPG,line_04,pcb4,2026-08-02,LOT-20260802-AAD,EQ-04-A,operation,normal,,pcb4/Data/Images/Normal/0104.JPG
line_04/2026-08-02/L04AAD100167.JPG,line_04,pcb4,2026-08-02,LOT-20260802-AAD,EQ-04-A,operation,normal,,pcb4/Data/Images/Normal/0818.JPG
line_04/2026-08-02/L04AAD100168.JPG,line_04,pcb4,2026-08-02,LOT-20260802-AAD,EQ-04-A,operation,normal,,pcb4/Data/Images/Normal/0978.JPG
line_04/2026-08-02/L04AAD100169.JPG,line_04,pcb4,2026-08-02,LOT-20260802-AAD,EQ-04-A,operation,normal,,pcb4/Data/Images/Normal/0191.JPG
line_04/2026-08-02/L04AAD100170.JPG,line_04,pcb4,2026-08-02,LOT-20260802-AAD,EQ-04-A,operation,normal,,pcb4/Data/Images/Normal/0374.JPG
line_04/2026-08-02/L04AAD100171.JPG,line_04,pcb4,2026-08-02,LOT-20260802-AAD,EQ-04-A,operation,normal,,pcb4/Data/Images/Normal/0333.JPG
line_04/2026-08-02/L04AAD100172.JPG,line_04,pcb4,2026-08-02,LOT-20260802-AAD,EQ-04-A,operation,normal,,pcb4/Data/Images/Normal/0201.JPG
line_04/2026-08-02/L04AAD100173.JPG,line_04,pcb4,2026-08-02,LOT-20260802-AAD,EQ-04-A,operation,normal,,pcb4/Data/Images/Normal/0468.JPG
line_04/2026-08-02/L04AAD100174.JPG,line_04,pcb4,2026-08-02,LOT-20260802-AAD,EQ-04-A,operation,normal,,pcb4/Data/Images/Normal/0116.JPG
line_04/2026-08-02/L04AAD100175.JPG,line_04,pcb4,2026-08-02,LOT-20260802-AAD,EQ-04-A,operation,normal,,pcb4/Data/Images/Normal/0268.JPG
line_04/2026-08-02/L04AAD100176.JPG,line_04,pcb4,2026-08-02,LOT-20260802-AAD,EQ-04-A,operation,normal,,pcb4/Data/Images/Normal/0686.JPG
line_04/2026-08-02/L04AAD100177.JPG,line_04,pcb4,2026-08-02,LOT-20260802-AAD,EQ-04-A,operation,normal,,pcb4/Data/Images/Normal/0501.JPG
line_04/2026-08-02/L04AAD100178.JPG,line_04,pcb4,2026-08-02,LOT-20260802-AAD,EQ-04-A,operation,normal,,pcb4/Data/Images/Normal/0540.JPG
line_04/2026-08-02/L04AAD100179.JPG,line_04,pcb4,2026-08-02,LOT-20260802-AAD,EQ-04-A,operation,normal,,pcb4/Data/Images/Normal/0654.JPG
line_04/2026-08-02/L04AAD100180.JPG,line_04,pcb4,2026-08-02,LOT-20260802-AAD,EQ-04-A,operation,normal,,pcb4/Data/Images/Normal/0320.JPG
line_04/2026-08-02/L04AAD100181.JPG,line_04,pcb4,2026-08-02,LOT-20260802-AAD,EQ-04-A,operation,normal,,pcb4/Data/Images/Normal/0611.JPG
line_04/2026-08-02/L04AAD100182.JPG,line_04,pcb4,2026-08-02,LOT-20260802-AAD,EQ-04-A,operation,normal,,pcb4/Data/Images/Normal/0397.JPG
line_04/2026-08-02/L04AAD100183.JPG,line_04,pcb4,2026-08-02,LOT-20260802-AAD,EQ-04-A,operation,normal,,pcb4/Data/Images/Normal/0625.JPG
line_04/2026-08-02/L04AAD100184.JPG,line_04,pcb4,2026-08-02,LOT-20260802-AAD,EQ-04-A,operation,normal,,pcb4/Data/Images/Normal/0401.JPG
line_04/2026-08-02/L04AAD100185.JPG,line_04,pcb4,2026-08-02,LOT-20260802-AAD,EQ-04-A,operation,normal,,pcb4/Data/Images/Normal/0601.JPG
line_04/2026-08-02/L04AAD100186.JPG,line_04,pcb4,2026-08-02,LOT-20260802-AAD,EQ-04-A,operation,defect,/Users/eundong/Library/CloudStorage/GoogleDrive-yidheld@gmail.com/내 드라이브/[Shared]SK_AI_Hackathon/archive/pcb4/Data/Masks/Anomaly/024.png,pcb4/Data/Images/Anomaly/024.JPG
line_04/2026-08-02/L04AAD100187.JPG,line_04,pcb4,2026-08-02,LOT-20260802-AAD,EQ-04-A,operation,normal,,pcb4/Data/Images/Normal/0843.JPG
line_04/2026-08-02/L04AAD100188.JPG,line_04,pcb4,2026-08-02,LOT-20260802-AAD,EQ-04-A,operation,normal,,pcb4/Data/Images/Normal/0912.JPG
line_04/2026-08-02/L04AAD100189.JPG,line_04,pcb4,2026-08-02,LOT-20260802-AAD,EQ-04-A,operation,normal,,pcb4/Data/Images/Normal/0360.JPG
line_04/2026-08-02/L04AAD100190.JPG,line_04,pcb4,2026-08-02,LOT-20260802-AAD,EQ-04-A,operation,normal,,pcb4/Data/Images/Normal/0844.JPG
line_04/2026-08-02/L04AAD100191.JPG,line_04,pcb4,2026-08-02,LOT-20260802-AAD,EQ-04-A,operation,normal,,pcb4/Data/Images/Normal/0632.JPG
line_04/2026-08-02/L04AAD100192.JPG,line_04,pcb4,2026-08-02,LOT-20260802-AAD,EQ-04-A,operation,normal,,pcb4/Data/Images/Normal/0176.JPG
line_04/2026-08-02/L04AAD100193.JPG,line_04,pcb4,2026-08-02,LOT-20260802-AAD,EQ-04-A,operation,normal,,pcb4/Data/Images/Normal/0689.JPG
line_04/2026-08-02/L04AAD100194.JPG,line_04,pcb4,2026-08-02,LOT-20260802-AAD,EQ-04-A,operation,normal,,pcb4/Data/Images/Normal/0722.JPG
line_04/2026-08-02/L04AAD100195.JPG,line_04,pcb4,2026-08-02,LOT-20260802-AAD,EQ-04-A,operation,normal,,pcb4/Data/Images/Normal/0892.JPG
line_04/2026-08-02/L04AAD100196.JPG,line_04,pcb4,2026-08-02,LOT-20260802-AAD,EQ-04-A,operation,normal,,pcb4/Data/Images/Normal/0304.JPG
line_04/2026-08-02/L04AAD100197.JPG,line_04,pcb4,2026-08-02,LOT-20260802-AAD,EQ-04-A,operation,normal,,pcb4/Data/Images/Normal/0629.JPG
line_04/2026-08-02/L04AAD100198.JPG,line_04,pcb4,2026-08-02,LOT-20260802-AAD,EQ-04-A,operation,normal,,pcb4/Data/Images/Normal/0604.JPG
line_04/2026-08-02/L04AAD100199.JPG,line_04,pcb4,2026-08-02,LOT-20260802-AAD,EQ-04-A,operation,defect,/Users/eundong/Library/CloudStorage/GoogleDrive-yidheld@gmail.com/내 드라이브/[Shared]SK_AI_Hackathon/archive/pcb4/Data/Masks/Anomaly/052.png,pcb4/Data/Images/Anomaly/052.JPG
line_04/2026-08-02/L04AAD100200.JPG,line_04,pcb4,2026-08-02,LOT-20260802-AAD,EQ-04-A,operation,normal,,pcb4/Data/Images/Normal/0086.JPG
line_04/2026-08-02/L04AAF100001.JPG,line_04,pcb4,2026-08-02,LOT-20260802-AAF,EQ-04-A,operation,normal,,pcb4/Data/Images/Normal/0688.JPG
line_04/2026-08-02/L04AAF100002.JPG,line_04,pcb4,2026-08-02,LOT-20260802-AAF,EQ-04-A,operation,normal,,pcb4/Data/Images/Normal/0137.JPG
line_04/2026-08-02/L04AAF100003.JPG,line_04,pcb4,2026-08-02,LOT-20260802-AAF,EQ-04-A,operation,normal,,pcb4/Data/Images/Normal/0837.JPG
line_04/2026-08-02/L04AAF100004.JPG,line_04,pcb4,2026-08-02,LOT-20260802-AAF,EQ-04-A,operation,normal,,pcb4/Data/Images/Normal/0120.JPG
line_04/2026-08-02/L04AAF100005.JPG,line_04,pcb4,2026-08-02,LOT-20260802-AAF,EQ-04-A,operation,normal,,pcb4/Data/Images/Normal/0244.JPG
line_04/2026-08-02/L04AAF100006.JPG,line_04,pcb4,2026-08-02,LOT-20260802-AAF,EQ-04-A,operation,normal,,pcb4/Data/Images/Normal/0312.JPG
line_04/2026-08-02/L04AAF100007.JPG,line_04,pcb4,2026-08-02,LOT-20260802-AAF,EQ-04-A,operation,normal,,pcb4/Data/Images/Normal/0119.JPG
line_04/2026-08-02/L04AAF100008.JPG,line_04,pcb4,2026-08-02,LOT-20260802-AAF,EQ-04-A,operation,normal,,pcb4/Data/Images/Normal/0187.JPG
line_04/2026-08-02/L04AAF100009.JPG,line_04,pcb4,2026-08-02,LOT-20260802-AAF,EQ-04-A,operation,normal,,pcb4/Data/Images/Normal/0382.JPG
line_04/2026-08-02/L04AAF100010.JPG,line_04,pcb4,2026-08-02,LOT-20260802-AAF,EQ-04-A,operation,normal,,pcb4/Data/Images/Normal/0710.JPG
line_04/2026-08-02/L04AAF100011.JPG,line_04,pcb4,2026-08-02,LOT-20260802-AAF,EQ-04-A,operation,normal,,pcb4/Data/Images/Normal/0144.JPG
line_04/2026-08-02/L04AAF100012.JPG,line_04,pcb4,2026-08-02,LOT-20260802-AAF,EQ-04-A,operation,normal,,pcb4/Data/Images/Normal/0523.JPG
line_02/2026-08-03/L02AAE100011.JPG,line_02,pcb2,2026-08-03,LOT-20260803-AAE,EQ-02-A,operation,normal,,pcb2/Data/Images/Normal/0149.JPG
line_02/2026-08-03/L02AAE100012.JPG,line_02,pcb2,2026-08-03,LOT-20260803-AAE,EQ-02-A,operation,normal,,pcb2/Data/Images/Normal/0250.JPG
line_02/2026-08-03/L02AAE100013.JPG,line_02,pcb2,2026-08-03,LOT-20260803-AAE,EQ-02-A,operation,normal,,pcb2/Data/Images/Normal/0543.JPG
line_02/2026-08-03/L02AAE100014.JPG,line_02,pcb2,2026-08-03,LOT-20260803-AAE,EQ-02-A,operation,normal,,pcb2/Data/Images/Normal/0421.JPG
line_02/2026-08-03/L02AAE100015.JPG,line_02,pcb2,2026-08-03,LOT-20260803-AAE,EQ-02-A,operation,normal,,pcb2/Data/Images/Normal/0579.JPG
line_02/2026-08-03/L02AAE100016.JPG,line_02,pcb2,2026-08-03,LOT-20260803-AAE,EQ-02-A,operation,normal,,pcb2/Data/Images/Normal/0698.JPG
line_02/2026-08-03/L02AAE100017.JPG,line_02,pcb2,2026-08-03,LOT-20260803-AAE,EQ-02-A,operation,normal,,pcb2/Data/Images/Normal/0184.JPG
line_02/2026-08-03/L02AAE100018.JPG,line_02,pcb2,2026-08-03,LOT-20260803-AAE,EQ-02-A,operation,normal,,pcb2/Data/Images/Normal/0174.JPG
line_02/2026-08-03/L02AAE100019.JPG,line_02,pcb2,2026-08-03,LOT-20260803-AAE,EQ-02-A,operation,normal,,pcb2/Data/Images/Normal/0179.JPG
line_02/2026-08-03/L02AAE100020.JPG,line_02,pcb2,2026-08-03,LOT-20260803-AAE,EQ-02-A,operation,normal,,pcb2/Data/Images/Normal/0080.JPG
line_02/2026-08-03/L02AAE100021.JPG,line_02,pcb2,2026-08-03,LOT-20260803-AAE,EQ-02-A,operation,normal,,pcb2/Data/Images/Normal/0624.JPG
line_02/2026-08-03/L02AAE100022.JPG,line_02,pcb2,2026-08-03,LOT-20260803-AAE,EQ-02-A,operation,defect,/Users/eundong/Library/CloudStorage/GoogleDrive-yidheld@gmail.com/내 드라이브/[Shared]SK_AI_Hackathon/archive/pcb2/Data/Masks/Anomaly/081.png,pcb2/Data/Images/Anomaly/081.JPG
line_02/2026-08-03/L02AAE100023.JPG,line_02,pcb2,2026-08-03,LOT-20260803-AAE,EQ-02-A,operation,normal,,pcb2/Data/Images/Normal/0391.JPG
line_02/2026-08-03/L02AAE100024.JPG,line_02,pcb2,2026-08-03,LOT-20260803-AAE,EQ-02-A,operation,normal,,pcb2/Data/Images/Normal/0634.JPG
line_02/2026-08-03/L02AAE100025.JPG,line_02,pcb2,2026-08-03,LOT-20260803-AAE,EQ-02-A,operation,normal,,pcb2/Data/Images/Normal/0699.JPG
line_02/2026-08-03/L02AAE100026.JPG,line_02,pcb2,2026-08-03,LOT-20260803-AAE,EQ-02-A,operation,normal,,pcb2/Data/Images/Normal/0246.JPG
line_02/2026-08-03/L02AAE100027.JPG,line_02,pcb2,2026-08-03,LOT-20260803-AAE,EQ-02-A,operation,defect,/Users/eundong/Library/CloudStorage/GoogleDrive-yidheld@gmail.com/내 드라이브/[Shared]SK_AI_Hackathon/archive/pcb2/Data/Masks/Anomaly/075.png,pcb2/Data/Images/Anomaly/075.JPG
line_02/2026-08-03/L02AAE100028.JPG,line_02,pcb2,2026-08-03,LOT-20260803-AAE,EQ-02-A,operation,normal,,pcb2/Data/Images/Normal/0509.JPG
line_02/2026-08-03/L02AAE100029.JPG,line_02,pcb2,2026-08-03,LOT-20260803-AAE,EQ-02-A,operation,normal,,pcb2/Data/Images/Normal/0597.JPG
line_02/2026-08-03/L02AAE100030.JPG,line_02,pcb2,2026-08-03,LOT-20260803-AAE,EQ-02-A,operation,normal,,pcb2/Data/Images/Normal/0146.JPG
line_02/2026-08-03/L02AAE100031.JPG,line_02,pcb2,2026-08-03,LOT-20260803-AAE,EQ-02-A,operation,normal,,pcb2/Data/Images/Normal/0237.JPG
line_02/2026-08-03/L02AAE100032.JPG,line_02,pcb2,2026-08-03,LOT-20260803-AAE,EQ-02-A,operation,normal,,pcb2/Data/Images/Normal/0968.JPG
line_02/2026-08-03/L02AAE100033.JPG,line_02,pcb2,2026-08-03,LOT-20260803-AAE,EQ-02-A,operation,normal,,pcb2/Data/Images/Normal/0653.JPG
line_02/2026-08-03/L02AAE100034.JPG,line_02,pcb2,2026-08-03,LOT-20260803-AAE,EQ-02-A,operation,normal,,pcb2/Data/Images/Normal/0260.JPG
line_02/2026-08-03/L02AAE100035.JPG,line_02,pcb2,2026-08-03,LOT-20260803-AAE,EQ-02-A,operation,normal,,pcb2/Data/Images/Normal/0470.JPG
line_02/2026-08-03/L02AAE100036.JPG,line_02,pcb2,2026-08-03,LOT-20260803-AAE,EQ-02-A,operation,normal,,pcb2/Data/Images/Normal/0261.JPG
line_02/2026-08-03/L02AAE100037.JPG,line_02,pcb2,2026-08-03,LOT-20260803-AAE,EQ-02-A,operation,normal,,pcb2/Data/Images/Normal/0682.JPG
line_02/2026-08-03/L02AAE100038.JPG,line_02,pcb2,2026-08-03,LOT-20260803-AAE,EQ-02-A,operation,normal,,pcb2/Data/Images/Normal/0009.JPG
line_02/2026-08-03/L02AAE100039.JPG,line_02,pcb2,2026-08-03,LOT-20260803-AAE,EQ-02-A,operation,normal,,pcb2/Data/Images/Normal/0476.JPG
line_02/2026-08-03/L02AAE100040.JPG,line_02,pcb2,2026-08-03,LOT-20260803-AAE,EQ-02-A,operation,normal,,pcb2/Data/Images/Normal/0839.JPG
line_02/2026-08-03/L02AAE100041.JPG,line_02,pcb2,2026-08-03,LOT-20260803-AAE,EQ-02-A,operation,normal,,pcb2/Data/Images/Normal/0693.JPG
line_02/2026-08-03/L02AAE100042.JPG,line_02,pcb2,2026-08-03,LOT-20260803-AAE,EQ-02-A,operation,normal,,pcb2/Data/Images/Normal/0559.JPG
line_02/2026-08-03/L02AAE100043.JPG,line_02,pcb2,2026-08-03,LOT-20260803-AAE,EQ-02-A,operation,normal,,pcb2/Data/Images/Normal/0161.JPG
line_02/2026-08-03/L02AAE100044.JPG,line_02,pcb2,2026-08-03,LOT-20260803-AAE,EQ-02-A,operation,normal,,pcb2/Data/Images/Normal/0075.JPG
line_02/2026-08-03/L02AAE100045.JPG,line_02,pcb2,2026-08-03,LOT-20260803-AAE,EQ-02-A,operation,normal,,pcb2/Data/Images/Normal/0999.JPG
line_02/2026-08-03/L02AAE100046.JPG,line_02,pcb2,2026-08-03,LOT-20260803-AAE,EQ-02-A,operation,normal,,pcb2/Data/Images/Normal/0914.JPG
line_02/2026-08-03/L02AAE100047.JPG,line_02,pcb2,2026-08-03,LOT-20260803-AAE,EQ-02-A,operation,normal,,pcb2/Data/Images/Normal/0923.JPG
line_02/2026-08-03/L02AAE100048.JPG,line_02,pcb2,2026-08-03,LOT-20260803-AAE,EQ-02-A,operation,normal,,pcb2/Data/Images/Normal/0826.JPG
line_02/2026-08-03/L02AAE100049.JPG,line_02,pcb2,2026-08-03,LOT-20260803-AAE,EQ-02-A,operation,normal,,pcb2/Data/Images/Normal/0654.JPG
line_02/2026-08-03/L02AAE100050.JPG,line_02,pcb2,2026-08-03,LOT-20260803-AAE,EQ-02-A,operation,defect,/Users/eundong/Library/CloudStorage/GoogleDrive-yidheld@gmail.com/내 드라이브/[Shared]SK_AI_Hackathon/archive/pcb2/Data/Masks/Anomaly/076.png,pcb2/Data/Images/Anomaly/076.JPG
line_02/2026-08-03/L02AAE100051.JPG,line_02,pcb2,2026-08-03,LOT-20260803-AAE,EQ-02-A,operation,normal,,pcb2/Data/Images/Normal/0434.JPG
line_02/2026-08-03/L02AAE100052.JPG,line_02,pcb2,2026-08-03,LOT-20260803-AAE,EQ-02-A,operation,normal,,pcb2/Data/Images/Normal/0706.JPG
line_02/2026-08-03/L02AAE100053.JPG,line_02,pcb2,2026-08-03,LOT-20260803-AAE,EQ-02-A,operation,normal,,pcb2/Data/Images/Normal/0256.JPG
line_02/2026-08-03/L02AAE100054.JPG,line_02,pcb2,2026-08-03,LOT-20260803-AAE,EQ-02-A,operation,normal,,pcb2/Data/Images/Normal/0872.JPG
line_02/2026-08-03/L02AAE100055.JPG,line_02,pcb2,2026-08-03,LOT-20260803-AAE,EQ-02-A,operation,normal,,pcb2/Data/Images/Normal/0309.JPG
line_02/2026-08-03/L02AAE100056.JPG,line_02,pcb2,2026-08-03,LOT-20260803-AAE,EQ-02-A,operation,normal,,pcb2/Data/Images/Normal/0203.JPG
line_02/2026-08-03/L02AAE100057.JPG,line_02,pcb2,2026-08-03,LOT-20260803-AAE,EQ-02-A,operation,normal,,pcb2/Data/Images/Normal/0393.JPG
line_02/2026-08-03/L02AAE100058.JPG,line_02,pcb2,2026-08-03,LOT-20260803-AAE,EQ-02-A,operation,normal,,pcb2/Data/Images/Normal/0954.JPG
line_02/2026-08-03/L02AAE100059.JPG,line_02,pcb2,2026-08-03,LOT-20260803-AAE,EQ-02-A,operation,normal,,pcb2/Data/Images/Normal/0109.JPG
line_02/2026-08-03/L02AAE100060.JPG,line_02,pcb2,2026-08-03,LOT-20260803-AAE,EQ-02-A,operation,defect,/Users/eundong/Library/CloudStorage/GoogleDrive-yidheld@gmail.com/내 드라이브/[Shared]SK_AI_Hackathon/archive/pcb2/Data/Masks/Anomaly/039.png,pcb2/Data/Images/Anomaly/039.JPG
line_02/2026-08-03/L02AAE100061.JPG,line_02,pcb2,2026-08-03,LOT-20260803-AAE,EQ-02-A,operation,normal,,pcb2/Data/Images/Normal/0242.JPG
line_02/2026-08-03/L02AAE100062.JPG,line_02,pcb2,2026-08-03,LOT-20260803-AAE,EQ-02-A,operation,normal,,pcb2/Data/Images/Normal/0906.JPG
line_02/2026-08-03/L02AAE100063.JPG,line_02,pcb2,2026-08-03,LOT-20260803-AAE,EQ-02-A,operation,normal,,pcb2/Data/Images/Normal/0902.JPG
line_02/2026-08-03/L02AAE100064.JPG,line_02,pcb2,2026-08-03,LOT-20260803-AAE,EQ-02-A,operation,normal,,pcb2/Data/Images/Normal/0819.JPG
line_02/2026-08-03/L02AAE100065.JPG,line_02,pcb2,2026-08-03,LOT-20260803-AAE,EQ-02-A,operation,normal,,pcb2/Data/Images/Normal/0588.JPG
line_02/2026-08-03/L02AAE100066.JPG,line_02,pcb2,2026-08-03,LOT-20260803-AAE,EQ-02-A,operation,normal,,pcb2/Data/Images/Normal/0302.JPG
line_02/2026-08-03/L02AAE100067.JPG,line_02,pcb2,2026-08-03,LOT-20260803-AAE,EQ-02-A,operation,normal,,pcb2/Data/Images/Normal/0716.JPG
line_02/2026-08-03/L02AAE100068.JPG,line_02,pcb2,2026-08-03,LOT-20260803-AAE,EQ-02-A,operation,normal,,pcb2/Data/Images/Normal/0765.JPG
line_02/2026-08-03/L02AAE100069.JPG,line_02,pcb2,2026-08-03,LOT-20260803-AAE,EQ-02-A,operation,normal,,pcb2/Data/Images/Normal/0022.JPG
line_02/2026-08-03/L02AAE100070.JPG,line_02,pcb2,2026-08-03,LOT-20260803-AAE,EQ-02-A,operation,normal,,pcb2/Data/Images/Normal/0674.JPG
line_02/2026-08-03/L02AAE100071.JPG,line_02,pcb2,2026-08-03,LOT-20260803-AAE,EQ-02-A,operation,normal,,pcb2/Data/Images/Normal/0405.JPG
line_02/2026-08-03/L02AAE100072.JPG,line_02,pcb2,2026-08-03,LOT-20260803-AAE,EQ-02-A,operation,normal,,pcb2/Data/Images/Normal/0281.JPG
line_02/2026-08-03/L02AAE100073.JPG,line_02,pcb2,2026-08-03,LOT-20260803-AAE,EQ-02-A,operation,defect,/Users/eundong/Library/CloudStorage/GoogleDrive-yidheld@gmail.com/내 드라이브/[Shared]SK_AI_Hackathon/archive/pcb2/Data/Masks/Anomaly/057.png,pcb2/Data/Images/Anomaly/057.JPG
line_02/2026-08-03/L02AAE100074.JPG,line_02,pcb2,2026-08-03,LOT-20260803-AAE,EQ-02-A,operation,normal,,pcb2/Data/Images/Normal/0008.JPG
line_02/2026-08-03/L02AAE100075.JPG,line_02,pcb2,2026-08-03,LOT-20260803-AAE,EQ-02-A,operation,normal,,pcb2/Data/Images/Normal/0812.JPG
line_02/2026-08-03/L02AAE100076.JPG,line_02,pcb2,2026-08-03,LOT-20260803-AAE,EQ-02-A,operation,normal,,pcb2/Data/Images/Normal/0702.JPG
line_02/2026-08-03/L02AAE100077.JPG,line_02,pcb2,2026-08-03,LOT-20260803-AAE,EQ-02-A,operation,normal,,pcb2/Data/Images/Normal/0050.JPG
line_02/2026-08-03/L02AAE100078.JPG,line_02,pcb2,2026-08-03,LOT-20260803-AAE,EQ-02-A,operation,normal,,pcb2/Data/Images/Normal/0620.JPG
line_02/2026-08-03/L02AAE100079.JPG,line_02,pcb2,2026-08-03,LOT-20260803-AAE,EQ-02-A,operation,normal,,pcb2/Data/Images/Normal/0508.JPG
line_02/2026-08-03/L02AAE100080.JPG,line_02,pcb2,2026-08-03,LOT-20260803-AAE,EQ-02-A,operation,normal,,pcb2/Data/Images/Normal/0293.JPG
line_02/2026-08-03/L02AAE100081.JPG,line_02,pcb2,2026-08-03,LOT-20260803-AAE,EQ-02-A,operation,normal,,pcb2/Data/Images/Normal/0235.JPG
line_02/2026-08-03/L02AAE100082.JPG,line_02,pcb2,2026-08-03,LOT-20260803-AAE,EQ-02-A,operation,normal,,pcb2/Data/Images/Normal/0621.JPG
line_02/2026-08-03/L02AAE100083.JPG,line_02,pcb2,2026-08-03,LOT-20260803-AAE,EQ-02-A,operation,normal,,pcb2/Data/Images/Normal/0360.JPG
line_02/2026-08-03/L02AAE100084.JPG,line_02,pcb2,2026-08-03,LOT-20260803-AAE,EQ-02-A,operation,normal,,pcb2/Data/Images/Normal/0224.JPG
line_02/2026-08-03/L02AAE100085.JPG,line_02,pcb2,2026-08-03,LOT-20260803-AAE,EQ-02-A,operation,normal,,pcb2/Data/Images/Normal/0651.JPG
line_02/2026-08-03/L02AAE100086.JPG,line_02,pcb2,2026-08-03,LOT-20260803-AAE,EQ-02-A,operation,normal,,pcb2/Data/Images/Normal/0194.JPG
line_02/2026-08-03/L02AAE100087.JPG,line_02,pcb2,2026-08-03,LOT-20260803-AAE,EQ-02-A,operation,defect,/Users/eundong/Library/CloudStorage/GoogleDrive-yidheld@gmail.com/내 드라이브/[Shared]SK_AI_Hackathon/archive/pcb2/Data/Masks/Anomaly/082.png,pcb2/Data/Images/Anomaly/082.JPG
line_02/2026-08-03/L02AAE100088.JPG,line_02,pcb2,2026-08-03,LOT-20260803-AAE,EQ-02-A,operation,normal,,pcb2/Data/Images/Normal/0635.JPG
line_02/2026-08-03/L02AAE100089.JPG,line_02,pcb2,2026-08-03,LOT-20260803-AAE,EQ-02-A,operation,normal,,pcb2/Data/Images/Normal/0848.JPG
line_02/2026-08-03/L02AAE100090.JPG,line_02,pcb2,2026-08-03,LOT-20260803-AAE,EQ-02-A,operation,normal,,pcb2/Data/Images/Normal/0694.JPG
line_02/2026-08-03/L02AAE100091.JPG,line_02,pcb2,2026-08-03,LOT-20260803-AAE,EQ-02-A,operation,normal,,pcb2/Data/Images/Normal/0738.JPG
line_02/2026-08-03/L02AAE100092.JPG,line_02,pcb2,2026-08-03,LOT-20260803-AAE,EQ-02-A,operation,normal,,pcb2/Data/Images/Normal/0921.JPG
line_02/2026-08-03/L02AAE100093.JPG,line_02,pcb2,2026-08-03,LOT-20260803-AAE,EQ-02-A,operation,normal,,pcb2/Data/Images/Normal/0697.JPG
line_02/2026-08-03/L02AAE100094.JPG,line_02,pcb2,2026-08-03,LOT-20260803-AAE,EQ-02-A,operation,normal,,pcb2/Data/Images/Normal/0140.JPG
line_02/2026-08-03/L02AAE100095.JPG,line_02,pcb2,2026-08-03,LOT-20260803-AAE,EQ-02-A,operation,normal,,pcb2/Data/Images/Normal/0643.JPG
line_02/2026-08-03/L02AAE100096.JPG,line_02,pcb2,2026-08-03,LOT-20260803-AAE,EQ-02-A,operation,normal,,pcb2/Data/Images/Normal/0099.JPG
line_02/2026-08-03/L02AAE100097.JPG,line_02,pcb2,2026-08-03,LOT-20260803-AAE,EQ-02-A,operation,normal,,pcb2/Data/Images/Normal/0642.JPG
line_02/2026-08-03/L02AAE100098.JPG,line_02,pcb2,2026-08-03,LOT-20260803-AAE,EQ-02-A,operation,defect,/Users/eundong/Library/CloudStorage/GoogleDrive-yidheld@gmail.com/내 드라이브/[Shared]SK_AI_Hackathon/archive/pcb2/Data/Masks/Anomaly/021.png,pcb2/Data/Images/Anomaly/021.JPG
line_02/2026-08-03/L02AAE100099.JPG,line_02,pcb2,2026-08-03,LOT-20260803-AAE,EQ-02-A,operation,normal,,pcb2/Data/Images/Normal/0661.JPG
line_02/2026-08-03/L02AAE100100.JPG,line_02,pcb2,2026-08-03,LOT-20260803-AAE,EQ-02-A,operation,defect,/Users/eundong/Library/CloudStorage/GoogleDrive-yidheld@gmail.com/내 드라이브/[Shared]SK_AI_Hackathon/archive/pcb2/Data/Masks/Anomaly/092.png,pcb2/Data/Images/Anomaly/092.JPG
line_02/2026-08-03/L02AAE100101.JPG,line_02,pcb2,2026-08-03,LOT-20260803-AAE,EQ-02-A,operation,normal,,pcb2/Data/Images/Normal/0040.JPG
line_02/2026-08-03/L02AAE100102.JPG,line_02,pcb2,2026-08-03,LOT-20260803-AAE,EQ-02-A,operation,normal,,pcb2/Data/Images/Normal/0316.JPG
line_02/2026-08-03/L02AAE100103.JPG,line_02,pcb2,2026-08-03,LOT-20260803-AAE,EQ-02-A,operation,normal,,pcb2/Data/Images/Normal/0451.JPG
line_02/2026-08-03/L02AAE100104.JPG,line_02,pcb2,2026-08-03,LOT-20260803-AAE,EQ-02-A,operation,normal,,pcb2/Data/Images/Normal/0034.JPG
line_02/2026-08-03/L02AAE100105.JPG,line_02,pcb2,2026-08-03,LOT-20260803-AAE,EQ-02-A,operation,normal,,pcb2/Data/Images/Normal/0922.JPG
line_02/2026-08-03/L02AAE100106.JPG,line_02,pcb2,2026-08-03,LOT-20260803-AAE,EQ-02-A,operation,normal,,pcb2/Data/Images/Normal/0373.JPG
line_02/2026-08-03/L02AAE100107.JPG,line_02,pcb2,2026-08-03,LOT-20260803-AAE,EQ-02-A,operation,normal,,pcb2/Data/Images/Normal/0993.JPG
line_02/2026-08-03/L02AAE100108.JPG,line_02,pcb2,2026-08-03,LOT-20260803-AAE,EQ-02-A,operation,normal,,pcb2/Data/Images/Normal/0836.JPG
line_02/2026-08-03/L02AAE100109.JPG,line_02,pcb2,2026-08-03,LOT-20260803-AAE,EQ-02-A,operation,normal,,pcb2/Data/Images/Normal/0763.JPG
line_02/2026-08-03/L02AAE100110.JPG,line_02,pcb2,2026-08-03,LOT-20260803-AAE,EQ-02-A,operation,normal,,pcb2/Data/Images/Normal/0334.JPG
line_02/2026-08-03/L02AAE100111.JPG,line_02,pcb2,2026-08-03,LOT-20260803-AAE,EQ-02-A,operation,normal,,pcb2/Data/Images/Normal/0956.JPG
line_02/2026-08-03/L02AAE100112.JPG,line_02,pcb2,2026-08-03,LOT-20260803-AAE,EQ-02-A,operation,normal,,pcb2/Data/Images/Normal/0936.JPG
line_02/2026-08-03/L02AAE100113.JPG,line_02,pcb2,2026-08-03,LOT-20260803-AAE,EQ-02-A,operation,normal,,pcb2/Data/Images/Normal/0205.JPG
line_02/2026-08-03/L02AAE100114.JPG,line_02,pcb2,2026-08-03,LOT-20260803-AAE,EQ-02-A,operation,normal,,pcb2/Data/Images/Normal/0135.JPG
line_02/2026-08-03/L02AAE100115.JPG,line_02,pcb2,2026-08-03,LOT-20260803-AAE,EQ-02-A,operation,normal,,pcb2/Data/Images/Normal/0552.JPG
line_03/2026-08-03/L03AAC100197.JPG,line_03,pcb3,2026-08-03,LOT-20260803-AAC,EQ-03-A,operation,normal,,pcb3/Data/Images/Normal/0751.JPG
line_03/2026-08-03/L03AAC100198.JPG,line_03,pcb3,2026-08-03,LOT-20260803-AAC,EQ-03-A,operation,normal,,pcb3/Data/Images/Normal/0353.JPG
line_03/2026-08-03/L03AAC100199.JPG,line_03,pcb3,2026-08-03,LOT-20260803-AAC,EQ-03-A,operation,normal,,pcb3/Data/Images/Normal/0408.JPG
line_03/2026-08-03/L03AAC100200.JPG,line_03,pcb3,2026-08-03,LOT-20260803-AAC,EQ-03-A,operation,normal,,pcb3/Data/Images/Normal/0133.JPG
line_03/2026-08-03/L03AAG100001.JPG,line_03,pcb3,2026-08-03,LOT-20260803-AAG,EQ-03-A,operation,normal,,pcb3/Data/Images/Normal/0778.JPG
line_03/2026-08-03/L03AAG100002.JPG,line_03,pcb3,2026-08-03,LOT-20260803-AAG,EQ-03-A,operation,normal,,pcb3/Data/Images/Normal/0379.JPG
line_03/2026-08-03/L03AAG100003.JPG,line_03,pcb3,2026-08-03,LOT-20260803-AAG,EQ-03-A,operation,normal,,pcb3/Data/Images/Normal/0527.JPG
line_03/2026-08-03/L03AAG100004.JPG,line_03,pcb3,2026-08-03,LOT-20260803-AAG,EQ-03-A,operation,normal,,pcb3/Data/Images/Normal/0575.JPG
line_03/2026-08-03/L03AAG100005.JPG,line_03,pcb3,2026-08-03,LOT-20260803-AAG,EQ-03-A,operation,normal,,pcb3/Data/Images/Normal/0108.JPG
line_03/2026-08-03/L03AAG100006.JPG,line_03,pcb3,2026-08-03,LOT-20260803-AAG,EQ-03-A,operation,normal,,pcb3/Data/Images/Normal/0870.JPG
line_03/2026-08-03/L03AAG100007.JPG,line_03,pcb3,2026-08-03,LOT-20260803-AAG,EQ-03-A,operation,normal,,pcb3/Data/Images/Normal/0247.JPG
line_03/2026-08-03/L03AAG100008.JPG,line_03,pcb3,2026-08-03,LOT-20260803-AAG,EQ-03-A,operation,normal,,pcb3/Data/Images/Normal/0929.JPG
line_03/2026-08-03/L03AAG100009.JPG,line_03,pcb3,2026-08-03,LOT-20260803-AAG,EQ-03-A,operation,normal,,pcb3/Data/Images/Normal/1001.JPG
line_03/2026-08-03/L03AAG100010.JPG,line_03,pcb3,2026-08-03,LOT-20260803-AAG,EQ-03-A,operation,normal,,pcb3/Data/Images/Normal/0273.JPG
line_03/2026-08-03/L03AAG100011.JPG,line_03,pcb3,2026-08-03,LOT-20260803-AAG,EQ-03-A,operation,defect,/Users/eundong/Library/CloudStorage/GoogleDrive-yidheld@gmail.com/내 드라이브/[Shared]SK_AI_Hackathon/archive/pcb3/Data/Masks/Anomaly/066.png,pcb3/Data/Images/Anomaly/066.JPG
line_03/2026-08-03/L03AAG100012.JPG,line_03,pcb3,2026-08-03,LOT-20260803-AAG,EQ-03-A,operation,normal,,pcb3/Data/Images/Normal/0930.JPG
line_03/2026-08-03/L03AAG100013.JPG,line_03,pcb3,2026-08-03,LOT-20260803-AAG,EQ-03-A,operation,normal,,pcb3/Data/Images/Normal/0253.JPG
line_03/2026-08-03/L03AAG100014.JPG,line_03,pcb3,2026-08-03,LOT-20260803-AAG,EQ-03-A,operation,defect,/Users/eundong/Library/CloudStorage/GoogleDrive-yidheld@gmail.com/내 드라이브/[Shared]SK_AI_Hackathon/archive/pcb3/Data/Masks/Anomaly/021.png,pcb3/Data/Images/Anomaly/021.JPG
line_03/2026-08-03/L03AAG100015.JPG,line_03,pcb3,2026-08-03,LOT-20260803-AAG,EQ-03-A,operation,normal,,pcb3/Data/Images/Normal/0144.JPG
line_03/2026-08-03/L03AAG100016.JPG,line_03,pcb3,2026-08-03,LOT-20260803-AAG,EQ-03-A,operation,normal,,pcb3/Data/Images/Normal/0099.JPG
line_03/2026-08-03/L03AAG100017.JPG,line_03,pcb3,2026-08-03,LOT-20260803-AAG,EQ-03-A,operation,normal,,pcb3/Data/Images/Normal/0051.JPG
line_03/2026-08-03/L03AAG100018.JPG,line_03,pcb3,2026-08-03,LOT-20260803-AAG,EQ-03-A,operation,defect,/Users/eundong/Library/CloudStorage/GoogleDrive-yidheld@gmail.com/내 드라이브/[Shared]SK_AI_Hackathon/archive/pcb3/Data/Masks/Anomaly/048.png,pcb3/Data/Images/Anomaly/048.JPG
line_03/2026-08-03/L03AAG100019.JPG,line_03,pcb3,2026-08-03,LOT-20260803-AAG,EQ-03-A,operation,normal,,pcb3/Data/Images/Normal/0981.JPG
line_03/2026-08-03/L03AAG100020.JPG,line_03,pcb3,2026-08-03,LOT-20260803-AAG,EQ-03-A,operation,normal,,pcb3/Data/Images/Normal/0393.JPG
line_03/2026-08-03/L03AAG100021.JPG,line_03,pcb3,2026-08-03,LOT-20260803-AAG,EQ-03-A,operation,normal,,pcb3/Data/Images/Normal/0630.JPG
line_03/2026-08-03/L03AAG100022.JPG,line_03,pcb3,2026-08-03,LOT-20260803-AAG,EQ-03-A,operation,normal,,pcb3/Data/Images/Normal/0428.JPG
line_03/2026-08-03/L03AAG100023.JPG,line_03,pcb3,2026-08-03,LOT-20260803-AAG,EQ-03-A,operation,defect,/Users/eundong/Library/CloudStorage/GoogleDrive-yidheld@gmail.com/내 드라이브/[Shared]SK_AI_Hackathon/archive/pcb3/Data/Masks/Anomaly/082.png,pcb3/Data/Images/Anomaly/082.JPG
line_03/2026-08-03/L03AAG100024.JPG,line_03,pcb3,2026-08-03,LOT-20260803-AAG,EQ-03-A,operation,normal,,pcb3/Data/Images/Normal/0254.JPG
line_03/2026-08-03/L03AAG100025.JPG,line_03,pcb3,2026-08-03,LOT-20260803-AAG,EQ-03-A,operation,normal,,pcb3/Data/Images/Normal/0163.JPG
line_03/2026-08-03/L03AAG100026.JPG,line_03,pcb3,2026-08-03,LOT-20260803-AAG,EQ-03-A,operation,normal,,pcb3/Data/Images/Normal/0335.JPG
line_03/2026-08-03/L03AAG100027.JPG,line_03,pcb3,2026-08-03,LOT-20260803-AAG,EQ-03-A,operation,normal,,pcb3/Data/Images/Normal/0591.JPG
line_03/2026-08-03/L03AAG100028.JPG,line_03,pcb3,2026-08-03,LOT-20260803-AAG,EQ-03-A,operation,normal,,pcb3/Data/Images/Normal/0738.JPG
line_03/2026-08-03/L03AAG100029.JPG,line_03,pcb3,2026-08-03,LOT-20260803-AAG,EQ-03-A,operation,normal,,pcb3/Data/Images/Normal/0828.JPG
line_03/2026-08-03/L03AAG100030.JPG,line_03,pcb3,2026-08-03,LOT-20260803-AAG,EQ-03-A,operation,normal,,pcb3/Data/Images/Normal/0194.JPG
line_03/2026-08-03/L03AAG100031.JPG,line_03,pcb3,2026-08-03,LOT-20260803-AAG,EQ-03-A,operation,normal,,pcb3/Data/Images/Normal/0781.JPG
line_03/2026-08-03/L03AAG100032.JPG,line_03,pcb3,2026-08-03,LOT-20260803-AAG,EQ-03-A,operation,normal,,pcb3/Data/Images/Normal/0801.JPG
line_03/2026-08-03/L03AAG100033.JPG,line_03,pcb3,2026-08-03,LOT-20260803-AAG,EQ-03-A,operation,normal,,pcb3/Data/Images/Normal/0510.JPG
line_03/2026-08-03/L03AAG100034.JPG,line_03,pcb3,2026-08-03,LOT-20260803-AAG,EQ-03-A,operation,normal,,pcb3/Data/Images/Normal/0819.JPG
line_03/2026-08-03/L03AAG100035.JPG,line_03,pcb3,2026-08-03,LOT-20260803-AAG,EQ-03-A,operation,normal,,pcb3/Data/Images/Normal/0954.JPG
line_03/2026-08-03/L03AAG100036.JPG,line_03,pcb3,2026-08-03,LOT-20260803-AAG,EQ-03-A,operation,normal,,pcb3/Data/Images/Normal/0793.JPG
line_03/2026-08-03/L03AAG100037.JPG,line_03,pcb3,2026-08-03,LOT-20260803-AAG,EQ-03-A,operation,normal,,pcb3/Data/Images/Normal/0315.JPG
line_03/2026-08-03/L03AAG100038.JPG,line_03,pcb3,2026-08-03,LOT-20260803-AAG,EQ-03-A,operation,defect,/Users/eundong/Library/CloudStorage/GoogleDrive-yidheld@gmail.com/내 드라이브/[Shared]SK_AI_Hackathon/archive/pcb3/Data/Masks/Anomaly/017.png,pcb3/Data/Images/Anomaly/017.JPG
line_03/2026-08-03/L03AAG100039.JPG,line_03,pcb3,2026-08-03,LOT-20260803-AAG,EQ-03-A,operation,normal,,pcb3/Data/Images/Normal/0854.JPG
line_03/2026-08-03/L03AAG100040.JPG,line_03,pcb3,2026-08-03,LOT-20260803-AAG,EQ-03-A,operation,normal,,pcb3/Data/Images/Normal/0023.JPG
line_03/2026-08-03/L03AAG100041.JPG,line_03,pcb3,2026-08-03,LOT-20260803-AAG,EQ-03-A,operation,normal,,pcb3/Data/Images/Normal/0092.JPG
line_03/2026-08-03/L03AAG100042.JPG,line_03,pcb3,2026-08-03,LOT-20260803-AAG,EQ-03-A,operation,normal,,pcb3/Data/Images/Normal/0402.JPG
line_03/2026-08-03/L03AAG100043.JPG,line_03,pcb3,2026-08-03,LOT-20260803-AAG,EQ-03-A,operation,normal,,pcb3/Data/Images/Normal/0517.JPG
line_03/2026-08-03/L03AAG100044.JPG,line_03,pcb3,2026-08-03,LOT-20260803-AAG,EQ-03-A,operation,normal,,pcb3/Data/Images/Normal/0468.JPG
line_03/2026-08-03/L03AAG100045.JPG,line_03,pcb3,2026-08-03,LOT-20260803-AAG,EQ-03-A,operation,normal,,pcb3/Data/Images/Normal/0246.JPG
line_03/2026-08-03/L03AAG100046.JPG,line_03,pcb3,2026-08-03,LOT-20260803-AAG,EQ-03-A,operation,normal,,pcb3/Data/Images/Normal/0220.JPG
line_03/2026-08-03/L03AAG100047.JPG,line_03,pcb3,2026-08-03,LOT-20260803-AAG,EQ-03-A,operation,normal,,pcb3/Data/Images/Normal/0597.JPG
line_03/2026-08-03/L03AAG100048.JPG,line_03,pcb3,2026-08-03,LOT-20260803-AAG,EQ-03-A,operation,normal,,pcb3/Data/Images/Normal/0361.JPG
line_03/2026-08-03/L03AAG100049.JPG,line_03,pcb3,2026-08-03,LOT-20260803-AAG,EQ-03-A,operation,defect,/Users/eundong/Library/CloudStorage/GoogleDrive-yidheld@gmail.com/내 드라이브/[Shared]SK_AI_Hackathon/archive/pcb3/Data/Masks/Anomaly/034.png,pcb3/Data/Images/Anomaly/034.JPG
line_03/2026-08-03/L03AAG100050.JPG,line_03,pcb3,2026-08-03,LOT-20260803-AAG,EQ-03-A,operation,normal,,pcb3/Data/Images/Normal/0049.JPG
line_03/2026-08-03/L03AAG100051.JPG,line_03,pcb3,2026-08-03,LOT-20260803-AAG,EQ-03-A,operation,normal,,pcb3/Data/Images/Normal/0807.JPG
line_03/2026-08-03/L03AAG100052.JPG,line_03,pcb3,2026-08-03,LOT-20260803-AAG,EQ-03-A,operation,normal,,pcb3/Data/Images/Normal/0288.JPG
line_03/2026-08-03/L03AAG100053.JPG,line_03,pcb3,2026-08-03,LOT-20260803-AAG,EQ-03-A,operation,normal,,pcb3/Data/Images/Normal/0506.JPG
line_03/2026-08-03/L03AAG100054.JPG,line_03,pcb3,2026-08-03,LOT-20260803-AAG,EQ-03-A,operation,normal,,pcb3/Data/Images/Normal/0611.JPG
line_03/2026-08-03/L03AAG100055.JPG,line_03,pcb3,2026-08-03,LOT-20260803-AAG,EQ-03-A,operation,normal,,pcb3/Data/Images/Normal/0669.JPG
line_03/2026-08-03/L03AAG100056.JPG,line_03,pcb3,2026-08-03,LOT-20260803-AAG,EQ-03-A,operation,defect,/Users/eundong/Library/CloudStorage/GoogleDrive-yidheld@gmail.com/내 드라이브/[Shared]SK_AI_Hackathon/archive/pcb3/Data/Masks/Anomaly/038.png,pcb3/Data/Images/Anomaly/038.JPG
line_03/2026-08-03/L03AAG100057.JPG,line_03,pcb3,2026-08-03,LOT-20260803-AAG,EQ-03-A,operation,normal,,pcb3/Data/Images/Normal/0688.JPG
line_03/2026-08-03/L03AAG100058.JPG,line_03,pcb3,2026-08-03,LOT-20260803-AAG,EQ-03-A,operation,normal,,pcb3/Data/Images/Normal/0481.JPG
line_03/2026-08-03/L03AAG100059.JPG,line_03,pcb3,2026-08-03,LOT-20260803-AAG,EQ-03-A,operation,normal,,pcb3/Data/Images/Normal/0292.JPG
line_03/2026-08-03/L03AAG100060.JPG,line_03,pcb3,2026-08-03,LOT-20260803-AAG,EQ-03-A,operation,normal,,pcb3/Data/Images/Normal/0549.JPG
line_03/2026-08-03/L03AAG100061.JPG,line_03,pcb3,2026-08-03,LOT-20260803-AAG,EQ-03-A,operation,normal,,pcb3/Data/Images/Normal/0008.JPG
line_03/2026-08-03/L03AAG100062.JPG,line_03,pcb3,2026-08-03,LOT-20260803-AAG,EQ-03-A,operation,normal,,pcb3/Data/Images/Normal/0110.JPG
line_03/2026-08-03/L03AAG100063.JPG,line_03,pcb3,2026-08-03,LOT-20260803-AAG,EQ-03-A,operation,normal,,pcb3/Data/Images/Normal/0441.JPG
line_03/2026-08-03/L03AAG100064.JPG,line_03,pcb3,2026-08-03,LOT-20260803-AAG,EQ-03-A,operation,normal,,pcb3/Data/Images/Normal/0137.JPG
line_03/2026-08-03/L03AAG100065.JPG,line_03,pcb3,2026-08-03,LOT-20260803-AAG,EQ-03-A,operation,normal,,pcb3/Data/Images/Normal/0270.JPG
line_03/2026-08-03/L03AAG100066.JPG,line_03,pcb3,2026-08-03,LOT-20260803-AAG,EQ-03-A,operation,normal,,pcb3/Data/Images/Normal/0744.JPG
line_03/2026-08-03/L03AAG100067.JPG,line_03,pcb3,2026-08-03,LOT-20260803-AAG,EQ-03-A,operation,normal,,pcb3/Data/Images/Normal/0374.JPG
line_03/2026-08-03/L03AAG100068.JPG,line_03,pcb3,2026-08-03,LOT-20260803-AAG,EQ-03-A,operation,defect,/Users/eundong/Library/CloudStorage/GoogleDrive-yidheld@gmail.com/내 드라이브/[Shared]SK_AI_Hackathon/archive/pcb3/Data/Masks/Anomaly/078.png,pcb3/Data/Images/Anomaly/078.JPG
line_03/2026-08-03/L03AAG100069.JPG,line_03,pcb3,2026-08-03,LOT-20260803-AAG,EQ-03-A,operation,normal,,pcb3/Data/Images/Normal/0412.JPG
line_03/2026-08-03/L03AAG100070.JPG,line_03,pcb3,2026-08-03,LOT-20260803-AAG,EQ-03-A,operation,normal,,pcb3/Data/Images/Normal/0762.JPG
line_03/2026-08-03/L03AAG100071.JPG,line_03,pcb3,2026-08-03,LOT-20260803-AAG,EQ-03-A,operation,normal,,pcb3/Data/Images/Normal/0867.JPG
line_03/2026-08-03/L03AAG100072.JPG,line_03,pcb3,2026-08-03,LOT-20260803-AAG,EQ-03-A,operation,normal,,pcb3/Data/Images/Normal/0410.JPG
line_03/2026-08-03/L03AAG100073.JPG,line_03,pcb3,2026-08-03,LOT-20260803-AAG,EQ-03-A,operation,normal,,pcb3/Data/Images/Normal/0052.JPG
line_03/2026-08-03/L03AAG100074.JPG,line_03,pcb3,2026-08-03,LOT-20260803-AAG,EQ-03-A,operation,normal,,pcb3/Data/Images/Normal/0583.JPG
line_03/2026-08-03/L03AAG100075.JPG,line_03,pcb3,2026-08-03,LOT-20260803-AAG,EQ-03-A,operation,defect,/Users/eundong/Library/CloudStorage/GoogleDrive-yidheld@gmail.com/내 드라이브/[Shared]SK_AI_Hackathon/archive/pcb3/Data/Masks/Anomaly/063.png,pcb3/Data/Images/Anomaly/063.JPG
line_03/2026-08-03/L03AAG100076.JPG,line_03,pcb3,2026-08-03,LOT-20260803-AAG,EQ-03-A,operation,normal,,pcb3/Data/Images/Normal/0818.JPG
line_03/2026-08-03/L03AAG100077.JPG,line_03,pcb3,2026-08-03,LOT-20260803-AAG,EQ-03-A,operation,normal,,pcb3/Data/Images/Normal/0199.JPG
line_03/2026-08-03/L03AAG100078.JPG,line_03,pcb3,2026-08-03,LOT-20260803-AAG,EQ-03-A,operation,normal,,pcb3/Data/Images/Normal/0371.JPG
line_03/2026-08-03/L03AAG100079.JPG,line_03,pcb3,2026-08-03,LOT-20260803-AAG,EQ-03-A,operation,normal,,pcb3/Data/Images/Normal/0566.JPG
line_03/2026-08-03/L03AAG100080.JPG,line_03,pcb3,2026-08-03,LOT-20260803-AAG,EQ-03-A,operation,normal,,pcb3/Data/Images/Normal/0295.JPG
line_03/2026-08-03/L03AAG100081.JPG,line_03,pcb3,2026-08-03,LOT-20260803-AAG,EQ-03-A,operation,normal,,pcb3/Data/Images/Normal/0931.JPG
line_03/2026-08-03/L03AAG100082.JPG,line_03,pcb3,2026-08-03,LOT-20260803-AAG,EQ-03-A,operation,normal,,pcb3/Data/Images/Normal/0395.JPG
line_03/2026-08-03/L03AAG100083.JPG,line_03,pcb3,2026-08-03,LOT-20260803-AAG,EQ-03-A,operation,defect,/Users/eundong/Library/CloudStorage/GoogleDrive-yidheld@gmail.com/내 드라이브/[Shared]SK_AI_Hackathon/archive/pcb3/Data/Masks/Anomaly/018.png,pcb3/Data/Images/Anomaly/018.JPG
line_03/2026-08-03/L03AAG100084.JPG,line_03,pcb3,2026-08-03,LOT-20260803-AAG,EQ-03-A,operation,normal,,pcb3/Data/Images/Normal/0516.JPG
line_03/2026-08-03/L03AAG100085.JPG,line_03,pcb3,2026-08-03,LOT-20260803-AAG,EQ-03-A,operation,defect,/Users/eundong/Library/CloudStorage/GoogleDrive-yidheld@gmail.com/내 드라이브/[Shared]SK_AI_Hackathon/archive/pcb3/Data/Masks/Anomaly/008.png,pcb3/Data/Images/Anomaly/008.JPG
line_03/2026-08-03/L03AAG100086.JPG,line_03,pcb3,2026-08-03,LOT-20260803-AAG,EQ-03-A,operation,normal,,pcb3/Data/Images/Normal/0461.JPG
line_03/2026-08-03/L03AAG100087.JPG,line_03,pcb3,2026-08-03,LOT-20260803-AAG,EQ-03-A,operation,normal,,pcb3/Data/Images/Normal/0983.JPG
line_03/2026-08-03/L03AAG100088.JPG,line_03,pcb3,2026-08-03,LOT-20260803-AAG,EQ-03-A,operation,normal,,pcb3/Data/Images/Normal/0286.JPG
line_03/2026-08-03/L03AAG100089.JPG,line_03,pcb3,2026-08-03,LOT-20260803-AAG,EQ-03-A,operation,normal,,pcb3/Data/Images/Normal/0638.JPG
line_03/2026-08-03/L03AAG100090.JPG,line_03,pcb3,2026-08-03,LOT-20260803-AAG,EQ-03-A,operation,normal,,pcb3/Data/Images/Normal/0928.JPG
line_03/2026-08-03/L03AAG100091.JPG,line_03,pcb3,2026-08-03,LOT-20260803-AAG,EQ-03-A,operation,normal,,pcb3/Data/Images/Normal/0625.JPG
line_03/2026-08-03/L03AAG100092.JPG,line_03,pcb3,2026-08-03,LOT-20260803-AAG,EQ-03-A,operation,normal,,pcb3/Data/Images/Normal/0121.JPG
line_03/2026-08-03/L03AAG100093.JPG,line_03,pcb3,2026-08-03,LOT-20260803-AAG,EQ-03-A,operation,normal,,pcb3/Data/Images/Normal/0925.JPG
line_03/2026-08-03/L03AAG100094.JPG,line_03,pcb3,2026-08-03,LOT-20260803-AAG,EQ-03-A,operation,normal,,pcb3/Data/Images/Normal/0808.JPG
line_03/2026-08-03/L03AAG100095.JPG,line_03,pcb3,2026-08-03,LOT-20260803-AAG,EQ-03-A,operation,defect,/Users/eundong/Library/CloudStorage/GoogleDrive-yidheld@gmail.com/내 드라이브/[Shared]SK_AI_Hackathon/archive/pcb3/Data/Masks/Anomaly/080.png,pcb3/Data/Images/Anomaly/080.JPG
line_03/2026-08-03/L03AAG100096.JPG,line_03,pcb3,2026-08-03,LOT-20260803-AAG,EQ-03-A,operation,normal,,pcb3/Data/Images/Normal/0403.JPG
line_03/2026-08-03/L03AAG100097.JPG,line_03,pcb3,2026-08-03,LOT-20260803-AAG,EQ-03-A,operation,normal,,pcb3/Data/Images/Normal/0382.JPG
line_03/2026-08-03/L03AAG100098.JPG,line_03,pcb3,2026-08-03,LOT-20260803-AAG,EQ-03-A,operation,normal,,pcb3/Data/Images/Normal/0347.JPG
line_03/2026-08-03/L03AAG100099.JPG,line_03,pcb3,2026-08-03,LOT-20260803-AAG,EQ-03-A,operation,normal,,pcb3/Data/Images/Normal/0571.JPG
line_03/2026-08-03/L03AAG100100.JPG,line_03,pcb3,2026-08-03,LOT-20260803-AAG,EQ-03-A,operation,normal,,pcb3/Data/Images/Normal/0760.JPG
line_03/2026-08-03/L03AAG100101.JPG,line_03,pcb3,2026-08-03,LOT-20260803-AAG,EQ-03-A,operation,normal,,pcb3/Data/Images/Normal/0991.JPG
line_03/2026-08-03/L03AAG100102.JPG,line_03,pcb3,2026-08-03,LOT-20260803-AAG,EQ-03-A,operation,normal,,pcb3/Data/Images/Normal/0203.JPG
line_03/2026-08-03/L03AAG100103.JPG,line_03,pcb3,2026-08-03,LOT-20260803-AAG,EQ-03-A,operation,defect,/Users/eundong/Library/CloudStorage/GoogleDrive-yidheld@gmail.com/내 드라이브/[Shared]SK_AI_Hackathon/archive/pcb3/Data/Masks/Anomaly/055.png,pcb3/Data/Images/Anomaly/055.JPG
line_04/2026-08-03/L04AAF100013.JPG,line_04,pcb4,2026-08-03,LOT-20260803-AAF,EQ-04-A,operation,normal,,pcb4/Data/Images/Normal/0835.JPG
line_04/2026-08-03/L04AAF100014.JPG,line_04,pcb4,2026-08-03,LOT-20260803-AAF,EQ-04-A,operation,normal,,pcb4/Data/Images/Normal/0986.JPG
line_04/2026-08-03/L04AAF100015.JPG,line_04,pcb4,2026-08-03,LOT-20260803-AAF,EQ-04-A,operation,normal,,pcb4/Data/Images/Normal/0610.JPG
line_04/2026-08-03/L04AAF100016.JPG,line_04,pcb4,2026-08-03,LOT-20260803-AAF,EQ-04-A,operation,normal,,pcb4/Data/Images/Normal/0141.JPG
line_04/2026-08-03/L04AAF100017.JPG,line_04,pcb4,2026-08-03,LOT-20260803-AAF,EQ-04-A,operation,normal,,pcb4/Data/Images/Normal/0588.JPG
line_04/2026-08-03/L04AAF100018.JPG,line_04,pcb4,2026-08-03,LOT-20260803-AAF,EQ-04-A,operation,normal,,pcb4/Data/Images/Normal/0392.JPG
line_04/2026-08-03/L04AAF100019.JPG,line_04,pcb4,2026-08-03,LOT-20260803-AAF,EQ-04-A,operation,normal,,pcb4/Data/Images/Normal/1001.JPG
line_04/2026-08-03/L04AAF100020.JPG,line_04,pcb4,2026-08-03,LOT-20260803-AAF,EQ-04-A,operation,normal,,pcb4/Data/Images/Normal/0875.JPG
line_04/2026-08-03/L04AAF100021.JPG,line_04,pcb4,2026-08-03,LOT-20260803-AAF,EQ-04-A,operation,normal,,pcb4/Data/Images/Normal/0498.JPG
line_04/2026-08-03/L04AAF100022.JPG,line_04,pcb4,2026-08-03,LOT-20260803-AAF,EQ-04-A,operation,normal,,pcb4/Data/Images/Normal/0650.JPG
line_04/2026-08-03/L04AAF100023.JPG,line_04,pcb4,2026-08-03,LOT-20260803-AAF,EQ-04-A,operation,normal,,pcb4/Data/Images/Normal/0550.JPG
line_04/2026-08-03/L04AAF100024.JPG,line_04,pcb4,2026-08-03,LOT-20260803-AAF,EQ-04-A,operation,normal,,pcb4/Data/Images/Normal/0983.JPG
line_04/2026-08-03/L04AAF100025.JPG,line_04,pcb4,2026-08-03,LOT-20260803-AAF,EQ-04-A,operation,normal,,pcb4/Data/Images/Normal/0962.JPG
line_04/2026-08-03/L04AAF100026.JPG,line_04,pcb4,2026-08-03,LOT-20260803-AAF,EQ-04-A,operation,normal,,pcb4/Data/Images/Normal/0177.JPG
line_04/2026-08-03/L04AAF100027.JPG,line_04,pcb4,2026-08-03,LOT-20260803-AAF,EQ-04-A,operation,normal,,pcb4/Data/Images/Normal/0568.JPG
line_04/2026-08-03/L04AAF100028.JPG,line_04,pcb4,2026-08-03,LOT-20260803-AAF,EQ-04-A,operation,normal,,pcb4/Data/Images/Normal/0967.JPG
line_04/2026-08-03/L04AAF100029.JPG,line_04,pcb4,2026-08-03,LOT-20260803-AAF,EQ-04-A,operation,normal,,pcb4/Data/Images/Normal/0840.JPG
line_04/2026-08-03/L04AAF100030.JPG,line_04,pcb4,2026-08-03,LOT-20260803-AAF,EQ-04-A,operation,normal,,pcb4/Data/Images/Normal/0295.JPG
line_04/2026-08-03/L04AAF100031.JPG,line_04,pcb4,2026-08-03,LOT-20260803-AAF,EQ-04-A,operation,normal,,pcb4/Data/Images/Normal/0143.JPG
line_04/2026-08-03/L04AAF100032.JPG,line_04,pcb4,2026-08-03,LOT-20260803-AAF,EQ-04-A,operation,normal,,pcb4/Data/Images/Normal/0848.JPG
line_04/2026-08-03/L04AAF100033.JPG,line_04,pcb4,2026-08-03,LOT-20260803-AAF,EQ-04-A,operation,normal,,pcb4/Data/Images/Normal/0322.JPG
line_04/2026-08-03/L04AAF100034.JPG,line_04,pcb4,2026-08-03,LOT-20260803-AAF,EQ-04-A,operation,normal,,pcb4/Data/Images/Normal/0461.JPG
line_04/2026-08-03/L04AAF100035.JPG,line_04,pcb4,2026-08-03,LOT-20260803-AAF,EQ-04-A,operation,normal,,pcb4/Data/Images/Normal/0634.JPG
line_04/2026-08-03/L04AAF100036.JPG,line_04,pcb4,2026-08-03,LOT-20260803-AAF,EQ-04-A,operation,normal,,pcb4/Data/Images/Normal/0054.JPG
line_04/2026-08-03/L04AAF100037.JPG,line_04,pcb4,2026-08-03,LOT-20260803-AAF,EQ-04-A,operation,normal,,pcb4/Data/Images/Normal/0367.JPG
line_04/2026-08-03/L04AAF100038.JPG,line_04,pcb4,2026-08-03,LOT-20260803-AAF,EQ-04-A,operation,normal,,pcb4/Data/Images/Normal/0009.JPG
line_04/2026-08-03/L04AAF100039.JPG,line_04,pcb4,2026-08-03,LOT-20260803-AAF,EQ-04-A,operation,normal,,pcb4/Data/Images/Normal/0496.JPG
line_04/2026-08-03/L04AAF100040.JPG,line_04,pcb4,2026-08-03,LOT-20260803-AAF,EQ-04-A,operation,normal,,pcb4/Data/Images/Normal/0139.JPG
line_04/2026-08-03/L04AAF100041.JPG,line_04,pcb4,2026-08-03,LOT-20260803-AAF,EQ-04-A,operation,normal,,pcb4/Data/Images/Normal/0199.JPG
line_04/2026-08-03/L04AAF100042.JPG,line_04,pcb4,2026-08-03,LOT-20260803-AAF,EQ-04-A,operation,normal,,pcb4/Data/Images/Normal/0393.JPG
line_04/2026-08-03/L04AAF100043.JPG,line_04,pcb4,2026-08-03,LOT-20260803-AAF,EQ-04-A,operation,normal,,pcb4/Data/Images/Normal/0575.JPG
line_04/2026-08-03/L04AAF100044.JPG,line_04,pcb4,2026-08-03,LOT-20260803-AAF,EQ-04-A,operation,normal,,pcb4/Data/Images/Normal/0517.JPG
line_04/2026-08-03/L04AAF100045.JPG,line_04,pcb4,2026-08-03,LOT-20260803-AAF,EQ-04-A,operation,normal,,pcb4/Data/Images/Normal/0668.JPG
line_04/2026-08-03/L04AAF100046.JPG,line_04,pcb4,2026-08-03,LOT-20260803-AAF,EQ-04-A,operation,normal,,pcb4/Data/Images/Normal/0506.JPG
line_04/2026-08-03/L04AAF100047.JPG,line_04,pcb4,2026-08-03,LOT-20260803-AAF,EQ-04-A,operation,defect,/Users/eundong/Library/CloudStorage/GoogleDrive-yidheld@gmail.com/내 드라이브/[Shared]SK_AI_Hackathon/archive/pcb4/Data/Masks/Anomaly/070.png,pcb4/Data/Images/Anomaly/070.JPG
line_04/2026-08-03/L04AAF100048.JPG,line_04,pcb4,2026-08-03,LOT-20260803-AAF,EQ-04-A,operation,normal,,pcb4/Data/Images/Normal/0418.JPG
line_04/2026-08-03/L04AAF100049.JPG,line_04,pcb4,2026-08-03,LOT-20260803-AAF,EQ-04-A,operation,defect,/Users/eundong/Library/CloudStorage/GoogleDrive-yidheld@gmail.com/내 드라이브/[Shared]SK_AI_Hackathon/archive/pcb4/Data/Masks/Anomaly/069.png,pcb4/Data/Images/Anomaly/069.JPG
line_04/2026-08-03/L04AAF100050.JPG,line_04,pcb4,2026-08-03,LOT-20260803-AAF,EQ-04-A,operation,normal,,pcb4/Data/Images/Normal/0701.JPG
line_04/2026-08-03/L04AAF100051.JPG,line_04,pcb4,2026-08-03,LOT-20260803-AAF,EQ-04-A,operation,normal,,pcb4/Data/Images/Normal/0503.JPG
line_04/2026-08-03/L04AAF100052.JPG,line_04,pcb4,2026-08-03,LOT-20260803-AAF,EQ-04-A,operation,normal,,pcb4/Data/Images/Normal/0926.JPG
line_04/2026-08-03/L04AAF100053.JPG,line_04,pcb4,2026-08-03,LOT-20260803-AAF,EQ-04-A,operation,defect,/Users/eundong/Library/CloudStorage/GoogleDrive-yidheld@gmail.com/내 드라이브/[Shared]SK_AI_Hackathon/archive/pcb4/Data/Masks/Anomaly/033.png,pcb4/Data/Images/Anomaly/033.JPG
line_04/2026-08-03/L04AAF100054.JPG,line_04,pcb4,2026-08-03,LOT-20260803-AAF,EQ-04-A,operation,normal,,pcb4/Data/Images/Normal/0900.JPG
line_04/2026-08-03/L04AAF100055.JPG,line_04,pcb4,2026-08-03,LOT-20260803-AAF,EQ-04-A,operation,normal,,pcb4/Data/Images/Normal/0454.JPG
line_04/2026-08-03/L04AAF100056.JPG,line_04,pcb4,2026-08-03,LOT-20260803-AAF,EQ-04-A,operation,normal,,pcb4/Data/Images/Normal/0500.JPG
line_04/2026-08-03/L04AAF100057.JPG,line_04,pcb4,2026-08-03,LOT-20260803-AAF,EQ-04-A,operation,defect,/Users/eundong/Library/CloudStorage/GoogleDrive-yidheld@gmail.com/내 드라이브/[Shared]SK_AI_Hackathon/archive/pcb4/Data/Masks/Anomaly/036.png,pcb4/Data/Images/Anomaly/036.JPG
line_04/2026-08-03/L04AAF100058.JPG,line_04,pcb4,2026-08-03,LOT-20260803-AAF,EQ-04-A,operation,normal,,pcb4/Data/Images/Normal/0171.JPG
line_04/2026-08-03/L04AAF100059.JPG,line_04,pcb4,2026-08-03,LOT-20260803-AAF,EQ-04-A,operation,normal,,pcb4/Data/Images/Normal/0084.JPG
line_04/2026-08-03/L04AAF100060.JPG,line_04,pcb4,2026-08-03,LOT-20260803-AAF,EQ-04-A,operation,normal,,pcb4/Data/Images/Normal/0578.JPG
line_04/2026-08-03/L04AAF100061.JPG,line_04,pcb4,2026-08-03,LOT-20260803-AAF,EQ-04-A,operation,normal,,pcb4/Data/Images/Normal/0031.JPG
line_04/2026-08-03/L04AAF100062.JPG,line_04,pcb4,2026-08-03,LOT-20260803-AAF,EQ-04-A,operation,normal,,pcb4/Data/Images/Normal/0225.JPG
line_04/2026-08-03/L04AAF100063.JPG,line_04,pcb4,2026-08-03,LOT-20260803-AAF,EQ-04-A,operation,normal,,pcb4/Data/Images/Normal/0299.JPG
line_04/2026-08-03/L04AAF100064.JPG,line_04,pcb4,2026-08-03,LOT-20260803-AAF,EQ-04-A,operation,normal,,pcb4/Data/Images/Normal/0033.JPG
line_04/2026-08-03/L04AAF100065.JPG,line_04,pcb4,2026-08-03,LOT-20260803-AAF,EQ-04-A,operation,normal,,pcb4/Data/Images/Normal/0281.JPG
line_04/2026-08-03/L04AAF100066.JPG,line_04,pcb4,2026-08-03,LOT-20260803-AAF,EQ-04-A,operation,normal,,pcb4/Data/Images/Normal/0230.JPG
line_04/2026-08-03/L04AAF100067.JPG,line_04,pcb4,2026-08-03,LOT-20260803-AAF,EQ-04-A,operation,normal,,pcb4/Data/Images/Normal/0796.JPG
line_04/2026-08-03/L04AAF100068.JPG,line_04,pcb4,2026-08-03,LOT-20260803-AAF,EQ-04-A,operation,normal,,pcb4/Data/Images/Normal/0789.JPG
line_04/2026-08-03/L04AAF100069.JPG,line_04,pcb4,2026-08-03,LOT-20260803-AAF,EQ-04-A,operation,normal,,pcb4/Data/Images/Normal/0172.JPG
line_04/2026-08-03/L04AAF100070.JPG,line_04,pcb4,2026-08-03,LOT-20260803-AAF,EQ-04-A,operation,normal,,pcb4/Data/Images/Normal/0855.JPG
line_04/2026-08-03/L04AAF100071.JPG,line_04,pcb4,2026-08-03,LOT-20260803-AAF,EQ-04-A,operation,normal,,pcb4/Data/Images/Normal/0579.JPG
line_04/2026-08-03/L04AAF100072.JPG,line_04,pcb4,2026-08-03,LOT-20260803-AAF,EQ-04-A,operation,normal,,pcb4/Data/Images/Normal/0507.JPG
line_04/2026-08-03/L04AAF100073.JPG,line_04,pcb4,2026-08-03,LOT-20260803-AAF,EQ-04-A,operation,normal,,pcb4/Data/Images/Normal/0562.JPG
line_04/2026-08-03/L04AAF100074.JPG,line_04,pcb4,2026-08-03,LOT-20260803-AAF,EQ-04-A,operation,normal,,pcb4/Data/Images/Normal/0807.JPG
line_04/2026-08-03/L04AAF100075.JPG,line_04,pcb4,2026-08-03,LOT-20260803-AAF,EQ-04-A,operation,normal,,pcb4/Data/Images/Normal/0115.JPG
line_04/2026-08-03/L04AAF100076.JPG,line_04,pcb4,2026-08-03,LOT-20260803-AAF,EQ-04-A,operation,normal,,pcb4/Data/Images/Normal/0586.JPG
line_04/2026-08-03/L04AAF100077.JPG,line_04,pcb4,2026-08-03,LOT-20260803-AAF,EQ-04-A,operation,normal,,pcb4/Data/Images/Normal/0979.JPG
line_04/2026-08-03/L04AAF100078.JPG,line_04,pcb4,2026-08-03,LOT-20260803-AAF,EQ-04-A,operation,normal,,pcb4/Data/Images/Normal/0274.JPG
line_04/2026-08-03/L04AAF100079.JPG,line_04,pcb4,2026-08-03,LOT-20260803-AAF,EQ-04-A,operation,normal,,pcb4/Data/Images/Normal/0985.JPG
line_04/2026-08-03/L04AAF100080.JPG,line_04,pcb4,2026-08-03,LOT-20260803-AAF,EQ-04-A,operation,normal,,pcb4/Data/Images/Normal/0375.JPG
line_04/2026-08-03/L04AAF100081.JPG,line_04,pcb4,2026-08-03,LOT-20260803-AAF,EQ-04-A,operation,normal,,pcb4/Data/Images/Normal/0555.JPG
line_04/2026-08-03/L04AAF100082.JPG,line_04,pcb4,2026-08-03,LOT-20260803-AAF,EQ-04-A,operation,normal,,pcb4/Data/Images/Normal/0042.JPG
line_04/2026-08-03/L04AAF100083.JPG,line_04,pcb4,2026-08-03,LOT-20260803-AAF,EQ-04-A,operation,normal,,pcb4/Data/Images/Normal/0736.JPG
line_04/2026-08-03/L04AAF100084.JPG,line_04,pcb4,2026-08-03,LOT-20260803-AAF,EQ-04-A,operation,normal,,pcb4/Data/Images/Normal/0451.JPG
line_04/2026-08-03/L04AAF100085.JPG,line_04,pcb4,2026-08-03,LOT-20260803-AAF,EQ-04-A,operation,normal,,pcb4/Data/Images/Normal/0559.JPG
line_04/2026-08-03/L04AAF100086.JPG,line_04,pcb4,2026-08-03,LOT-20260803-AAF,EQ-04-A,operation,normal,,pcb4/Data/Images/Normal/0223.JPG
line_04/2026-08-03/L04AAF100087.JPG,line_04,pcb4,2026-08-03,LOT-20260803-AAF,EQ-04-A,operation,normal,,pcb4/Data/Images/Normal/0435.JPG
line_04/2026-08-03/L04AAF100088.JPG,line_04,pcb4,2026-08-03,LOT-20260803-AAF,EQ-04-A,operation,normal,,pcb4/Data/Images/Normal/0923.JPG
line_04/2026-08-03/L04AAF100089.JPG,line_04,pcb4,2026-08-03,LOT-20260803-AAF,EQ-04-A,operation,normal,,pcb4/Data/Images/Normal/0669.JPG
line_04/2026-08-03/L04AAF100090.JPG,line_04,pcb4,2026-08-03,LOT-20260803-AAF,EQ-04-A,operation,normal,,pcb4/Data/Images/Normal/0253.JPG
line_04/2026-08-03/L04AAF100091.JPG,line_04,pcb4,2026-08-03,LOT-20260803-AAF,EQ-04-A,operation,normal,,pcb4/Data/Images/Normal/0822.JPG
line_04/2026-08-03/L04AAF100092.JPG,line_04,pcb4,2026-08-03,LOT-20260803-AAF,EQ-04-A,operation,normal,,pcb4/Data/Images/Normal/0759.JPG
line_04/2026-08-03/L04AAF100093.JPG,line_04,pcb4,2026-08-03,LOT-20260803-AAF,EQ-04-A,operation,normal,,pcb4/Data/Images/Normal/0866.JPG
line_04/2026-08-03/L04AAF100094.JPG,line_04,pcb4,2026-08-03,LOT-20260803-AAF,EQ-04-A,operation,normal,,pcb4/Data/Images/Normal/0269.JPG
line_04/2026-08-03/L04AAF100095.JPG,line_04,pcb4,2026-08-03,LOT-20260803-AAF,EQ-04-A,operation,normal,,pcb4/Data/Images/Normal/0830.JPG
line_04/2026-08-03/L04AAF100096.JPG,line_04,pcb4,2026-08-03,LOT-20260803-AAF,EQ-04-A,operation,normal,,pcb4/Data/Images/Normal/0089.JPG
line_04/2026-08-03/L04AAF100097.JPG,line_04,pcb4,2026-08-03,LOT-20260803-AAF,EQ-04-A,operation,normal,,pcb4/Data/Images/Normal/0449.JPG
line_04/2026-08-03/L04AAF100098.JPG,line_04,pcb4,2026-08-03,LOT-20260803-AAF,EQ-04-A,operation,normal,,pcb4/Data/Images/Normal/0854.JPG
line_04/2026-08-03/L04AAF100099.JPG,line_04,pcb4,2026-08-03,LOT-20260803-AAF,EQ-04-A,operation,normal,,pcb4/Data/Images/Normal/0242.JPG
line_04/2026-08-03/L04AAF100100.JPG,line_04,pcb4,2026-08-03,LOT-20260803-AAF,EQ-04-A,operation,normal,,pcb4/Data/Images/Normal/0214.JPG
line_04/2026-08-03/L04AAF100101.JPG,line_04,pcb4,2026-08-03,LOT-20260803-AAF,EQ-04-A,operation,normal,,pcb4/Data/Images/Normal/0935.JPG
line_04/2026-08-03/L04AAF100102.JPG,line_04,pcb4,2026-08-03,LOT-20260803-AAF,EQ-04-A,operation,normal,,pcb4/Data/Images/Normal/0705.JPG
line_04/2026-08-03/L04AAF100103.JPG,line_04,pcb4,2026-08-03,LOT-20260803-AAF,EQ-04-A,operation,normal,,pcb4/Data/Images/Normal/0359.JPG
line_04/2026-08-03/L04AAF100104.JPG,line_04,pcb4,2026-08-03,LOT-20260803-AAF,EQ-04-A,operation,normal,,pcb4/Data/Images/Normal/0624.JPG
line_04/2026-08-03/L04AAF100105.JPG,line_04,pcb4,2026-08-03,LOT-20260803-AAF,EQ-04-A,operation,normal,,pcb4/Data/Images/Normal/0647.JPG
line_04/2026-08-03/L04AAF100106.JPG,line_04,pcb4,2026-08-03,LOT-20260803-AAF,EQ-04-A,operation,normal,,pcb4/Data/Images/Normal/0438.JPG
line_04/2026-08-03/L04AAF100107.JPG,line_04,pcb4,2026-08-03,LOT-20260803-AAF,EQ-04-A,operation,normal,,pcb4/Data/Images/Normal/0169.JPG
line_04/2026-08-03/L04AAF100108.JPG,line_04,pcb4,2026-08-03,LOT-20260803-AAF,EQ-04-A,operation,normal,,pcb4/Data/Images/Normal/0630.JPG
line_04/2026-08-03/L04AAF100109.JPG,line_04,pcb4,2026-08-03,LOT-20260803-AAF,EQ-04-A,operation,defect,/Users/eundong/Library/CloudStorage/GoogleDrive-yidheld@gmail.com/내 드라이브/[Shared]SK_AI_Hackathon/archive/pcb4/Data/Masks/Anomaly/038.png,pcb4/Data/Images/Anomaly/038.JPG
line_04/2026-08-03/L04AAF100110.JPG,line_04,pcb4,2026-08-03,LOT-20260803-AAF,EQ-04-A,operation,normal,,pcb4/Data/Images/Normal/0142.JPG
line_01/2026-08-04/L01AAA100200.JPG,line_01,pcb1,2026-08-04,LOT-20260804-AAA,EQ-01-A,operation,normal,,pcb1/Data/Images/Normal/0768.JPG
line_01/2026-08-04/L01AAH100001.JPG,line_01,pcb1,2026-08-04,LOT-20260804-AAH,EQ-01-A,operation,normal,,pcb1/Data/Images/Normal/0903.JPG
line_01/2026-08-04/L01AAH100002.JPG,line_01,pcb1,2026-08-04,LOT-20260804-AAH,EQ-01-A,operation,normal,,pcb1/Data/Images/Normal/0787.JPG
line_01/2026-08-04/L01AAH100003.JPG,line_01,pcb1,2026-08-04,LOT-20260804-AAH,EQ-01-A,operation,normal,,pcb1/Data/Images/Normal/0656.JPG
line_01/2026-08-04/L01AAH100004.JPG,line_01,pcb1,2026-08-04,LOT-20260804-AAH,EQ-01-A,operation,normal,,pcb1/Data/Images/Normal/0959.JPG
line_01/2026-08-04/L01AAH100005.JPG,line_01,pcb1,2026-08-04,LOT-20260804-AAH,EQ-01-A,operation,normal,,pcb1/Data/Images/Normal/1002.JPG
line_01/2026-08-04/L01AAH100006.JPG,line_01,pcb1,2026-08-04,LOT-20260804-AAH,EQ-01-A,operation,normal,,pcb1/Data/Images/Normal/0935.JPG
line_01/2026-08-04/L01AAH100007.JPG,line_01,pcb1,2026-08-04,LOT-20260804-AAH,EQ-01-A,operation,defect,/Users/eundong/Library/CloudStorage/GoogleDrive-yidheld@gmail.com/내 드라이브/[Shared]SK_AI_Hackathon/archive/pcb1/Data/Masks/Anomaly/028.png,pcb1/Data/Images/Anomaly/028.JPG
line_01/2026-08-04/L01AAH100008.JPG,line_01,pcb1,2026-08-04,LOT-20260804-AAH,EQ-01-A,operation,normal,,pcb1/Data/Images/Normal/0445.JPG
line_01/2026-08-04/L01AAH100009.JPG,line_01,pcb1,2026-08-04,LOT-20260804-AAH,EQ-01-A,operation,normal,,pcb1/Data/Images/Normal/0161.JPG
line_01/2026-08-04/L01AAH100010.JPG,line_01,pcb1,2026-08-04,LOT-20260804-AAH,EQ-01-A,operation,normal,,pcb1/Data/Images/Normal/0912.JPG
line_01/2026-08-04/L01AAH100011.JPG,line_01,pcb1,2026-08-04,LOT-20260804-AAH,EQ-01-A,operation,normal,,pcb1/Data/Images/Normal/0003.JPG
line_01/2026-08-04/L01AAH100012.JPG,line_01,pcb1,2026-08-04,LOT-20260804-AAH,EQ-01-A,operation,normal,,pcb1/Data/Images/Normal/0739.JPG
line_01/2026-08-04/L01AAH100013.JPG,line_01,pcb1,2026-08-04,LOT-20260804-AAH,EQ-01-A,operation,normal,,pcb1/Data/Images/Normal/0736.JPG
line_01/2026-08-04/L01AAH100014.JPG,line_01,pcb1,2026-08-04,LOT-20260804-AAH,EQ-01-A,operation,normal,,pcb1/Data/Images/Normal/0853.JPG
line_01/2026-08-04/L01AAH100015.JPG,line_01,pcb1,2026-08-04,LOT-20260804-AAH,EQ-01-A,operation,normal,,pcb1/Data/Images/Normal/0512.JPG
line_01/2026-08-04/L01AAH100016.JPG,line_01,pcb1,2026-08-04,LOT-20260804-AAH,EQ-01-A,operation,normal,,pcb1/Data/Images/Normal/0780.JPG
line_01/2026-08-04/L01AAH100017.JPG,line_01,pcb1,2026-08-04,LOT-20260804-AAH,EQ-01-A,operation,normal,,pcb1/Data/Images/Normal/0182.JPG
line_01/2026-08-04/L01AAH100018.JPG,line_01,pcb1,2026-08-04,LOT-20260804-AAH,EQ-01-A,operation,normal,,pcb1/Data/Images/Normal/0519.JPG
line_01/2026-08-04/L01AAH100019.JPG,line_01,pcb1,2026-08-04,LOT-20260804-AAH,EQ-01-A,operation,normal,,pcb1/Data/Images/Normal/0108.JPG
line_01/2026-08-04/L01AAH100020.JPG,line_01,pcb1,2026-08-04,LOT-20260804-AAH,EQ-01-A,operation,normal,,pcb1/Data/Images/Normal/0640.JPG
line_01/2026-08-04/L01AAH100021.JPG,line_01,pcb1,2026-08-04,LOT-20260804-AAH,EQ-01-A,operation,normal,,pcb1/Data/Images/Normal/0305.JPG
line_01/2026-08-04/L01AAH100022.JPG,line_01,pcb1,2026-08-04,LOT-20260804-AAH,EQ-01-A,operation,normal,,pcb1/Data/Images/Normal/1003.JPG
line_01/2026-08-04/L01AAH100023.JPG,line_01,pcb1,2026-08-04,LOT-20260804-AAH,EQ-01-A,operation,normal,,pcb1/Data/Images/Normal/0800.JPG
line_01/2026-08-04/L01AAH100024.JPG,line_01,pcb1,2026-08-04,LOT-20260804-AAH,EQ-01-A,operation,normal,,pcb1/Data/Images/Normal/0898.JPG
line_01/2026-08-04/L01AAH100025.JPG,line_01,pcb1,2026-08-04,LOT-20260804-AAH,EQ-01-A,operation,defect,/Users/eundong/Library/CloudStorage/GoogleDrive-yidheld@gmail.com/내 드라이브/[Shared]SK_AI_Hackathon/archive/pcb1/Data/Masks/Anomaly/082.png,pcb1/Data/Images/Anomaly/082.JPG
line_01/2026-08-04/L01AAH100026.JPG,line_01,pcb1,2026-08-04,LOT-20260804-AAH,EQ-01-A,operation,normal,,pcb1/Data/Images/Normal/0977.JPG
line_01/2026-08-04/L01AAH100027.JPG,line_01,pcb1,2026-08-04,LOT-20260804-AAH,EQ-01-A,operation,normal,,pcb1/Data/Images/Normal/0838.JPG
line_01/2026-08-04/L01AAH100028.JPG,line_01,pcb1,2026-08-04,LOT-20260804-AAH,EQ-01-A,operation,normal,,pcb1/Data/Images/Normal/0382.JPG
line_01/2026-08-04/L01AAH100029.JPG,line_01,pcb1,2026-08-04,LOT-20260804-AAH,EQ-01-A,operation,normal,,pcb1/Data/Images/Normal/0802.JPG
line_01/2026-08-04/L01AAH100030.JPG,line_01,pcb1,2026-08-04,LOT-20260804-AAH,EQ-01-A,operation,normal,,pcb1/Data/Images/Normal/0165.JPG
line_01/2026-08-04/L01AAH100031.JPG,line_01,pcb1,2026-08-04,LOT-20260804-AAH,EQ-01-A,operation,defect,/Users/eundong/Library/CloudStorage/GoogleDrive-yidheld@gmail.com/내 드라이브/[Shared]SK_AI_Hackathon/archive/pcb1/Data/Masks/Anomaly/019.png,pcb1/Data/Images/Anomaly/019.JPG
line_01/2026-08-04/L01AAH100032.JPG,line_01,pcb1,2026-08-04,LOT-20260804-AAH,EQ-01-A,operation,normal,,pcb1/Data/Images/Normal/0552.JPG
line_01/2026-08-04/L01AAH100033.JPG,line_01,pcb1,2026-08-04,LOT-20260804-AAH,EQ-01-A,operation,normal,,pcb1/Data/Images/Normal/0543.JPG
line_01/2026-08-04/L01AAH100034.JPG,line_01,pcb1,2026-08-04,LOT-20260804-AAH,EQ-01-A,operation,normal,,pcb1/Data/Images/Normal/0000.JPG
line_01/2026-08-04/L01AAH100035.JPG,line_01,pcb1,2026-08-04,LOT-20260804-AAH,EQ-01-A,operation,normal,,pcb1/Data/Images/Normal/0613.JPG
line_01/2026-08-04/L01AAH100036.JPG,line_01,pcb1,2026-08-04,LOT-20260804-AAH,EQ-01-A,operation,normal,,pcb1/Data/Images/Normal/0331.JPG
line_01/2026-08-04/L01AAH100037.JPG,line_01,pcb1,2026-08-04,LOT-20260804-AAH,EQ-01-A,operation,defect,/Users/eundong/Library/CloudStorage/GoogleDrive-yidheld@gmail.com/내 드라이브/[Shared]SK_AI_Hackathon/archive/pcb1/Data/Masks/Anomaly/034.png,pcb1/Data/Images/Anomaly/034.JPG
line_01/2026-08-04/L01AAH100038.JPG,line_01,pcb1,2026-08-04,LOT-20260804-AAH,EQ-01-A,operation,normal,,pcb1/Data/Images/Normal/0500.JPG
line_01/2026-08-04/L01AAH100039.JPG,line_01,pcb1,2026-08-04,LOT-20260804-AAH,EQ-01-A,operation,normal,,pcb1/Data/Images/Normal/0019.JPG
line_01/2026-08-04/L01AAH100040.JPG,line_01,pcb1,2026-08-04,LOT-20260804-AAH,EQ-01-A,operation,normal,,pcb1/Data/Images/Normal/0812.JPG
line_01/2026-08-04/L01AAH100041.JPG,line_01,pcb1,2026-08-04,LOT-20260804-AAH,EQ-01-A,operation,normal,,pcb1/Data/Images/Normal/0371.JPG
line_01/2026-08-04/L01AAH100042.JPG,line_01,pcb1,2026-08-04,LOT-20260804-AAH,EQ-01-A,operation,normal,,pcb1/Data/Images/Normal/0314.JPG
line_01/2026-08-04/L01AAH100043.JPG,line_01,pcb1,2026-08-04,LOT-20260804-AAH,EQ-01-A,operation,normal,,pcb1/Data/Images/Normal/0245.JPG
line_01/2026-08-04/L01AAH100044.JPG,line_01,pcb1,2026-08-04,LOT-20260804-AAH,EQ-01-A,operation,normal,,pcb1/Data/Images/Normal/0059.JPG
line_01/2026-08-04/L01AAH100045.JPG,line_01,pcb1,2026-08-04,LOT-20260804-AAH,EQ-01-A,operation,normal,,pcb1/Data/Images/Normal/0246.JPG
line_01/2026-08-04/L01AAH100046.JPG,line_01,pcb1,2026-08-04,LOT-20260804-AAH,EQ-01-A,operation,normal,,pcb1/Data/Images/Normal/0869.JPG
line_01/2026-08-04/L01AAH100047.JPG,line_01,pcb1,2026-08-04,LOT-20260804-AAH,EQ-01-A,operation,normal,,pcb1/Data/Images/Normal/0937.JPG
line_01/2026-08-04/L01AAH100048.JPG,line_01,pcb1,2026-08-04,LOT-20260804-AAH,EQ-01-A,operation,normal,,pcb1/Data/Images/Normal/0087.JPG
line_01/2026-08-04/L01AAH100049.JPG,line_01,pcb1,2026-08-04,LOT-20260804-AAH,EQ-01-A,operation,normal,,pcb1/Data/Images/Normal/0749.JPG
line_01/2026-08-04/L01AAH100050.JPG,line_01,pcb1,2026-08-04,LOT-20260804-AAH,EQ-01-A,operation,defect,/Users/eundong/Library/CloudStorage/GoogleDrive-yidheld@gmail.com/내 드라이브/[Shared]SK_AI_Hackathon/archive/pcb1/Data/Masks/Anomaly/018.png,pcb1/Data/Images/Anomaly/018.JPG
line_01/2026-08-04/L01AAH100051.JPG,line_01,pcb1,2026-08-04,LOT-20260804-AAH,EQ-01-A,operation,normal,,pcb1/Data/Images/Normal/0497.JPG
line_01/2026-08-04/L01AAH100052.JPG,line_01,pcb1,2026-08-04,LOT-20260804-AAH,EQ-01-A,operation,normal,,pcb1/Data/Images/Normal/0070.JPG
line_01/2026-08-04/L01AAH100053.JPG,line_01,pcb1,2026-08-04,LOT-20260804-AAH,EQ-01-A,operation,normal,,pcb1/Data/Images/Normal/0545.JPG
line_01/2026-08-04/L01AAH100054.JPG,line_01,pcb1,2026-08-04,LOT-20260804-AAH,EQ-01-A,operation,normal,,pcb1/Data/Images/Normal/0128.JPG
line_01/2026-08-04/L01AAH100055.JPG,line_01,pcb1,2026-08-04,LOT-20260804-AAH,EQ-01-A,operation,normal,,pcb1/Data/Images/Normal/0131.JPG
line_01/2026-08-04/L01AAH100056.JPG,line_01,pcb1,2026-08-04,LOT-20260804-AAH,EQ-01-A,operation,normal,,pcb1/Data/Images/Normal/0675.JPG
line_01/2026-08-04/L01AAH100057.JPG,line_01,pcb1,2026-08-04,LOT-20260804-AAH,EQ-01-A,operation,normal,,pcb1/Data/Images/Normal/0486.JPG
line_01/2026-08-04/L01AAH100058.JPG,line_01,pcb1,2026-08-04,LOT-20260804-AAH,EQ-01-A,operation,normal,,pcb1/Data/Images/Normal/0562.JPG
line_01/2026-08-04/L01AAH100059.JPG,line_01,pcb1,2026-08-04,LOT-20260804-AAH,EQ-01-A,operation,normal,,pcb1/Data/Images/Normal/0169.JPG
line_01/2026-08-04/L01AAH100060.JPG,line_01,pcb1,2026-08-04,LOT-20260804-AAH,EQ-01-A,operation,normal,,pcb1/Data/Images/Normal/0859.JPG
line_01/2026-08-04/L01AAH100061.JPG,line_01,pcb1,2026-08-04,LOT-20260804-AAH,EQ-01-A,operation,normal,,pcb1/Data/Images/Normal/0540.JPG
line_01/2026-08-04/L01AAH100062.JPG,line_01,pcb1,2026-08-04,LOT-20260804-AAH,EQ-01-A,operation,normal,,pcb1/Data/Images/Normal/0621.JPG
line_01/2026-08-04/L01AAH100063.JPG,line_01,pcb1,2026-08-04,LOT-20260804-AAH,EQ-01-A,operation,normal,,pcb1/Data/Images/Normal/0433.JPG
line_01/2026-08-04/L01AAH100064.JPG,line_01,pcb1,2026-08-04,LOT-20260804-AAH,EQ-01-A,operation,normal,,pcb1/Data/Images/Normal/0870.JPG
line_01/2026-08-04/L01AAH100065.JPG,line_01,pcb1,2026-08-04,LOT-20260804-AAH,EQ-01-A,operation,normal,,pcb1/Data/Images/Normal/0788.JPG
line_01/2026-08-04/L01AAH100066.JPG,line_01,pcb1,2026-08-04,LOT-20260804-AAH,EQ-01-A,operation,normal,,pcb1/Data/Images/Normal/0942.JPG
line_01/2026-08-04/L01AAH100067.JPG,line_01,pcb1,2026-08-04,LOT-20260804-AAH,EQ-01-A,operation,normal,,pcb1/Data/Images/Normal/0706.JPG
line_01/2026-08-04/L01AAH100068.JPG,line_01,pcb1,2026-08-04,LOT-20260804-AAH,EQ-01-A,operation,normal,,pcb1/Data/Images/Normal/0205.JPG
line_01/2026-08-04/L01AAH100069.JPG,line_01,pcb1,2026-08-04,LOT-20260804-AAH,EQ-01-A,operation,normal,,pcb1/Data/Images/Normal/0730.JPG
line_01/2026-08-04/L01AAH100070.JPG,line_01,pcb1,2026-08-04,LOT-20260804-AAH,EQ-01-A,operation,normal,,pcb1/Data/Images/Normal/0319.JPG
line_01/2026-08-04/L01AAH100071.JPG,line_01,pcb1,2026-08-04,LOT-20260804-AAH,EQ-01-A,operation,defect,/Users/eundong/Library/CloudStorage/GoogleDrive-yidheld@gmail.com/내 드라이브/[Shared]SK_AI_Hackathon/archive/pcb1/Data/Masks/Anomaly/097.png,pcb1/Data/Images/Anomaly/097.JPG
line_01/2026-08-04/L01AAH100072.JPG,line_01,pcb1,2026-08-04,LOT-20260804-AAH,EQ-01-A,operation,normal,,pcb1/Data/Images/Normal/0848.JPG
line_01/2026-08-04/L01AAH100073.JPG,line_01,pcb1,2026-08-04,LOT-20260804-AAH,EQ-01-A,operation,normal,,pcb1/Data/Images/Normal/0687.JPG
line_01/2026-08-04/L01AAH100074.JPG,line_01,pcb1,2026-08-04,LOT-20260804-AAH,EQ-01-A,operation,normal,,pcb1/Data/Images/Normal/0975.JPG
line_01/2026-08-04/L01AAH100075.JPG,line_01,pcb1,2026-08-04,LOT-20260804-AAH,EQ-01-A,operation,defect,/Users/eundong/Library/CloudStorage/GoogleDrive-yidheld@gmail.com/내 드라이브/[Shared]SK_AI_Hackathon/archive/pcb1/Data/Masks/Anomaly/007.png,pcb1/Data/Images/Anomaly/007.JPG
line_01/2026-08-04/L01AAH100076.JPG,line_01,pcb1,2026-08-04,LOT-20260804-AAH,EQ-01-A,operation,normal,,pcb1/Data/Images/Normal/0921.JPG
line_01/2026-08-04/L01AAH100077.JPG,line_01,pcb1,2026-08-04,LOT-20260804-AAH,EQ-01-A,operation,normal,,pcb1/Data/Images/Normal/0448.JPG
line_01/2026-08-04/L01AAH100078.JPG,line_01,pcb1,2026-08-04,LOT-20260804-AAH,EQ-01-A,operation,normal,,pcb1/Data/Images/Normal/0529.JPG
line_01/2026-08-04/L01AAH100079.JPG,line_01,pcb1,2026-08-04,LOT-20260804-AAH,EQ-01-A,operation,normal,,pcb1/Data/Images/Normal/0462.JPG
line_01/2026-08-04/L01AAH100080.JPG,line_01,pcb1,2026-08-04,LOT-20260804-AAH,EQ-01-A,operation,normal,,pcb1/Data/Images/Normal/0123.JPG
line_01/2026-08-04/L01AAH100081.JPG,line_01,pcb1,2026-08-04,LOT-20260804-AAH,EQ-01-A,operation,normal,,pcb1/Data/Images/Normal/0253.JPG
line_01/2026-08-04/L01AAH100082.JPG,line_01,pcb1,2026-08-04,LOT-20260804-AAH,EQ-01-A,operation,defect,/Users/eundong/Library/CloudStorage/GoogleDrive-yidheld@gmail.com/내 드라이브/[Shared]SK_AI_Hackathon/archive/pcb1/Data/Masks/Anomaly/021.png,pcb1/Data/Images/Anomaly/021.JPG
line_01/2026-08-04/L01AAH100083.JPG,line_01,pcb1,2026-08-04,LOT-20260804-AAH,EQ-01-A,operation,defect,/Users/eundong/Library/CloudStorage/GoogleDrive-yidheld@gmail.com/내 드라이브/[Shared]SK_AI_Hackathon/archive/pcb1/Data/Masks/Anomaly/039.png,pcb1/Data/Images/Anomaly/039.JPG
line_01/2026-08-04/L01AAH100084.JPG,line_01,pcb1,2026-08-04,LOT-20260804-AAH,EQ-01-A,operation,normal,,pcb1/Data/Images/Normal/0230.JPG
line_01/2026-08-04/L01AAH100085.JPG,line_01,pcb1,2026-08-04,LOT-20260804-AAH,EQ-01-A,operation,normal,,pcb1/Data/Images/Normal/0831.JPG
line_01/2026-08-04/L01AAH100086.JPG,line_01,pcb1,2026-08-04,LOT-20260804-AAH,EQ-01-A,operation,normal,,pcb1/Data/Images/Normal/0346.JPG
line_01/2026-08-04/L01AAH100087.JPG,line_01,pcb1,2026-08-04,LOT-20260804-AAH,EQ-01-A,operation,normal,,pcb1/Data/Images/Normal/0021.JPG
line_01/2026-08-04/L01AAH100088.JPG,line_01,pcb1,2026-08-04,LOT-20260804-AAH,EQ-01-A,operation,normal,,pcb1/Data/Images/Normal/0602.JPG
line_01/2026-08-04/L01AAH100089.JPG,line_01,pcb1,2026-08-04,LOT-20260804-AAH,EQ-01-A,operation,normal,,pcb1/Data/Images/Normal/0567.JPG
line_01/2026-08-04/L01AAH100090.JPG,line_01,pcb1,2026-08-04,LOT-20260804-AAH,EQ-01-A,operation,normal,,pcb1/Data/Images/Normal/0235.JPG
line_01/2026-08-04/L01AAH100091.JPG,line_01,pcb1,2026-08-04,LOT-20260804-AAH,EQ-01-A,operation,normal,,pcb1/Data/Images/Normal/0821.JPG
line_01/2026-08-04/L01AAH100092.JPG,line_01,pcb1,2026-08-04,LOT-20260804-AAH,EQ-01-A,operation,normal,,pcb1/Data/Images/Normal/0971.JPG
line_01/2026-08-04/L01AAH100093.JPG,line_01,pcb1,2026-08-04,LOT-20260804-AAH,EQ-01-A,operation,normal,,pcb1/Data/Images/Normal/0007.JPG
line_01/2026-08-04/L01AAH100094.JPG,line_01,pcb1,2026-08-04,LOT-20260804-AAH,EQ-01-A,operation,normal,,pcb1/Data/Images/Normal/0072.JPG
line_01/2026-08-04/L01AAH100095.JPG,line_01,pcb1,2026-08-04,LOT-20260804-AAH,EQ-01-A,operation,normal,,pcb1/Data/Images/Normal/0724.JPG
line_01/2026-08-04/L01AAH100096.JPG,line_01,pcb1,2026-08-04,LOT-20260804-AAH,EQ-01-A,operation,normal,,pcb1/Data/Images/Normal/0646.JPG
line_01/2026-08-04/L01AAH100097.JPG,line_01,pcb1,2026-08-04,LOT-20260804-AAH,EQ-01-A,operation,normal,,pcb1/Data/Images/Normal/0060.JPG
line_01/2026-08-04/L01AAH100098.JPG,line_01,pcb1,2026-08-04,LOT-20260804-AAH,EQ-01-A,operation,normal,,pcb1/Data/Images/Normal/0878.JPG
line_01/2026-08-04/L01AAH100099.JPG,line_01,pcb1,2026-08-04,LOT-20260804-AAH,EQ-01-A,operation,normal,,pcb1/Data/Images/Normal/0069.JPG
line_01/2026-08-04/L01AAH100100.JPG,line_01,pcb1,2026-08-04,LOT-20260804-AAH,EQ-01-A,operation,normal,,pcb1/Data/Images/Normal/0876.JPG
line_01/2026-08-04/L01AAH100101.JPG,line_01,pcb1,2026-08-04,LOT-20260804-AAH,EQ-01-A,operation,normal,,pcb1/Data/Images/Normal/0338.JPG
line_01/2026-08-04/L01AAH100102.JPG,line_01,pcb1,2026-08-04,LOT-20260804-AAH,EQ-01-A,operation,normal,,pcb1/Data/Images/Normal/0732.JPG
line_01/2026-08-04/L01AAH100103.JPG,line_01,pcb1,2026-08-04,LOT-20260804-AAH,EQ-01-A,operation,normal,,pcb1/Data/Images/Normal/0526.JPG
line_01/2026-08-04/L01AAH100104.JPG,line_01,pcb1,2026-08-04,LOT-20260804-AAH,EQ-01-A,operation,defect,/Users/eundong/Library/CloudStorage/GoogleDrive-yidheld@gmail.com/내 드라이브/[Shared]SK_AI_Hackathon/archive/pcb1/Data/Masks/Anomaly/076.png,pcb1/Data/Images/Anomaly/076.JPG
line_01/2026-08-04/L01AAH100105.JPG,line_01,pcb1,2026-08-04,LOT-20260804-AAH,EQ-01-A,operation,normal,,pcb1/Data/Images/Normal/0243.JPG
line_02/2026-08-04/L02AAE100116.JPG,line_02,pcb2,2026-08-04,LOT-20260804-AAE,EQ-02-A,operation,normal,,pcb2/Data/Images/Normal/0374.JPG
line_02/2026-08-04/L02AAE100117.JPG,line_02,pcb2,2026-08-04,LOT-20260804-AAE,EQ-02-A,operation,normal,,pcb2/Data/Images/Normal/0814.JPG
line_02/2026-08-04/L02AAE100118.JPG,line_02,pcb2,2026-08-04,LOT-20260804-AAE,EQ-02-A,operation,normal,,pcb2/Data/Images/Normal/0513.JPG
line_02/2026-08-04/L02AAE100119.JPG,line_02,pcb2,2026-08-04,LOT-20260804-AAE,EQ-02-A,operation,normal,,pcb2/Data/Images/Normal/0957.JPG
line_02/2026-08-04/L02AAE100120.JPG,line_02,pcb2,2026-08-04,LOT-20260804-AAE,EQ-02-A,operation,normal,,pcb2/Data/Images/Normal/0168.JPG
line_02/2026-08-04/L02AAE100121.JPG,line_02,pcb2,2026-08-04,LOT-20260804-AAE,EQ-02-A,operation,normal,,pcb2/Data/Images/Normal/0263.JPG
line_02/2026-08-04/L02AAE100122.JPG,line_02,pcb2,2026-08-04,LOT-20260804-AAE,EQ-02-A,operation,normal,,pcb2/Data/Images/Normal/0493.JPG
line_02/2026-08-04/L02AAE100123.JPG,line_02,pcb2,2026-08-04,LOT-20260804-AAE,EQ-02-A,operation,normal,,pcb2/Data/Images/Normal/0980.JPG
line_02/2026-08-04/L02AAE100124.JPG,line_02,pcb2,2026-08-04,LOT-20260804-AAE,EQ-02-A,operation,normal,,pcb2/Data/Images/Normal/0971.JPG
line_02/2026-08-04/L02AAE100125.JPG,line_02,pcb2,2026-08-04,LOT-20260804-AAE,EQ-02-A,operation,normal,,pcb2/Data/Images/Normal/0117.JPG
line_02/2026-08-04/L02AAE100126.JPG,line_02,pcb2,2026-08-04,LOT-20260804-AAE,EQ-02-A,operation,normal,,pcb2/Data/Images/Normal/0479.JPG
line_02/2026-08-04/L02AAE100127.JPG,line_02,pcb2,2026-08-04,LOT-20260804-AAE,EQ-02-A,operation,normal,,pcb2/Data/Images/Normal/0077.JPG
line_02/2026-08-04/L02AAE100128.JPG,line_02,pcb2,2026-08-04,LOT-20260804-AAE,EQ-02-A,operation,normal,,pcb2/Data/Images/Normal/0144.JPG
line_02/2026-08-04/L02AAE100129.JPG,line_02,pcb2,2026-08-04,LOT-20260804-AAE,EQ-02-A,operation,normal,,pcb2/Data/Images/Normal/0231.JPG
line_02/2026-08-04/L02AAE100130.JPG,line_02,pcb2,2026-08-04,LOT-20260804-AAE,EQ-02-A,operation,normal,,pcb2/Data/Images/Normal/0692.JPG
line_02/2026-08-04/L02AAE100131.JPG,line_02,pcb2,2026-08-04,LOT-20260804-AAE,EQ-02-A,operation,normal,,pcb2/Data/Images/Normal/0962.JPG
line_02/2026-08-04/L02AAE100132.JPG,line_02,pcb2,2026-08-04,LOT-20260804-AAE,EQ-02-A,operation,normal,,pcb2/Data/Images/Normal/0406.JPG
line_02/2026-08-04/L02AAE100133.JPG,line_02,pcb2,2026-08-04,LOT-20260804-AAE,EQ-02-A,operation,normal,,pcb2/Data/Images/Normal/0570.JPG
line_02/2026-08-04/L02AAE100134.JPG,line_02,pcb2,2026-08-04,LOT-20260804-AAE,EQ-02-A,operation,normal,,pcb2/Data/Images/Normal/0719.JPG
line_02/2026-08-04/L02AAE100135.JPG,line_02,pcb2,2026-08-04,LOT-20260804-AAE,EQ-02-A,operation,normal,,pcb2/Data/Images/Normal/0727.JPG
line_02/2026-08-04/L02AAE100136.JPG,line_02,pcb2,2026-08-04,LOT-20260804-AAE,EQ-02-A,operation,normal,,pcb2/Data/Images/Normal/0404.JPG
line_02/2026-08-04/L02AAE100137.JPG,line_02,pcb2,2026-08-04,LOT-20260804-AAE,EQ-02-A,operation,normal,,pcb2/Data/Images/Normal/0976.JPG
line_02/2026-08-04/L02AAE100138.JPG,line_02,pcb2,2026-08-04,LOT-20260804-AAE,EQ-02-A,operation,defect,/Users/eundong/Library/CloudStorage/GoogleDrive-yidheld@gmail.com/내 드라이브/[Shared]SK_AI_Hackathon/archive/pcb2/Data/Masks/Anomaly/044.png,pcb2/Data/Images/Anomaly/044.JPG
line_02/2026-08-04/L02AAE100139.JPG,line_02,pcb2,2026-08-04,LOT-20260804-AAE,EQ-02-A,operation,normal,,pcb2/Data/Images/Normal/0270.JPG
line_02/2026-08-04/L02AAE100140.JPG,line_02,pcb2,2026-08-04,LOT-20260804-AAE,EQ-02-A,operation,defect,/Users/eundong/Library/CloudStorage/GoogleDrive-yidheld@gmail.com/내 드라이브/[Shared]SK_AI_Hackathon/archive/pcb2/Data/Masks/Anomaly/079.png,pcb2/Data/Images/Anomaly/079.JPG
line_02/2026-08-04/L02AAE100141.JPG,line_02,pcb2,2026-08-04,LOT-20260804-AAE,EQ-02-A,operation,normal,,pcb2/Data/Images/Normal/0549.JPG
line_02/2026-08-04/L02AAE100142.JPG,line_02,pcb2,2026-08-04,LOT-20260804-AAE,EQ-02-A,operation,normal,,pcb2/Data/Images/Normal/0126.JPG
line_02/2026-08-04/L02AAE100143.JPG,line_02,pcb2,2026-08-04,LOT-20260804-AAE,EQ-02-A,operation,normal,,pcb2/Data/Images/Normal/0465.JPG
line_02/2026-08-04/L02AAE100144.JPG,line_02,pcb2,2026-08-04,LOT-20260804-AAE,EQ-02-A,operation,normal,,pcb2/Data/Images/Normal/0377.JPG
line_02/2026-08-04/L02AAE100145.JPG,line_02,pcb2,2026-08-04,LOT-20260804-AAE,EQ-02-A,operation,normal,,pcb2/Data/Images/Normal/0688.JPG
line_02/2026-08-04/L02AAE100146.JPG,line_02,pcb2,2026-08-04,LOT-20260804-AAE,EQ-02-A,operation,normal,,pcb2/Data/Images/Normal/0705.JPG
line_02/2026-08-04/L02AAE100147.JPG,line_02,pcb2,2026-08-04,LOT-20260804-AAE,EQ-02-A,operation,defect,/Users/eundong/Library/CloudStorage/GoogleDrive-yidheld@gmail.com/내 드라이브/[Shared]SK_AI_Hackathon/archive/pcb2/Data/Masks/Anomaly/005.png,pcb2/Data/Images/Anomaly/005.JPG
line_02/2026-08-04/L02AAE100148.JPG,line_02,pcb2,2026-08-04,LOT-20260804-AAE,EQ-02-A,operation,normal,,pcb2/Data/Images/Normal/0268.JPG
line_02/2026-08-04/L02AAE100149.JPG,line_02,pcb2,2026-08-04,LOT-20260804-AAE,EQ-02-A,operation,normal,,pcb2/Data/Images/Normal/0598.JPG
line_02/2026-08-04/L02AAE100150.JPG,line_02,pcb2,2026-08-04,LOT-20260804-AAE,EQ-02-A,operation,normal,,pcb2/Data/Images/Normal/0769.JPG
line_02/2026-08-04/L02AAE100151.JPG,line_02,pcb2,2026-08-04,LOT-20260804-AAE,EQ-02-A,operation,normal,,pcb2/Data/Images/Normal/0796.JPG
line_02/2026-08-04/L02AAE100152.JPG,line_02,pcb2,2026-08-04,LOT-20260804-AAE,EQ-02-A,operation,normal,,pcb2/Data/Images/Normal/0380.JPG
line_02/2026-08-04/L02AAE100153.JPG,line_02,pcb2,2026-08-04,LOT-20260804-AAE,EQ-02-A,operation,defect,/Users/eundong/Library/CloudStorage/GoogleDrive-yidheld@gmail.com/내 드라이브/[Shared]SK_AI_Hackathon/archive/pcb2/Data/Masks/Anomaly/046.png,pcb2/Data/Images/Anomaly/046.JPG
line_02/2026-08-04/L02AAE100154.JPG,line_02,pcb2,2026-08-04,LOT-20260804-AAE,EQ-02-A,operation,normal,,pcb2/Data/Images/Normal/0110.JPG
line_02/2026-08-04/L02AAE100155.JPG,line_02,pcb2,2026-08-04,LOT-20260804-AAE,EQ-02-A,operation,normal,,pcb2/Data/Images/Normal/0942.JPG
line_02/2026-08-04/L02AAE100156.JPG,line_02,pcb2,2026-08-04,LOT-20260804-AAE,EQ-02-A,operation,normal,,pcb2/Data/Images/Normal/0482.JPG
line_02/2026-08-04/L02AAE100157.JPG,line_02,pcb2,2026-08-04,LOT-20260804-AAE,EQ-02-A,operation,normal,,pcb2/Data/Images/Normal/0025.JPG
line_02/2026-08-04/L02AAE100158.JPG,line_02,pcb2,2026-08-04,LOT-20260804-AAE,EQ-02-A,operation,normal,,pcb2/Data/Images/Normal/0804.JPG
line_02/2026-08-04/L02AAE100159.JPG,line_02,pcb2,2026-08-04,LOT-20260804-AAE,EQ-02-A,operation,normal,,pcb2/Data/Images/Normal/0574.JPG
line_02/2026-08-04/L02AAE100160.JPG,line_02,pcb2,2026-08-04,LOT-20260804-AAE,EQ-02-A,operation,normal,,pcb2/Data/Images/Normal/0335.JPG
line_02/2026-08-04/L02AAE100161.JPG,line_02,pcb2,2026-08-04,LOT-20260804-AAE,EQ-02-A,operation,normal,,pcb2/Data/Images/Normal/0932.JPG
line_02/2026-08-04/L02AAE100162.JPG,line_02,pcb2,2026-08-04,LOT-20260804-AAE,EQ-02-A,operation,normal,,pcb2/Data/Images/Normal/0226.JPG
line_02/2026-08-04/L02AAE100163.JPG,line_02,pcb2,2026-08-04,LOT-20260804-AAE,EQ-02-A,operation,normal,,pcb2/Data/Images/Normal/0966.JPG
line_02/2026-08-04/L02AAE100164.JPG,line_02,pcb2,2026-08-04,LOT-20260804-AAE,EQ-02-A,operation,normal,,pcb2/Data/Images/Normal/0064.JPG
line_02/2026-08-04/L02AAE100165.JPG,line_02,pcb2,2026-08-04,LOT-20260804-AAE,EQ-02-A,operation,normal,,pcb2/Data/Images/Normal/0650.JPG
line_02/2026-08-04/L02AAE100166.JPG,line_02,pcb2,2026-08-04,LOT-20260804-AAE,EQ-02-A,operation,normal,,pcb2/Data/Images/Normal/0475.JPG
line_02/2026-08-04/L02AAE100167.JPG,line_02,pcb2,2026-08-04,LOT-20260804-AAE,EQ-02-A,operation,normal,,pcb2/Data/Images/Normal/0775.JPG
line_02/2026-08-04/L02AAE100168.JPG,line_02,pcb2,2026-08-04,LOT-20260804-AAE,EQ-02-A,operation,normal,,pcb2/Data/Images/Normal/0664.JPG
line_02/2026-08-04/L02AAE100169.JPG,line_02,pcb2,2026-08-04,LOT-20260804-AAE,EQ-02-A,operation,normal,,pcb2/Data/Images/Normal/0418.JPG
line_02/2026-08-04/L02AAE100170.JPG,line_02,pcb2,2026-08-04,LOT-20260804-AAE,EQ-02-A,operation,normal,,pcb2/Data/Images/Normal/0119.JPG
line_02/2026-08-04/L02AAE100171.JPG,line_02,pcb2,2026-08-04,LOT-20260804-AAE,EQ-02-A,operation,normal,,pcb2/Data/Images/Normal/0143.JPG
line_02/2026-08-04/L02AAE100172.JPG,line_02,pcb2,2026-08-04,LOT-20260804-AAE,EQ-02-A,operation,normal,,pcb2/Data/Images/Normal/0046.JPG
line_02/2026-08-04/L02AAE100173.JPG,line_02,pcb2,2026-08-04,LOT-20260804-AAE,EQ-02-A,operation,normal,,pcb2/Data/Images/Normal/0038.JPG
line_02/2026-08-04/L02AAE100174.JPG,line_02,pcb2,2026-08-04,LOT-20260804-AAE,EQ-02-A,operation,normal,,pcb2/Data/Images/Normal/0311.JPG
line_02/2026-08-04/L02AAE100175.JPG,line_02,pcb2,2026-08-04,LOT-20260804-AAE,EQ-02-A,operation,normal,,pcb2/Data/Images/Normal/0504.JPG
line_02/2026-08-04/L02AAE100176.JPG,line_02,pcb2,2026-08-04,LOT-20260804-AAE,EQ-02-A,operation,defect,/Users/eundong/Library/CloudStorage/GoogleDrive-yidheld@gmail.com/내 드라이브/[Shared]SK_AI_Hackathon/archive/pcb2/Data/Masks/Anomaly/080.png,pcb2/Data/Images/Anomaly/080.JPG
line_02/2026-08-04/L02AAE100177.JPG,line_02,pcb2,2026-08-04,LOT-20260804-AAE,EQ-02-A,operation,normal,,pcb2/Data/Images/Normal/0118.JPG
line_02/2026-08-04/L02AAE100178.JPG,line_02,pcb2,2026-08-04,LOT-20260804-AAE,EQ-02-A,operation,normal,,pcb2/Data/Images/Normal/0737.JPG
line_02/2026-08-04/L02AAE100179.JPG,line_02,pcb2,2026-08-04,LOT-20260804-AAE,EQ-02-A,operation,normal,,pcb2/Data/Images/Normal/0842.JPG
line_02/2026-08-04/L02AAE100180.JPG,line_02,pcb2,2026-08-04,LOT-20260804-AAE,EQ-02-A,operation,normal,,pcb2/Data/Images/Normal/0550.JPG
line_02/2026-08-04/L02AAE100181.JPG,line_02,pcb2,2026-08-04,LOT-20260804-AAE,EQ-02-A,operation,normal,,pcb2/Data/Images/Normal/0138.JPG
line_02/2026-08-04/L02AAE100182.JPG,line_02,pcb2,2026-08-04,LOT-20260804-AAE,EQ-02-A,operation,normal,,pcb2/Data/Images/Normal/0397.JPG
line_02/2026-08-04/L02AAE100183.JPG,line_02,pcb2,2026-08-04,LOT-20260804-AAE,EQ-02-A,operation,normal,,pcb2/Data/Images/Normal/0464.JPG
line_02/2026-08-04/L02AAE100184.JPG,line_02,pcb2,2026-08-04,LOT-20260804-AAE,EQ-02-A,operation,normal,,pcb2/Data/Images/Normal/0379.JPG
line_02/2026-08-04/L02AAE100185.JPG,line_02,pcb2,2026-08-04,LOT-20260804-AAE,EQ-02-A,operation,defect,/Users/eundong/Library/CloudStorage/GoogleDrive-yidheld@gmail.com/내 드라이브/[Shared]SK_AI_Hackathon/archive/pcb2/Data/Masks/Anomaly/058.png,pcb2/Data/Images/Anomaly/058.JPG
line_02/2026-08-04/L02AAE100186.JPG,line_02,pcb2,2026-08-04,LOT-20260804-AAE,EQ-02-A,operation,normal,,pcb2/Data/Images/Normal/0553.JPG
line_02/2026-08-04/L02AAE100187.JPG,line_02,pcb2,2026-08-04,LOT-20260804-AAE,EQ-02-A,operation,normal,,pcb2/Data/Images/Normal/0429.JPG
line_02/2026-08-04/L02AAE100188.JPG,line_02,pcb2,2026-08-04,LOT-20260804-AAE,EQ-02-A,operation,normal,,pcb2/Data/Images/Normal/0782.JPG
line_02/2026-08-04/L02AAE100189.JPG,line_02,pcb2,2026-08-04,LOT-20260804-AAE,EQ-02-A,operation,normal,,pcb2/Data/Images/Normal/0866.JPG
line_02/2026-08-04/L02AAE100190.JPG,line_02,pcb2,2026-08-04,LOT-20260804-AAE,EQ-02-A,operation,normal,,pcb2/Data/Images/Normal/0970.JPG
line_02/2026-08-04/L02AAE100191.JPG,line_02,pcb2,2026-08-04,LOT-20260804-AAE,EQ-02-A,operation,normal,,pcb2/Data/Images/Normal/0101.JPG
line_02/2026-08-04/L02AAE100192.JPG,line_02,pcb2,2026-08-04,LOT-20260804-AAE,EQ-02-A,operation,normal,,pcb2/Data/Images/Normal/0920.JPG
line_02/2026-08-04/L02AAE100193.JPG,line_02,pcb2,2026-08-04,LOT-20260804-AAE,EQ-02-A,operation,normal,,pcb2/Data/Images/Normal/0630.JPG
line_02/2026-08-04/L02AAE100194.JPG,line_02,pcb2,2026-08-04,LOT-20260804-AAE,EQ-02-A,operation,normal,,pcb2/Data/Images/Normal/0974.JPG
line_02/2026-08-04/L02AAE100195.JPG,line_02,pcb2,2026-08-04,LOT-20260804-AAE,EQ-02-A,operation,normal,,pcb2/Data/Images/Normal/0286.JPG
line_02/2026-08-04/L02AAE100196.JPG,line_02,pcb2,2026-08-04,LOT-20260804-AAE,EQ-02-A,operation,normal,,pcb2/Data/Images/Normal/0033.JPG
line_02/2026-08-04/L02AAE100197.JPG,line_02,pcb2,2026-08-04,LOT-20260804-AAE,EQ-02-A,operation,normal,,pcb2/Data/Images/Normal/0656.JPG
line_02/2026-08-04/L02AAE100198.JPG,line_02,pcb2,2026-08-04,LOT-20260804-AAE,EQ-02-A,operation,normal,,pcb2/Data/Images/Normal/0222.JPG
line_02/2026-08-04/L02AAE100199.JPG,line_02,pcb2,2026-08-04,LOT-20260804-AAE,EQ-02-A,operation,normal,,pcb2/Data/Images/Normal/0829.JPG
line_02/2026-08-04/L02AAE100200.JPG,line_02,pcb2,2026-08-04,LOT-20260804-AAE,EQ-02-A,operation,normal,,pcb2/Data/Images/Normal/0455.JPG
line_02/2026-08-04/L02AAI100001.JPG,line_02,pcb2,2026-08-04,LOT-20260804-AAI,EQ-02-A,operation,normal,,pcb2/Data/Images/Normal/0241.JPG
line_02/2026-08-04/L02AAI100002.JPG,line_02,pcb2,2026-08-04,LOT-20260804-AAI,EQ-02-A,operation,normal,,pcb2/Data/Images/Normal/0371.JPG
line_02/2026-08-04/L02AAI100003.JPG,line_02,pcb2,2026-08-04,LOT-20260804-AAI,EQ-02-A,operation,normal,,pcb2/Data/Images/Normal/0761.JPG
line_02/2026-08-04/L02AAI100004.JPG,line_02,pcb2,2026-08-04,LOT-20260804-AAI,EQ-02-A,operation,normal,,pcb2/Data/Images/Normal/0376.JPG
line_02/2026-08-04/L02AAI100005.JPG,line_02,pcb2,2026-08-04,LOT-20260804-AAI,EQ-02-A,operation,normal,,pcb2/Data/Images/Normal/0557.JPG
line_02/2026-08-04/L02AAI100006.JPG,line_02,pcb2,2026-08-04,LOT-20260804-AAI,EQ-02-A,operation,normal,,pcb2/Data/Images/Normal/0767.JPG
line_02/2026-08-04/L02AAI100007.JPG,line_02,pcb2,2026-08-04,LOT-20260804-AAI,EQ-02-A,operation,normal,,pcb2/Data/Images/Normal/0062.JPG
line_02/2026-08-04/L02AAI100008.JPG,line_02,pcb2,2026-08-04,LOT-20260804-AAI,EQ-02-A,operation,normal,,pcb2/Data/Images/Normal/0858.JPG
line_02/2026-08-04/L02AAI100009.JPG,line_02,pcb2,2026-08-04,LOT-20260804-AAI,EQ-02-A,operation,normal,,pcb2/Data/Images/Normal/0938.JPG
line_02/2026-08-04/L02AAI100010.JPG,line_02,pcb2,2026-08-04,LOT-20260804-AAI,EQ-02-A,operation,normal,,pcb2/Data/Images/Normal/0746.JPG
line_02/2026-08-04/L02AAI100011.JPG,line_02,pcb2,2026-08-04,LOT-20260804-AAI,EQ-02-A,operation,normal,,pcb2/Data/Images/Normal/0125.JPG
line_02/2026-08-04/L02AAI100012.JPG,line_02,pcb2,2026-08-04,LOT-20260804-AAI,EQ-02-A,operation,normal,,pcb2/Data/Images/Normal/0926.JPG
line_02/2026-08-04/L02AAI100013.JPG,line_02,pcb2,2026-08-04,LOT-20260804-AAI,EQ-02-A,operation,normal,,pcb2/Data/Images/Normal/0093.JPG
line_02/2026-08-04/L02AAI100014.JPG,line_02,pcb2,2026-08-04,LOT-20260804-AAI,EQ-02-A,operation,normal,,pcb2/Data/Images/Normal/0217.JPG
line_03/2026-08-04/L03AAG100104.JPG,line_03,pcb3,2026-08-04,LOT-20260804-AAG,EQ-03-A,operation,normal,,pcb3/Data/Images/Normal/0616.JPG
line_03/2026-08-04/L03AAG100105.JPG,line_03,pcb3,2026-08-04,LOT-20260804-AAG,EQ-03-A,operation,normal,,pcb3/Data/Images/Normal/0521.JPG
line_03/2026-08-04/L03AAG100106.JPG,line_03,pcb3,2026-08-04,LOT-20260804-AAG,EQ-03-A,operation,normal,,pcb3/Data/Images/Normal/0411.JPG
line_03/2026-08-04/L03AAG100107.JPG,line_03,pcb3,2026-08-04,LOT-20260804-AAG,EQ-03-A,operation,normal,,pcb3/Data/Images/Normal/0512.JPG
line_03/2026-08-04/L03AAG100108.JPG,line_03,pcb3,2026-08-04,LOT-20260804-AAG,EQ-03-A,operation,normal,,pcb3/Data/Images/Normal/0041.JPG
line_03/2026-08-04/L03AAG100109.JPG,line_03,pcb3,2026-08-04,LOT-20260804-AAG,EQ-03-A,operation,defect,/Users/eundong/Library/CloudStorage/GoogleDrive-yidheld@gmail.com/내 드라이브/[Shared]SK_AI_Hackathon/archive/pcb3/Data/Masks/Anomaly/035.png,pcb3/Data/Images/Anomaly/035.JPG
line_03/2026-08-04/L03AAG100110.JPG,line_03,pcb3,2026-08-04,LOT-20260804-AAG,EQ-03-A,operation,defect,/Users/eundong/Library/CloudStorage/GoogleDrive-yidheld@gmail.com/내 드라이브/[Shared]SK_AI_Hackathon/archive/pcb3/Data/Masks/Anomaly/053.png,pcb3/Data/Images/Anomaly/053.JPG
line_03/2026-08-04/L03AAG100111.JPG,line_03,pcb3,2026-08-04,LOT-20260804-AAG,EQ-03-A,operation,normal,,pcb3/Data/Images/Normal/0759.JPG
line_03/2026-08-04/L03AAG100112.JPG,line_03,pcb3,2026-08-04,LOT-20260804-AAG,EQ-03-A,operation,normal,,pcb3/Data/Images/Normal/0039.JPG
line_03/2026-08-04/L03AAG100113.JPG,line_03,pcb3,2026-08-04,LOT-20260804-AAG,EQ-03-A,operation,normal,,pcb3/Data/Images/Normal/0140.JPG
line_03/2026-08-04/L03AAG100114.JPG,line_03,pcb3,2026-08-04,LOT-20260804-AAG,EQ-03-A,operation,normal,,pcb3/Data/Images/Normal/0341.JPG
line_03/2026-08-04/L03AAG100115.JPG,line_03,pcb3,2026-08-04,LOT-20260804-AAG,EQ-03-A,operation,normal,,pcb3/Data/Images/Normal/0485.JPG
line_03/2026-08-04/L03AAG100116.JPG,line_03,pcb3,2026-08-04,LOT-20260804-AAG,EQ-03-A,operation,normal,,pcb3/Data/Images/Normal/0900.JPG
line_03/2026-08-04/L03AAG100117.JPG,line_03,pcb3,2026-08-04,LOT-20260804-AAG,EQ-03-A,operation,normal,,pcb3/Data/Images/Normal/0467.JPG
line_03/2026-08-04/L03AAG100118.JPG,line_03,pcb3,2026-08-04,LOT-20260804-AAG,EQ-03-A,operation,normal,,pcb3/Data/Images/Normal/0152.JPG
line_03/2026-08-04/L03AAG100119.JPG,line_03,pcb3,2026-08-04,LOT-20260804-AAG,EQ-03-A,operation,normal,,pcb3/Data/Images/Normal/0620.JPG
line_03/2026-08-04/L03AAG100120.JPG,line_03,pcb3,2026-08-04,LOT-20260804-AAG,EQ-03-A,operation,normal,,pcb3/Data/Images/Normal/0792.JPG
line_03/2026-08-04/L03AAG100121.JPG,line_03,pcb3,2026-08-04,LOT-20260804-AAG,EQ-03-A,operation,normal,,pcb3/Data/Images/Normal/0143.JPG
line_03/2026-08-04/L03AAG100122.JPG,line_03,pcb3,2026-08-04,LOT-20260804-AAG,EQ-03-A,operation,normal,,pcb3/Data/Images/Normal/0800.JPG
line_03/2026-08-04/L03AAG100123.JPG,line_03,pcb3,2026-08-04,LOT-20260804-AAG,EQ-03-A,operation,defect,/Users/eundong/Library/CloudStorage/GoogleDrive-yidheld@gmail.com/내 드라이브/[Shared]SK_AI_Hackathon/archive/pcb3/Data/Masks/Anomaly/077.png,pcb3/Data/Images/Anomaly/077.JPG
line_03/2026-08-04/L03AAG100124.JPG,line_03,pcb3,2026-08-04,LOT-20260804-AAG,EQ-03-A,operation,defect,/Users/eundong/Library/CloudStorage/GoogleDrive-yidheld@gmail.com/내 드라이브/[Shared]SK_AI_Hackathon/archive/pcb3/Data/Masks/Anomaly/061.png,pcb3/Data/Images/Anomaly/061.JPG
line_03/2026-08-04/L03AAG100125.JPG,line_03,pcb3,2026-08-04,LOT-20260804-AAG,EQ-03-A,operation,normal,,pcb3/Data/Images/Normal/0627.JPG
line_03/2026-08-04/L03AAG100126.JPG,line_03,pcb3,2026-08-04,LOT-20260804-AAG,EQ-03-A,operation,normal,,pcb3/Data/Images/Normal/0816.JPG
line_03/2026-08-04/L03AAG100127.JPG,line_03,pcb3,2026-08-04,LOT-20260804-AAG,EQ-03-A,operation,normal,,pcb3/Data/Images/Normal/0166.JPG
line_03/2026-08-04/L03AAG100128.JPG,line_03,pcb3,2026-08-04,LOT-20260804-AAG,EQ-03-A,operation,normal,,pcb3/Data/Images/Normal/0860.JPG
line_03/2026-08-04/L03AAG100129.JPG,line_03,pcb3,2026-08-04,LOT-20260804-AAG,EQ-03-A,operation,normal,,pcb3/Data/Images/Normal/0631.JPG
line_03/2026-08-04/L03AAG100130.JPG,line_03,pcb3,2026-08-04,LOT-20260804-AAG,EQ-03-A,operation,normal,,pcb3/Data/Images/Normal/0306.JPG
line_03/2026-08-04/L03AAG100131.JPG,line_03,pcb3,2026-08-04,LOT-20260804-AAG,EQ-03-A,operation,normal,,pcb3/Data/Images/Normal/0607.JPG
line_03/2026-08-04/L03AAG100132.JPG,line_03,pcb3,2026-08-04,LOT-20260804-AAG,EQ-03-A,operation,normal,,pcb3/Data/Images/Normal/0344.JPG
line_03/2026-08-04/L03AAG100133.JPG,line_03,pcb3,2026-08-04,LOT-20260804-AAG,EQ-03-A,operation,normal,,pcb3/Data/Images/Normal/0519.JPG
line_03/2026-08-04/L03AAG100134.JPG,line_03,pcb3,2026-08-04,LOT-20260804-AAG,EQ-03-A,operation,normal,,pcb3/Data/Images/Normal/0994.JPG
line_03/2026-08-04/L03AAG100135.JPG,line_03,pcb3,2026-08-04,LOT-20260804-AAG,EQ-03-A,operation,defect,/Users/eundong/Library/CloudStorage/GoogleDrive-yidheld@gmail.com/내 드라이브/[Shared]SK_AI_Hackathon/archive/pcb3/Data/Masks/Anomaly/009.png,pcb3/Data/Images/Anomaly/009.JPG
line_03/2026-08-04/L03AAG100136.JPG,line_03,pcb3,2026-08-04,LOT-20260804-AAG,EQ-03-A,operation,normal,,pcb3/Data/Images/Normal/0545.JPG
line_03/2026-08-04/L03AAG100137.JPG,line_03,pcb3,2026-08-04,LOT-20260804-AAG,EQ-03-A,operation,normal,,pcb3/Data/Images/Normal/0501.JPG
line_03/2026-08-04/L03AAG100138.JPG,line_03,pcb3,2026-08-04,LOT-20260804-AAG,EQ-03-A,operation,normal,,pcb3/Data/Images/Normal/0576.JPG
line_03/2026-08-04/L03AAG100139.JPG,line_03,pcb3,2026-08-04,LOT-20260804-AAG,EQ-03-A,operation,normal,,pcb3/Data/Images/Normal/0709.JPG
line_03/2026-08-04/L03AAG100140.JPG,line_03,pcb3,2026-08-04,LOT-20260804-AAG,EQ-03-A,operation,normal,,pcb3/Data/Images/Normal/0486.JPG
line_03/2026-08-04/L03AAG100141.JPG,line_03,pcb3,2026-08-04,LOT-20260804-AAG,EQ-03-A,operation,normal,,pcb3/Data/Images/Normal/0017.JPG
line_03/2026-08-04/L03AAG100142.JPG,line_03,pcb3,2026-08-04,LOT-20260804-AAG,EQ-03-A,operation,normal,,pcb3/Data/Images/Normal/0955.JPG
line_03/2026-08-04/L03AAG100143.JPG,line_03,pcb3,2026-08-04,LOT-20260804-AAG,EQ-03-A,operation,normal,,pcb3/Data/Images/Normal/0339.JPG
line_03/2026-08-04/L03AAG100144.JPG,line_03,pcb3,2026-08-04,LOT-20260804-AAG,EQ-03-A,operation,normal,,pcb3/Data/Images/Normal/0689.JPG
line_03/2026-08-04/L03AAG100145.JPG,line_03,pcb3,2026-08-04,LOT-20260804-AAG,EQ-03-A,operation,normal,,pcb3/Data/Images/Normal/0112.JPG
line_03/2026-08-04/L03AAG100146.JPG,line_03,pcb3,2026-08-04,LOT-20260804-AAG,EQ-03-A,operation,normal,,pcb3/Data/Images/Normal/0858.JPG
line_03/2026-08-04/L03AAG100147.JPG,line_03,pcb3,2026-08-04,LOT-20260804-AAG,EQ-03-A,operation,normal,,pcb3/Data/Images/Normal/0780.JPG
line_03/2026-08-04/L03AAG100148.JPG,line_03,pcb3,2026-08-04,LOT-20260804-AAG,EQ-03-A,operation,normal,,pcb3/Data/Images/Normal/0989.JPG
line_03/2026-08-04/L03AAG100149.JPG,line_03,pcb3,2026-08-04,LOT-20260804-AAG,EQ-03-A,operation,normal,,pcb3/Data/Images/Normal/0644.JPG
line_03/2026-08-04/L03AAG100150.JPG,line_03,pcb3,2026-08-04,LOT-20260804-AAG,EQ-03-A,operation,normal,,pcb3/Data/Images/Normal/0027.JPG
line_03/2026-08-04/L03AAG100151.JPG,line_03,pcb3,2026-08-04,LOT-20260804-AAG,EQ-03-A,operation,normal,,pcb3/Data/Images/Normal/0774.JPG
line_03/2026-08-04/L03AAG100152.JPG,line_03,pcb3,2026-08-04,LOT-20260804-AAG,EQ-03-A,operation,normal,,pcb3/Data/Images/Normal/0722.JPG
line_03/2026-08-04/L03AAG100153.JPG,line_03,pcb3,2026-08-04,LOT-20260804-AAG,EQ-03-A,operation,normal,,pcb3/Data/Images/Normal/0863.JPG
line_03/2026-08-04/L03AAG100154.JPG,line_03,pcb3,2026-08-04,LOT-20260804-AAG,EQ-03-A,operation,normal,,pcb3/Data/Images/Normal/0671.JPG
line_03/2026-08-04/L03AAG100155.JPG,line_03,pcb3,2026-08-04,LOT-20260804-AAG,EQ-03-A,operation,normal,,pcb3/Data/Images/Normal/0592.JPG
line_03/2026-08-04/L03AAG100156.JPG,line_03,pcb3,2026-08-04,LOT-20260804-AAG,EQ-03-A,operation,normal,,pcb3/Data/Images/Normal/0799.JPG
line_03/2026-08-04/L03AAG100157.JPG,line_03,pcb3,2026-08-04,LOT-20260804-AAG,EQ-03-A,operation,normal,,pcb3/Data/Images/Normal/0233.JPG
line_03/2026-08-04/L03AAG100158.JPG,line_03,pcb3,2026-08-04,LOT-20260804-AAG,EQ-03-A,operation,normal,,pcb3/Data/Images/Normal/0757.JPG
line_03/2026-08-04/L03AAG100159.JPG,line_03,pcb3,2026-08-04,LOT-20260804-AAG,EQ-03-A,operation,normal,,pcb3/Data/Images/Normal/0693.JPG
line_03/2026-08-04/L03AAG100160.JPG,line_03,pcb3,2026-08-04,LOT-20260804-AAG,EQ-03-A,operation,normal,,pcb3/Data/Images/Normal/0491.JPG
line_03/2026-08-04/L03AAG100161.JPG,line_03,pcb3,2026-08-04,LOT-20260804-AAG,EQ-03-A,operation,normal,,pcb3/Data/Images/Normal/0174.JPG
line_03/2026-08-04/L03AAG100162.JPG,line_03,pcb3,2026-08-04,LOT-20260804-AAG,EQ-03-A,operation,normal,,pcb3/Data/Images/Normal/0536.JPG
line_03/2026-08-04/L03AAG100163.JPG,line_03,pcb3,2026-08-04,LOT-20260804-AAG,EQ-03-A,operation,normal,,pcb3/Data/Images/Normal/0691.JPG
line_03/2026-08-04/L03AAG100164.JPG,line_03,pcb3,2026-08-04,LOT-20260804-AAG,EQ-03-A,operation,normal,,pcb3/Data/Images/Normal/0634.JPG
line_03/2026-08-04/L03AAG100165.JPG,line_03,pcb3,2026-08-04,LOT-20260804-AAG,EQ-03-A,operation,normal,,pcb3/Data/Images/Normal/0389.JPG
line_03/2026-08-04/L03AAG100166.JPG,line_03,pcb3,2026-08-04,LOT-20260804-AAG,EQ-03-A,operation,normal,,pcb3/Data/Images/Normal/0151.JPG
line_03/2026-08-04/L03AAG100167.JPG,line_03,pcb3,2026-08-04,LOT-20260804-AAG,EQ-03-A,operation,normal,,pcb3/Data/Images/Normal/0248.JPG
line_03/2026-08-04/L03AAG100168.JPG,line_03,pcb3,2026-08-04,LOT-20260804-AAG,EQ-03-A,operation,normal,,pcb3/Data/Images/Normal/0032.JPG
line_03/2026-08-04/L03AAG100169.JPG,line_03,pcb3,2026-08-04,LOT-20260804-AAG,EQ-03-A,operation,defect,/Users/eundong/Library/CloudStorage/GoogleDrive-yidheld@gmail.com/내 드라이브/[Shared]SK_AI_Hackathon/archive/pcb3/Data/Masks/Anomaly/046.png,pcb3/Data/Images/Anomaly/046.JPG
line_03/2026-08-04/L03AAG100170.JPG,line_03,pcb3,2026-08-04,LOT-20260804-AAG,EQ-03-A,operation,normal,,pcb3/Data/Images/Normal/0956.JPG
line_03/2026-08-04/L03AAG100171.JPG,line_03,pcb3,2026-08-04,LOT-20260804-AAG,EQ-03-A,operation,normal,,pcb3/Data/Images/Normal/0695.JPG
line_03/2026-08-04/L03AAG100172.JPG,line_03,pcb3,2026-08-04,LOT-20260804-AAG,EQ-03-A,operation,normal,,pcb3/Data/Images/Normal/0195.JPG
line_03/2026-08-04/L03AAG100173.JPG,line_03,pcb3,2026-08-04,LOT-20260804-AAG,EQ-03-A,operation,normal,,pcb3/Data/Images/Normal/0019.JPG
line_03/2026-08-04/L03AAG100174.JPG,line_03,pcb3,2026-08-04,LOT-20260804-AAG,EQ-03-A,operation,normal,,pcb3/Data/Images/Normal/0451.JPG
line_03/2026-08-04/L03AAG100175.JPG,line_03,pcb3,2026-08-04,LOT-20260804-AAG,EQ-03-A,operation,normal,,pcb3/Data/Images/Normal/0321.JPG
line_03/2026-08-04/L03AAG100176.JPG,line_03,pcb3,2026-08-04,LOT-20260804-AAG,EQ-03-A,operation,defect,/Users/eundong/Library/CloudStorage/GoogleDrive-yidheld@gmail.com/내 드라이브/[Shared]SK_AI_Hackathon/archive/pcb3/Data/Masks/Anomaly/032.png,pcb3/Data/Images/Anomaly/032.JPG
line_03/2026-08-04/L03AAG100177.JPG,line_03,pcb3,2026-08-04,LOT-20260804-AAG,EQ-03-A,operation,normal,,pcb3/Data/Images/Normal/0803.JPG
line_03/2026-08-04/L03AAG100178.JPG,line_03,pcb3,2026-08-04,LOT-20260804-AAG,EQ-03-A,operation,normal,,pcb3/Data/Images/Normal/0155.JPG
line_03/2026-08-04/L03AAG100179.JPG,line_03,pcb3,2026-08-04,LOT-20260804-AAG,EQ-03-A,operation,defect,/Users/eundong/Library/CloudStorage/GoogleDrive-yidheld@gmail.com/내 드라이브/[Shared]SK_AI_Hackathon/archive/pcb3/Data/Masks/Anomaly/085.png,pcb3/Data/Images/Anomaly/085.JPG
line_03/2026-08-04/L03AAG100180.JPG,line_03,pcb3,2026-08-04,LOT-20260804-AAG,EQ-03-A,operation,normal,,pcb3/Data/Images/Normal/0422.JPG
line_03/2026-08-04/L03AAG100181.JPG,line_03,pcb3,2026-08-04,LOT-20260804-AAG,EQ-03-A,operation,normal,,pcb3/Data/Images/Normal/0832.JPG
line_03/2026-08-04/L03AAG100182.JPG,line_03,pcb3,2026-08-04,LOT-20260804-AAG,EQ-03-A,operation,normal,,pcb3/Data/Images/Normal/0940.JPG
line_03/2026-08-04/L03AAG100183.JPG,line_03,pcb3,2026-08-04,LOT-20260804-AAG,EQ-03-A,operation,normal,,pcb3/Data/Images/Normal/0513.JPG
line_03/2026-08-04/L03AAG100184.JPG,line_03,pcb3,2026-08-04,LOT-20260804-AAG,EQ-03-A,operation,normal,,pcb3/Data/Images/Normal/0950.JPG
line_03/2026-08-04/L03AAG100185.JPG,line_03,pcb3,2026-08-04,LOT-20260804-AAG,EQ-03-A,operation,normal,,pcb3/Data/Images/Normal/0482.JPG
line_03/2026-08-04/L03AAG100186.JPG,line_03,pcb3,2026-08-04,LOT-20260804-AAG,EQ-03-A,operation,normal,,pcb3/Data/Images/Normal/0063.JPG
line_03/2026-08-04/L03AAG100187.JPG,line_03,pcb3,2026-08-04,LOT-20260804-AAG,EQ-03-A,operation,normal,,pcb3/Data/Images/Normal/0141.JPG
line_03/2026-08-04/L03AAG100188.JPG,line_03,pcb3,2026-08-04,LOT-20260804-AAG,EQ-03-A,operation,normal,,pcb3/Data/Images/Normal/0721.JPG
line_03/2026-08-04/L03AAG100189.JPG,line_03,pcb3,2026-08-04,LOT-20260804-AAG,EQ-03-A,operation,normal,,pcb3/Data/Images/Normal/0212.JPG
line_03/2026-08-04/L03AAG100190.JPG,line_03,pcb3,2026-08-04,LOT-20260804-AAG,EQ-03-A,operation,normal,,pcb3/Data/Images/Normal/0574.JPG
line_03/2026-08-04/L03AAG100191.JPG,line_03,pcb3,2026-08-04,LOT-20260804-AAG,EQ-03-A,operation,normal,,pcb3/Data/Images/Normal/0332.JPG
line_03/2026-08-04/L03AAG100192.JPG,line_03,pcb3,2026-08-04,LOT-20260804-AAG,EQ-03-A,operation,normal,,pcb3/Data/Images/Normal/0489.JPG
line_04/2026-08-04/L04AAF100111.JPG,line_04,pcb4,2026-08-04,LOT-20260804-AAF,EQ-04-A,operation,normal,,pcb4/Data/Images/Normal/0915.JPG
line_04/2026-08-04/L04AAF100112.JPG,line_04,pcb4,2026-08-04,LOT-20260804-AAF,EQ-04-A,operation,normal,,pcb4/Data/Images/Normal/0907.JPG
line_04/2026-08-04/L04AAF100113.JPG,line_04,pcb4,2026-08-04,LOT-20260804-AAF,EQ-04-A,operation,normal,,pcb4/Data/Images/Normal/0060.JPG
line_04/2026-08-04/L04AAF100114.JPG,line_04,pcb4,2026-08-04,LOT-20260804-AAF,EQ-04-A,operation,normal,,pcb4/Data/Images/Normal/0583.JPG
line_04/2026-08-04/L04AAF100115.JPG,line_04,pcb4,2026-08-04,LOT-20260804-AAF,EQ-04-A,operation,normal,,pcb4/Data/Images/Normal/0856.JPG
line_04/2026-08-04/L04AAF100116.JPG,line_04,pcb4,2026-08-04,LOT-20260804-AAF,EQ-04-A,operation,normal,,pcb4/Data/Images/Normal/0545.JPG
line_04/2026-08-04/L04AAF100117.JPG,line_04,pcb4,2026-08-04,LOT-20260804-AAF,EQ-04-A,operation,defect,/Users/eundong/Library/CloudStorage/GoogleDrive-yidheld@gmail.com/내 드라이브/[Shared]SK_AI_Hackathon/archive/pcb4/Data/Masks/Anomaly/030.png,pcb4/Data/Images/Anomaly/030.JPG
line_04/2026-08-04/L04AAF100118.JPG,line_04,pcb4,2026-08-04,LOT-20260804-AAF,EQ-04-A,operation,normal,,pcb4/Data/Images/Normal/0287.JPG
line_04/2026-08-04/L04AAF100119.JPG,line_04,pcb4,2026-08-04,LOT-20260804-AAF,EQ-04-A,operation,defect,/Users/eundong/Library/CloudStorage/GoogleDrive-yidheld@gmail.com/내 드라이브/[Shared]SK_AI_Hackathon/archive/pcb4/Data/Masks/Anomaly/099.png,pcb4/Data/Images/Anomaly/099.JPG
line_04/2026-08-04/L04AAF100120.JPG,line_04,pcb4,2026-08-04,LOT-20260804-AAF,EQ-04-A,operation,normal,,pcb4/Data/Images/Normal/0836.JPG
line_04/2026-08-04/L04AAF100121.JPG,line_04,pcb4,2026-08-04,LOT-20260804-AAF,EQ-04-A,operation,normal,,pcb4/Data/Images/Normal/0551.JPG
line_04/2026-08-04/L04AAF100122.JPG,line_04,pcb4,2026-08-04,LOT-20260804-AAF,EQ-04-A,operation,normal,,pcb4/Data/Images/Normal/0754.JPG
line_04/2026-08-04/L04AAF100123.JPG,line_04,pcb4,2026-08-04,LOT-20260804-AAF,EQ-04-A,operation,normal,,pcb4/Data/Images/Normal/0331.JPG
line_04/2026-08-04/L04AAF100124.JPG,line_04,pcb4,2026-08-04,LOT-20260804-AAF,EQ-04-A,operation,normal,,pcb4/Data/Images/Normal/0760.JPG
line_04/2026-08-04/L04AAF100125.JPG,line_04,pcb4,2026-08-04,LOT-20260804-AAF,EQ-04-A,operation,normal,,pcb4/Data/Images/Normal/0296.JPG
line_04/2026-08-04/L04AAF100126.JPG,line_04,pcb4,2026-08-04,LOT-20260804-AAF,EQ-04-A,operation,normal,,pcb4/Data/Images/Normal/0922.JPG
line_04/2026-08-04/L04AAF100127.JPG,line_04,pcb4,2026-08-04,LOT-20260804-AAF,EQ-04-A,operation,normal,,pcb4/Data/Images/Normal/0273.JPG
line_04/2026-08-04/L04AAF100128.JPG,line_04,pcb4,2026-08-04,LOT-20260804-AAF,EQ-04-A,operation,normal,,pcb4/Data/Images/Normal/0526.JPG
line_04/2026-08-04/L04AAF100129.JPG,line_04,pcb4,2026-08-04,LOT-20260804-AAF,EQ-04-A,operation,normal,,pcb4/Data/Images/Normal/0975.JPG
line_04/2026-08-04/L04AAF100130.JPG,line_04,pcb4,2026-08-04,LOT-20260804-AAF,EQ-04-A,operation,normal,,pcb4/Data/Images/Normal/0097.JPG
line_04/2026-08-04/L04AAF100131.JPG,line_04,pcb4,2026-08-04,LOT-20260804-AAF,EQ-04-A,operation,normal,,pcb4/Data/Images/Normal/0138.JPG
line_04/2026-08-04/L04AAF100132.JPG,line_04,pcb4,2026-08-04,LOT-20260804-AAF,EQ-04-A,operation,defect,/Users/eundong/Library/CloudStorage/GoogleDrive-yidheld@gmail.com/내 드라이브/[Shared]SK_AI_Hackathon/archive/pcb4/Data/Masks/Anomaly/091.png,pcb4/Data/Images/Anomaly/091.JPG
line_04/2026-08-04/L04AAF100133.JPG,line_04,pcb4,2026-08-04,LOT-20260804-AAF,EQ-04-A,operation,normal,,pcb4/Data/Images/Normal/0421.JPG
line_04/2026-08-04/L04AAF100134.JPG,line_04,pcb4,2026-08-04,LOT-20260804-AAF,EQ-04-A,operation,normal,,pcb4/Data/Images/Normal/0711.JPG
line_04/2026-08-04/L04AAF100135.JPG,line_04,pcb4,2026-08-04,LOT-20260804-AAF,EQ-04-A,operation,normal,,pcb4/Data/Images/Normal/0283.JPG
line_04/2026-08-04/L04AAF100136.JPG,line_04,pcb4,2026-08-04,LOT-20260804-AAF,EQ-04-A,operation,normal,,pcb4/Data/Images/Normal/0671.JPG
line_04/2026-08-04/L04AAF100137.JPG,line_04,pcb4,2026-08-04,LOT-20260804-AAF,EQ-04-A,operation,normal,,pcb4/Data/Images/Normal/0129.JPG
line_04/2026-08-04/L04AAF100138.JPG,line_04,pcb4,2026-08-04,LOT-20260804-AAF,EQ-04-A,operation,normal,,pcb4/Data/Images/Normal/0135.JPG
line_04/2026-08-04/L04AAF100139.JPG,line_04,pcb4,2026-08-04,LOT-20260804-AAF,EQ-04-A,operation,normal,,pcb4/Data/Images/Normal/0255.JPG
line_04/2026-08-04/L04AAF100140.JPG,line_04,pcb4,2026-08-04,LOT-20260804-AAF,EQ-04-A,operation,normal,,pcb4/Data/Images/Normal/0149.JPG
line_04/2026-08-04/L04AAF100141.JPG,line_04,pcb4,2026-08-04,LOT-20260804-AAF,EQ-04-A,operation,normal,,pcb4/Data/Images/Normal/0329.JPG
line_04/2026-08-04/L04AAF100142.JPG,line_04,pcb4,2026-08-04,LOT-20260804-AAF,EQ-04-A,operation,normal,,pcb4/Data/Images/Normal/0733.JPG
line_04/2026-08-04/L04AAF100143.JPG,line_04,pcb4,2026-08-04,LOT-20260804-AAF,EQ-04-A,operation,normal,,pcb4/Data/Images/Normal/0402.JPG
line_04/2026-08-04/L04AAF100144.JPG,line_04,pcb4,2026-08-04,LOT-20260804-AAF,EQ-04-A,operation,normal,,pcb4/Data/Images/Normal/0937.JPG
line_04/2026-08-04/L04AAF100145.JPG,line_04,pcb4,2026-08-04,LOT-20260804-AAF,EQ-04-A,operation,normal,,pcb4/Data/Images/Normal/0921.JPG
line_04/2026-08-04/L04AAF100146.JPG,line_04,pcb4,2026-08-04,LOT-20260804-AAF,EQ-04-A,operation,normal,,pcb4/Data/Images/Normal/0852.JPG
line_04/2026-08-04/L04AAF100147.JPG,line_04,pcb4,2026-08-04,LOT-20260804-AAF,EQ-04-A,operation,normal,,pcb4/Data/Images/Normal/0981.JPG
line_04/2026-08-04/L04AAF100148.JPG,line_04,pcb4,2026-08-04,LOT-20260804-AAF,EQ-04-A,operation,normal,,pcb4/Data/Images/Normal/0275.JPG
line_04/2026-08-04/L04AAF100149.JPG,line_04,pcb4,2026-08-04,LOT-20260804-AAF,EQ-04-A,operation,normal,,pcb4/Data/Images/Normal/0642.JPG
line_04/2026-08-04/L04AAF100150.JPG,line_04,pcb4,2026-08-04,LOT-20260804-AAF,EQ-04-A,operation,normal,,pcb4/Data/Images/Normal/0424.JPG
line_04/2026-08-04/L04AAF100151.JPG,line_04,pcb4,2026-08-04,LOT-20260804-AAF,EQ-04-A,operation,normal,,pcb4/Data/Images/Normal/0384.JPG
line_04/2026-08-04/L04AAF100152.JPG,line_04,pcb4,2026-08-04,LOT-20260804-AAF,EQ-04-A,operation,defect,/Users/eundong/Library/CloudStorage/GoogleDrive-yidheld@gmail.com/내 드라이브/[Shared]SK_AI_Hackathon/archive/pcb4/Data/Masks/Anomaly/050.png,pcb4/Data/Images/Anomaly/050.JPG
line_04/2026-08-04/L04AAF100153.JPG,line_04,pcb4,2026-08-04,LOT-20260804-AAF,EQ-04-A,operation,normal,,pcb4/Data/Images/Normal/0462.JPG
line_04/2026-08-04/L04AAF100154.JPG,line_04,pcb4,2026-08-04,LOT-20260804-AAF,EQ-04-A,operation,normal,,pcb4/Data/Images/Normal/0077.JPG
line_04/2026-08-04/L04AAF100155.JPG,line_04,pcb4,2026-08-04,LOT-20260804-AAF,EQ-04-A,operation,normal,,pcb4/Data/Images/Normal/0648.JPG
line_04/2026-08-04/L04AAF100156.JPG,line_04,pcb4,2026-08-04,LOT-20260804-AAF,EQ-04-A,operation,normal,,pcb4/Data/Images/Normal/0095.JPG
line_04/2026-08-04/L04AAF100157.JPG,line_04,pcb4,2026-08-04,LOT-20260804-AAF,EQ-04-A,operation,normal,,pcb4/Data/Images/Normal/0412.JPG
line_04/2026-08-04/L04AAF100158.JPG,line_04,pcb4,2026-08-04,LOT-20260804-AAF,EQ-04-A,operation,defect,/Users/eundong/Library/CloudStorage/GoogleDrive-yidheld@gmail.com/내 드라이브/[Shared]SK_AI_Hackathon/archive/pcb4/Data/Masks/Anomaly/073.png,pcb4/Data/Images/Anomaly/073.JPG
line_04/2026-08-04/L04AAF100159.JPG,line_04,pcb4,2026-08-04,LOT-20260804-AAF,EQ-04-A,operation,normal,,pcb4/Data/Images/Normal/0527.JPG
line_04/2026-08-04/L04AAF100160.JPG,line_04,pcb4,2026-08-04,LOT-20260804-AAF,EQ-04-A,operation,normal,,pcb4/Data/Images/Normal/0284.JPG
line_04/2026-08-04/L04AAF100161.JPG,line_04,pcb4,2026-08-04,LOT-20260804-AAF,EQ-04-A,operation,normal,,pcb4/Data/Images/Normal/0377.JPG
line_04/2026-08-04/L04AAF100162.JPG,line_04,pcb4,2026-08-04,LOT-20260804-AAF,EQ-04-A,operation,normal,,pcb4/Data/Images/Normal/0465.JPG
line_04/2026-08-04/L04AAF100163.JPG,line_04,pcb4,2026-08-04,LOT-20260804-AAF,EQ-04-A,operation,normal,,pcb4/Data/Images/Normal/0499.JPG
line_04/2026-08-04/L04AAF100164.JPG,line_04,pcb4,2026-08-04,LOT-20260804-AAF,EQ-04-A,operation,normal,,pcb4/Data/Images/Normal/0335.JPG
line_04/2026-08-04/L04AAF100165.JPG,line_04,pcb4,2026-08-04,LOT-20260804-AAF,EQ-04-A,operation,normal,,pcb4/Data/Images/Normal/0595.JPG
line_04/2026-08-04/L04AAF100166.JPG,line_04,pcb4,2026-08-04,LOT-20260804-AAF,EQ-04-A,operation,defect,/Users/eundong/Library/CloudStorage/GoogleDrive-yidheld@gmail.com/내 드라이브/[Shared]SK_AI_Hackathon/archive/pcb4/Data/Masks/Anomaly/085.png,pcb4/Data/Images/Anomaly/085.JPG
line_04/2026-08-04/L04AAF100167.JPG,line_04,pcb4,2026-08-04,LOT-20260804-AAF,EQ-04-A,operation,normal,,pcb4/Data/Images/Normal/0002.JPG
line_04/2026-08-04/L04AAF100168.JPG,line_04,pcb4,2026-08-04,LOT-20260804-AAF,EQ-04-A,operation,normal,,pcb4/Data/Images/Normal/0672.JPG
line_04/2026-08-04/L04AAF100169.JPG,line_04,pcb4,2026-08-04,LOT-20260804-AAF,EQ-04-A,operation,normal,,pcb4/Data/Images/Normal/0469.JPG
line_04/2026-08-04/L04AAF100170.JPG,line_04,pcb4,2026-08-04,LOT-20260804-AAF,EQ-04-A,operation,normal,,pcb4/Data/Images/Normal/0797.JPG
line_04/2026-08-04/L04AAF100171.JPG,line_04,pcb4,2026-08-04,LOT-20260804-AAF,EQ-04-A,operation,normal,,pcb4/Data/Images/Normal/0366.JPG
line_04/2026-08-04/L04AAF100172.JPG,line_04,pcb4,2026-08-04,LOT-20260804-AAF,EQ-04-A,operation,normal,,pcb4/Data/Images/Normal/0853.JPG
line_04/2026-08-04/L04AAF100173.JPG,line_04,pcb4,2026-08-04,LOT-20260804-AAF,EQ-04-A,operation,normal,,pcb4/Data/Images/Normal/0992.JPG
line_04/2026-08-04/L04AAF100174.JPG,line_04,pcb4,2026-08-04,LOT-20260804-AAF,EQ-04-A,operation,normal,,pcb4/Data/Images/Normal/0407.JPG
line_04/2026-08-04/L04AAF100175.JPG,line_04,pcb4,2026-08-04,LOT-20260804-AAF,EQ-04-A,operation,normal,,pcb4/Data/Images/Normal/0737.JPG
line_04/2026-08-04/L04AAF100176.JPG,line_04,pcb4,2026-08-04,LOT-20260804-AAF,EQ-04-A,operation,normal,,pcb4/Data/Images/Normal/0864.JPG
line_04/2026-08-04/L04AAF100177.JPG,line_04,pcb4,2026-08-04,LOT-20260804-AAF,EQ-04-A,operation,normal,,pcb4/Data/Images/Normal/0216.JPG
line_04/2026-08-04/L04AAF100178.JPG,line_04,pcb4,2026-08-04,LOT-20260804-AAF,EQ-04-A,operation,defect,/Users/eundong/Library/CloudStorage/GoogleDrive-yidheld@gmail.com/내 드라이브/[Shared]SK_AI_Hackathon/archive/pcb4/Data/Masks/Anomaly/062.png,pcb4/Data/Images/Anomaly/062.JPG
line_04/2026-08-04/L04AAF100179.JPG,line_04,pcb4,2026-08-04,LOT-20260804-AAF,EQ-04-A,operation,normal,,pcb4/Data/Images/Normal/0773.JPG
line_04/2026-08-04/L04AAF100180.JPG,line_04,pcb4,2026-08-04,LOT-20260804-AAF,EQ-04-A,operation,normal,,pcb4/Data/Images/Normal/0745.JPG
line_04/2026-08-04/L04AAF100181.JPG,line_04,pcb4,2026-08-04,LOT-20260804-AAF,EQ-04-A,operation,normal,,pcb4/Data/Images/Normal/0330.JPG
line_04/2026-08-04/L04AAF100182.JPG,line_04,pcb4,2026-08-04,LOT-20260804-AAF,EQ-04-A,operation,normal,,pcb4/Data/Images/Normal/0290.JPG
line_04/2026-08-04/L04AAF100183.JPG,line_04,pcb4,2026-08-04,LOT-20260804-AAF,EQ-04-A,operation,normal,,pcb4/Data/Images/Normal/0345.JPG
line_04/2026-08-04/L04AAF100184.JPG,line_04,pcb4,2026-08-04,LOT-20260804-AAF,EQ-04-A,operation,defect,/Users/eundong/Library/CloudStorage/GoogleDrive-yidheld@gmail.com/내 드라이브/[Shared]SK_AI_Hackathon/archive/pcb4/Data/Masks/Anomaly/019.png,pcb4/Data/Images/Anomaly/019.JPG
line_04/2026-08-04/L04AAF100185.JPG,line_04,pcb4,2026-08-04,LOT-20260804-AAF,EQ-04-A,operation,normal,,pcb4/Data/Images/Normal/0560.JPG
line_04/2026-08-04/L04AAF100186.JPG,line_04,pcb4,2026-08-04,LOT-20260804-AAF,EQ-04-A,operation,normal,,pcb4/Data/Images/Normal/0681.JPG
line_04/2026-08-04/L04AAF100187.JPG,line_04,pcb4,2026-08-04,LOT-20260804-AAF,EQ-04-A,operation,normal,,pcb4/Data/Images/Normal/0133.JPG
line_04/2026-08-04/L04AAF100188.JPG,line_04,pcb4,2026-08-04,LOT-20260804-AAF,EQ-04-A,operation,normal,,pcb4/Data/Images/Normal/0752.JPG
line_04/2026-08-04/L04AAF100189.JPG,line_04,pcb4,2026-08-04,LOT-20260804-AAF,EQ-04-A,operation,normal,,pcb4/Data/Images/Normal/0780.JPG
line_04/2026-08-04/L04AAF100190.JPG,line_04,pcb4,2026-08-04,LOT-20260804-AAF,EQ-04-A,operation,normal,,pcb4/Data/Images/Normal/0896.JPG
line_04/2026-08-04/L04AAF100191.JPG,line_04,pcb4,2026-08-04,LOT-20260804-AAF,EQ-04-A,operation,normal,,pcb4/Data/Images/Normal/0049.JPG
line_04/2026-08-04/L04AAF100192.JPG,line_04,pcb4,2026-08-04,LOT-20260804-AAF,EQ-04-A,operation,normal,,pcb4/Data/Images/Normal/0047.JPG
line_04/2026-08-04/L04AAF100193.JPG,line_04,pcb4,2026-08-04,LOT-20260804-AAF,EQ-04-A,operation,normal,,pcb4/Data/Images/Normal/0101.JPG
line_04/2026-08-04/L04AAF100194.JPG,line_04,pcb4,2026-08-04,LOT-20260804-AAF,EQ-04-A,operation,normal,,pcb4/Data/Images/Normal/0470.JPG
line_04/2026-08-04/L04AAF100195.JPG,line_04,pcb4,2026-08-04,LOT-20260804-AAF,EQ-04-A,operation,normal,,pcb4/Data/Images/Normal/0016.JPG
line_04/2026-08-04/L04AAF100196.JPG,line_04,pcb4,2026-08-04,LOT-20260804-AAF,EQ-04-A,operation,normal,,pcb4/Data/Images/Normal/0127.JPG
line_04/2026-08-04/L04AAF100197.JPG,line_04,pcb4,2026-08-04,LOT-20260804-AAF,EQ-04-A,operation,normal,,pcb4/Data/Images/Normal/0161.JPG
line_04/2026-08-04/L04AAF100198.JPG,line_04,pcb4,2026-08-04,LOT-20260804-AAF,EQ-04-A,operation,normal,,pcb4/Data/Images/Normal/0908.JPG
line_04/2026-08-04/L04AAF100199.JPG,line_04,pcb4,2026-08-04,LOT-20260804-AAF,EQ-04-A,operation,normal,,pcb4/Data/Images/Normal/0467.JPG
line_04/2026-08-04/L04AAF100200.JPG,line_04,pcb4,2026-08-04,LOT-20260804-AAF,EQ-04-A,operation,normal,,pcb4/Data/Images/Normal/0000.JPG
line_04/2026-08-04/L04AAJ100001.JPG,line_04,pcb4,2026-08-04,LOT-20260804-AAJ,EQ-04-A,operation,normal,,pcb4/Data/Images/Normal/0717.JPG
line_04/2026-08-04/L04AAJ100002.JPG,line_04,pcb4,2026-08-04,LOT-20260804-AAJ,EQ-04-A,operation,defect,/Users/eundong/Library/CloudStorage/GoogleDrive-yidheld@gmail.com/내 드라이브/[Shared]SK_AI_Hackathon/archive/pcb4/Data/Masks/Anomaly/078.png,pcb4/Data/Images/Anomaly/078.JPG
line_04/2026-08-04/L04AAJ100003.JPG,line_04,pcb4,2026-08-04,LOT-20260804-AAJ,EQ-04-A,operation,normal,,pcb4/Data/Images/Normal/0207.JPG
line_01/2026-08-05/L01AAH100106.JPG,line_01,pcb1,2026-08-05,LOT-20260805-AAH,EQ-01-A,operation,normal,,pcb1/Data/Images/Normal/0285.JPG
line_01/2026-08-05/L01AAH100107.JPG,line_01,pcb1,2026-08-05,LOT-20260805-AAH,EQ-01-A,operation,normal,,pcb1/Data/Images/Normal/0685.JPG
line_01/2026-08-05/L01AAH100108.JPG,line_01,pcb1,2026-08-05,LOT-20260805-AAH,EQ-01-A,operation,normal,,pcb1/Data/Images/Normal/0771.JPG
line_01/2026-08-05/L01AAH100109.JPG,line_01,pcb1,2026-08-05,LOT-20260805-AAH,EQ-01-A,operation,normal,,pcb1/Data/Images/Normal/0219.JPG
line_01/2026-08-05/L01AAH100110.JPG,line_01,pcb1,2026-08-05,LOT-20260805-AAH,EQ-01-A,operation,normal,,pcb1/Data/Images/Normal/0757.JPG
line_01/2026-08-05/L01AAH100111.JPG,line_01,pcb1,2026-08-05,LOT-20260805-AAH,EQ-01-A,operation,defect,/Users/eundong/Library/CloudStorage/GoogleDrive-yidheld@gmail.com/내 드라이브/[Shared]SK_AI_Hackathon/archive/pcb1/Data/Masks/Anomaly/072.png,pcb1/Data/Images/Anomaly/072.JPG
line_01/2026-08-05/L01AAH100112.JPG,line_01,pcb1,2026-08-05,LOT-20260805-AAH,EQ-01-A,operation,defect,/Users/eundong/Library/CloudStorage/GoogleDrive-yidheld@gmail.com/내 드라이브/[Shared]SK_AI_Hackathon/archive/pcb1/Data/Masks/Anomaly/036.png,pcb1/Data/Images/Anomaly/036.JPG
line_01/2026-08-05/L01AAH100113.JPG,line_01,pcb1,2026-08-05,LOT-20260805-AAH,EQ-01-A,operation,normal,,pcb1/Data/Images/Normal/0135.JPG
line_01/2026-08-05/L01AAH100114.JPG,line_01,pcb1,2026-08-05,LOT-20260805-AAH,EQ-01-A,operation,normal,,pcb1/Data/Images/Normal/0584.JPG
line_01/2026-08-05/L01AAH100115.JPG,line_01,pcb1,2026-08-05,LOT-20260805-AAH,EQ-01-A,operation,normal,,pcb1/Data/Images/Normal/0590.JPG
line_01/2026-08-05/L01AAH100116.JPG,line_01,pcb1,2026-08-05,LOT-20260805-AAH,EQ-01-A,operation,normal,,pcb1/Data/Images/Normal/0484.JPG
line_01/2026-08-05/L01AAH100117.JPG,line_01,pcb1,2026-08-05,LOT-20260805-AAH,EQ-01-A,operation,normal,,pcb1/Data/Images/Normal/0248.JPG
line_01/2026-08-05/L01AAH100118.JPG,line_01,pcb1,2026-08-05,LOT-20260805-AAH,EQ-01-A,operation,normal,,pcb1/Data/Images/Normal/0713.JPG
line_01/2026-08-05/L01AAH100119.JPG,line_01,pcb1,2026-08-05,LOT-20260805-AAH,EQ-01-A,operation,normal,,pcb1/Data/Images/Normal/0416.JPG
line_01/2026-08-05/L01AAH100120.JPG,line_01,pcb1,2026-08-05,LOT-20260805-AAH,EQ-01-A,operation,defect,/Users/eundong/Library/CloudStorage/GoogleDrive-yidheld@gmail.com/내 드라이브/[Shared]SK_AI_Hackathon/archive/pcb1/Data/Masks/Anomaly/056.png,pcb1/Data/Images/Anomaly/056.JPG
line_01/2026-08-05/L01AAH100121.JPG,line_01,pcb1,2026-08-05,LOT-20260805-AAH,EQ-01-A,operation,defect,/Users/eundong/Library/CloudStorage/GoogleDrive-yidheld@gmail.com/내 드라이브/[Shared]SK_AI_Hackathon/archive/pcb1/Data/Masks/Anomaly/015.png,pcb1/Data/Images/Anomaly/015.JPG
line_01/2026-08-05/L01AAH100122.JPG,line_01,pcb1,2026-08-05,LOT-20260805-AAH,EQ-01-A,operation,normal,,pcb1/Data/Images/Normal/0194.JPG
line_01/2026-08-05/L01AAH100123.JPG,line_01,pcb1,2026-08-05,LOT-20260805-AAH,EQ-01-A,operation,normal,,pcb1/Data/Images/Normal/0096.JPG
line_01/2026-08-05/L01AAH100124.JPG,line_01,pcb1,2026-08-05,LOT-20260805-AAH,EQ-01-A,operation,normal,,pcb1/Data/Images/Normal/0950.JPG
line_01/2026-08-05/L01AAH100125.JPG,line_01,pcb1,2026-08-05,LOT-20260805-AAH,EQ-01-A,operation,normal,,pcb1/Data/Images/Normal/0674.JPG
line_01/2026-08-05/L01AAH100126.JPG,line_01,pcb1,2026-08-05,LOT-20260805-AAH,EQ-01-A,operation,defect,/Users/eundong/Library/CloudStorage/GoogleDrive-yidheld@gmail.com/내 드라이브/[Shared]SK_AI_Hackathon/archive/pcb1/Data/Masks/Anomaly/059.png,pcb1/Data/Images/Anomaly/059.JPG
line_01/2026-08-05/L01AAH100127.JPG,line_01,pcb1,2026-08-05,LOT-20260805-AAH,EQ-01-A,operation,defect,/Users/eundong/Library/CloudStorage/GoogleDrive-yidheld@gmail.com/내 드라이브/[Shared]SK_AI_Hackathon/archive/pcb1/Data/Masks/Anomaly/038.png,pcb1/Data/Images/Anomaly/038.JPG
line_01/2026-08-05/L01AAH100128.JPG,line_01,pcb1,2026-08-05,LOT-20260805-AAH,EQ-01-A,operation,defect,/Users/eundong/Library/CloudStorage/GoogleDrive-yidheld@gmail.com/내 드라이브/[Shared]SK_AI_Hackathon/archive/pcb1/Data/Masks/Anomaly/051.png,pcb1/Data/Images/Anomaly/051.JPG
line_01/2026-08-05/L01AAH100129.JPG,line_01,pcb1,2026-08-05,LOT-20260805-AAH,EQ-01-A,operation,defect,/Users/eundong/Library/CloudStorage/GoogleDrive-yidheld@gmail.com/내 드라이브/[Shared]SK_AI_Hackathon/archive/pcb1/Data/Masks/Anomaly/083.png,pcb1/Data/Images/Anomaly/083.JPG
line_01/2026-08-05/L01AAH100130.JPG,line_01,pcb1,2026-08-05,LOT-20260805-AAH,EQ-01-A,operation,defect,/Users/eundong/Library/CloudStorage/GoogleDrive-yidheld@gmail.com/내 드라이브/[Shared]SK_AI_Hackathon/archive/pcb1/Data/Masks/Anomaly/064.png,pcb1/Data/Images/Anomaly/064.JPG
line_01/2026-08-05/L01AAH100131.JPG,line_01,pcb1,2026-08-05,LOT-20260805-AAH,EQ-01-A,operation,normal,,pcb1/Data/Images/Normal/0441.JPG
line_01/2026-08-05/L01AAH100132.JPG,line_01,pcb1,2026-08-05,LOT-20260805-AAH,EQ-01-A,operation,normal,,pcb1/Data/Images/Normal/0362.JPG
line_01/2026-08-05/L01AAH100133.JPG,line_01,pcb1,2026-08-05,LOT-20260805-AAH,EQ-01-A,operation,normal,,pcb1/Data/Images/Normal/1000.JPG
line_01/2026-08-05/L01AAH100134.JPG,line_01,pcb1,2026-08-05,LOT-20260805-AAH,EQ-01-A,operation,normal,,pcb1/Data/Images/Normal/0420.JPG
line_01/2026-08-05/L01AAH100135.JPG,line_01,pcb1,2026-08-05,LOT-20260805-AAH,EQ-01-A,operation,normal,,pcb1/Data/Images/Normal/0478.JPG
line_01/2026-08-05/L01AAH100136.JPG,line_01,pcb1,2026-08-05,LOT-20260805-AAH,EQ-01-A,operation,normal,,pcb1/Data/Images/Normal/0055.JPG
line_01/2026-08-05/L01AAH100137.JPG,line_01,pcb1,2026-08-05,LOT-20260805-AAH,EQ-01-A,operation,defect,/Users/eundong/Library/CloudStorage/GoogleDrive-yidheld@gmail.com/내 드라이브/[Shared]SK_AI_Hackathon/archive/pcb1/Data/Masks/Anomaly/063.png,pcb1/Data/Images/Anomaly/063.JPG
line_01/2026-08-05/L01AAH100138.JPG,line_01,pcb1,2026-08-05,LOT-20260805-AAH,EQ-01-A,operation,normal,,pcb1/Data/Images/Normal/0689.JPG
line_01/2026-08-05/L01AAH100139.JPG,line_01,pcb1,2026-08-05,LOT-20260805-AAH,EQ-01-A,operation,normal,,pcb1/Data/Images/Normal/0669.JPG
line_01/2026-08-05/L01AAH100140.JPG,line_01,pcb1,2026-08-05,LOT-20260805-AAH,EQ-01-A,operation,normal,,pcb1/Data/Images/Normal/0661.JPG
line_01/2026-08-05/L01AAH100141.JPG,line_01,pcb1,2026-08-05,LOT-20260805-AAH,EQ-01-A,operation,normal,,pcb1/Data/Images/Normal/0100.JPG
line_01/2026-08-05/L01AAH100142.JPG,line_01,pcb1,2026-08-05,LOT-20260805-AAH,EQ-01-A,operation,defect,/Users/eundong/Library/CloudStorage/GoogleDrive-yidheld@gmail.com/내 드라이브/[Shared]SK_AI_Hackathon/archive/pcb1/Data/Masks/Anomaly/074.png,pcb1/Data/Images/Anomaly/074.JPG
line_01/2026-08-05/L01AAH100143.JPG,line_01,pcb1,2026-08-05,LOT-20260805-AAH,EQ-01-A,operation,normal,,pcb1/Data/Images/Normal/0062.JPG
line_01/2026-08-05/L01AAH100144.JPG,line_01,pcb1,2026-08-05,LOT-20260805-AAH,EQ-01-A,operation,defect,/Users/eundong/Library/CloudStorage/GoogleDrive-yidheld@gmail.com/내 드라이브/[Shared]SK_AI_Hackathon/archive/pcb1/Data/Masks/Anomaly/010.png,pcb1/Data/Images/Anomaly/010.JPG
line_01/2026-08-05/L01AAH100145.JPG,line_01,pcb1,2026-08-05,LOT-20260805-AAH,EQ-01-A,operation,normal,,pcb1/Data/Images/Normal/0412.JPG
line_01/2026-08-05/L01AAH100146.JPG,line_01,pcb1,2026-08-05,LOT-20260805-AAH,EQ-01-A,operation,normal,,pcb1/Data/Images/Normal/0347.JPG
line_01/2026-08-05/L01AAH100147.JPG,line_01,pcb1,2026-08-05,LOT-20260805-AAH,EQ-01-A,operation,normal,,pcb1/Data/Images/Normal/0111.JPG
line_01/2026-08-05/L01AAH100148.JPG,line_01,pcb1,2026-08-05,LOT-20260805-AAH,EQ-01-A,operation,normal,,pcb1/Data/Images/Normal/0254.JPG
line_01/2026-08-05/L01AAH100149.JPG,line_01,pcb1,2026-08-05,LOT-20260805-AAH,EQ-01-A,operation,normal,,pcb1/Data/Images/Normal/0927.JPG
line_01/2026-08-05/L01AAH100150.JPG,line_01,pcb1,2026-08-05,LOT-20260805-AAH,EQ-01-A,operation,defect,/Users/eundong/Library/CloudStorage/GoogleDrive-yidheld@gmail.com/내 드라이브/[Shared]SK_AI_Hackathon/archive/pcb1/Data/Masks/Anomaly/005.png,pcb1/Data/Images/Anomaly/005.JPG
line_01/2026-08-05/L01AAH100151.JPG,line_01,pcb1,2026-08-05,LOT-20260805-AAH,EQ-01-A,operation,normal,,pcb1/Data/Images/Normal/0709.JPG
line_01/2026-08-05/L01AAH100152.JPG,line_01,pcb1,2026-08-05,LOT-20260805-AAH,EQ-01-A,operation,normal,,pcb1/Data/Images/Normal/0818.JPG
line_01/2026-08-05/L01AAH100153.JPG,line_01,pcb1,2026-08-05,LOT-20260805-AAH,EQ-01-A,operation,normal,,pcb1/Data/Images/Normal/0970.JPG
line_01/2026-08-05/L01AAH100154.JPG,line_01,pcb1,2026-08-05,LOT-20260805-AAH,EQ-01-A,operation,normal,,pcb1/Data/Images/Normal/0143.JPG
line_01/2026-08-05/L01AAH100155.JPG,line_01,pcb1,2026-08-05,LOT-20260805-AAH,EQ-01-A,operation,normal,,pcb1/Data/Images/Normal/0833.JPG
line_01/2026-08-05/L01AAH100156.JPG,line_01,pcb1,2026-08-05,LOT-20260805-AAH,EQ-01-A,operation,normal,,pcb1/Data/Images/Normal/0187.JPG
line_01/2026-08-05/L01AAH100157.JPG,line_01,pcb1,2026-08-05,LOT-20260805-AAH,EQ-01-A,operation,normal,,pcb1/Data/Images/Normal/0926.JPG
line_01/2026-08-05/L01AAH100158.JPG,line_01,pcb1,2026-08-05,LOT-20260805-AAH,EQ-01-A,operation,defect,/Users/eundong/Library/CloudStorage/GoogleDrive-yidheld@gmail.com/내 드라이브/[Shared]SK_AI_Hackathon/archive/pcb1/Data/Masks/Anomaly/055.png,pcb1/Data/Images/Anomaly/055.JPG
line_01/2026-08-05/L01AAH100159.JPG,line_01,pcb1,2026-08-05,LOT-20260805-AAH,EQ-01-A,operation,normal,,pcb1/Data/Images/Normal/0891.JPG
line_01/2026-08-05/L01AAH100160.JPG,line_01,pcb1,2026-08-05,LOT-20260805-AAH,EQ-01-A,operation,normal,,pcb1/Data/Images/Normal/0255.JPG
line_01/2026-08-05/L01AAH100161.JPG,line_01,pcb1,2026-08-05,LOT-20260805-AAH,EQ-01-A,operation,defect,/Users/eundong/Library/CloudStorage/GoogleDrive-yidheld@gmail.com/내 드라이브/[Shared]SK_AI_Hackathon/archive/pcb1/Data/Masks/Anomaly/047.png,pcb1/Data/Images/Anomaly/047.JPG
line_01/2026-08-05/L01AAH100162.JPG,line_01,pcb1,2026-08-05,LOT-20260805-AAH,EQ-01-A,operation,normal,,pcb1/Data/Images/Normal/0077.JPG
line_01/2026-08-05/L01AAH100163.JPG,line_01,pcb1,2026-08-05,LOT-20260805-AAH,EQ-01-A,operation,defect,/Users/eundong/Library/CloudStorage/GoogleDrive-yidheld@gmail.com/내 드라이브/[Shared]SK_AI_Hackathon/archive/pcb1/Data/Masks/Anomaly/020.png,pcb1/Data/Images/Anomaly/020.JPG
line_01/2026-08-05/L01AAH100164.JPG,line_01,pcb1,2026-08-05,LOT-20260805-AAH,EQ-01-A,operation,normal,,pcb1/Data/Images/Normal/0453.JPG
line_01/2026-08-05/L01AAH100165.JPG,line_01,pcb1,2026-08-05,LOT-20260805-AAH,EQ-01-A,operation,defect,/Users/eundong/Library/CloudStorage/GoogleDrive-yidheld@gmail.com/내 드라이브/[Shared]SK_AI_Hackathon/archive/pcb1/Data/Masks/Anomaly/071.png,pcb1/Data/Images/Anomaly/071.JPG
line_01/2026-08-05/L01AAH100166.JPG,line_01,pcb1,2026-08-05,LOT-20260805-AAH,EQ-01-A,operation,defect,/Users/eundong/Library/CloudStorage/GoogleDrive-yidheld@gmail.com/내 드라이브/[Shared]SK_AI_Hackathon/archive/pcb1/Data/Masks/Anomaly/016.png,pcb1/Data/Images/Anomaly/016.JPG
line_01/2026-08-05/L01AAH100167.JPG,line_01,pcb1,2026-08-05,LOT-20260805-AAH,EQ-01-A,operation,normal,,pcb1/Data/Images/Normal/0563.JPG
line_01/2026-08-05/L01AAH100168.JPG,line_01,pcb1,2026-08-05,LOT-20260805-AAH,EQ-01-A,operation,normal,,pcb1/Data/Images/Normal/0822.JPG
line_01/2026-08-05/L01AAH100169.JPG,line_01,pcb1,2026-08-05,LOT-20260805-AAH,EQ-01-A,operation,normal,,pcb1/Data/Images/Normal/0051.JPG
line_01/2026-08-05/L01AAH100170.JPG,line_01,pcb1,2026-08-05,LOT-20260805-AAH,EQ-01-A,operation,normal,,pcb1/Data/Images/Normal/0667.JPG
line_01/2026-08-05/L01AAH100171.JPG,line_01,pcb1,2026-08-05,LOT-20260805-AAH,EQ-01-A,operation,normal,,pcb1/Data/Images/Normal/0553.JPG
line_01/2026-08-05/L01AAH100172.JPG,line_01,pcb1,2026-08-05,LOT-20260805-AAH,EQ-01-A,operation,normal,,pcb1/Data/Images/Normal/0015.JPG
line_01/2026-08-05/L01AAH100173.JPG,line_01,pcb1,2026-08-05,LOT-20260805-AAH,EQ-01-A,operation,normal,,pcb1/Data/Images/Normal/0984.JPG
line_01/2026-08-05/L01AAH100174.JPG,line_01,pcb1,2026-08-05,LOT-20260805-AAH,EQ-01-A,operation,normal,,pcb1/Data/Images/Normal/0242.JPG
line_01/2026-08-05/L01AAH100175.JPG,line_01,pcb1,2026-08-05,LOT-20260805-AAH,EQ-01-A,operation,normal,,pcb1/Data/Images/Normal/0170.JPG
line_01/2026-08-05/L01AAH100176.JPG,line_01,pcb1,2026-08-05,LOT-20260805-AAH,EQ-01-A,operation,defect,/Users/eundong/Library/CloudStorage/GoogleDrive-yidheld@gmail.com/내 드라이브/[Shared]SK_AI_Hackathon/archive/pcb1/Data/Masks/Anomaly/001.png,pcb1/Data/Images/Anomaly/001.JPG
line_01/2026-08-05/L01AAH100177.JPG,line_01,pcb1,2026-08-05,LOT-20260805-AAH,EQ-01-A,operation,defect,/Users/eundong/Library/CloudStorage/GoogleDrive-yidheld@gmail.com/내 드라이브/[Shared]SK_AI_Hackathon/archive/pcb1/Data/Masks/Anomaly/068.png,pcb1/Data/Images/Anomaly/068.JPG
line_01/2026-08-05/L01AAH100178.JPG,line_01,pcb1,2026-08-05,LOT-20260805-AAH,EQ-01-A,operation,normal,,pcb1/Data/Images/Normal/0710.JPG
line_01/2026-08-05/L01AAH100179.JPG,line_01,pcb1,2026-08-05,LOT-20260805-AAH,EQ-01-A,operation,normal,,pcb1/Data/Images/Normal/0719.JPG
line_01/2026-08-05/L01AAH100180.JPG,line_01,pcb1,2026-08-05,LOT-20260805-AAH,EQ-01-A,operation,defect,/Users/eundong/Library/CloudStorage/GoogleDrive-yidheld@gmail.com/내 드라이브/[Shared]SK_AI_Hackathon/archive/pcb1/Data/Masks/Anomaly/088.png,pcb1/Data/Images/Anomaly/088.JPG
line_01/2026-08-05/L01AAH100181.JPG,line_01,pcb1,2026-08-05,LOT-20260805-AAH,EQ-01-A,operation,normal,,pcb1/Data/Images/Normal/0492.JPG
line_01/2026-08-05/L01AAH100182.JPG,line_01,pcb1,2026-08-05,LOT-20260805-AAH,EQ-01-A,operation,normal,,pcb1/Data/Images/Normal/0218.JPG
line_01/2026-08-05/L01AAH100183.JPG,line_01,pcb1,2026-08-05,LOT-20260805-AAH,EQ-01-A,operation,normal,,pcb1/Data/Images/Normal/0873.JPG
line_01/2026-08-05/L01AAH100184.JPG,line_01,pcb1,2026-08-05,LOT-20260805-AAH,EQ-01-A,operation,normal,,pcb1/Data/Images/Normal/0729.JPG
line_01/2026-08-05/L01AAH100185.JPG,line_01,pcb1,2026-08-05,LOT-20260805-AAH,EQ-01-A,operation,normal,,pcb1/Data/Images/Normal/0168.JPG
line_01/2026-08-05/L01AAH100186.JPG,line_01,pcb1,2026-08-05,LOT-20260805-AAH,EQ-01-A,operation,defect,/Users/eundong/Library/CloudStorage/GoogleDrive-yidheld@gmail.com/내 드라이브/[Shared]SK_AI_Hackathon/archive/pcb1/Data/Masks/Anomaly/043.png,pcb1/Data/Images/Anomaly/043.JPG
line_01/2026-08-05/L01AAH100187.JPG,line_01,pcb1,2026-08-05,LOT-20260805-AAH,EQ-01-A,operation,normal,,pcb1/Data/Images/Normal/0966.JPG
line_01/2026-08-05/L01AAH100188.JPG,line_01,pcb1,2026-08-05,LOT-20260805-AAH,EQ-01-A,operation,defect,/Users/eundong/Library/CloudStorage/GoogleDrive-yidheld@gmail.com/내 드라이브/[Shared]SK_AI_Hackathon/archive/pcb1/Data/Masks/Anomaly/053.png,pcb1/Data/Images/Anomaly/053.JPG
line_01/2026-08-05/L01AAH100189.JPG,line_01,pcb1,2026-08-05,LOT-20260805-AAH,EQ-01-A,operation,normal,,pcb1/Data/Images/Normal/0002.JPG
line_01/2026-08-05/L01AAH100190.JPG,line_01,pcb1,2026-08-05,LOT-20260805-AAH,EQ-01-A,operation,defect,/Users/eundong/Library/CloudStorage/GoogleDrive-yidheld@gmail.com/내 드라이브/[Shared]SK_AI_Hackathon/archive/pcb1/Data/Masks/Anomaly/092.png,pcb1/Data/Images/Anomaly/092.JPG
line_01/2026-08-05/L01AAH100191.JPG,line_01,pcb1,2026-08-05,LOT-20260805-AAH,EQ-01-A,operation,normal,,pcb1/Data/Images/Normal/0399.JPG
line_01/2026-08-05/L01AAH100192.JPG,line_01,pcb1,2026-08-05,LOT-20260805-AAH,EQ-01-A,operation,normal,,pcb1/Data/Images/Normal/0856.JPG
line_02/2026-08-05/L02AAI100015.JPG,line_02,pcb2,2026-08-05,LOT-20260805-AAI,EQ-02-A,operation,normal,,pcb2/Data/Images/Normal/0611.JPG
line_02/2026-08-05/L02AAI100016.JPG,line_02,pcb2,2026-08-05,LOT-20260805-AAI,EQ-02-A,operation,normal,,pcb2/Data/Images/Normal/0021.JPG
line_02/2026-08-05/L02AAI100017.JPG,line_02,pcb2,2026-08-05,LOT-20260805-AAI,EQ-02-A,operation,normal,,pcb2/Data/Images/Normal/0051.JPG
line_02/2026-08-05/L02AAI100018.JPG,line_02,pcb2,2026-08-05,LOT-20260805-AAI,EQ-02-A,operation,normal,,pcb2/Data/Images/Normal/0341.JPG
line_02/2026-08-05/L02AAI100019.JPG,line_02,pcb2,2026-08-05,LOT-20260805-AAI,EQ-02-A,operation,normal,,pcb2/Data/Images/Normal/0952.JPG
line_02/2026-08-05/L02AAI100020.JPG,line_02,pcb2,2026-08-05,LOT-20260805-AAI,EQ-02-A,operation,defect,/Users/eundong/Library/CloudStorage/GoogleDrive-yidheld@gmail.com/내 드라이브/[Shared]SK_AI_Hackathon/archive/pcb2/Data/Masks/Anomaly/022.png,pcb2/Data/Images/Anomaly/022.JPG
line_02/2026-08-05/L02AAI100021.JPG,line_02,pcb2,2026-08-05,LOT-20260805-AAI,EQ-02-A,operation,normal,,pcb2/Data/Images/Normal/0128.JPG
line_02/2026-08-05/L02AAI100022.JPG,line_02,pcb2,2026-08-05,LOT-20260805-AAI,EQ-02-A,operation,normal,,pcb2/Data/Images/Normal/0578.JPG
line_02/2026-08-05/L02AAI100023.JPG,line_02,pcb2,2026-08-05,LOT-20260805-AAI,EQ-02-A,operation,normal,,pcb2/Data/Images/Normal/0210.JPG
line_02/2026-08-05/L02AAI100024.JPG,line_02,pcb2,2026-08-05,LOT-20260805-AAI,EQ-02-A,operation,normal,,pcb2/Data/Images/Normal/0843.JPG
line_02/2026-08-05/L02AAI100025.JPG,line_02,pcb2,2026-08-05,LOT-20260805-AAI,EQ-02-A,operation,normal,,pcb2/Data/Images/Normal/0567.JPG
line_02/2026-08-05/L02AAI100026.JPG,line_02,pcb2,2026-08-05,LOT-20260805-AAI,EQ-02-A,operation,normal,,pcb2/Data/Images/Normal/0212.JPG
line_02/2026-08-05/L02AAI100027.JPG,line_02,pcb2,2026-08-05,LOT-20260805-AAI,EQ-02-A,operation,normal,,pcb2/Data/Images/Normal/0600.JPG
line_02/2026-08-05/L02AAI100028.JPG,line_02,pcb2,2026-08-05,LOT-20260805-AAI,EQ-02-A,operation,normal,,pcb2/Data/Images/Normal/0221.JPG
line_02/2026-08-05/L02AAI100029.JPG,line_02,pcb2,2026-08-05,LOT-20260805-AAI,EQ-02-A,operation,normal,,pcb2/Data/Images/Normal/0238.JPG
line_02/2026-08-05/L02AAI100030.JPG,line_02,pcb2,2026-08-05,LOT-20260805-AAI,EQ-02-A,operation,normal,,pcb2/Data/Images/Normal/0855.JPG
line_02/2026-08-05/L02AAI100031.JPG,line_02,pcb2,2026-08-05,LOT-20260805-AAI,EQ-02-A,operation,normal,,pcb2/Data/Images/Normal/0151.JPG
line_02/2026-08-05/L02AAI100032.JPG,line_02,pcb2,2026-08-05,LOT-20260805-AAI,EQ-02-A,operation,normal,,pcb2/Data/Images/Normal/0610.JPG
line_02/2026-08-05/L02AAI100033.JPG,line_02,pcb2,2026-08-05,LOT-20260805-AAI,EQ-02-A,operation,normal,,pcb2/Data/Images/Normal/0928.JPG
line_02/2026-08-05/L02AAI100034.JPG,line_02,pcb2,2026-08-05,LOT-20260805-AAI,EQ-02-A,operation,normal,,pcb2/Data/Images/Normal/0283.JPG
line_02/2026-08-05/L02AAI100035.JPG,line_02,pcb2,2026-08-05,LOT-20260805-AAI,EQ-02-A,operation,normal,,pcb2/Data/Images/Normal/0992.JPG
line_02/2026-08-05/L02AAI100036.JPG,line_02,pcb2,2026-08-05,LOT-20260805-AAI,EQ-02-A,operation,defect,/Users/eundong/Library/CloudStorage/GoogleDrive-yidheld@gmail.com/내 드라이브/[Shared]SK_AI_Hackathon/archive/pcb2/Data/Masks/Anomaly/070.png,pcb2/Data/Images/Anomaly/070.JPG
line_02/2026-08-05/L02AAI100037.JPG,line_02,pcb2,2026-08-05,LOT-20260805-AAI,EQ-02-A,operation,normal,,pcb2/Data/Images/Normal/0133.JPG
line_02/2026-08-05/L02AAI100038.JPG,line_02,pcb2,2026-08-05,LOT-20260805-AAI,EQ-02-A,operation,normal,,pcb2/Data/Images/Normal/0655.JPG
line_02/2026-08-05/L02AAI100039.JPG,line_02,pcb2,2026-08-05,LOT-20260805-AAI,EQ-02-A,operation,normal,,pcb2/Data/Images/Normal/0744.JPG
line_02/2026-08-05/L02AAI100040.JPG,line_02,pcb2,2026-08-05,LOT-20260805-AAI,EQ-02-A,operation,normal,,pcb2/Data/Images/Normal/0178.JPG
line_02/2026-08-05/L02AAI100041.JPG,line_02,pcb2,2026-08-05,LOT-20260805-AAI,EQ-02-A,operation,normal,,pcb2/Data/Images/Normal/0112.JPG
line_02/2026-08-05/L02AAI100042.JPG,line_02,pcb2,2026-08-05,LOT-20260805-AAI,EQ-02-A,operation,normal,,pcb2/Data/Images/Normal/0026.JPG
line_02/2026-08-05/L02AAI100043.JPG,line_02,pcb2,2026-08-05,LOT-20260805-AAI,EQ-02-A,operation,normal,,pcb2/Data/Images/Normal/0728.JPG
line_02/2026-08-05/L02AAI100044.JPG,line_02,pcb2,2026-08-05,LOT-20260805-AAI,EQ-02-A,operation,normal,,pcb2/Data/Images/Normal/0871.JPG
line_02/2026-08-05/L02AAI100045.JPG,line_02,pcb2,2026-08-05,LOT-20260805-AAI,EQ-02-A,operation,normal,,pcb2/Data/Images/Normal/0366.JPG
line_02/2026-08-05/L02AAI100046.JPG,line_02,pcb2,2026-08-05,LOT-20260805-AAI,EQ-02-A,operation,normal,,pcb2/Data/Images/Normal/0243.JPG
line_02/2026-08-05/L02AAI100047.JPG,line_02,pcb2,2026-08-05,LOT-20260805-AAI,EQ-02-A,operation,normal,,pcb2/Data/Images/Normal/0331.JPG
line_02/2026-08-05/L02AAI100048.JPG,line_02,pcb2,2026-08-05,LOT-20260805-AAI,EQ-02-A,operation,normal,,pcb2/Data/Images/Normal/0016.JPG
line_02/2026-08-05/L02AAI100049.JPG,line_02,pcb2,2026-08-05,LOT-20260805-AAI,EQ-02-A,operation,normal,,pcb2/Data/Images/Normal/0603.JPG
line_02/2026-08-05/L02AAI100050.JPG,line_02,pcb2,2026-08-05,LOT-20260805-AAI,EQ-02-A,operation,normal,,pcb2/Data/Images/Normal/0862.JPG
line_02/2026-08-05/L02AAI100051.JPG,line_02,pcb2,2026-08-05,LOT-20260805-AAI,EQ-02-A,operation,normal,,pcb2/Data/Images/Normal/0053.JPG
line_02/2026-08-05/L02AAI100052.JPG,line_02,pcb2,2026-08-05,LOT-20260805-AAI,EQ-02-A,operation,normal,,pcb2/Data/Images/Normal/0881.JPG
line_02/2026-08-05/L02AAI100053.JPG,line_02,pcb2,2026-08-05,LOT-20260805-AAI,EQ-02-A,operation,normal,,pcb2/Data/Images/Normal/0431.JPG
line_02/2026-08-05/L02AAI100054.JPG,line_02,pcb2,2026-08-05,LOT-20260805-AAI,EQ-02-A,operation,normal,,pcb2/Data/Images/Normal/0873.JPG
line_02/2026-08-05/L02AAI100055.JPG,line_02,pcb2,2026-08-05,LOT-20260805-AAI,EQ-02-A,operation,normal,,pcb2/Data/Images/Normal/0969.JPG
line_02/2026-08-05/L02AAI100056.JPG,line_02,pcb2,2026-08-05,LOT-20260805-AAI,EQ-02-A,operation,normal,,pcb2/Data/Images/Normal/0065.JPG
line_02/2026-08-05/L02AAI100057.JPG,line_02,pcb2,2026-08-05,LOT-20260805-AAI,EQ-02-A,operation,normal,,pcb2/Data/Images/Normal/0487.JPG
line_02/2026-08-05/L02AAI100058.JPG,line_02,pcb2,2026-08-05,LOT-20260805-AAI,EQ-02-A,operation,normal,,pcb2/Data/Images/Normal/0459.JPG
line_02/2026-08-05/L02AAI100059.JPG,line_02,pcb2,2026-08-05,LOT-20260805-AAI,EQ-02-A,operation,normal,,pcb2/Data/Images/Normal/0370.JPG
line_02/2026-08-05/L02AAI100060.JPG,line_02,pcb2,2026-08-05,LOT-20260805-AAI,EQ-02-A,operation,defect,/Users/eundong/Library/CloudStorage/GoogleDrive-yidheld@gmail.com/내 드라이브/[Shared]SK_AI_Hackathon/archive/pcb2/Data/Masks/Anomaly/027.png,pcb2/Data/Images/Anomaly/027.JPG
line_02/2026-08-05/L02AAI100061.JPG,line_02,pcb2,2026-08-05,LOT-20260805-AAI,EQ-02-A,operation,normal,,pcb2/Data/Images/Normal/0525.JPG
line_02/2026-08-05/L02AAI100062.JPG,line_02,pcb2,2026-08-05,LOT-20260805-AAI,EQ-02-A,operation,normal,,pcb2/Data/Images/Normal/0111.JPG
line_02/2026-08-05/L02AAI100063.JPG,line_02,pcb2,2026-08-05,LOT-20260805-AAI,EQ-02-A,operation,normal,,pcb2/Data/Images/Normal/0462.JPG
line_02/2026-08-05/L02AAI100064.JPG,line_02,pcb2,2026-08-05,LOT-20260805-AAI,EQ-02-A,operation,normal,,pcb2/Data/Images/Normal/0515.JPG
line_02/2026-08-05/L02AAI100065.JPG,line_02,pcb2,2026-08-05,LOT-20260805-AAI,EQ-02-A,operation,normal,,pcb2/Data/Images/Normal/0677.JPG
line_02/2026-08-05/L02AAI100066.JPG,line_02,pcb2,2026-08-05,LOT-20260805-AAI,EQ-02-A,operation,normal,,pcb2/Data/Images/Normal/0896.JPG
line_02/2026-08-05/L02AAI100067.JPG,line_02,pcb2,2026-08-05,LOT-20260805-AAI,EQ-02-A,operation,normal,,pcb2/Data/Images/Normal/0533.JPG
line_02/2026-08-05/L02AAI100068.JPG,line_02,pcb2,2026-08-05,LOT-20260805-AAI,EQ-02-A,operation,normal,,pcb2/Data/Images/Normal/0308.JPG
line_02/2026-08-05/L02AAI100069.JPG,line_02,pcb2,2026-08-05,LOT-20260805-AAI,EQ-02-A,operation,normal,,pcb2/Data/Images/Normal/0469.JPG
line_02/2026-08-05/L02AAI100070.JPG,line_02,pcb2,2026-08-05,LOT-20260805-AAI,EQ-02-A,operation,normal,,pcb2/Data/Images/Normal/0031.JPG
line_02/2026-08-05/L02AAI100071.JPG,line_02,pcb2,2026-08-05,LOT-20260805-AAI,EQ-02-A,operation,normal,,pcb2/Data/Images/Normal/0681.JPG
line_02/2026-08-05/L02AAI100072.JPG,line_02,pcb2,2026-08-05,LOT-20260805-AAI,EQ-02-A,operation,normal,,pcb2/Data/Images/Normal/0490.JPG
line_02/2026-08-05/L02AAI100073.JPG,line_02,pcb2,2026-08-05,LOT-20260805-AAI,EQ-02-A,operation,normal,,pcb2/Data/Images/Normal/0411.JPG
line_02/2026-08-05/L02AAI100074.JPG,line_02,pcb2,2026-08-05,LOT-20260805-AAI,EQ-02-A,operation,normal,,pcb2/Data/Images/Normal/0436.JPG
line_02/2026-08-05/L02AAI100075.JPG,line_02,pcb2,2026-08-05,LOT-20260805-AAI,EQ-02-A,operation,normal,,pcb2/Data/Images/Normal/0685.JPG
line_02/2026-08-05/L02AAI100076.JPG,line_02,pcb2,2026-08-05,LOT-20260805-AAI,EQ-02-A,operation,normal,,pcb2/Data/Images/Normal/0502.JPG
line_02/2026-08-05/L02AAI100077.JPG,line_02,pcb2,2026-08-05,LOT-20260805-AAI,EQ-02-A,operation,defect,/Users/eundong/Library/CloudStorage/GoogleDrive-yidheld@gmail.com/내 드라이브/[Shared]SK_AI_Hackathon/archive/pcb2/Data/Masks/Anomaly/017.png,pcb2/Data/Images/Anomaly/017.JPG
line_02/2026-08-05/L02AAI100078.JPG,line_02,pcb2,2026-08-05,LOT-20260805-AAI,EQ-02-A,operation,normal,,pcb2/Data/Images/Normal/0736.JPG
line_02/2026-08-05/L02AAI100079.JPG,line_02,pcb2,2026-08-05,LOT-20260805-AAI,EQ-02-A,operation,normal,,pcb2/Data/Images/Normal/0785.JPG
line_02/2026-08-05/L02AAI100080.JPG,line_02,pcb2,2026-08-05,LOT-20260805-AAI,EQ-02-A,operation,normal,,pcb2/Data/Images/Normal/0856.JPG
line_02/2026-08-05/L02AAI100081.JPG,line_02,pcb2,2026-08-05,LOT-20260805-AAI,EQ-02-A,operation,normal,,pcb2/Data/Images/Normal/0907.JPG
line_02/2026-08-05/L02AAI100082.JPG,line_02,pcb2,2026-08-05,LOT-20260805-AAI,EQ-02-A,operation,normal,,pcb2/Data/Images/Normal/0626.JPG
line_02/2026-08-05/L02AAI100083.JPG,line_02,pcb2,2026-08-05,LOT-20260805-AAI,EQ-02-A,operation,normal,,pcb2/Data/Images/Normal/0067.JPG
line_02/2026-08-05/L02AAI100084.JPG,line_02,pcb2,2026-08-05,LOT-20260805-AAI,EQ-02-A,operation,defect,/Users/eundong/Library/CloudStorage/GoogleDrive-yidheld@gmail.com/내 드라이브/[Shared]SK_AI_Hackathon/archive/pcb2/Data/Masks/Anomaly/040.png,pcb2/Data/Images/Anomaly/040.JPG
line_02/2026-08-05/L02AAI100085.JPG,line_02,pcb2,2026-08-05,LOT-20260805-AAI,EQ-02-A,operation,normal,,pcb2/Data/Images/Normal/0591.JPG
line_02/2026-08-05/L02AAI100086.JPG,line_02,pcb2,2026-08-05,LOT-20260805-AAI,EQ-02-A,operation,normal,,pcb2/Data/Images/Normal/0759.JPG
line_02/2026-08-05/L02AAI100087.JPG,line_02,pcb2,2026-08-05,LOT-20260805-AAI,EQ-02-A,operation,normal,,pcb2/Data/Images/Normal/0823.JPG
line_02/2026-08-05/L02AAI100088.JPG,line_02,pcb2,2026-08-05,LOT-20260805-AAI,EQ-02-A,operation,normal,,pcb2/Data/Images/Normal/0691.JPG
line_02/2026-08-05/L02AAI100089.JPG,line_02,pcb2,2026-08-05,LOT-20260805-AAI,EQ-02-A,operation,normal,,pcb2/Data/Images/Normal/0718.JPG
line_02/2026-08-05/L02AAI100090.JPG,line_02,pcb2,2026-08-05,LOT-20260805-AAI,EQ-02-A,operation,normal,,pcb2/Data/Images/Normal/0301.JPG
line_02/2026-08-05/L02AAI100091.JPG,line_02,pcb2,2026-08-05,LOT-20260805-AAI,EQ-02-A,operation,normal,,pcb2/Data/Images/Normal/0657.JPG
line_02/2026-08-05/L02AAI100092.JPG,line_02,pcb2,2026-08-05,LOT-20260805-AAI,EQ-02-A,operation,normal,,pcb2/Data/Images/Normal/0517.JPG
line_02/2026-08-05/L02AAI100093.JPG,line_02,pcb2,2026-08-05,LOT-20260805-AAI,EQ-02-A,operation,normal,,pcb2/Data/Images/Normal/0440.JPG
line_02/2026-08-05/L02AAI100094.JPG,line_02,pcb2,2026-08-05,LOT-20260805-AAI,EQ-02-A,operation,normal,,pcb2/Data/Images/Normal/0860.JPG
line_02/2026-08-05/L02AAI100095.JPG,line_02,pcb2,2026-08-05,LOT-20260805-AAI,EQ-02-A,operation,normal,,pcb2/Data/Images/Normal/0827.JPG
line_02/2026-08-05/L02AAI100096.JPG,line_02,pcb2,2026-08-05,LOT-20260805-AAI,EQ-02-A,operation,normal,,pcb2/Data/Images/Normal/0220.JPG
line_02/2026-08-05/L02AAI100097.JPG,line_02,pcb2,2026-08-05,LOT-20260805-AAI,EQ-02-A,operation,normal,,pcb2/Data/Images/Normal/0605.JPG
line_02/2026-08-05/L02AAI100098.JPG,line_02,pcb2,2026-08-05,LOT-20260805-AAI,EQ-02-A,operation,normal,,pcb2/Data/Images/Normal/0581.JPG
line_02/2026-08-05/L02AAI100099.JPG,line_02,pcb2,2026-08-05,LOT-20260805-AAI,EQ-02-A,operation,normal,,pcb2/Data/Images/Normal/0233.JPG
line_02/2026-08-05/L02AAI100100.JPG,line_02,pcb2,2026-08-05,LOT-20260805-AAI,EQ-02-A,operation,normal,,pcb2/Data/Images/Normal/0423.JPG
line_02/2026-08-05/L02AAI100101.JPG,line_02,pcb2,2026-08-05,LOT-20260805-AAI,EQ-02-A,operation,normal,,pcb2/Data/Images/Normal/0347.JPG
line_03/2026-08-05/L03AAG100193.JPG,line_03,pcb3,2026-08-05,LOT-20260805-AAG,EQ-03-A,operation,normal,,pcb3/Data/Images/Normal/0941.JPG
line_03/2026-08-05/L03AAG100194.JPG,line_03,pcb3,2026-08-05,LOT-20260805-AAG,EQ-03-A,operation,normal,,pcb3/Data/Images/Normal/0385.JPG
line_03/2026-08-05/L03AAG100195.JPG,line_03,pcb3,2026-08-05,LOT-20260805-AAG,EQ-03-A,operation,normal,,pcb3/Data/Images/Normal/0999.JPG
line_03/2026-08-05/L03AAG100196.JPG,line_03,pcb3,2026-08-05,LOT-20260805-AAG,EQ-03-A,operation,normal,,pcb3/Data/Images/Normal/0177.JPG
line_03/2026-08-05/L03AAG100197.JPG,line_03,pcb3,2026-08-05,LOT-20260805-AAG,EQ-03-A,operation,normal,,pcb3/Data/Images/Normal/0470.JPG
line_03/2026-08-05/L03AAG100198.JPG,line_03,pcb3,2026-08-05,LOT-20260805-AAG,EQ-03-A,operation,normal,,pcb3/Data/Images/Normal/0704.JPG
line_03/2026-08-05/L03AAG100199.JPG,line_03,pcb3,2026-08-05,LOT-20260805-AAG,EQ-03-A,operation,normal,,pcb3/Data/Images/Normal/0350.JPG
line_03/2026-08-05/L03AAG100200.JPG,line_03,pcb3,2026-08-05,LOT-20260805-AAG,EQ-03-A,operation,normal,,pcb3/Data/Images/Normal/0559.JPG
line_03/2026-08-05/L03AAK100001.JPG,line_03,pcb3,2026-08-05,LOT-20260805-AAK,EQ-03-A,operation,defect,/Users/eundong/Library/CloudStorage/GoogleDrive-yidheld@gmail.com/내 드라이브/[Shared]SK_AI_Hackathon/archive/pcb3/Data/Masks/Anomaly/065.png,pcb3/Data/Images/Anomaly/065.JPG
line_03/2026-08-05/L03AAK100002.JPG,line_03,pcb3,2026-08-05,LOT-20260805-AAK,EQ-03-A,operation,normal,,pcb3/Data/Images/Normal/0362.JPG
line_03/2026-08-05/L03AAK100003.JPG,line_03,pcb3,2026-08-05,LOT-20260805-AAK,EQ-03-A,operation,normal,,pcb3/Data/Images/Normal/0764.JPG
line_03/2026-08-05/L03AAK100004.JPG,line_03,pcb3,2026-08-05,LOT-20260805-AAK,EQ-03-A,operation,normal,,pcb3/Data/Images/Normal/0624.JPG
line_03/2026-08-05/L03AAK100005.JPG,line_03,pcb3,2026-08-05,LOT-20260805-AAK,EQ-03-A,operation,normal,,pcb3/Data/Images/Normal/0834.JPG
line_03/2026-08-05/L03AAK100006.JPG,line_03,pcb3,2026-08-05,LOT-20260805-AAK,EQ-03-A,operation,normal,,pcb3/Data/Images/Normal/0196.JPG
line_03/2026-08-05/L03AAK100007.JPG,line_03,pcb3,2026-08-05,LOT-20260805-AAK,EQ-03-A,operation,normal,,pcb3/Data/Images/Normal/0252.JPG
line_03/2026-08-05/L03AAK100008.JPG,line_03,pcb3,2026-08-05,LOT-20260805-AAK,EQ-03-A,operation,normal,,pcb3/Data/Images/Normal/0285.JPG
line_03/2026-08-05/L03AAK100009.JPG,line_03,pcb3,2026-08-05,LOT-20260805-AAK,EQ-03-A,operation,defect,/Users/eundong/Library/CloudStorage/GoogleDrive-yidheld@gmail.com/내 드라이브/[Shared]SK_AI_Hackathon/archive/pcb3/Data/Masks/Anomaly/040.png,pcb3/Data/Images/Anomaly/040.JPG
line_03/2026-08-05/L03AAK100010.JPG,line_03,pcb3,2026-08-05,LOT-20260805-AAK,EQ-03-A,operation,normal,,pcb3/Data/Images/Normal/0827.JPG
line_03/2026-08-05/L03AAK100011.JPG,line_03,pcb3,2026-08-05,LOT-20260805-AAK,EQ-03-A,operation,normal,,pcb3/Data/Images/Normal/0305.JPG
line_03/2026-08-05/L03AAK100012.JPG,line_03,pcb3,2026-08-05,LOT-20260805-AAK,EQ-03-A,operation,normal,,pcb3/Data/Images/Normal/0902.JPG
line_03/2026-08-05/L03AAK100013.JPG,line_03,pcb3,2026-08-05,LOT-20260805-AAK,EQ-03-A,operation,normal,,pcb3/Data/Images/Normal/0842.JPG
line_03/2026-08-05/L03AAK100014.JPG,line_03,pcb3,2026-08-05,LOT-20260805-AAK,EQ-03-A,operation,normal,,pcb3/Data/Images/Normal/0825.JPG
line_03/2026-08-05/L03AAK100015.JPG,line_03,pcb3,2026-08-05,LOT-20260805-AAK,EQ-03-A,operation,normal,,pcb3/Data/Images/Normal/0856.JPG
line_03/2026-08-05/L03AAK100016.JPG,line_03,pcb3,2026-08-05,LOT-20260805-AAK,EQ-03-A,operation,normal,,pcb3/Data/Images/Normal/0500.JPG
line_03/2026-08-05/L03AAK100017.JPG,line_03,pcb3,2026-08-05,LOT-20260805-AAK,EQ-03-A,operation,normal,,pcb3/Data/Images/Normal/0933.JPG
line_03/2026-08-05/L03AAK100018.JPG,line_03,pcb3,2026-08-05,LOT-20260805-AAK,EQ-03-A,operation,normal,,pcb3/Data/Images/Normal/0680.JPG
line_03/2026-08-05/L03AAK100019.JPG,line_03,pcb3,2026-08-05,LOT-20260805-AAK,EQ-03-A,operation,normal,,pcb3/Data/Images/Normal/0357.JPG
line_03/2026-08-05/L03AAK100020.JPG,line_03,pcb3,2026-08-05,LOT-20260805-AAK,EQ-03-A,operation,normal,,pcb3/Data/Images/Normal/0573.JPG
line_03/2026-08-05/L03AAK100021.JPG,line_03,pcb3,2026-08-05,LOT-20260805-AAK,EQ-03-A,operation,normal,,pcb3/Data/Images/Normal/0280.JPG
line_03/2026-08-05/L03AAK100022.JPG,line_03,pcb3,2026-08-05,LOT-20260805-AAK,EQ-03-A,operation,normal,,pcb3/Data/Images/Normal/0294.JPG
line_03/2026-08-05/L03AAK100023.JPG,line_03,pcb3,2026-08-05,LOT-20260805-AAK,EQ-03-A,operation,normal,,pcb3/Data/Images/Normal/0966.JPG
line_03/2026-08-05/L03AAK100024.JPG,line_03,pcb3,2026-08-05,LOT-20260805-AAK,EQ-03-A,operation,normal,,pcb3/Data/Images/Normal/0587.JPG
line_03/2026-08-05/L03AAK100025.JPG,line_03,pcb3,2026-08-05,LOT-20260805-AAK,EQ-03-A,operation,normal,,pcb3/Data/Images/Normal/0556.JPG
line_03/2026-08-05/L03AAK100026.JPG,line_03,pcb3,2026-08-05,LOT-20260805-AAK,EQ-03-A,operation,normal,,pcb3/Data/Images/Normal/0388.JPG
line_03/2026-08-05/L03AAK100027.JPG,line_03,pcb3,2026-08-05,LOT-20260805-AAK,EQ-03-A,operation,normal,,pcb3/Data/Images/Normal/0404.JPG
line_03/2026-08-05/L03AAK100028.JPG,line_03,pcb3,2026-08-05,LOT-20260805-AAK,EQ-03-A,operation,normal,,pcb3/Data/Images/Normal/0846.JPG
line_03/2026-08-05/L03AAK100029.JPG,line_03,pcb3,2026-08-05,LOT-20260805-AAK,EQ-03-A,operation,defect,/Users/eundong/Library/CloudStorage/GoogleDrive-yidheld@gmail.com/내 드라이브/[Shared]SK_AI_Hackathon/archive/pcb3/Data/Masks/Anomaly/075.png,pcb3/Data/Images/Anomaly/075.JPG
line_03/2026-08-05/L03AAK100030.JPG,line_03,pcb3,2026-08-05,LOT-20260805-AAK,EQ-03-A,operation,normal,,pcb3/Data/Images/Normal/0149.JPG
line_03/2026-08-05/L03AAK100031.JPG,line_03,pcb3,2026-08-05,LOT-20260805-AAK,EQ-03-A,operation,normal,,pcb3/Data/Images/Normal/0806.JPG
line_03/2026-08-05/L03AAK100032.JPG,line_03,pcb3,2026-08-05,LOT-20260805-AAK,EQ-03-A,operation,defect,/Users/eundong/Library/CloudStorage/GoogleDrive-yidheld@gmail.com/내 드라이브/[Shared]SK_AI_Hackathon/archive/pcb3/Data/Masks/Anomaly/068.png,pcb3/Data/Images/Anomaly/068.JPG
line_03/2026-08-05/L03AAK100033.JPG,line_03,pcb3,2026-08-05,LOT-20260805-AAK,EQ-03-A,operation,normal,,pcb3/Data/Images/Normal/0043.JPG
line_03/2026-08-05/L03AAK100034.JPG,line_03,pcb3,2026-08-05,LOT-20260805-AAK,EQ-03-A,operation,defect,/Users/eundong/Library/CloudStorage/GoogleDrive-yidheld@gmail.com/내 드라이브/[Shared]SK_AI_Hackathon/archive/pcb3/Data/Masks/Anomaly/039.png,pcb3/Data/Images/Anomaly/039.JPG
line_03/2026-08-05/L03AAK100035.JPG,line_03,pcb3,2026-08-05,LOT-20260805-AAK,EQ-03-A,operation,normal,,pcb3/Data/Images/Normal/0623.JPG
line_03/2026-08-05/L03AAK100036.JPG,line_03,pcb3,2026-08-05,LOT-20260805-AAK,EQ-03-A,operation,normal,,pcb3/Data/Images/Normal/0897.JPG
line_03/2026-08-05/L03AAK100037.JPG,line_03,pcb3,2026-08-05,LOT-20260805-AAK,EQ-03-A,operation,normal,,pcb3/Data/Images/Normal/0901.JPG
line_03/2026-08-05/L03AAK100038.JPG,line_03,pcb3,2026-08-05,LOT-20260805-AAK,EQ-03-A,operation,normal,,pcb3/Data/Images/Normal/0452.JPG
line_03/2026-08-05/L03AAK100039.JPG,line_03,pcb3,2026-08-05,LOT-20260805-AAK,EQ-03-A,operation,normal,,pcb3/Data/Images/Normal/0262.JPG
line_03/2026-08-05/L03AAK100040.JPG,line_03,pcb3,2026-08-05,LOT-20260805-AAK,EQ-03-A,operation,defect,/Users/eundong/Library/CloudStorage/GoogleDrive-yidheld@gmail.com/내 드라이브/[Shared]SK_AI_Hackathon/archive/pcb3/Data/Masks/Anomaly/012.png,pcb3/Data/Images/Anomaly/012.JPG
line_03/2026-08-05/L03AAK100041.JPG,line_03,pcb3,2026-08-05,LOT-20260805-AAK,EQ-03-A,operation,normal,,pcb3/Data/Images/Normal/0942.JPG
line_03/2026-08-05/L03AAK100042.JPG,line_03,pcb3,2026-08-05,LOT-20260805-AAK,EQ-03-A,operation,normal,,pcb3/Data/Images/Normal/0219.JPG
line_03/2026-08-05/L03AAK100043.JPG,line_03,pcb3,2026-08-05,LOT-20260805-AAK,EQ-03-A,operation,normal,,pcb3/Data/Images/Normal/0206.JPG
line_03/2026-08-05/L03AAK100044.JPG,line_03,pcb3,2026-08-05,LOT-20260805-AAK,EQ-03-A,operation,normal,,pcb3/Data/Images/Normal/0551.JPG
line_03/2026-08-05/L03AAK100045.JPG,line_03,pcb3,2026-08-05,LOT-20260805-AAK,EQ-03-A,operation,normal,,pcb3/Data/Images/Normal/0277.JPG
line_03/2026-08-05/L03AAK100046.JPG,line_03,pcb3,2026-08-05,LOT-20260805-AAK,EQ-03-A,operation,defect,/Users/eundong/Library/CloudStorage/GoogleDrive-yidheld@gmail.com/내 드라이브/[Shared]SK_AI_Hackathon/archive/pcb3/Data/Masks/Anomaly/029.png,pcb3/Data/Images/Anomaly/029.JPG
line_03/2026-08-05/L03AAK100047.JPG,line_03,pcb3,2026-08-05,LOT-20260805-AAK,EQ-03-A,operation,normal,,pcb3/Data/Images/Normal/0755.JPG
line_03/2026-08-05/L03AAK100048.JPG,line_03,pcb3,2026-08-05,LOT-20260805-AAK,EQ-03-A,operation,normal,,pcb3/Data/Images/Normal/0278.JPG
line_03/2026-08-05/L03AAK100049.JPG,line_03,pcb3,2026-08-05,LOT-20260805-AAK,EQ-03-A,operation,normal,,pcb3/Data/Images/Normal/0724.JPG
line_03/2026-08-05/L03AAK100050.JPG,line_03,pcb3,2026-08-05,LOT-20260805-AAK,EQ-03-A,operation,normal,,pcb3/Data/Images/Normal/0111.JPG
line_03/2026-08-05/L03AAK100051.JPG,line_03,pcb3,2026-08-05,LOT-20260805-AAK,EQ-03-A,operation,normal,,pcb3/Data/Images/Normal/0245.JPG
line_03/2026-08-05/L03AAK100052.JPG,line_03,pcb3,2026-08-05,LOT-20260805-AAK,EQ-03-A,operation,normal,,pcb3/Data/Images/Normal/0673.JPG
line_03/2026-08-05/L03AAK100053.JPG,line_03,pcb3,2026-08-05,LOT-20260805-AAK,EQ-03-A,operation,normal,,pcb3/Data/Images/Normal/0777.JPG
line_03/2026-08-05/L03AAK100054.JPG,line_03,pcb3,2026-08-05,LOT-20260805-AAK,EQ-03-A,operation,normal,,pcb3/Data/Images/Normal/0543.JPG
line_03/2026-08-05/L03AAK100055.JPG,line_03,pcb3,2026-08-05,LOT-20260805-AAK,EQ-03-A,operation,normal,,pcb3/Data/Images/Normal/0231.JPG
line_03/2026-08-05/L03AAK100056.JPG,line_03,pcb3,2026-08-05,LOT-20260805-AAK,EQ-03-A,operation,normal,,pcb3/Data/Images/Normal/0238.JPG
line_03/2026-08-05/L03AAK100057.JPG,line_03,pcb3,2026-08-05,LOT-20260805-AAK,EQ-03-A,operation,normal,,pcb3/Data/Images/Normal/0053.JPG
line_03/2026-08-05/L03AAK100058.JPG,line_03,pcb3,2026-08-05,LOT-20260805-AAK,EQ-03-A,operation,normal,,pcb3/Data/Images/Normal/0102.JPG
line_03/2026-08-05/L03AAK100059.JPG,line_03,pcb3,2026-08-05,LOT-20260805-AAK,EQ-03-A,operation,normal,,pcb3/Data/Images/Normal/0423.JPG
line_03/2026-08-05/L03AAK100060.JPG,line_03,pcb3,2026-08-05,LOT-20260805-AAK,EQ-03-A,operation,normal,,pcb3/Data/Images/Normal/0338.JPG
line_03/2026-08-05/L03AAK100061.JPG,line_03,pcb3,2026-08-05,LOT-20260805-AAK,EQ-03-A,operation,normal,,pcb3/Data/Images/Normal/0483.JPG
line_03/2026-08-05/L03AAK100062.JPG,line_03,pcb3,2026-08-05,LOT-20260805-AAK,EQ-03-A,operation,normal,,pcb3/Data/Images/Normal/0685.JPG
line_03/2026-08-05/L03AAK100063.JPG,line_03,pcb3,2026-08-05,LOT-20260805-AAK,EQ-03-A,operation,normal,,pcb3/Data/Images/Normal/0919.JPG
line_03/2026-08-05/L03AAK100064.JPG,line_03,pcb3,2026-08-05,LOT-20260805-AAK,EQ-03-A,operation,normal,,pcb3/Data/Images/Normal/0005.JPG
line_03/2026-08-05/L03AAK100065.JPG,line_03,pcb3,2026-08-05,LOT-20260805-AAK,EQ-03-A,operation,normal,,pcb3/Data/Images/Normal/0746.JPG
line_03/2026-08-05/L03AAK100066.JPG,line_03,pcb3,2026-08-05,LOT-20260805-AAK,EQ-03-A,operation,normal,,pcb3/Data/Images/Normal/0837.JPG
line_03/2026-08-05/L03AAK100067.JPG,line_03,pcb3,2026-08-05,LOT-20260805-AAK,EQ-03-A,operation,defect,/Users/eundong/Library/CloudStorage/GoogleDrive-yidheld@gmail.com/내 드라이브/[Shared]SK_AI_Hackathon/archive/pcb3/Data/Masks/Anomaly/006.png,pcb3/Data/Images/Anomaly/006.JPG
line_03/2026-08-05/L03AAK100068.JPG,line_03,pcb3,2026-08-05,LOT-20260805-AAK,EQ-03-A,operation,normal,,pcb3/Data/Images/Normal/0416.JPG
line_03/2026-08-05/L03AAK100069.JPG,line_03,pcb3,2026-08-05,LOT-20260805-AAK,EQ-03-A,operation,normal,,pcb3/Data/Images/Normal/0487.JPG
line_03/2026-08-05/L03AAK100070.JPG,line_03,pcb3,2026-08-05,LOT-20260805-AAK,EQ-03-A,operation,normal,,pcb3/Data/Images/Normal/0488.JPG
line_03/2026-08-05/L03AAK100071.JPG,line_03,pcb3,2026-08-05,LOT-20260805-AAK,EQ-03-A,operation,normal,,pcb3/Data/Images/Normal/1002.JPG
line_03/2026-08-05/L03AAK100072.JPG,line_03,pcb3,2026-08-05,LOT-20260805-AAK,EQ-03-A,operation,normal,,pcb3/Data/Images/Normal/0613.JPG
line_03/2026-08-05/L03AAK100073.JPG,line_03,pcb3,2026-08-05,LOT-20260805-AAK,EQ-03-A,operation,normal,,pcb3/Data/Images/Normal/0328.JPG
line_03/2026-08-05/L03AAK100074.JPG,line_03,pcb3,2026-08-05,LOT-20260805-AAK,EQ-03-A,operation,normal,,pcb3/Data/Images/Normal/0770.JPG
line_03/2026-08-05/L03AAK100075.JPG,line_03,pcb3,2026-08-05,LOT-20260805-AAK,EQ-03-A,operation,normal,,pcb3/Data/Images/Normal/0060.JPG
line_03/2026-08-05/L03AAK100076.JPG,line_03,pcb3,2026-08-05,LOT-20260805-AAK,EQ-03-A,operation,normal,,pcb3/Data/Images/Normal/0091.JPG
line_03/2026-08-05/L03AAK100077.JPG,line_03,pcb3,2026-08-05,LOT-20260805-AAK,EQ-03-A,operation,normal,,pcb3/Data/Images/Normal/0237.JPG
line_03/2026-08-05/L03AAK100078.JPG,line_03,pcb3,2026-08-05,LOT-20260805-AAK,EQ-03-A,operation,normal,,pcb3/Data/Images/Normal/0547.JPG
line_03/2026-08-05/L03AAK100079.JPG,line_03,pcb3,2026-08-05,LOT-20260805-AAK,EQ-03-A,operation,normal,,pcb3/Data/Images/Normal/0038.JPG
line_03/2026-08-05/L03AAK100080.JPG,line_03,pcb3,2026-08-05,LOT-20260805-AAK,EQ-03-A,operation,normal,,pcb3/Data/Images/Normal/0179.JPG
line_03/2026-08-05/L03AAK100081.JPG,line_03,pcb3,2026-08-05,LOT-20260805-AAK,EQ-03-A,operation,defect,/Users/eundong/Library/CloudStorage/GoogleDrive-yidheld@gmail.com/내 드라이브/[Shared]SK_AI_Hackathon/archive/pcb3/Data/Masks/Anomaly/084.png,pcb3/Data/Images/Anomaly/084.JPG
line_03/2026-08-05/L03AAK100082.JPG,line_03,pcb3,2026-08-05,LOT-20260805-AAK,EQ-03-A,operation,normal,,pcb3/Data/Images/Normal/0427.JPG
line_03/2026-08-05/L03AAK100083.JPG,line_03,pcb3,2026-08-05,LOT-20260805-AAK,EQ-03-A,operation,normal,,pcb3/Data/Images/Normal/0180.JPG
line_03/2026-08-05/L03AAK100084.JPG,line_03,pcb3,2026-08-05,LOT-20260805-AAK,EQ-03-A,operation,normal,,pcb3/Data/Images/Normal/0037.JPG
line_03/2026-08-05/L03AAK100085.JPG,line_03,pcb3,2026-08-05,LOT-20260805-AAK,EQ-03-A,operation,normal,,pcb3/Data/Images/Normal/0406.JPG
line_04/2026-08-05/L04AAJ100004.JPG,line_04,pcb4,2026-08-05,LOT-20260805-AAJ,EQ-04-A,operation,normal,,pcb4/Data/Images/Normal/0825.JPG
line_04/2026-08-05/L04AAJ100005.JPG,line_04,pcb4,2026-08-05,LOT-20260805-AAJ,EQ-04-A,operation,normal,,pcb4/Data/Images/Normal/0309.JPG
line_04/2026-08-05/L04AAJ100006.JPG,line_04,pcb4,2026-08-05,LOT-20260805-AAJ,EQ-04-A,operation,normal,,pcb4/Data/Images/Normal/0162.JPG
line_04/2026-08-05/L04AAJ100007.JPG,line_04,pcb4,2026-08-05,LOT-20260805-AAJ,EQ-04-A,operation,normal,,pcb4/Data/Images/Normal/0280.JPG
line_04/2026-08-05/L04AAJ100008.JPG,line_04,pcb4,2026-08-05,LOT-20260805-AAJ,EQ-04-A,operation,normal,,pcb4/Data/Images/Normal/0960.JPG
line_04/2026-08-05/L04AAJ100009.JPG,line_04,pcb4,2026-08-05,LOT-20260805-AAJ,EQ-04-A,operation,normal,,pcb4/Data/Images/Normal/0369.JPG
line_04/2026-08-05/L04AAJ100010.JPG,line_04,pcb4,2026-08-05,LOT-20260805-AAJ,EQ-04-A,operation,normal,,pcb4/Data/Images/Normal/0256.JPG
line_04/2026-08-05/L04AAJ100011.JPG,line_04,pcb4,2026-08-05,LOT-20260805-AAJ,EQ-04-A,operation,normal,,pcb4/Data/Images/Normal/0948.JPG
line_04/2026-08-05/L04AAJ100012.JPG,line_04,pcb4,2026-08-05,LOT-20260805-AAJ,EQ-04-A,operation,normal,,pcb4/Data/Images/Normal/0380.JPG
line_04/2026-08-05/L04AAJ100013.JPG,line_04,pcb4,2026-08-05,LOT-20260805-AAJ,EQ-04-A,operation,normal,,pcb4/Data/Images/Normal/0716.JPG
line_04/2026-08-05/L04AAJ100014.JPG,line_04,pcb4,2026-08-05,LOT-20260805-AAJ,EQ-04-A,operation,defect,/Users/eundong/Library/CloudStorage/GoogleDrive-yidheld@gmail.com/내 드라이브/[Shared]SK_AI_Hackathon/archive/pcb4/Data/Masks/Anomaly/046.png,pcb4/Data/Images/Anomaly/046.JPG
line_04/2026-08-05/L04AAJ100015.JPG,line_04,pcb4,2026-08-05,LOT-20260805-AAJ,EQ-04-A,operation,normal,,pcb4/Data/Images/Normal/0053.JPG
line_04/2026-08-05/L04AAJ100016.JPG,line_04,pcb4,2026-08-05,LOT-20260805-AAJ,EQ-04-A,operation,normal,,pcb4/Data/Images/Normal/0871.JPG
line_04/2026-08-05/L04AAJ100017.JPG,line_04,pcb4,2026-08-05,LOT-20260805-AAJ,EQ-04-A,operation,normal,,pcb4/Data/Images/Normal/0813.JPG
line_04/2026-08-05/L04AAJ100018.JPG,line_04,pcb4,2026-08-05,LOT-20260805-AAJ,EQ-04-A,operation,normal,,pcb4/Data/Images/Normal/0239.JPG
line_04/2026-08-05/L04AAJ100019.JPG,line_04,pcb4,2026-08-05,LOT-20260805-AAJ,EQ-04-A,operation,normal,,pcb4/Data/Images/Normal/0838.JPG
line_04/2026-08-05/L04AAJ100020.JPG,line_04,pcb4,2026-08-05,LOT-20260805-AAJ,EQ-04-A,operation,normal,,pcb4/Data/Images/Normal/0093.JPG
line_04/2026-08-05/L04AAJ100021.JPG,line_04,pcb4,2026-08-05,LOT-20260805-AAJ,EQ-04-A,operation,normal,,pcb4/Data/Images/Normal/0696.JPG
line_04/2026-08-05/L04AAJ100022.JPG,line_04,pcb4,2026-08-05,LOT-20260805-AAJ,EQ-04-A,operation,normal,,pcb4/Data/Images/Normal/0001.JPG
line_04/2026-08-05/L04AAJ100023.JPG,line_04,pcb4,2026-08-05,LOT-20260805-AAJ,EQ-04-A,operation,normal,,pcb4/Data/Images/Normal/0218.JPG
line_04/2026-08-05/L04AAJ100024.JPG,line_04,pcb4,2026-08-05,LOT-20260805-AAJ,EQ-04-A,operation,normal,,pcb4/Data/Images/Normal/0488.JPG
line_04/2026-08-05/L04AAJ100025.JPG,line_04,pcb4,2026-08-05,LOT-20260805-AAJ,EQ-04-A,operation,normal,,pcb4/Data/Images/Normal/0079.JPG
line_04/2026-08-05/L04AAJ100026.JPG,line_04,pcb4,2026-08-05,LOT-20260805-AAJ,EQ-04-A,operation,normal,,pcb4/Data/Images/Normal/0821.JPG
line_04/2026-08-05/L04AAJ100027.JPG,line_04,pcb4,2026-08-05,LOT-20260805-AAJ,EQ-04-A,operation,normal,,pcb4/Data/Images/Normal/0607.JPG
line_04/2026-08-05/L04AAJ100028.JPG,line_04,pcb4,2026-08-05,LOT-20260805-AAJ,EQ-04-A,operation,normal,,pcb4/Data/Images/Normal/0231.JPG
line_04/2026-08-05/L04AAJ100029.JPG,line_04,pcb4,2026-08-05,LOT-20260805-AAJ,EQ-04-A,operation,normal,,pcb4/Data/Images/Normal/0947.JPG
line_04/2026-08-05/L04AAJ100030.JPG,line_04,pcb4,2026-08-05,LOT-20260805-AAJ,EQ-04-A,operation,normal,,pcb4/Data/Images/Normal/0455.JPG
line_04/2026-08-05/L04AAJ100031.JPG,line_04,pcb4,2026-08-05,LOT-20260805-AAJ,EQ-04-A,operation,normal,,pcb4/Data/Images/Normal/0781.JPG
line_04/2026-08-05/L04AAJ100032.JPG,line_04,pcb4,2026-08-05,LOT-20260805-AAJ,EQ-04-A,operation,normal,,pcb4/Data/Images/Normal/0008.JPG
line_04/2026-08-05/L04AAJ100033.JPG,line_04,pcb4,2026-08-05,LOT-20260805-AAJ,EQ-04-A,operation,normal,,pcb4/Data/Images/Normal/0678.JPG
line_04/2026-08-05/L04AAJ100034.JPG,line_04,pcb4,2026-08-05,LOT-20260805-AAJ,EQ-04-A,operation,normal,,pcb4/Data/Images/Normal/0123.JPG
line_04/2026-08-05/L04AAJ100035.JPG,line_04,pcb4,2026-08-05,LOT-20260805-AAJ,EQ-04-A,operation,normal,,pcb4/Data/Images/Normal/0432.JPG
line_04/2026-08-05/L04AAJ100036.JPG,line_04,pcb4,2026-08-05,LOT-20260805-AAJ,EQ-04-A,operation,normal,,pcb4/Data/Images/Normal/0977.JPG
line_04/2026-08-05/L04AAJ100037.JPG,line_04,pcb4,2026-08-05,LOT-20260805-AAJ,EQ-04-A,operation,normal,,pcb4/Data/Images/Normal/0489.JPG
line_04/2026-08-05/L04AAJ100038.JPG,line_04,pcb4,2026-08-05,LOT-20260805-AAJ,EQ-04-A,operation,normal,,pcb4/Data/Images/Normal/0072.JPG
line_04/2026-08-05/L04AAJ100039.JPG,line_04,pcb4,2026-08-05,LOT-20260805-AAJ,EQ-04-A,operation,normal,,pcb4/Data/Images/Normal/0234.JPG
line_04/2026-08-05/L04AAJ100040.JPG,line_04,pcb4,2026-08-05,LOT-20260805-AAJ,EQ-04-A,operation,defect,/Users/eundong/Library/CloudStorage/GoogleDrive-yidheld@gmail.com/내 드라이브/[Shared]SK_AI_Hackathon/archive/pcb4/Data/Masks/Anomaly/000.png,pcb4/Data/Images/Anomaly/000.JPG
line_04/2026-08-05/L04AAJ100041.JPG,line_04,pcb4,2026-08-05,LOT-20260805-AAJ,EQ-04-A,operation,defect,/Users/eundong/Library/CloudStorage/GoogleDrive-yidheld@gmail.com/내 드라이브/[Shared]SK_AI_Hackathon/archive/pcb4/Data/Masks/Anomaly/054.png,pcb4/Data/Images/Anomaly/054.JPG
line_04/2026-08-05/L04AAJ100042.JPG,line_04,pcb4,2026-08-05,LOT-20260805-AAJ,EQ-04-A,operation,normal,,pcb4/Data/Images/Normal/0801.JPG
line_04/2026-08-05/L04AAJ100043.JPG,line_04,pcb4,2026-08-05,LOT-20260805-AAJ,EQ-04-A,operation,normal,,pcb4/Data/Images/Normal/0091.JPG
line_04/2026-08-05/L04AAJ100044.JPG,line_04,pcb4,2026-08-05,LOT-20260805-AAJ,EQ-04-A,operation,normal,,pcb4/Data/Images/Normal/0735.JPG
line_04/2026-08-05/L04AAJ100045.JPG,line_04,pcb4,2026-08-05,LOT-20260805-AAJ,EQ-04-A,operation,normal,,pcb4/Data/Images/Normal/0105.JPG
line_04/2026-08-05/L04AAJ100046.JPG,line_04,pcb4,2026-08-05,LOT-20260805-AAJ,EQ-04-A,operation,normal,,pcb4/Data/Images/Normal/0879.JPG
line_04/2026-08-05/L04AAJ100047.JPG,line_04,pcb4,2026-08-05,LOT-20260805-AAJ,EQ-04-A,operation,normal,,pcb4/Data/Images/Normal/0376.JPG
line_04/2026-08-05/L04AAJ100048.JPG,line_04,pcb4,2026-08-05,LOT-20260805-AAJ,EQ-04-A,operation,normal,,pcb4/Data/Images/Normal/0306.JPG
line_04/2026-08-05/L04AAJ100049.JPG,line_04,pcb4,2026-08-05,LOT-20260805-AAJ,EQ-04-A,operation,normal,,pcb4/Data/Images/Normal/0140.JPG
line_04/2026-08-05/L04AAJ100050.JPG,line_04,pcb4,2026-08-05,LOT-20260805-AAJ,EQ-04-A,operation,normal,,pcb4/Data/Images/Normal/0391.JPG
line_04/2026-08-05/L04AAJ100051.JPG,line_04,pcb4,2026-08-05,LOT-20260805-AAJ,EQ-04-A,operation,normal,,pcb4/Data/Images/Normal/0136.JPG
line_04/2026-08-05/L04AAJ100052.JPG,line_04,pcb4,2026-08-05,LOT-20260805-AAJ,EQ-04-A,operation,normal,,pcb4/Data/Images/Normal/0146.JPG
line_04/2026-08-05/L04AAJ100053.JPG,line_04,pcb4,2026-08-05,LOT-20260805-AAJ,EQ-04-A,operation,normal,,pcb4/Data/Images/Normal/0070.JPG
line_04/2026-08-05/L04AAJ100054.JPG,line_04,pcb4,2026-08-05,LOT-20260805-AAJ,EQ-04-A,operation,normal,,pcb4/Data/Images/Normal/0543.JPG
line_04/2026-08-05/L04AAJ100055.JPG,line_04,pcb4,2026-08-05,LOT-20260805-AAJ,EQ-04-A,operation,normal,,pcb4/Data/Images/Normal/0963.JPG
line_04/2026-08-05/L04AAJ100056.JPG,line_04,pcb4,2026-08-05,LOT-20260805-AAJ,EQ-04-A,operation,normal,,pcb4/Data/Images/Normal/0824.JPG
line_04/2026-08-05/L04AAJ100057.JPG,line_04,pcb4,2026-08-05,LOT-20260805-AAJ,EQ-04-A,operation,normal,,pcb4/Data/Images/Normal/0891.JPG
line_04/2026-08-05/L04AAJ100058.JPG,line_04,pcb4,2026-08-05,LOT-20260805-AAJ,EQ-04-A,operation,normal,,pcb4/Data/Images/Normal/0450.JPG
line_04/2026-08-05/L04AAJ100059.JPG,line_04,pcb4,2026-08-05,LOT-20260805-AAJ,EQ-04-A,operation,normal,,pcb4/Data/Images/Normal/0709.JPG
line_04/2026-08-05/L04AAJ100060.JPG,line_04,pcb4,2026-08-05,LOT-20260805-AAJ,EQ-04-A,operation,normal,,pcb4/Data/Images/Normal/0706.JPG
line_04/2026-08-05/L04AAJ100061.JPG,line_04,pcb4,2026-08-05,LOT-20260805-AAJ,EQ-04-A,operation,normal,,pcb4/Data/Images/Normal/0155.JPG
line_04/2026-08-05/L04AAJ100062.JPG,line_04,pcb4,2026-08-05,LOT-20260805-AAJ,EQ-04-A,operation,normal,,pcb4/Data/Images/Normal/0694.JPG
line_04/2026-08-05/L04AAJ100063.JPG,line_04,pcb4,2026-08-05,LOT-20260805-AAJ,EQ-04-A,operation,normal,,pcb4/Data/Images/Normal/0453.JPG
line_04/2026-08-05/L04AAJ100064.JPG,line_04,pcb4,2026-08-05,LOT-20260805-AAJ,EQ-04-A,operation,defect,/Users/eundong/Library/CloudStorage/GoogleDrive-yidheld@gmail.com/내 드라이브/[Shared]SK_AI_Hackathon/archive/pcb4/Data/Masks/Anomaly/011.png,pcb4/Data/Images/Anomaly/011.JPG
line_04/2026-08-05/L04AAJ100065.JPG,line_04,pcb4,2026-08-05,LOT-20260805-AAJ,EQ-04-A,operation,normal,,pcb4/Data/Images/Normal/0222.JPG
line_04/2026-08-05/L04AAJ100066.JPG,line_04,pcb4,2026-08-05,LOT-20260805-AAJ,EQ-04-A,operation,normal,,pcb4/Data/Images/Normal/0088.JPG
line_04/2026-08-05/L04AAJ100067.JPG,line_04,pcb4,2026-08-05,LOT-20260805-AAJ,EQ-04-A,operation,normal,,pcb4/Data/Images/Normal/0102.JPG
line_04/2026-08-05/L04AAJ100068.JPG,line_04,pcb4,2026-08-05,LOT-20260805-AAJ,EQ-04-A,operation,normal,,pcb4/Data/Images/Normal/0788.JPG
line_04/2026-08-05/L04AAJ100069.JPG,line_04,pcb4,2026-08-05,LOT-20260805-AAJ,EQ-04-A,operation,defect,/Users/eundong/Library/CloudStorage/GoogleDrive-yidheld@gmail.com/내 드라이브/[Shared]SK_AI_Hackathon/archive/pcb4/Data/Masks/Anomaly/037.png,pcb4/Data/Images/Anomaly/037.JPG
line_04/2026-08-05/L04AAJ100070.JPG,line_04,pcb4,2026-08-05,LOT-20260805-AAJ,EQ-04-A,operation,normal,,pcb4/Data/Images/Normal/0126.JPG
line_04/2026-08-05/L04AAJ100071.JPG,line_04,pcb4,2026-08-05,LOT-20260805-AAJ,EQ-04-A,operation,defect,/Users/eundong/Library/CloudStorage/GoogleDrive-yidheld@gmail.com/내 드라이브/[Shared]SK_AI_Hackathon/archive/pcb4/Data/Masks/Anomaly/061.png,pcb4/Data/Images/Anomaly/061.JPG
line_04/2026-08-05/L04AAJ100072.JPG,line_04,pcb4,2026-08-05,LOT-20260805-AAJ,EQ-04-A,operation,normal,,pcb4/Data/Images/Normal/0777.JPG
line_04/2026-08-05/L04AAJ100073.JPG,line_04,pcb4,2026-08-05,LOT-20260805-AAJ,EQ-04-A,operation,normal,,pcb4/Data/Images/Normal/0577.JPG
line_04/2026-08-05/L04AAJ100074.JPG,line_04,pcb4,2026-08-05,LOT-20260805-AAJ,EQ-04-A,operation,normal,,pcb4/Data/Images/Normal/0615.JPG
line_04/2026-08-05/L04AAJ100075.JPG,line_04,pcb4,2026-08-05,LOT-20260805-AAJ,EQ-04-A,operation,normal,,pcb4/Data/Images/Normal/0786.JPG
line_04/2026-08-05/L04AAJ100076.JPG,line_04,pcb4,2026-08-05,LOT-20260805-AAJ,EQ-04-A,operation,normal,,pcb4/Data/Images/Normal/0569.JPG
line_04/2026-08-05/L04AAJ100077.JPG,line_04,pcb4,2026-08-05,LOT-20260805-AAJ,EQ-04-A,operation,normal,,pcb4/Data/Images/Normal/0685.JPG
line_04/2026-08-05/L04AAJ100078.JPG,line_04,pcb4,2026-08-05,LOT-20260805-AAJ,EQ-04-A,operation,normal,,pcb4/Data/Images/Normal/0692.JPG
line_04/2026-08-05/L04AAJ100079.JPG,line_04,pcb4,2026-08-05,LOT-20260805-AAJ,EQ-04-A,operation,normal,,pcb4/Data/Images/Normal/0823.JPG
line_04/2026-08-05/L04AAJ100080.JPG,line_04,pcb4,2026-08-05,LOT-20260805-AAJ,EQ-04-A,operation,normal,,pcb4/Data/Images/Normal/0971.JPG
line_04/2026-08-05/L04AAJ100081.JPG,line_04,pcb4,2026-08-05,LOT-20260805-AAJ,EQ-04-A,operation,normal,,pcb4/Data/Images/Normal/0291.JPG
line_04/2026-08-05/L04AAJ100082.JPG,line_04,pcb4,2026-08-05,LOT-20260805-AAJ,EQ-04-A,operation,normal,,pcb4/Data/Images/Normal/0027.JPG
line_04/2026-08-05/L04AAJ100083.JPG,line_04,pcb4,2026-08-05,LOT-20260805-AAJ,EQ-04-A,operation,normal,,pcb4/Data/Images/Normal/0308.JPG
line_04/2026-08-05/L04AAJ100084.JPG,line_04,pcb4,2026-08-05,LOT-20260805-AAJ,EQ-04-A,operation,normal,,pcb4/Data/Images/Normal/0859.JPG
line_04/2026-08-05/L04AAJ100085.JPG,line_04,pcb4,2026-08-05,LOT-20260805-AAJ,EQ-04-A,operation,normal,,pcb4/Data/Images/Normal/0530.JPG
line_04/2026-08-05/L04AAJ100086.JPG,line_04,pcb4,2026-08-05,LOT-20260805-AAJ,EQ-04-A,operation,normal,,pcb4/Data/Images/Normal/0521.JPG
line_04/2026-08-05/L04AAJ100087.JPG,line_04,pcb4,2026-08-05,LOT-20260805-AAJ,EQ-04-A,operation,normal,,pcb4/Data/Images/Normal/0193.JPG
line_04/2026-08-05/L04AAJ100088.JPG,line_04,pcb4,2026-08-05,LOT-20260805-AAJ,EQ-04-A,operation,defect,/Users/eundong/Library/CloudStorage/GoogleDrive-yidheld@gmail.com/내 드라이브/[Shared]SK_AI_Hackathon/archive/pcb4/Data/Masks/Anomaly/025.png,pcb4/Data/Images/Anomaly/025.JPG
line_04/2026-08-05/L04AAJ100089.JPG,line_04,pcb4,2026-08-05,LOT-20260805-AAJ,EQ-04-A,operation,normal,,pcb4/Data/Images/Normal/0833.JPG
line_04/2026-08-05/L04AAJ100090.JPG,line_04,pcb4,2026-08-05,LOT-20260805-AAJ,EQ-04-A,operation,normal,,pcb4/Data/Images/Normal/0927.JPG
line_04/2026-08-05/L04AAJ100091.JPG,line_04,pcb4,2026-08-05,LOT-20260805-AAJ,EQ-04-A,operation,normal,,pcb4/Data/Images/Normal/0055.JPG
line_04/2026-08-05/L04AAJ100092.JPG,line_04,pcb4,2026-08-05,LOT-20260805-AAJ,EQ-04-A,operation,normal,,pcb4/Data/Images/Normal/0245.JPG
line_04/2026-08-05/L04AAJ100093.JPG,line_04,pcb4,2026-08-05,LOT-20260805-AAJ,EQ-04-A,operation,normal,,pcb4/Data/Images/Normal/0652.JPG
line_04/2026-08-05/L04AAJ100094.JPG,line_04,pcb4,2026-08-05,LOT-20260805-AAJ,EQ-04-A,operation,normal,,pcb4/Data/Images/Normal/0395.JPG
line_04/2026-08-05/L04AAJ100095.JPG,line_04,pcb4,2026-08-05,LOT-20260805-AAJ,EQ-04-A,operation,normal,,pcb4/Data/Images/Normal/0748.JPG
line_04/2026-08-05/L04AAJ100096.JPG,line_04,pcb4,2026-08-05,LOT-20260805-AAJ,EQ-04-A,operation,normal,,pcb4/Data/Images/Normal/0246.JPG
line_04/2026-08-05/L04AAJ100097.JPG,line_04,pcb4,2026-08-05,LOT-20260805-AAJ,EQ-04-A,operation,normal,,pcb4/Data/Images/Normal/0511.JPG
line_04/2026-08-05/L04AAJ100098.JPG,line_04,pcb4,2026-08-05,LOT-20260805-AAJ,EQ-04-A,operation,normal,,pcb4/Data/Images/Normal/0994.JPG
line_04/2026-08-05/L04AAJ100099.JPG,line_04,pcb4,2026-08-05,LOT-20260805-AAJ,EQ-04-A,operation,normal,,pcb4/Data/Images/Normal/0839.JPG
line_04/2026-08-05/L04AAJ100100.JPG,line_04,pcb4,2026-08-05,LOT-20260805-AAJ,EQ-04-A,operation,normal,,pcb4/Data/Images/Normal/0012.JPG
line_04/2026-08-05/L04AAJ100101.JPG,line_04,pcb4,2026-08-05,LOT-20260805-AAJ,EQ-04-A,operation,normal,,pcb4/Data/Images/Normal/0719.JPG
line_04/2026-08-05/L04AAJ100102.JPG,line_04,pcb4,2026-08-05,LOT-20260805-AAJ,EQ-04-A,operation,normal,,pcb4/Data/Images/Normal/0324.JPG
line_04/2026-08-05/L04AAJ100103.JPG,line_04,pcb4,2026-08-05,LOT-20260805-AAJ,EQ-04-A,operation,normal,,pcb4/Data/Images/Normal/0598.JPG
line_04/2026-08-05/L04AAJ100104.JPG,line_04,pcb4,2026-08-05,LOT-20260805-AAJ,EQ-04-A,operation,normal,,pcb4/Data/Images/Normal/0396.JPG
line_04/2026-08-05/L04AAJ100105.JPG,line_04,pcb4,2026-08-05,LOT-20260805-AAJ,EQ-04-A,operation,normal,,pcb4/Data/Images/Normal/0430.JPG
line_04/2026-08-05/L04AAJ100106.JPG,line_04,pcb4,2026-08-05,LOT-20260805-AAJ,EQ-04-A,operation,normal,,pcb4/Data/Images/Normal/0847.JPG
line_01/2026-08-06/L01AAH100193.JPG,line_01,pcb1,2026-08-06,LOT-20260806-AAH,EQ-01-A,operation,normal,,pcb1/Data/Images/Normal/0465.JPG
line_01/2026-08-06/L01AAH100194.JPG,line_01,pcb1,2026-08-06,LOT-20260806-AAH,EQ-01-A,operation,normal,,pcb1/Data/Images/Normal/0292.JPG
line_01/2026-08-06/L01AAH100195.JPG,line_01,pcb1,2026-08-06,LOT-20260806-AAH,EQ-01-A,operation,normal,,pcb1/Data/Images/Normal/0703.JPG
line_01/2026-08-06/L01AAH100196.JPG,line_01,pcb1,2026-08-06,LOT-20260806-AAH,EQ-01-A,operation,defect,/Users/eundong/Library/CloudStorage/GoogleDrive-yidheld@gmail.com/내 드라이브/[Shared]SK_AI_Hackathon/archive/pcb1/Data/Masks/Anomaly/037.png,pcb1/Data/Images/Anomaly/037.JPG
line_01/2026-08-06/L01AAH100197.JPG,line_01,pcb1,2026-08-06,LOT-20260806-AAH,EQ-01-A,operation,normal,,pcb1/Data/Images/Normal/0569.JPG
line_01/2026-08-06/L01AAH100198.JPG,line_01,pcb1,2026-08-06,LOT-20260806-AAH,EQ-01-A,operation,normal,,pcb1/Data/Images/Normal/0498.JPG
line_01/2026-08-06/L01AAH100199.JPG,line_01,pcb1,2026-08-06,LOT-20260806-AAH,EQ-01-A,operation,normal,,pcb1/Data/Images/Normal/0158.JPG
line_01/2026-08-06/L01AAH100200.JPG,line_01,pcb1,2026-08-06,LOT-20260806-AAH,EQ-01-A,operation,normal,,pcb1/Data/Images/Normal/0901.JPG
line_01/2026-08-06/L01AAL100001.JPG,line_01,pcb1,2026-08-06,LOT-20260806-AAL,EQ-01-A,operation,normal,,pcb1/Data/Images/Normal/0303.JPG
line_01/2026-08-06/L01AAL100002.JPG,line_01,pcb1,2026-08-06,LOT-20260806-AAL,EQ-01-A,operation,normal,,pcb1/Data/Images/Normal/0222.JPG
line_01/2026-08-06/L01AAL100003.JPG,line_01,pcb1,2026-08-06,LOT-20260806-AAL,EQ-01-A,operation,normal,,pcb1/Data/Images/Normal/0964.JPG
line_01/2026-08-06/L01AAL100004.JPG,line_01,pcb1,2026-08-06,LOT-20260806-AAL,EQ-01-A,operation,normal,,pcb1/Data/Images/Normal/0593.JPG
line_01/2026-08-06/L01AAL100005.JPG,line_01,pcb1,2026-08-06,LOT-20260806-AAL,EQ-01-A,operation,normal,,pcb1/Data/Images/Normal/0555.JPG
line_01/2026-08-06/L01AAL100006.JPG,line_01,pcb1,2026-08-06,LOT-20260806-AAL,EQ-01-A,operation,normal,,pcb1/Data/Images/Normal/0695.JPG
line_01/2026-08-06/L01AAL100007.JPG,line_01,pcb1,2026-08-06,LOT-20260806-AAL,EQ-01-A,operation,normal,,pcb1/Data/Images/Normal/0321.JPG
line_01/2026-08-06/L01AAL100008.JPG,line_01,pcb1,2026-08-06,LOT-20260806-AAL,EQ-01-A,operation,normal,,pcb1/Data/Images/Normal/0058.JPG
line_01/2026-08-06/L01AAL100009.JPG,line_01,pcb1,2026-08-06,LOT-20260806-AAL,EQ-01-A,operation,defect,/Users/eundong/Library/CloudStorage/GoogleDrive-yidheld@gmail.com/내 드라이브/[Shared]SK_AI_Hackathon/archive/pcb1/Data/Masks/Anomaly/098.png,pcb1/Data/Images/Anomaly/098.JPG
line_01/2026-08-06/L01AAL100010.JPG,line_01,pcb1,2026-08-06,LOT-20260806-AAL,EQ-01-A,operation,normal,,pcb1/Data/Images/Normal/0676.JPG
line_01/2026-08-06/L01AAL100011.JPG,line_01,pcb1,2026-08-06,LOT-20260806-AAL,EQ-01-A,operation,normal,,pcb1/Data/Images/Normal/0851.JPG
line_01/2026-08-06/L01AAL100012.JPG,line_01,pcb1,2026-08-06,LOT-20260806-AAL,EQ-01-A,operation,normal,,pcb1/Data/Images/Normal/0488.JPG
line_01/2026-08-06/L01AAL100013.JPG,line_01,pcb1,2026-08-06,LOT-20260806-AAL,EQ-01-A,operation,normal,,pcb1/Data/Images/Normal/0514.JPG
line_01/2026-08-06/L01AAL100014.JPG,line_01,pcb1,2026-08-06,LOT-20260806-AAL,EQ-01-A,operation,normal,,pcb1/Data/Images/Normal/0815.JPG
line_01/2026-08-06/L01AAL100015.JPG,line_01,pcb1,2026-08-06,LOT-20260806-AAL,EQ-01-A,operation,normal,,pcb1/Data/Images/Normal/0809.JPG
line_01/2026-08-06/L01AAL100016.JPG,line_01,pcb1,2026-08-06,LOT-20260806-AAL,EQ-01-A,operation,normal,,pcb1/Data/Images/Normal/0644.JPG
line_01/2026-08-06/L01AAL100017.JPG,line_01,pcb1,2026-08-06,LOT-20260806-AAL,EQ-01-A,operation,defect,/Users/eundong/Library/CloudStorage/GoogleDrive-yidheld@gmail.com/내 드라이브/[Shared]SK_AI_Hackathon/archive/pcb1/Data/Masks/Anomaly/048.png,pcb1/Data/Images/Anomaly/048.JPG
line_01/2026-08-06/L01AAL100018.JPG,line_01,pcb1,2026-08-06,LOT-20260806-AAL,EQ-01-A,operation,normal,,pcb1/Data/Images/Normal/0520.JPG
line_01/2026-08-06/L01AAL100019.JPG,line_01,pcb1,2026-08-06,LOT-20260806-AAL,EQ-01-A,operation,normal,,pcb1/Data/Images/Normal/0082.JPG
line_01/2026-08-06/L01AAL100020.JPG,line_01,pcb1,2026-08-06,LOT-20260806-AAL,EQ-01-A,operation,normal,,pcb1/Data/Images/Normal/0190.JPG
line_01/2026-08-06/L01AAL100021.JPG,line_01,pcb1,2026-08-06,LOT-20260806-AAL,EQ-01-A,operation,normal,,pcb1/Data/Images/Normal/0770.JPG
line_01/2026-08-06/L01AAL100022.JPG,line_01,pcb1,2026-08-06,LOT-20260806-AAL,EQ-01-A,operation,normal,,pcb1/Data/Images/Normal/0609.JPG
line_01/2026-08-06/L01AAL100023.JPG,line_01,pcb1,2026-08-06,LOT-20260806-AAL,EQ-01-A,operation,normal,,pcb1/Data/Images/Normal/0727.JPG
line_01/2026-08-06/L01AAL100024.JPG,line_01,pcb1,2026-08-06,LOT-20260806-AAL,EQ-01-A,operation,normal,,pcb1/Data/Images/Normal/0240.JPG
line_01/2026-08-06/L01AAL100025.JPG,line_01,pcb1,2026-08-06,LOT-20260806-AAL,EQ-01-A,operation,normal,,pcb1/Data/Images/Normal/0413.JPG
line_01/2026-08-06/L01AAL100026.JPG,line_01,pcb1,2026-08-06,LOT-20260806-AAL,EQ-01-A,operation,normal,,pcb1/Data/Images/Normal/0122.JPG
line_01/2026-08-06/L01AAL100027.JPG,line_01,pcb1,2026-08-06,LOT-20260806-AAL,EQ-01-A,operation,normal,,pcb1/Data/Images/Normal/0583.JPG
line_01/2026-08-06/L01AAL100028.JPG,line_01,pcb1,2026-08-06,LOT-20260806-AAL,EQ-01-A,operation,normal,,pcb1/Data/Images/Normal/0857.JPG
line_01/2026-08-06/L01AAL100029.JPG,line_01,pcb1,2026-08-06,LOT-20260806-AAL,EQ-01-A,operation,normal,,pcb1/Data/Images/Normal/0592.JPG
line_01/2026-08-06/L01AAL100030.JPG,line_01,pcb1,2026-08-06,LOT-20260806-AAL,EQ-01-A,operation,normal,,pcb1/Data/Images/Normal/0608.JPG
line_01/2026-08-06/L01AAL100031.JPG,line_01,pcb1,2026-08-06,LOT-20260806-AAL,EQ-01-A,operation,normal,,pcb1/Data/Images/Normal/0040.JPG
line_01/2026-08-06/L01AAL100032.JPG,line_01,pcb1,2026-08-06,LOT-20260806-AAL,EQ-01-A,operation,normal,,pcb1/Data/Images/Normal/0083.JPG
line_01/2026-08-06/L01AAL100033.JPG,line_01,pcb1,2026-08-06,LOT-20260806-AAL,EQ-01-A,operation,normal,,pcb1/Data/Images/Normal/0972.JPG
line_01/2026-08-06/L01AAL100034.JPG,line_01,pcb1,2026-08-06,LOT-20260806-AAL,EQ-01-A,operation,normal,,pcb1/Data/Images/Normal/0934.JPG
line_01/2026-08-06/L01AAL100035.JPG,line_01,pcb1,2026-08-06,LOT-20260806-AAL,EQ-01-A,operation,normal,,pcb1/Data/Images/Normal/0578.JPG
line_01/2026-08-06/L01AAL100036.JPG,line_01,pcb1,2026-08-06,LOT-20260806-AAL,EQ-01-A,operation,normal,,pcb1/Data/Images/Normal/0535.JPG
line_01/2026-08-06/L01AAL100037.JPG,line_01,pcb1,2026-08-06,LOT-20260806-AAL,EQ-01-A,operation,normal,,pcb1/Data/Images/Normal/0874.JPG
line_01/2026-08-06/L01AAL100038.JPG,line_01,pcb1,2026-08-06,LOT-20260806-AAL,EQ-01-A,operation,normal,,pcb1/Data/Images/Normal/0267.JPG
line_01/2026-08-06/L01AAL100039.JPG,line_01,pcb1,2026-08-06,LOT-20260806-AAL,EQ-01-A,operation,normal,,pcb1/Data/Images/Normal/0209.JPG
line_01/2026-08-06/L01AAL100040.JPG,line_01,pcb1,2026-08-06,LOT-20260806-AAL,EQ-01-A,operation,normal,,pcb1/Data/Images/Normal/0645.JPG
line_01/2026-08-06/L01AAL100041.JPG,line_01,pcb1,2026-08-06,LOT-20260806-AAL,EQ-01-A,operation,normal,,pcb1/Data/Images/Normal/0244.JPG
line_01/2026-08-06/L01AAL100042.JPG,line_01,pcb1,2026-08-06,LOT-20260806-AAL,EQ-01-A,operation,normal,,pcb1/Data/Images/Normal/0659.JPG
line_01/2026-08-06/L01AAL100043.JPG,line_01,pcb1,2026-08-06,LOT-20260806-AAL,EQ-01-A,operation,normal,,pcb1/Data/Images/Normal/0930.JPG
line_01/2026-08-06/L01AAL100044.JPG,line_01,pcb1,2026-08-06,LOT-20260806-AAL,EQ-01-A,operation,normal,,pcb1/Data/Images/Normal/0134.JPG
line_01/2026-08-06/L01AAL100045.JPG,line_01,pcb1,2026-08-06,LOT-20260806-AAL,EQ-01-A,operation,normal,,pcb1/Data/Images/Normal/0307.JPG
line_01/2026-08-06/L01AAL100046.JPG,line_01,pcb1,2026-08-06,LOT-20260806-AAL,EQ-01-A,operation,normal,,pcb1/Data/Images/Normal/0468.JPG
line_01/2026-08-06/L01AAL100047.JPG,line_01,pcb1,2026-08-06,LOT-20260806-AAL,EQ-01-A,operation,normal,,pcb1/Data/Images/Normal/0617.JPG
line_01/2026-08-06/L01AAL100048.JPG,line_01,pcb1,2026-08-06,LOT-20260806-AAL,EQ-01-A,operation,normal,,pcb1/Data/Images/Normal/0074.JPG
line_01/2026-08-06/L01AAL100049.JPG,line_01,pcb1,2026-08-06,LOT-20260806-AAL,EQ-01-A,operation,normal,,pcb1/Data/Images/Normal/0009.JPG
line_01/2026-08-06/L01AAL100050.JPG,line_01,pcb1,2026-08-06,LOT-20260806-AAL,EQ-01-A,operation,normal,,pcb1/Data/Images/Normal/0861.JPG
line_01/2026-08-06/L01AAL100051.JPG,line_01,pcb1,2026-08-06,LOT-20260806-AAL,EQ-01-A,operation,normal,,pcb1/Data/Images/Normal/0576.JPG
line_01/2026-08-06/L01AAL100052.JPG,line_01,pcb1,2026-08-06,LOT-20260806-AAL,EQ-01-A,operation,normal,,pcb1/Data/Images/Normal/0102.JPG
line_01/2026-08-06/L01AAL100053.JPG,line_01,pcb1,2026-08-06,LOT-20260806-AAL,EQ-01-A,operation,normal,,pcb1/Data/Images/Normal/0075.JPG
line_01/2026-08-06/L01AAL100054.JPG,line_01,pcb1,2026-08-06,LOT-20260806-AAL,EQ-01-A,operation,normal,,pcb1/Data/Images/Normal/0550.JPG
line_01/2026-08-06/L01AAL100055.JPG,line_01,pcb1,2026-08-06,LOT-20260806-AAL,EQ-01-A,operation,normal,,pcb1/Data/Images/Normal/0666.JPG
line_01/2026-08-06/L01AAL100056.JPG,line_01,pcb1,2026-08-06,LOT-20260806-AAL,EQ-01-A,operation,defect,/Users/eundong/Library/CloudStorage/GoogleDrive-yidheld@gmail.com/내 드라이브/[Shared]SK_AI_Hackathon/archive/pcb1/Data/Masks/Anomaly/067.png,pcb1/Data/Images/Anomaly/067.JPG
line_01/2026-08-06/L01AAL100057.JPG,line_01,pcb1,2026-08-06,LOT-20260806-AAL,EQ-01-A,operation,normal,,pcb1/Data/Images/Normal/0518.JPG
line_01/2026-08-06/L01AAL100058.JPG,line_01,pcb1,2026-08-06,LOT-20260806-AAL,EQ-01-A,operation,normal,,pcb1/Data/Images/Normal/0612.JPG
line_01/2026-08-06/L01AAL100059.JPG,line_01,pcb1,2026-08-06,LOT-20260806-AAL,EQ-01-A,operation,normal,,pcb1/Data/Images/Normal/0716.JPG
line_01/2026-08-06/L01AAL100060.JPG,line_01,pcb1,2026-08-06,LOT-20260806-AAL,EQ-01-A,operation,normal,,pcb1/Data/Images/Normal/0357.JPG
line_01/2026-08-06/L01AAL100061.JPG,line_01,pcb1,2026-08-06,LOT-20260806-AAL,EQ-01-A,operation,defect,/Users/eundong/Library/CloudStorage/GoogleDrive-yidheld@gmail.com/내 드라이브/[Shared]SK_AI_Hackathon/archive/pcb1/Data/Masks/Anomaly/017.png,pcb1/Data/Images/Anomaly/017.JPG
line_01/2026-08-06/L01AAL100062.JPG,line_01,pcb1,2026-08-06,LOT-20260806-AAL,EQ-01-A,operation,normal,,pcb1/Data/Images/Normal/0932.JPG
line_01/2026-08-06/L01AAL100063.JPG,line_01,pcb1,2026-08-06,LOT-20260806-AAL,EQ-01-A,operation,defect,/Users/eundong/Library/CloudStorage/GoogleDrive-yidheld@gmail.com/내 드라이브/[Shared]SK_AI_Hackathon/archive/pcb1/Data/Masks/Anomaly/099.png,pcb1/Data/Images/Anomaly/099.JPG
line_01/2026-08-06/L01AAL100064.JPG,line_01,pcb1,2026-08-06,LOT-20260806-AAL,EQ-01-A,operation,normal,,pcb1/Data/Images/Normal/0893.JPG
line_01/2026-08-06/L01AAL100065.JPG,line_01,pcb1,2026-08-06,LOT-20260806-AAL,EQ-01-A,operation,normal,,pcb1/Data/Images/Normal/0378.JPG
line_01/2026-08-06/L01AAL100066.JPG,line_01,pcb1,2026-08-06,LOT-20260806-AAL,EQ-01-A,operation,normal,,pcb1/Data/Images/Normal/0291.JPG
line_01/2026-08-06/L01AAL100067.JPG,line_01,pcb1,2026-08-06,LOT-20260806-AAL,EQ-01-A,operation,normal,,pcb1/Data/Images/Normal/0638.JPG
line_01/2026-08-06/L01AAL100068.JPG,line_01,pcb1,2026-08-06,LOT-20260806-AAL,EQ-01-A,operation,normal,,pcb1/Data/Images/Normal/0756.JPG
line_01/2026-08-06/L01AAL100069.JPG,line_01,pcb1,2026-08-06,LOT-20260806-AAL,EQ-01-A,operation,normal,,pcb1/Data/Images/Normal/0556.JPG
line_01/2026-08-06/L01AAL100070.JPG,line_01,pcb1,2026-08-06,LOT-20260806-AAL,EQ-01-A,operation,normal,,pcb1/Data/Images/Normal/0309.JPG
line_01/2026-08-06/L01AAL100071.JPG,line_01,pcb1,2026-08-06,LOT-20260806-AAL,EQ-01-A,operation,normal,,pcb1/Data/Images/Normal/0944.JPG
line_01/2026-08-06/L01AAL100072.JPG,line_01,pcb1,2026-08-06,LOT-20260806-AAL,EQ-01-A,operation,normal,,pcb1/Data/Images/Normal/0008.JPG
line_01/2026-08-06/L01AAL100073.JPG,line_01,pcb1,2026-08-06,LOT-20260806-AAL,EQ-01-A,operation,normal,,pcb1/Data/Images/Normal/0737.JPG
line_01/2026-08-06/L01AAL100074.JPG,line_01,pcb1,2026-08-06,LOT-20260806-AAL,EQ-01-A,operation,normal,,pcb1/Data/Images/Normal/0306.JPG
line_01/2026-08-06/L01AAL100075.JPG,line_01,pcb1,2026-08-06,LOT-20260806-AAL,EQ-01-A,operation,normal,,pcb1/Data/Images/Normal/0106.JPG
line_01/2026-08-06/L01AAL100076.JPG,line_01,pcb1,2026-08-06,LOT-20260806-AAL,EQ-01-A,operation,normal,,pcb1/Data/Images/Normal/0137.JPG
line_01/2026-08-06/L01AAL100077.JPG,line_01,pcb1,2026-08-06,LOT-20260806-AAL,EQ-01-A,operation,normal,,pcb1/Data/Images/Normal/0945.JPG
line_01/2026-08-06/L01AAL100078.JPG,line_01,pcb1,2026-08-06,LOT-20260806-AAL,EQ-01-A,operation,defect,/Users/eundong/Library/CloudStorage/GoogleDrive-yidheld@gmail.com/내 드라이브/[Shared]SK_AI_Hackathon/archive/pcb1/Data/Masks/Anomaly/002.png,pcb1/Data/Images/Anomaly/002.JPG
line_01/2026-08-06/L01AAL100079.JPG,line_01,pcb1,2026-08-06,LOT-20260806-AAL,EQ-01-A,operation,normal,,pcb1/Data/Images/Normal/0118.JPG
line_01/2026-08-06/L01AAL100080.JPG,line_01,pcb1,2026-08-06,LOT-20260806-AAL,EQ-01-A,operation,normal,,pcb1/Data/Images/Normal/0109.JPG
line_01/2026-08-06/L01AAL100081.JPG,line_01,pcb1,2026-08-06,LOT-20260806-AAL,EQ-01-A,operation,normal,,pcb1/Data/Images/Normal/0918.JPG
line_01/2026-08-06/L01AAL100082.JPG,line_01,pcb1,2026-08-06,LOT-20260806-AAL,EQ-01-A,operation,normal,,pcb1/Data/Images/Normal/0957.JPG
line_01/2026-08-06/L01AAL100083.JPG,line_01,pcb1,2026-08-06,LOT-20260806-AAL,EQ-01-A,operation,normal,,pcb1/Data/Images/Normal/0278.JPG
line_01/2026-08-06/L01AAL100084.JPG,line_01,pcb1,2026-08-06,LOT-20260806-AAL,EQ-01-A,operation,normal,,pcb1/Data/Images/Normal/0288.JPG
line_01/2026-08-06/L01AAL100085.JPG,line_01,pcb1,2026-08-06,LOT-20260806-AAL,EQ-01-A,operation,normal,,pcb1/Data/Images/Normal/0215.JPG
line_01/2026-08-06/L01AAL100086.JPG,line_01,pcb1,2026-08-06,LOT-20260806-AAL,EQ-01-A,operation,normal,,pcb1/Data/Images/Normal/0351.JPG
line_01/2026-08-06/L01AAL100087.JPG,line_01,pcb1,2026-08-06,LOT-20260806-AAL,EQ-01-A,operation,normal,,pcb1/Data/Images/Normal/0208.JPG
line_01/2026-08-06/L01AAL100088.JPG,line_01,pcb1,2026-08-06,LOT-20260806-AAL,EQ-01-A,operation,normal,,pcb1/Data/Images/Normal/0775.JPG
line_01/2026-08-06/L01AAL100089.JPG,line_01,pcb1,2026-08-06,LOT-20260806-AAL,EQ-01-A,operation,defect,/Users/eundong/Library/CloudStorage/GoogleDrive-yidheld@gmail.com/내 드라이브/[Shared]SK_AI_Hackathon/archive/pcb1/Data/Masks/Anomaly/011.png,pcb1/Data/Images/Anomaly/011.JPG
line_01/2026-08-06/L01AAL100090.JPG,line_01,pcb1,2026-08-06,LOT-20260806-AAL,EQ-01-A,operation,normal,,pcb1/Data/Images/Normal/0981.JPG
line_01/2026-08-06/L01AAL100091.JPG,line_01,pcb1,2026-08-06,LOT-20260806-AAL,EQ-01-A,operation,normal,,pcb1/Data/Images/Normal/0783.JPG
line_01/2026-08-06/L01AAL100092.JPG,line_01,pcb1,2026-08-06,LOT-20260806-AAL,EQ-01-A,operation,normal,,pcb1/Data/Images/Normal/0963.JPG
line_02/2026-08-06/L02AAI100102.JPG,line_02,pcb2,2026-08-06,LOT-20260806-AAI,EQ-02-A,operation,normal,,pcb2/Data/Images/Normal/0555.JPG
line_02/2026-08-06/L02AAI100103.JPG,line_02,pcb2,2026-08-06,LOT-20260806-AAI,EQ-02-A,operation,normal,,pcb2/Data/Images/Normal/0408.JPG
line_02/2026-08-06/L02AAI100104.JPG,line_02,pcb2,2026-08-06,LOT-20260806-AAI,EQ-02-A,operation,normal,,pcb2/Data/Images/Normal/0724.JPG
line_02/2026-08-06/L02AAI100105.JPG,line_02,pcb2,2026-08-06,LOT-20260806-AAI,EQ-02-A,operation,defect,/Users/eundong/Library/CloudStorage/GoogleDrive-yidheld@gmail.com/내 드라이브/[Shared]SK_AI_Hackathon/archive/pcb2/Data/Masks/Anomaly/050.png,pcb2/Data/Images/Anomaly/050.JPG
line_02/2026-08-06/L02AAI100106.JPG,line_02,pcb2,2026-08-06,LOT-20260806-AAI,EQ-02-A,operation,normal,,pcb2/Data/Images/Normal/0097.JPG
line_02/2026-08-06/L02AAI100107.JPG,line_02,pcb2,2026-08-06,LOT-20260806-AAI,EQ-02-A,operation,normal,,pcb2/Data/Images/Normal/0320.JPG
line_02/2026-08-06/L02AAI100108.JPG,line_02,pcb2,2026-08-06,LOT-20260806-AAI,EQ-02-A,operation,normal,,pcb2/Data/Images/Normal/0437.JPG
line_02/2026-08-06/L02AAI100109.JPG,line_02,pcb2,2026-08-06,LOT-20260806-AAI,EQ-02-A,operation,normal,,pcb2/Data/Images/Normal/0540.JPG
line_02/2026-08-06/L02AAI100110.JPG,line_02,pcb2,2026-08-06,LOT-20260806-AAI,EQ-02-A,operation,normal,,pcb2/Data/Images/Normal/0793.JPG
line_02/2026-08-06/L02AAI100111.JPG,line_02,pcb2,2026-08-06,LOT-20260806-AAI,EQ-02-A,operation,normal,,pcb2/Data/Images/Normal/0982.JPG
line_02/2026-08-06/L02AAI100112.JPG,line_02,pcb2,2026-08-06,LOT-20260806-AAI,EQ-02-A,operation,normal,,pcb2/Data/Images/Normal/0156.JPG
line_02/2026-08-06/L02AAI100113.JPG,line_02,pcb2,2026-08-06,LOT-20260806-AAI,EQ-02-A,operation,normal,,pcb2/Data/Images/Normal/0485.JPG
line_02/2026-08-06/L02AAI100114.JPG,line_02,pcb2,2026-08-06,LOT-20260806-AAI,EQ-02-A,operation,normal,,pcb2/Data/Images/Normal/0068.JPG
line_02/2026-08-06/L02AAI100115.JPG,line_02,pcb2,2026-08-06,LOT-20260806-AAI,EQ-02-A,operation,normal,,pcb2/Data/Images/Normal/0628.JPG
line_02/2026-08-06/L02AAI100116.JPG,line_02,pcb2,2026-08-06,LOT-20260806-AAI,EQ-02-A,operation,normal,,pcb2/Data/Images/Normal/0087.JPG
line_02/2026-08-06/L02AAI100117.JPG,line_02,pcb2,2026-08-06,LOT-20260806-AAI,EQ-02-A,operation,normal,,pcb2/Data/Images/Normal/0973.JPG
line_02/2026-08-06/L02AAI100118.JPG,line_02,pcb2,2026-08-06,LOT-20260806-AAI,EQ-02-A,operation,normal,,pcb2/Data/Images/Normal/0442.JPG
line_02/2026-08-06/L02AAI100119.JPG,line_02,pcb2,2026-08-06,LOT-20260806-AAI,EQ-02-A,operation,defect,/Users/eundong/Library/CloudStorage/GoogleDrive-yidheld@gmail.com/내 드라이브/[Shared]SK_AI_Hackathon/archive/pcb2/Data/Masks/Anomaly/003.png,pcb2/Data/Images/Anomaly/003.JPG
line_02/2026-08-06/L02AAI100120.JPG,line_02,pcb2,2026-08-06,LOT-20260806-AAI,EQ-02-A,operation,normal,,pcb2/Data/Images/Normal/0098.JPG
line_02/2026-08-06/L02AAI100121.JPG,line_02,pcb2,2026-08-06,LOT-20260806-AAI,EQ-02-A,operation,normal,,pcb2/Data/Images/Normal/0381.JPG
line_02/2026-08-06/L02AAI100122.JPG,line_02,pcb2,2026-08-06,LOT-20260806-AAI,EQ-02-A,operation,normal,,pcb2/Data/Images/Normal/0606.JPG
line_02/2026-08-06/L02AAI100123.JPG,line_02,pcb2,2026-08-06,LOT-20260806-AAI,EQ-02-A,operation,normal,,pcb2/Data/Images/Normal/0061.JPG
line_02/2026-08-06/L02AAI100124.JPG,line_02,pcb2,2026-08-06,LOT-20260806-AAI,EQ-02-A,operation,normal,,pcb2/Data/Images/Normal/0337.JPG
line_02/2026-08-06/L02AAI100125.JPG,line_02,pcb2,2026-08-06,LOT-20260806-AAI,EQ-02-A,operation,normal,,pcb2/Data/Images/Normal/0832.JPG
line_02/2026-08-06/L02AAI100126.JPG,line_02,pcb2,2026-08-06,LOT-20260806-AAI,EQ-02-A,operation,normal,,pcb2/Data/Images/Normal/0897.JPG
line_02/2026-08-06/L02AAI100127.JPG,line_02,pcb2,2026-08-06,LOT-20260806-AAI,EQ-02-A,operation,normal,,pcb2/Data/Images/Normal/0362.JPG
line_02/2026-08-06/L02AAI100128.JPG,line_02,pcb2,2026-08-06,LOT-20260806-AAI,EQ-02-A,operation,normal,,pcb2/Data/Images/Normal/0433.JPG
line_02/2026-08-06/L02AAI100129.JPG,line_02,pcb2,2026-08-06,LOT-20260806-AAI,EQ-02-A,operation,defect,/Users/eundong/Library/CloudStorage/GoogleDrive-yidheld@gmail.com/내 드라이브/[Shared]SK_AI_Hackathon/archive/pcb2/Data/Masks/Anomaly/004.png,pcb2/Data/Images/Anomaly/004.JPG
line_02/2026-08-06/L02AAI100130.JPG,line_02,pcb2,2026-08-06,LOT-20260806-AAI,EQ-02-A,operation,normal,,pcb2/Data/Images/Normal/0997.JPG
line_02/2026-08-06/L02AAI100131.JPG,line_02,pcb2,2026-08-06,LOT-20260806-AAI,EQ-02-A,operation,normal,,pcb2/Data/Images/Normal/0789.JPG
line_02/2026-08-06/L02AAI100132.JPG,line_02,pcb2,2026-08-06,LOT-20260806-AAI,EQ-02-A,operation,normal,,pcb2/Data/Images/Normal/0319.JPG
line_02/2026-08-06/L02AAI100133.JPG,line_02,pcb2,2026-08-06,LOT-20260806-AAI,EQ-02-A,operation,normal,,pcb2/Data/Images/Normal/0749.JPG
line_02/2026-08-06/L02AAI100134.JPG,line_02,pcb2,2026-08-06,LOT-20260806-AAI,EQ-02-A,operation,normal,,pcb2/Data/Images/Normal/0106.JPG
line_02/2026-08-06/L02AAI100135.JPG,line_02,pcb2,2026-08-06,LOT-20260806-AAI,EQ-02-A,operation,defect,/Users/eundong/Library/CloudStorage/GoogleDrive-yidheld@gmail.com/내 드라이브/[Shared]SK_AI_Hackathon/archive/pcb2/Data/Masks/Anomaly/098.png,pcb2/Data/Images/Anomaly/098.JPG
line_02/2026-08-06/L02AAI100136.JPG,line_02,pcb2,2026-08-06,LOT-20260806-AAI,EQ-02-A,operation,normal,,pcb2/Data/Images/Normal/0627.JPG
line_02/2026-08-06/L02AAI100137.JPG,line_02,pcb2,2026-08-06,LOT-20260806-AAI,EQ-02-A,operation,defect,/Users/eundong/Library/CloudStorage/GoogleDrive-yidheld@gmail.com/내 드라이브/[Shared]SK_AI_Hackathon/archive/pcb2/Data/Masks/Anomaly/061.png,pcb2/Data/Images/Anomaly/061.JPG
line_02/2026-08-06/L02AAI100138.JPG,line_02,pcb2,2026-08-06,LOT-20260806-AAI,EQ-02-A,operation,normal,,pcb2/Data/Images/Normal/0652.JPG
line_02/2026-08-06/L02AAI100139.JPG,line_02,pcb2,2026-08-06,LOT-20260806-AAI,EQ-02-A,operation,normal,,pcb2/Data/Images/Normal/0713.JPG
line_02/2026-08-06/L02AAI100140.JPG,line_02,pcb2,2026-08-06,LOT-20260806-AAI,EQ-02-A,operation,normal,,pcb2/Data/Images/Normal/0229.JPG
line_02/2026-08-06/L02AAI100141.JPG,line_02,pcb2,2026-08-06,LOT-20260806-AAI,EQ-02-A,operation,normal,,pcb2/Data/Images/Normal/0944.JPG
line_02/2026-08-06/L02AAI100142.JPG,line_02,pcb2,2026-08-06,LOT-20260806-AAI,EQ-02-A,operation,normal,,pcb2/Data/Images/Normal/0055.JPG
line_02/2026-08-06/L02AAI100143.JPG,line_02,pcb2,2026-08-06,LOT-20260806-AAI,EQ-02-A,operation,normal,,pcb2/Data/Images/Normal/0723.JPG
line_02/2026-08-06/L02AAI100144.JPG,line_02,pcb2,2026-08-06,LOT-20260806-AAI,EQ-02-A,operation,normal,,pcb2/Data/Images/Normal/0432.JPG
line_02/2026-08-06/L02AAI100145.JPG,line_02,pcb2,2026-08-06,LOT-20260806-AAI,EQ-02-A,operation,normal,,pcb2/Data/Images/Normal/0284.JPG
line_02/2026-08-06/L02AAI100146.JPG,line_02,pcb2,2026-08-06,LOT-20260806-AAI,EQ-02-A,operation,normal,,pcb2/Data/Images/Normal/0188.JPG
line_02/2026-08-06/L02AAI100147.JPG,line_02,pcb2,2026-08-06,LOT-20260806-AAI,EQ-02-A,operation,normal,,pcb2/Data/Images/Normal/0058.JPG
line_02/2026-08-06/L02AAI100148.JPG,line_02,pcb2,2026-08-06,LOT-20260806-AAI,EQ-02-A,operation,normal,,pcb2/Data/Images/Normal/0558.JPG
line_02/2026-08-06/L02AAI100149.JPG,line_02,pcb2,2026-08-06,LOT-20260806-AAI,EQ-02-A,operation,normal,,pcb2/Data/Images/Normal/0142.JPG
line_02/2026-08-06/L02AAI100150.JPG,line_02,pcb2,2026-08-06,LOT-20260806-AAI,EQ-02-A,operation,normal,,pcb2/Data/Images/Normal/0752.JPG
line_02/2026-08-06/L02AAI100151.JPG,line_02,pcb2,2026-08-06,LOT-20260806-AAI,EQ-02-A,operation,normal,,pcb2/Data/Images/Normal/0115.JPG
line_02/2026-08-06/L02AAI100152.JPG,line_02,pcb2,2026-08-06,LOT-20260806-AAI,EQ-02-A,operation,normal,,pcb2/Data/Images/Normal/0413.JPG
line_02/2026-08-06/L02AAI100153.JPG,line_02,pcb2,2026-08-06,LOT-20260806-AAI,EQ-02-A,operation,normal,,pcb2/Data/Images/Normal/0219.JPG
line_02/2026-08-06/L02AAI100154.JPG,line_02,pcb2,2026-08-06,LOT-20260806-AAI,EQ-02-A,operation,normal,,pcb2/Data/Images/Normal/0883.JPG
line_02/2026-08-06/L02AAI100155.JPG,line_02,pcb2,2026-08-06,LOT-20260806-AAI,EQ-02-A,operation,normal,,pcb2/Data/Images/Normal/0287.JPG
line_02/2026-08-06/L02AAI100156.JPG,line_02,pcb2,2026-08-06,LOT-20260806-AAI,EQ-02-A,operation,normal,,pcb2/Data/Images/Normal/0989.JPG
line_02/2026-08-06/L02AAI100157.JPG,line_02,pcb2,2026-08-06,LOT-20260806-AAI,EQ-02-A,operation,normal,,pcb2/Data/Images/Normal/0868.JPG
line_02/2026-08-06/L02AAI100158.JPG,line_02,pcb2,2026-08-06,LOT-20260806-AAI,EQ-02-A,operation,normal,,pcb2/Data/Images/Normal/0978.JPG
line_02/2026-08-06/L02AAI100159.JPG,line_02,pcb2,2026-08-06,LOT-20260806-AAI,EQ-02-A,operation,normal,,pcb2/Data/Images/Normal/0314.JPG
line_02/2026-08-06/L02AAI100160.JPG,line_02,pcb2,2026-08-06,LOT-20260806-AAI,EQ-02-A,operation,normal,,pcb2/Data/Images/Normal/0345.JPG
line_02/2026-08-06/L02AAI100161.JPG,line_02,pcb2,2026-08-06,LOT-20260806-AAI,EQ-02-A,operation,normal,,pcb2/Data/Images/Normal/0950.JPG
line_02/2026-08-06/L02AAI100162.JPG,line_02,pcb2,2026-08-06,LOT-20260806-AAI,EQ-02-A,operation,normal,,pcb2/Data/Images/Normal/0285.JPG
line_02/2026-08-06/L02AAI100163.JPG,line_02,pcb2,2026-08-06,LOT-20260806-AAI,EQ-02-A,operation,normal,,pcb2/Data/Images/Normal/0013.JPG
line_02/2026-08-06/L02AAI100164.JPG,line_02,pcb2,2026-08-06,LOT-20260806-AAI,EQ-02-A,operation,normal,,pcb2/Data/Images/Normal/0924.JPG
line_02/2026-08-06/L02AAI100165.JPG,line_02,pcb2,2026-08-06,LOT-20260806-AAI,EQ-02-A,operation,normal,,pcb2/Data/Images/Normal/0673.JPG
line_02/2026-08-06/L02AAI100166.JPG,line_02,pcb2,2026-08-06,LOT-20260806-AAI,EQ-02-A,operation,normal,,pcb2/Data/Images/Normal/0612.JPG
line_02/2026-08-06/L02AAI100167.JPG,line_02,pcb2,2026-08-06,LOT-20260806-AAI,EQ-02-A,operation,defect,/Users/eundong/Library/CloudStorage/GoogleDrive-yidheld@gmail.com/내 드라이브/[Shared]SK_AI_Hackathon/archive/pcb2/Data/Masks/Anomaly/025.png,pcb2/Data/Images/Anomaly/025.JPG
line_02/2026-08-06/L02AAI100168.JPG,line_02,pcb2,2026-08-06,LOT-20260806-AAI,EQ-02-A,operation,normal,,pcb2/Data/Images/Normal/0747.JPG
line_02/2026-08-06/L02AAI100169.JPG,line_02,pcb2,2026-08-06,LOT-20260806-AAI,EQ-02-A,operation,defect,/Users/eundong/Library/CloudStorage/GoogleDrive-yidheld@gmail.com/내 드라이브/[Shared]SK_AI_Hackathon/archive/pcb2/Data/Masks/Anomaly/078.png,pcb2/Data/Images/Anomaly/078.JPG
line_02/2026-08-06/L02AAI100170.JPG,line_02,pcb2,2026-08-06,LOT-20260806-AAI,EQ-02-A,operation,normal,,pcb2/Data/Images/Normal/0355.JPG
line_02/2026-08-06/L02AAI100171.JPG,line_02,pcb2,2026-08-06,LOT-20260806-AAI,EQ-02-A,operation,normal,,pcb2/Data/Images/Normal/0136.JPG
line_02/2026-08-06/L02AAI100172.JPG,line_02,pcb2,2026-08-06,LOT-20260806-AAI,EQ-02-A,operation,normal,,pcb2/Data/Images/Normal/0887.JPG
line_02/2026-08-06/L02AAI100173.JPG,line_02,pcb2,2026-08-06,LOT-20260806-AAI,EQ-02-A,operation,normal,,pcb2/Data/Images/Normal/0919.JPG
line_02/2026-08-06/L02AAI100174.JPG,line_02,pcb2,2026-08-06,LOT-20260806-AAI,EQ-02-A,operation,normal,,pcb2/Data/Images/Normal/0941.JPG
line_02/2026-08-06/L02AAI100175.JPG,line_02,pcb2,2026-08-06,LOT-20260806-AAI,EQ-02-A,operation,normal,,pcb2/Data/Images/Normal/0359.JPG
line_02/2026-08-06/L02AAI100176.JPG,line_02,pcb2,2026-08-06,LOT-20260806-AAI,EQ-02-A,operation,normal,,pcb2/Data/Images/Normal/0503.JPG
line_02/2026-08-06/L02AAI100177.JPG,line_02,pcb2,2026-08-06,LOT-20260806-AAI,EQ-02-A,operation,normal,,pcb2/Data/Images/Normal/0717.JPG
line_02/2026-08-06/L02AAI100178.JPG,line_02,pcb2,2026-08-06,LOT-20260806-AAI,EQ-02-A,operation,normal,,pcb2/Data/Images/Normal/0471.JPG
line_02/2026-08-06/L02AAI100179.JPG,line_02,pcb2,2026-08-06,LOT-20260806-AAI,EQ-02-A,operation,normal,,pcb2/Data/Images/Normal/0173.JPG
line_02/2026-08-06/L02AAI100180.JPG,line_02,pcb2,2026-08-06,LOT-20260806-AAI,EQ-02-A,operation,normal,,pcb2/Data/Images/Normal/0753.JPG
line_02/2026-08-06/L02AAI100181.JPG,line_02,pcb2,2026-08-06,LOT-20260806-AAI,EQ-02-A,operation,normal,,pcb2/Data/Images/Normal/0003.JPG
line_02/2026-08-06/L02AAI100182.JPG,line_02,pcb2,2026-08-06,LOT-20260806-AAI,EQ-02-A,operation,normal,,pcb2/Data/Images/Normal/0864.JPG
line_02/2026-08-06/L02AAI100183.JPG,line_02,pcb2,2026-08-06,LOT-20260806-AAI,EQ-02-A,operation,defect,/Users/eundong/Library/CloudStorage/GoogleDrive-yidheld@gmail.com/내 드라이브/[Shared]SK_AI_Hackathon/archive/pcb2/Data/Masks/Anomaly/032.png,pcb2/Data/Images/Anomaly/032.JPG
line_02/2026-08-06/L02AAI100184.JPG,line_02,pcb2,2026-08-06,LOT-20260806-AAI,EQ-02-A,operation,defect,/Users/eundong/Library/CloudStorage/GoogleDrive-yidheld@gmail.com/내 드라이브/[Shared]SK_AI_Hackathon/archive/pcb2/Data/Masks/Anomaly/090.png,pcb2/Data/Images/Anomaly/090.JPG
line_02/2026-08-06/L02AAI100185.JPG,line_02,pcb2,2026-08-06,LOT-20260806-AAI,EQ-02-A,operation,normal,,pcb2/Data/Images/Normal/0445.JPG
line_02/2026-08-06/L02AAI100186.JPG,line_02,pcb2,2026-08-06,LOT-20260806-AAI,EQ-02-A,operation,normal,,pcb2/Data/Images/Normal/0073.JPG
line_02/2026-08-06/L02AAI100187.JPG,line_02,pcb2,2026-08-06,LOT-20260806-AAI,EQ-02-A,operation,normal,,pcb2/Data/Images/Normal/0927.JPG
line_02/2026-08-06/L02AAI100188.JPG,line_02,pcb2,2026-08-06,LOT-20260806-AAI,EQ-02-A,operation,normal,,pcb2/Data/Images/Normal/0534.JPG
line_02/2026-08-06/L02AAI100189.JPG,line_02,pcb2,2026-08-06,LOT-20260806-AAI,EQ-02-A,operation,normal,,pcb2/Data/Images/Normal/0892.JPG
line_02/2026-08-06/L02AAI100190.JPG,line_02,pcb2,2026-08-06,LOT-20260806-AAI,EQ-02-A,operation,normal,,pcb2/Data/Images/Normal/0035.JPG
line_02/2026-08-06/L02AAI100191.JPG,line_02,pcb2,2026-08-06,LOT-20260806-AAI,EQ-02-A,operation,normal,,pcb2/Data/Images/Normal/0072.JPG
line_02/2026-08-06/L02AAI100192.JPG,line_02,pcb2,2026-08-06,LOT-20260806-AAI,EQ-02-A,operation,defect,/Users/eundong/Library/CloudStorage/GoogleDrive-yidheld@gmail.com/내 드라이브/[Shared]SK_AI_Hackathon/archive/pcb2/Data/Masks/Anomaly/073.png,pcb2/Data/Images/Anomaly/073.JPG
line_02/2026-08-06/L02AAI100193.JPG,line_02,pcb2,2026-08-06,LOT-20260806-AAI,EQ-02-A,operation,normal,,pcb2/Data/Images/Normal/0644.JPG
line_02/2026-08-06/L02AAI100194.JPG,line_02,pcb2,2026-08-06,LOT-20260806-AAI,EQ-02-A,operation,normal,,pcb2/Data/Images/Normal/0851.JPG
line_02/2026-08-06/L02AAI100195.JPG,line_02,pcb2,2026-08-06,LOT-20260806-AAI,EQ-02-A,operation,normal,,pcb2/Data/Images/Normal/0599.JPG
line_02/2026-08-06/L02AAI100196.JPG,line_02,pcb2,2026-08-06,LOT-20260806-AAI,EQ-02-A,operation,normal,,pcb2/Data/Images/Normal/0885.JPG
line_03/2026-08-06/L03AAK100086.JPG,line_03,pcb3,2026-08-06,LOT-20260806-AAK,EQ-03-A,operation,normal,,pcb3/Data/Images/Normal/0507.JPG
line_03/2026-08-06/L03AAK100087.JPG,line_03,pcb3,2026-08-06,LOT-20260806-AAK,EQ-03-A,operation,defect,/Users/eundong/Library/CloudStorage/GoogleDrive-yidheld@gmail.com/내 드라이브/[Shared]SK_AI_Hackathon/archive/pcb3/Data/Masks/Anomaly/019.png,pcb3/Data/Images/Anomaly/019.JPG
line_03/2026-08-06/L03AAK100088.JPG,line_03,pcb3,2026-08-06,LOT-20260806-AAK,EQ-03-A,operation,normal,,pcb3/Data/Images/Normal/0190.JPG
line_03/2026-08-06/L03AAK100089.JPG,line_03,pcb3,2026-08-06,LOT-20260806-AAK,EQ-03-A,operation,normal,,pcb3/Data/Images/Normal/0911.JPG
line_03/2026-08-06/L03AAK100090.JPG,line_03,pcb3,2026-08-06,LOT-20260806-AAK,EQ-03-A,operation,defect,/Users/eundong/Library/CloudStorage/GoogleDrive-yidheld@gmail.com/내 드라이브/[Shared]SK_AI_Hackathon/archive/pcb3/Data/Masks/Anomaly/000.png,pcb3/Data/Images/Anomaly/000.JPG
line_03/2026-08-06/L03AAK100091.JPG,line_03,pcb3,2026-08-06,LOT-20260806-AAK,EQ-03-A,operation,normal,,pcb3/Data/Images/Normal/0572.JPG
line_03/2026-08-06/L03AAK100092.JPG,line_03,pcb3,2026-08-06,LOT-20260806-AAK,EQ-03-A,operation,normal,,pcb3/Data/Images/Normal/0009.JPG
line_03/2026-08-06/L03AAK100093.JPG,line_03,pcb3,2026-08-06,LOT-20260806-AAK,EQ-03-A,operation,normal,,pcb3/Data/Images/Normal/0676.JPG
line_03/2026-08-06/L03AAK100094.JPG,line_03,pcb3,2026-08-06,LOT-20260806-AAK,EQ-03-A,operation,normal,,pcb3/Data/Images/Normal/0109.JPG
line_03/2026-08-06/L03AAK100095.JPG,line_03,pcb3,2026-08-06,LOT-20260806-AAK,EQ-03-A,operation,defect,/Users/eundong/Library/CloudStorage/GoogleDrive-yidheld@gmail.com/내 드라이브/[Shared]SK_AI_Hackathon/archive/pcb3/Data/Masks/Anomaly/025.png,pcb3/Data/Images/Anomaly/025.JPG
line_03/2026-08-06/L03AAK100096.JPG,line_03,pcb3,2026-08-06,LOT-20260806-AAK,EQ-03-A,operation,defect,/Users/eundong/Library/CloudStorage/GoogleDrive-yidheld@gmail.com/내 드라이브/[Shared]SK_AI_Hackathon/archive/pcb3/Data/Masks/Anomaly/072.png,pcb3/Data/Images/Anomaly/072.JPG
line_03/2026-08-06/L03AAK100097.JPG,line_03,pcb3,2026-08-06,LOT-20260806-AAK,EQ-03-A,operation,normal,,pcb3/Data/Images/Normal/0343.JPG
line_03/2026-08-06/L03AAK100098.JPG,line_03,pcb3,2026-08-06,LOT-20260806-AAK,EQ-03-A,operation,normal,,pcb3/Data/Images/Normal/0291.JPG
line_03/2026-08-06/L03AAK100099.JPG,line_03,pcb3,2026-08-06,LOT-20260806-AAK,EQ-03-A,operation,normal,,pcb3/Data/Images/Normal/0465.JPG
line_03/2026-08-06/L03AAK100100.JPG,line_03,pcb3,2026-08-06,LOT-20260806-AAK,EQ-03-A,operation,normal,,pcb3/Data/Images/Normal/0718.JPG
line_03/2026-08-06/L03AAK100101.JPG,line_03,pcb3,2026-08-06,LOT-20260806-AAK,EQ-03-A,operation,defect,/Users/eundong/Library/CloudStorage/GoogleDrive-yidheld@gmail.com/내 드라이브/[Shared]SK_AI_Hackathon/archive/pcb3/Data/Masks/Anomaly/058.png,pcb3/Data/Images/Anomaly/058.JPG
line_03/2026-08-06/L03AAK100102.JPG,line_03,pcb3,2026-08-06,LOT-20260806-AAK,EQ-03-A,operation,normal,,pcb3/Data/Images/Normal/0678.JPG
line_03/2026-08-06/L03AAK100103.JPG,line_03,pcb3,2026-08-06,LOT-20260806-AAK,EQ-03-A,operation,normal,,pcb3/Data/Images/Normal/0960.JPG
line_03/2026-08-06/L03AAK100104.JPG,line_03,pcb3,2026-08-06,LOT-20260806-AAK,EQ-03-A,operation,normal,,pcb3/Data/Images/Normal/0765.JPG
line_03/2026-08-06/L03AAK100105.JPG,line_03,pcb3,2026-08-06,LOT-20260806-AAK,EQ-03-A,operation,normal,,pcb3/Data/Images/Normal/0748.JPG
line_03/2026-08-06/L03AAK100106.JPG,line_03,pcb3,2026-08-06,LOT-20260806-AAK,EQ-03-A,operation,normal,,pcb3/Data/Images/Normal/0479.JPG
line_03/2026-08-06/L03AAK100107.JPG,line_03,pcb3,2026-08-06,LOT-20260806-AAK,EQ-03-A,operation,normal,,pcb3/Data/Images/Normal/0279.JPG
line_03/2026-08-06/L03AAK100108.JPG,line_03,pcb3,2026-08-06,LOT-20260806-AAK,EQ-03-A,operation,normal,,pcb3/Data/Images/Normal/0197.JPG
line_03/2026-08-06/L03AAK100109.JPG,line_03,pcb3,2026-08-06,LOT-20260806-AAK,EQ-03-A,operation,normal,,pcb3/Data/Images/Normal/0115.JPG
line_03/2026-08-06/L03AAK100110.JPG,line_03,pcb3,2026-08-06,LOT-20260806-AAK,EQ-03-A,operation,normal,,pcb3/Data/Images/Normal/0864.JPG
line_03/2026-08-06/L03AAK100111.JPG,line_03,pcb3,2026-08-06,LOT-20260806-AAK,EQ-03-A,operation,normal,,pcb3/Data/Images/Normal/0712.JPG
line_03/2026-08-06/L03AAK100112.JPG,line_03,pcb3,2026-08-06,LOT-20260806-AAK,EQ-03-A,operation,normal,,pcb3/Data/Images/Normal/0469.JPG
line_03/2026-08-06/L03AAK100113.JPG,line_03,pcb3,2026-08-06,LOT-20260806-AAK,EQ-03-A,operation,normal,,pcb3/Data/Images/Normal/0263.JPG
line_03/2026-08-06/L03AAK100114.JPG,line_03,pcb3,2026-08-06,LOT-20260806-AAK,EQ-03-A,operation,normal,,pcb3/Data/Images/Normal/0565.JPG
line_03/2026-08-06/L03AAK100115.JPG,line_03,pcb3,2026-08-06,LOT-20260806-AAK,EQ-03-A,operation,normal,,pcb3/Data/Images/Normal/0014.JPG
line_03/2026-08-06/L03AAK100116.JPG,line_03,pcb3,2026-08-06,LOT-20260806-AAK,EQ-03-A,operation,normal,,pcb3/Data/Images/Normal/0874.JPG
line_03/2026-08-06/L03AAK100117.JPG,line_03,pcb3,2026-08-06,LOT-20260806-AAK,EQ-03-A,operation,normal,,pcb3/Data/Images/Normal/0302.JPG
line_03/2026-08-06/L03AAK100118.JPG,line_03,pcb3,2026-08-06,LOT-20260806-AAK,EQ-03-A,operation,normal,,pcb3/Data/Images/Normal/0769.JPG
line_03/2026-08-06/L03AAK100119.JPG,line_03,pcb3,2026-08-06,LOT-20260806-AAK,EQ-03-A,operation,normal,,pcb3/Data/Images/Normal/0635.JPG
line_03/2026-08-06/L03AAK100120.JPG,line_03,pcb3,2026-08-06,LOT-20260806-AAK,EQ-03-A,operation,normal,,pcb3/Data/Images/Normal/0937.JPG
line_03/2026-08-06/L03AAK100121.JPG,line_03,pcb3,2026-08-06,LOT-20260806-AAK,EQ-03-A,operation,normal,,pcb3/Data/Images/Normal/0437.JPG
line_03/2026-08-06/L03AAK100122.JPG,line_03,pcb3,2026-08-06,LOT-20260806-AAK,EQ-03-A,operation,normal,,pcb3/Data/Images/Normal/0973.JPG
line_03/2026-08-06/L03AAK100123.JPG,line_03,pcb3,2026-08-06,LOT-20260806-AAK,EQ-03-A,operation,normal,,pcb3/Data/Images/Normal/0715.JPG
line_03/2026-08-06/L03AAK100124.JPG,line_03,pcb3,2026-08-06,LOT-20260806-AAK,EQ-03-A,operation,normal,,pcb3/Data/Images/Normal/0948.JPG
line_03/2026-08-06/L03AAK100125.JPG,line_03,pcb3,2026-08-06,LOT-20260806-AAK,EQ-03-A,operation,normal,,pcb3/Data/Images/Normal/0758.JPG
line_03/2026-08-06/L03AAK100126.JPG,line_03,pcb3,2026-08-06,LOT-20260806-AAK,EQ-03-A,operation,normal,,pcb3/Data/Images/Normal/0097.JPG
line_03/2026-08-06/L03AAK100127.JPG,line_03,pcb3,2026-08-06,LOT-20260806-AAK,EQ-03-A,operation,normal,,pcb3/Data/Images/Normal/0189.JPG
line_03/2026-08-06/L03AAK100128.JPG,line_03,pcb3,2026-08-06,LOT-20260806-AAK,EQ-03-A,operation,normal,,pcb3/Data/Images/Normal/0716.JPG
line_03/2026-08-06/L03AAK100129.JPG,line_03,pcb3,2026-08-06,LOT-20260806-AAK,EQ-03-A,operation,normal,,pcb3/Data/Images/Normal/0581.JPG
line_03/2026-08-06/L03AAK100130.JPG,line_03,pcb3,2026-08-06,LOT-20260806-AAK,EQ-03-A,operation,normal,,pcb3/Data/Images/Normal/0331.JPG
line_03/2026-08-06/L03AAK100131.JPG,line_03,pcb3,2026-08-06,LOT-20260806-AAK,EQ-03-A,operation,normal,,pcb3/Data/Images/Normal/0802.JPG
line_03/2026-08-06/L03AAK100132.JPG,line_03,pcb3,2026-08-06,LOT-20260806-AAK,EQ-03-A,operation,normal,,pcb3/Data/Images/Normal/0006.JPG
line_03/2026-08-06/L03AAK100133.JPG,line_03,pcb3,2026-08-06,LOT-20260806-AAK,EQ-03-A,operation,normal,,pcb3/Data/Images/Normal/0267.JPG
line_03/2026-08-06/L03AAK100134.JPG,line_03,pcb3,2026-08-06,LOT-20260806-AAK,EQ-03-A,operation,normal,,pcb3/Data/Images/Normal/0392.JPG
line_03/2026-08-06/L03AAK100135.JPG,line_03,pcb3,2026-08-06,LOT-20260806-AAK,EQ-03-A,operation,normal,,pcb3/Data/Images/Normal/0241.JPG
line_03/2026-08-06/L03AAK100136.JPG,line_03,pcb3,2026-08-06,LOT-20260806-AAK,EQ-03-A,operation,normal,,pcb3/Data/Images/Normal/0457.JPG
line_03/2026-08-06/L03AAK100137.JPG,line_03,pcb3,2026-08-06,LOT-20260806-AAK,EQ-03-A,operation,normal,,pcb3/Data/Images/Normal/0970.JPG
line_03/2026-08-06/L03AAK100138.JPG,line_03,pcb3,2026-08-06,LOT-20260806-AAK,EQ-03-A,operation,normal,,pcb3/Data/Images/Normal/0337.JPG
line_03/2026-08-06/L03AAK100139.JPG,line_03,pcb3,2026-08-06,LOT-20260806-AAK,EQ-03-A,operation,defect,/Users/eundong/Library/CloudStorage/GoogleDrive-yidheld@gmail.com/내 드라이브/[Shared]SK_AI_Hackathon/archive/pcb3/Data/Masks/Anomaly/024.png,pcb3/Data/Images/Anomaly/024.JPG
line_03/2026-08-06/L03AAK100140.JPG,line_03,pcb3,2026-08-06,LOT-20260806-AAK,EQ-03-A,operation,normal,,pcb3/Data/Images/Normal/0849.JPG
line_03/2026-08-06/L03AAK100141.JPG,line_03,pcb3,2026-08-06,LOT-20260806-AAK,EQ-03-A,operation,normal,,pcb3/Data/Images/Normal/0011.JPG
line_03/2026-08-06/L03AAK100142.JPG,line_03,pcb3,2026-08-06,LOT-20260806-AAK,EQ-03-A,operation,normal,,pcb3/Data/Images/Normal/0524.JPG
line_03/2026-08-06/L03AAK100143.JPG,line_03,pcb3,2026-08-06,LOT-20260806-AAK,EQ-03-A,operation,normal,,pcb3/Data/Images/Normal/0368.JPG
line_03/2026-08-06/L03AAK100144.JPG,line_03,pcb3,2026-08-06,LOT-20260806-AAK,EQ-03-A,operation,normal,,pcb3/Data/Images/Normal/0522.JPG
line_03/2026-08-06/L03AAK100145.JPG,line_03,pcb3,2026-08-06,LOT-20260806-AAK,EQ-03-A,operation,defect,/Users/eundong/Library/CloudStorage/GoogleDrive-yidheld@gmail.com/내 드라이브/[Shared]SK_AI_Hackathon/archive/pcb3/Data/Masks/Anomaly/050.png,pcb3/Data/Images/Anomaly/050.JPG
line_03/2026-08-06/L03AAK100146.JPG,line_03,pcb3,2026-08-06,LOT-20260806-AAK,EQ-03-A,operation,normal,,pcb3/Data/Images/Normal/0850.JPG
line_03/2026-08-06/L03AAK100147.JPG,line_03,pcb3,2026-08-06,LOT-20260806-AAK,EQ-03-A,operation,normal,,pcb3/Data/Images/Normal/0741.JPG
line_03/2026-08-06/L03AAK100148.JPG,line_03,pcb3,2026-08-06,LOT-20260806-AAK,EQ-03-A,operation,normal,,pcb3/Data/Images/Normal/0476.JPG
line_03/2026-08-06/L03AAK100149.JPG,line_03,pcb3,2026-08-06,LOT-20260806-AAK,EQ-03-A,operation,normal,,pcb3/Data/Images/Normal/0880.JPG
line_03/2026-08-06/L03AAK100150.JPG,line_03,pcb3,2026-08-06,LOT-20260806-AAK,EQ-03-A,operation,normal,,pcb3/Data/Images/Normal/0081.JPG
line_03/2026-08-06/L03AAK100151.JPG,line_03,pcb3,2026-08-06,LOT-20260806-AAK,EQ-03-A,operation,normal,,pcb3/Data/Images/Normal/0207.JPG
line_03/2026-08-06/L03AAK100152.JPG,line_03,pcb3,2026-08-06,LOT-20260806-AAK,EQ-03-A,operation,normal,,pcb3/Data/Images/Normal/0351.JPG
line_03/2026-08-06/L03AAK100153.JPG,line_03,pcb3,2026-08-06,LOT-20260806-AAK,EQ-03-A,operation,normal,,pcb3/Data/Images/Normal/0257.JPG
line_03/2026-08-06/L03AAK100154.JPG,line_03,pcb3,2026-08-06,LOT-20260806-AAK,EQ-03-A,operation,normal,,pcb3/Data/Images/Normal/0472.JPG
line_03/2026-08-06/L03AAK100155.JPG,line_03,pcb3,2026-08-06,LOT-20260806-AAK,EQ-03-A,operation,normal,,pcb3/Data/Images/Normal/0458.JPG
line_03/2026-08-06/L03AAK100156.JPG,line_03,pcb3,2026-08-06,LOT-20260806-AAK,EQ-03-A,operation,normal,,pcb3/Data/Images/Normal/0454.JPG
line_03/2026-08-06/L03AAK100157.JPG,line_03,pcb3,2026-08-06,LOT-20260806-AAK,EQ-03-A,operation,normal,,pcb3/Data/Images/Normal/0360.JPG
line_03/2026-08-06/L03AAK100158.JPG,line_03,pcb3,2026-08-06,LOT-20260806-AAK,EQ-03-A,operation,normal,,pcb3/Data/Images/Normal/0394.JPG
line_03/2026-08-06/L03AAK100159.JPG,line_03,pcb3,2026-08-06,LOT-20260806-AAK,EQ-03-A,operation,normal,,pcb3/Data/Images/Normal/0159.JPG
line_03/2026-08-06/L03AAK100160.JPG,line_03,pcb3,2026-08-06,LOT-20260806-AAK,EQ-03-A,operation,normal,,pcb3/Data/Images/Normal/0617.JPG
line_03/2026-08-06/L03AAK100161.JPG,line_03,pcb3,2026-08-06,LOT-20260806-AAK,EQ-03-A,operation,normal,,pcb3/Data/Images/Normal/0702.JPG
line_03/2026-08-06/L03AAK100162.JPG,line_03,pcb3,2026-08-06,LOT-20260806-AAK,EQ-03-A,operation,normal,,pcb3/Data/Images/Normal/0988.JPG
line_03/2026-08-06/L03AAK100163.JPG,line_03,pcb3,2026-08-06,LOT-20260806-AAK,EQ-03-A,operation,normal,,pcb3/Data/Images/Normal/0645.JPG
line_03/2026-08-06/L03AAK100164.JPG,line_03,pcb3,2026-08-06,LOT-20260806-AAK,EQ-03-A,operation,normal,,pcb3/Data/Images/Normal/0771.JPG
line_03/2026-08-06/L03AAK100165.JPG,line_03,pcb3,2026-08-06,LOT-20260806-AAK,EQ-03-A,operation,normal,,pcb3/Data/Images/Normal/0878.JPG
line_03/2026-08-06/L03AAK100166.JPG,line_03,pcb3,2026-08-06,LOT-20260806-AAK,EQ-03-A,operation,normal,,pcb3/Data/Images/Normal/0188.JPG
line_03/2026-08-06/L03AAK100167.JPG,line_03,pcb3,2026-08-06,LOT-20260806-AAK,EQ-03-A,operation,normal,,pcb3/Data/Images/Normal/0314.JPG
line_03/2026-08-06/L03AAK100168.JPG,line_03,pcb3,2026-08-06,LOT-20260806-AAK,EQ-03-A,operation,normal,,pcb3/Data/Images/Normal/0113.JPG
line_03/2026-08-06/L03AAK100169.JPG,line_03,pcb3,2026-08-06,LOT-20260806-AAK,EQ-03-A,operation,normal,,pcb3/Data/Images/Normal/0670.JPG
line_03/2026-08-06/L03AAK100170.JPG,line_03,pcb3,2026-08-06,LOT-20260806-AAK,EQ-03-A,operation,normal,,pcb3/Data/Images/Normal/0068.JPG
line_03/2026-08-06/L03AAK100171.JPG,line_03,pcb3,2026-08-06,LOT-20260806-AAK,EQ-03-A,operation,normal,,pcb3/Data/Images/Normal/0244.JPG
line_03/2026-08-06/L03AAK100172.JPG,line_03,pcb3,2026-08-06,LOT-20260806-AAK,EQ-03-A,operation,normal,,pcb3/Data/Images/Normal/0078.JPG
line_03/2026-08-06/L03AAK100173.JPG,line_03,pcb3,2026-08-06,LOT-20260806-AAK,EQ-03-A,operation,normal,,pcb3/Data/Images/Normal/0232.JPG
line_03/2026-08-06/L03AAK100174.JPG,line_03,pcb3,2026-08-06,LOT-20260806-AAK,EQ-03-A,operation,normal,,pcb3/Data/Images/Normal/0876.JPG
line_03/2026-08-06/L03AAK100175.JPG,line_03,pcb3,2026-08-06,LOT-20260806-AAK,EQ-03-A,operation,normal,,pcb3/Data/Images/Normal/0913.JPG
line_03/2026-08-06/L03AAK100176.JPG,line_03,pcb3,2026-08-06,LOT-20260806-AAK,EQ-03-A,operation,normal,,pcb3/Data/Images/Normal/0191.JPG
line_03/2026-08-06/L03AAK100177.JPG,line_03,pcb3,2026-08-06,LOT-20260806-AAK,EQ-03-A,operation,normal,,pcb3/Data/Images/Normal/0804.JPG
line_03/2026-08-06/L03AAK100178.JPG,line_03,pcb3,2026-08-06,LOT-20260806-AAK,EQ-03-A,operation,normal,,pcb3/Data/Images/Normal/0359.JPG
line_03/2026-08-06/L03AAK100179.JPG,line_03,pcb3,2026-08-06,LOT-20260806-AAK,EQ-03-A,operation,normal,,pcb3/Data/Images/Normal/0892.JPG
line_03/2026-08-06/L03AAK100180.JPG,line_03,pcb3,2026-08-06,LOT-20260806-AAK,EQ-03-A,operation,normal,,pcb3/Data/Images/Normal/0720.JPG
line_03/2026-08-06/L03AAK100181.JPG,line_03,pcb3,2026-08-06,LOT-20260806-AAK,EQ-03-A,operation,normal,,pcb3/Data/Images/Normal/0885.JPG
line_03/2026-08-06/L03AAK100182.JPG,line_03,pcb3,2026-08-06,LOT-20260806-AAK,EQ-03-A,operation,normal,,pcb3/Data/Images/Normal/0387.JPG
line_03/2026-08-06/L03AAK100183.JPG,line_03,pcb3,2026-08-06,LOT-20260806-AAK,EQ-03-A,operation,normal,,pcb3/Data/Images/Normal/0275.JPG
line_03/2026-08-06/L03AAK100184.JPG,line_03,pcb3,2026-08-06,LOT-20260806-AAK,EQ-03-A,operation,normal,,pcb3/Data/Images/Normal/0532.JPG
line_03/2026-08-06/L03AAK100185.JPG,line_03,pcb3,2026-08-06,LOT-20260806-AAK,EQ-03-A,operation,normal,,pcb3/Data/Images/Normal/0340.JPG
line_03/2026-08-06/L03AAK100186.JPG,line_03,pcb3,2026-08-06,LOT-20260806-AAK,EQ-03-A,operation,normal,,pcb3/Data/Images/Normal/0663.JPG
line_03/2026-08-06/L03AAK100187.JPG,line_03,pcb3,2026-08-06,LOT-20260806-AAK,EQ-03-A,operation,normal,,pcb3/Data/Images/Normal/0600.JPG
line_04/2026-08-06/L04AAJ100107.JPG,line_04,pcb4,2026-08-06,LOT-20260806-AAJ,EQ-04-A,operation,normal,,pcb4/Data/Images/Normal/0826.JPG
line_04/2026-08-06/L04AAJ100108.JPG,line_04,pcb4,2026-08-06,LOT-20260806-AAJ,EQ-04-A,operation,normal,,pcb4/Data/Images/Normal/0482.JPG
line_04/2026-08-06/L04AAJ100109.JPG,line_04,pcb4,2026-08-06,LOT-20260806-AAJ,EQ-04-A,operation,normal,,pcb4/Data/Images/Normal/0074.JPG
line_04/2026-08-06/L04AAJ100110.JPG,line_04,pcb4,2026-08-06,LOT-20260806-AAJ,EQ-04-A,operation,normal,,pcb4/Data/Images/Normal/0017.JPG
line_04/2026-08-06/L04AAJ100111.JPG,line_04,pcb4,2026-08-06,LOT-20260806-AAJ,EQ-04-A,operation,normal,,pcb4/Data/Images/Normal/0069.JPG
line_04/2026-08-06/L04AAJ100112.JPG,line_04,pcb4,2026-08-06,LOT-20260806-AAJ,EQ-04-A,operation,normal,,pcb4/Data/Images/Normal/0014.JPG
line_04/2026-08-06/L04AAJ100113.JPG,line_04,pcb4,2026-08-06,LOT-20260806-AAJ,EQ-04-A,operation,normal,,pcb4/Data/Images/Normal/0842.JPG
line_04/2026-08-06/L04AAJ100114.JPG,line_04,pcb4,2026-08-06,LOT-20260806-AAJ,EQ-04-A,operation,normal,,pcb4/Data/Images/Normal/0220.JPG
line_04/2026-08-06/L04AAJ100115.JPG,line_04,pcb4,2026-08-06,LOT-20260806-AAJ,EQ-04-A,operation,normal,,pcb4/Data/Images/Normal/0040.JPG
line_04/2026-08-06/L04AAJ100116.JPG,line_04,pcb4,2026-08-06,LOT-20260806-AAJ,EQ-04-A,operation,normal,,pcb4/Data/Images/Normal/0061.JPG
line_04/2026-08-06/L04AAJ100117.JPG,line_04,pcb4,2026-08-06,LOT-20260806-AAJ,EQ-04-A,operation,normal,,pcb4/Data/Images/Normal/0656.JPG
line_04/2026-08-06/L04AAJ100118.JPG,line_04,pcb4,2026-08-06,LOT-20260806-AAJ,EQ-04-A,operation,normal,,pcb4/Data/Images/Normal/0991.JPG
line_04/2026-08-06/L04AAJ100119.JPG,line_04,pcb4,2026-08-06,LOT-20260806-AAJ,EQ-04-A,operation,normal,,pcb4/Data/Images/Normal/0293.JPG
line_04/2026-08-06/L04AAJ100120.JPG,line_04,pcb4,2026-08-06,LOT-20260806-AAJ,EQ-04-A,operation,normal,,pcb4/Data/Images/Normal/0513.JPG
line_04/2026-08-06/L04AAJ100121.JPG,line_04,pcb4,2026-08-06,LOT-20260806-AAJ,EQ-04-A,operation,normal,,pcb4/Data/Images/Normal/0769.JPG
line_04/2026-08-06/L04AAJ100122.JPG,line_04,pcb4,2026-08-06,LOT-20260806-AAJ,EQ-04-A,operation,normal,,pcb4/Data/Images/Normal/0800.JPG
line_04/2026-08-06/L04AAJ100123.JPG,line_04,pcb4,2026-08-06,LOT-20260806-AAJ,EQ-04-A,operation,defect,/Users/eundong/Library/CloudStorage/GoogleDrive-yidheld@gmail.com/내 드라이브/[Shared]SK_AI_Hackathon/archive/pcb4/Data/Masks/Anomaly/079.png,pcb4/Data/Images/Anomaly/079.JPG
line_04/2026-08-06/L04AAJ100124.JPG,line_04,pcb4,2026-08-06,LOT-20260806-AAJ,EQ-04-A,operation,normal,,pcb4/Data/Images/Normal/0411.JPG
line_04/2026-08-06/L04AAJ100125.JPG,line_04,pcb4,2026-08-06,LOT-20260806-AAJ,EQ-04-A,operation,normal,,pcb4/Data/Images/Normal/0622.JPG
line_04/2026-08-06/L04AAJ100126.JPG,line_04,pcb4,2026-08-06,LOT-20260806-AAJ,EQ-04-A,operation,normal,,pcb4/Data/Images/Normal/0156.JPG
line_04/2026-08-06/L04AAJ100127.JPG,line_04,pcb4,2026-08-06,LOT-20260806-AAJ,EQ-04-A,operation,normal,,pcb4/Data/Images/Normal/0734.JPG
line_04/2026-08-06/L04AAJ100128.JPG,line_04,pcb4,2026-08-06,LOT-20260806-AAJ,EQ-04-A,operation,normal,,pcb4/Data/Images/Normal/0085.JPG
line_04/2026-08-06/L04AAJ100129.JPG,line_04,pcb4,2026-08-06,LOT-20260806-AAJ,EQ-04-A,operation,defect,/Users/eundong/Library/CloudStorage/GoogleDrive-yidheld@gmail.com/내 드라이브/[Shared]SK_AI_Hackathon/archive/pcb4/Data/Masks/Anomaly/098.png,pcb4/Data/Images/Anomaly/098.JPG
line_04/2026-08-06/L04AAJ100130.JPG,line_04,pcb4,2026-08-06,LOT-20260806-AAJ,EQ-04-A,operation,normal,,pcb4/Data/Images/Normal/0317.JPG
line_04/2026-08-06/L04AAJ100131.JPG,line_04,pcb4,2026-08-06,LOT-20260806-AAJ,EQ-04-A,operation,normal,,pcb4/Data/Images/Normal/0080.JPG
line_04/2026-08-06/L04AAJ100132.JPG,line_04,pcb4,2026-08-06,LOT-20260806-AAJ,EQ-04-A,operation,normal,,pcb4/Data/Images/Normal/0261.JPG
line_04/2026-08-06/L04AAJ100133.JPG,line_04,pcb4,2026-08-06,LOT-20260806-AAJ,EQ-04-A,operation,normal,,pcb4/Data/Images/Normal/0471.JPG
line_04/2026-08-06/L04AAJ100134.JPG,line_04,pcb4,2026-08-06,LOT-20260806-AAJ,EQ-04-A,operation,normal,,pcb4/Data/Images/Normal/0592.JPG
line_04/2026-08-06/L04AAJ100135.JPG,line_04,pcb4,2026-08-06,LOT-20260806-AAJ,EQ-04-A,operation,normal,,pcb4/Data/Images/Normal/0798.JPG
line_04/2026-08-06/L04AAJ100136.JPG,line_04,pcb4,2026-08-06,LOT-20260806-AAJ,EQ-04-A,operation,normal,,pcb4/Data/Images/Normal/0413.JPG
line_04/2026-08-06/L04AAJ100137.JPG,line_04,pcb4,2026-08-06,LOT-20260806-AAJ,EQ-04-A,operation,normal,,pcb4/Data/Images/Normal/0609.JPG
line_04/2026-08-06/L04AAJ100138.JPG,line_04,pcb4,2026-08-06,LOT-20260806-AAJ,EQ-04-A,operation,normal,,pcb4/Data/Images/Normal/0651.JPG
line_04/2026-08-06/L04AAJ100139.JPG,line_04,pcb4,2026-08-06,LOT-20260806-AAJ,EQ-04-A,operation,normal,,pcb4/Data/Images/Normal/0167.JPG
line_04/2026-08-06/L04AAJ100140.JPG,line_04,pcb4,2026-08-06,LOT-20260806-AAJ,EQ-04-A,operation,normal,,pcb4/Data/Images/Normal/0200.JPG
line_04/2026-08-06/L04AAJ100141.JPG,line_04,pcb4,2026-08-06,LOT-20260806-AAJ,EQ-04-A,operation,normal,,pcb4/Data/Images/Normal/0300.JPG
line_04/2026-08-06/L04AAJ100142.JPG,line_04,pcb4,2026-08-06,LOT-20260806-AAJ,EQ-04-A,operation,normal,,pcb4/Data/Images/Normal/0538.JPG
line_04/2026-08-06/L04AAJ100143.JPG,line_04,pcb4,2026-08-06,LOT-20260806-AAJ,EQ-04-A,operation,normal,,pcb4/Data/Images/Normal/0390.JPG
line_04/2026-08-06/L04AAJ100144.JPG,line_04,pcb4,2026-08-06,LOT-20260806-AAJ,EQ-04-A,operation,normal,,pcb4/Data/Images/Normal/0427.JPG
line_04/2026-08-06/L04AAJ100145.JPG,line_04,pcb4,2026-08-06,LOT-20260806-AAJ,EQ-04-A,operation,normal,,pcb4/Data/Images/Normal/0332.JPG
line_04/2026-08-06/L04AAJ100146.JPG,line_04,pcb4,2026-08-06,LOT-20260806-AAJ,EQ-04-A,operation,normal,,pcb4/Data/Images/Normal/0348.JPG
line_04/2026-08-06/L04AAJ100147.JPG,line_04,pcb4,2026-08-06,LOT-20260806-AAJ,EQ-04-A,operation,normal,,pcb4/Data/Images/Normal/0841.JPG
line_04/2026-08-06/L04AAJ100148.JPG,line_04,pcb4,2026-08-06,LOT-20260806-AAJ,EQ-04-A,operation,normal,,pcb4/Data/Images/Normal/0731.JPG
line_04/2026-08-06/L04AAJ100149.JPG,line_04,pcb4,2026-08-06,LOT-20260806-AAJ,EQ-04-A,operation,normal,,pcb4/Data/Images/Normal/0158.JPG
line_04/2026-08-06/L04AAJ100150.JPG,line_04,pcb4,2026-08-06,LOT-20260806-AAJ,EQ-04-A,operation,normal,,pcb4/Data/Images/Normal/0357.JPG
line_04/2026-08-06/L04AAJ100151.JPG,line_04,pcb4,2026-08-06,LOT-20260806-AAJ,EQ-04-A,operation,normal,,pcb4/Data/Images/Normal/0874.JPG
line_04/2026-08-06/L04AAJ100152.JPG,line_04,pcb4,2026-08-06,LOT-20260806-AAJ,EQ-04-A,operation,normal,,pcb4/Data/Images/Normal/0373.JPG
line_04/2026-08-06/L04AAJ100153.JPG,line_04,pcb4,2026-08-06,LOT-20260806-AAJ,EQ-04-A,operation,normal,,pcb4/Data/Images/Normal/0804.JPG
line_04/2026-08-06/L04AAJ100154.JPG,line_04,pcb4,2026-08-06,LOT-20260806-AAJ,EQ-04-A,operation,normal,,pcb4/Data/Images/Normal/0949.JPG
line_04/2026-08-06/L04AAJ100155.JPG,line_04,pcb4,2026-08-06,LOT-20260806-AAJ,EQ-04-A,operation,normal,,pcb4/Data/Images/Normal/0122.JPG
line_04/2026-08-06/L04AAJ100156.JPG,line_04,pcb4,2026-08-06,LOT-20260806-AAJ,EQ-04-A,operation,normal,,pcb4/Data/Images/Normal/0870.JPG
line_04/2026-08-06/L04AAJ100157.JPG,line_04,pcb4,2026-08-06,LOT-20260806-AAJ,EQ-04-A,operation,normal,,pcb4/Data/Images/Normal/0125.JPG
line_04/2026-08-06/L04AAJ100158.JPG,line_04,pcb4,2026-08-06,LOT-20260806-AAJ,EQ-04-A,operation,normal,,pcb4/Data/Images/Normal/0044.JPG
line_04/2026-08-06/L04AAJ100159.JPG,line_04,pcb4,2026-08-06,LOT-20260806-AAJ,EQ-04-A,operation,normal,,pcb4/Data/Images/Normal/0881.JPG
line_04/2026-08-06/L04AAJ100160.JPG,line_04,pcb4,2026-08-06,LOT-20260806-AAJ,EQ-04-A,operation,normal,,pcb4/Data/Images/Normal/0572.JPG
line_04/2026-08-06/L04AAJ100161.JPG,line_04,pcb4,2026-08-06,LOT-20260806-AAJ,EQ-04-A,operation,normal,,pcb4/Data/Images/Normal/0059.JPG
line_04/2026-08-06/L04AAJ100162.JPG,line_04,pcb4,2026-08-06,LOT-20260806-AAJ,EQ-04-A,operation,normal,,pcb4/Data/Images/Normal/0232.JPG
line_04/2026-08-06/L04AAJ100163.JPG,line_04,pcb4,2026-08-06,LOT-20260806-AAJ,EQ-04-A,operation,normal,,pcb4/Data/Images/Normal/0313.JPG
line_04/2026-08-06/L04AAJ100164.JPG,line_04,pcb4,2026-08-06,LOT-20260806-AAJ,EQ-04-A,operation,defect,/Users/eundong/Library/CloudStorage/GoogleDrive-yidheld@gmail.com/내 드라이브/[Shared]SK_AI_Hackathon/archive/pcb4/Data/Masks/Anomaly/013.png,pcb4/Data/Images/Anomaly/013.JPG
line_04/2026-08-06/L04AAJ100165.JPG,line_04,pcb4,2026-08-06,LOT-20260806-AAJ,EQ-04-A,operation,normal,,pcb4/Data/Images/Normal/0311.JPG
line_04/2026-08-06/L04AAJ100166.JPG,line_04,pcb4,2026-08-06,LOT-20260806-AAJ,EQ-04-A,operation,normal,,pcb4/Data/Images/Normal/0028.JPG
line_04/2026-08-06/L04AAJ100167.JPG,line_04,pcb4,2026-08-06,LOT-20260806-AAJ,EQ-04-A,operation,normal,,pcb4/Data/Images/Normal/0493.JPG
line_04/2026-08-06/L04AAJ100168.JPG,line_04,pcb4,2026-08-06,LOT-20260806-AAJ,EQ-04-A,operation,normal,,pcb4/Data/Images/Normal/0341.JPG
line_04/2026-08-06/L04AAJ100169.JPG,line_04,pcb4,2026-08-06,LOT-20260806-AAJ,EQ-04-A,operation,normal,,pcb4/Data/Images/Normal/0379.JPG
line_04/2026-08-06/L04AAJ100170.JPG,line_04,pcb4,2026-08-06,LOT-20260806-AAJ,EQ-04-A,operation,normal,,pcb4/Data/Images/Normal/0336.JPG
line_04/2026-08-06/L04AAJ100171.JPG,line_04,pcb4,2026-08-06,LOT-20260806-AAJ,EQ-04-A,operation,normal,,pcb4/Data/Images/Normal/0938.JPG
line_04/2026-08-06/L04AAJ100172.JPG,line_04,pcb4,2026-08-06,LOT-20260806-AAJ,EQ-04-A,operation,normal,,pcb4/Data/Images/Normal/0768.JPG
line_04/2026-08-06/L04AAJ100173.JPG,line_04,pcb4,2026-08-06,LOT-20260806-AAJ,EQ-04-A,operation,normal,,pcb4/Data/Images/Normal/0524.JPG
line_04/2026-08-06/L04AAJ100174.JPG,line_04,pcb4,2026-08-06,LOT-20260806-AAJ,EQ-04-A,operation,normal,,pcb4/Data/Images/Normal/0006.JPG
line_04/2026-08-06/L04AAJ100175.JPG,line_04,pcb4,2026-08-06,LOT-20260806-AAJ,EQ-04-A,operation,normal,,pcb4/Data/Images/Normal/0362.JPG
line_04/2026-08-06/L04AAJ100176.JPG,line_04,pcb4,2026-08-06,LOT-20260806-AAJ,EQ-04-A,operation,normal,,pcb4/Data/Images/Normal/0795.JPG
line_04/2026-08-06/L04AAJ100177.JPG,line_04,pcb4,2026-08-06,LOT-20260806-AAJ,EQ-04-A,operation,normal,,pcb4/Data/Images/Normal/0566.JPG
line_04/2026-08-06/L04AAJ100178.JPG,line_04,pcb4,2026-08-06,LOT-20260806-AAJ,EQ-04-A,operation,normal,,pcb4/Data/Images/Normal/0005.JPG
line_04/2026-08-06/L04AAJ100179.JPG,line_04,pcb4,2026-08-06,LOT-20260806-AAJ,EQ-04-A,operation,normal,,pcb4/Data/Images/Normal/0083.JPG
line_04/2026-08-06/L04AAJ100180.JPG,line_04,pcb4,2026-08-06,LOT-20260806-AAJ,EQ-04-A,operation,normal,,pcb4/Data/Images/Normal/0738.JPG
line_04/2026-08-06/L04AAJ100181.JPG,line_04,pcb4,2026-08-06,LOT-20260806-AAJ,EQ-04-A,operation,normal,,pcb4/Data/Images/Normal/0793.JPG
line_04/2026-08-06/L04AAJ100182.JPG,line_04,pcb4,2026-08-06,LOT-20260806-AAJ,EQ-04-A,operation,normal,,pcb4/Data/Images/Normal/0267.JPG
line_04/2026-08-06/L04AAJ100183.JPG,line_04,pcb4,2026-08-06,LOT-20260806-AAJ,EQ-04-A,operation,normal,,pcb4/Data/Images/Normal/0951.JPG
line_04/2026-08-06/L04AAJ100184.JPG,line_04,pcb4,2026-08-06,LOT-20260806-AAJ,EQ-04-A,operation,normal,,pcb4/Data/Images/Normal/0939.JPG
line_04/2026-08-06/L04AAJ100185.JPG,line_04,pcb4,2026-08-06,LOT-20260806-AAJ,EQ-04-A,operation,defect,/Users/eundong/Library/CloudStorage/GoogleDrive-yidheld@gmail.com/내 드라이브/[Shared]SK_AI_Hackathon/archive/pcb4/Data/Masks/Anomaly/010.png,pcb4/Data/Images/Anomaly/010.JPG
line_04/2026-08-06/L04AAJ100186.JPG,line_04,pcb4,2026-08-06,LOT-20260806-AAJ,EQ-04-A,operation,normal,,pcb4/Data/Images/Normal/0574.JPG
line_04/2026-08-06/L04AAJ100187.JPG,line_04,pcb4,2026-08-06,LOT-20260806-AAJ,EQ-04-A,operation,normal,,pcb4/Data/Images/Normal/0539.JPG
line_04/2026-08-06/L04AAJ100188.JPG,line_04,pcb4,2026-08-06,LOT-20260806-AAJ,EQ-04-A,operation,normal,,pcb4/Data/Images/Normal/0132.JPG
line_04/2026-08-06/L04AAJ100189.JPG,line_04,pcb4,2026-08-06,LOT-20260806-AAJ,EQ-04-A,operation,normal,,pcb4/Data/Images/Normal/0520.JPG
line_04/2026-08-06/L04AAJ100190.JPG,line_04,pcb4,2026-08-06,LOT-20260806-AAJ,EQ-04-A,operation,normal,,pcb4/Data/Images/Normal/0799.JPG
line_04/2026-08-06/L04AAJ100191.JPG,line_04,pcb4,2026-08-06,LOT-20260806-AAJ,EQ-04-A,operation,normal,,pcb4/Data/Images/Normal/0658.JPG
line_04/2026-08-06/L04AAJ100192.JPG,line_04,pcb4,2026-08-06,LOT-20260806-AAJ,EQ-04-A,operation,normal,,pcb4/Data/Images/Normal/0940.JPG
line_04/2026-08-06/L04AAJ100193.JPG,line_04,pcb4,2026-08-06,LOT-20260806-AAJ,EQ-04-A,operation,normal,,pcb4/Data/Images/Normal/0399.JPG
line_04/2026-08-06/L04AAJ100194.JPG,line_04,pcb4,2026-08-06,LOT-20260806-AAJ,EQ-04-A,operation,normal,,pcb4/Data/Images/Normal/0447.JPG
line_04/2026-08-06/L04AAJ100195.JPG,line_04,pcb4,2026-08-06,LOT-20260806-AAJ,EQ-04-A,operation,normal,,pcb4/Data/Images/Normal/0817.JPG
line_04/2026-08-06/L04AAJ100196.JPG,line_04,pcb4,2026-08-06,LOT-20260806-AAJ,EQ-04-A,operation,normal,,pcb4/Data/Images/Normal/0743.JPG
line_04/2026-08-06/L04AAJ100197.JPG,line_04,pcb4,2026-08-06,LOT-20260806-AAJ,EQ-04-A,operation,normal,,pcb4/Data/Images/Normal/0893.JPG
line_04/2026-08-06/L04AAJ100198.JPG,line_04,pcb4,2026-08-06,LOT-20260806-AAJ,EQ-04-A,operation,normal,,pcb4/Data/Images/Normal/0394.JPG
line_04/2026-08-06/L04AAJ100199.JPG,line_04,pcb4,2026-08-06,LOT-20260806-AAJ,EQ-04-A,operation,normal,,pcb4/Data/Images/Normal/0015.JPG
line_04/2026-08-06/L04AAJ100200.JPG,line_04,pcb4,2026-08-06,LOT-20260806-AAJ,EQ-04-A,operation,normal,,pcb4/Data/Images/Normal/0765.JPG
line_04/2026-08-06/L04AAM100001.JPG,line_04,pcb4,2026-08-06,LOT-20260806-AAM,EQ-04-A,operation,normal,,pcb4/Data/Images/Normal/0657.JPG
line_04/2026-08-06/L04AAM100002.JPG,line_04,pcb4,2026-08-06,LOT-20260806-AAM,EQ-04-A,operation,normal,,pcb4/Data/Images/Normal/0860.JPG
line_04/2026-08-06/L04AAM100003.JPG,line_04,pcb4,2026-08-06,LOT-20260806-AAM,EQ-04-A,operation,normal,,pcb4/Data/Images/Normal/0779.JPG
line_04/2026-08-06/L04AAM100004.JPG,line_04,pcb4,2026-08-06,LOT-20260806-AAM,EQ-04-A,operation,normal,,pcb4/Data/Images/Normal/0670.JPG
line_01/2026-08-07/L01AAL100093.JPG,line_01,pcb1,2026-08-07,LOT-20260807-AAL,EQ-01-A,operation,normal,,pcb1/Data/Images/Normal/0052.JPG
line_01/2026-08-07/L01AAL100094.JPG,line_01,pcb1,2026-08-07,LOT-20260807-AAL,EQ-01-A,operation,normal,,pcb1/Data/Images/Normal/0952.JPG
line_01/2026-08-07/L01AAL100095.JPG,line_01,pcb1,2026-08-07,LOT-20260807-AAL,EQ-01-A,operation,defect,/Users/eundong/Library/CloudStorage/GoogleDrive-yidheld@gmail.com/내 드라이브/[Shared]SK_AI_Hackathon/archive/pcb1/Data/Masks/Anomaly/030.png,pcb1/Data/Images/Anomaly/030.JPG
line_01/2026-08-07/L01AAL100096.JPG,line_01,pcb1,2026-08-07,LOT-20260807-AAL,EQ-01-A,operation,normal,,pcb1/Data/Images/Normal/0814.JPG
line_01/2026-08-07/L01AAL100097.JPG,line_01,pcb1,2026-08-07,LOT-20260807-AAL,EQ-01-A,operation,normal,,pcb1/Data/Images/Normal/0283.JPG
line_01/2026-08-07/L01AAL100098.JPG,line_01,pcb1,2026-08-07,LOT-20260807-AAL,EQ-01-A,operation,normal,,pcb1/Data/Images/Normal/0045.JPG
line_01/2026-08-07/L01AAL100099.JPG,line_01,pcb1,2026-08-07,LOT-20260807-AAL,EQ-01-A,operation,normal,,pcb1/Data/Images/Normal/0807.JPG
line_01/2026-08-07/L01AAL100100.JPG,line_01,pcb1,2026-08-07,LOT-20260807-AAL,EQ-01-A,operation,normal,,pcb1/Data/Images/Normal/0341.JPG
line_01/2026-08-07/L01AAL100101.JPG,line_01,pcb1,2026-08-07,LOT-20260807-AAL,EQ-01-A,operation,normal,,pcb1/Data/Images/Normal/0133.JPG
line_01/2026-08-07/L01AAL100102.JPG,line_01,pcb1,2026-08-07,LOT-20260807-AAL,EQ-01-A,operation,normal,,pcb1/Data/Images/Normal/0268.JPG
line_01/2026-08-07/L01AAL100103.JPG,line_01,pcb1,2026-08-07,LOT-20260807-AAL,EQ-01-A,operation,normal,,pcb1/Data/Images/Normal/0789.JPG
line_01/2026-08-07/L01AAL100104.JPG,line_01,pcb1,2026-08-07,LOT-20260807-AAL,EQ-01-A,operation,normal,,pcb1/Data/Images/Normal/0452.JPG
line_01/2026-08-07/L01AAL100105.JPG,line_01,pcb1,2026-08-07,LOT-20260807-AAL,EQ-01-A,operation,normal,,pcb1/Data/Images/Normal/0437.JPG
line_01/2026-08-07/L01AAL100106.JPG,line_01,pcb1,2026-08-07,LOT-20260807-AAL,EQ-01-A,operation,normal,,pcb1/Data/Images/Normal/0605.JPG
line_01/2026-08-07/L01AAL100107.JPG,line_01,pcb1,2026-08-07,LOT-20260807-AAL,EQ-01-A,operation,normal,,pcb1/Data/Images/Normal/0955.JPG
line_01/2026-08-07/L01AAL100108.JPG,line_01,pcb1,2026-08-07,LOT-20260807-AAL,EQ-01-A,operation,normal,,pcb1/Data/Images/Normal/0680.JPG
line_01/2026-08-07/L01AAL100109.JPG,line_01,pcb1,2026-08-07,LOT-20260807-AAL,EQ-01-A,operation,normal,,pcb1/Data/Images/Normal/0152.JPG
line_01/2026-08-07/L01AAL100110.JPG,line_01,pcb1,2026-08-07,LOT-20260807-AAL,EQ-01-A,operation,normal,,pcb1/Data/Images/Normal/0036.JPG
line_01/2026-08-07/L01AAL100111.JPG,line_01,pcb1,2026-08-07,LOT-20260807-AAL,EQ-01-A,operation,normal,,pcb1/Data/Images/Normal/0625.JPG
line_01/2026-08-07/L01AAL100112.JPG,line_01,pcb1,2026-08-07,LOT-20260807-AAL,EQ-01-A,operation,normal,,pcb1/Data/Images/Normal/0151.JPG
line_01/2026-08-07/L01AAL100113.JPG,line_01,pcb1,2026-08-07,LOT-20260807-AAL,EQ-01-A,operation,normal,,pcb1/Data/Images/Normal/0440.JPG
line_01/2026-08-07/L01AAL100114.JPG,line_01,pcb1,2026-08-07,LOT-20260807-AAL,EQ-01-A,operation,normal,,pcb1/Data/Images/Normal/0130.JPG
line_01/2026-08-07/L01AAL100115.JPG,line_01,pcb1,2026-08-07,LOT-20260807-AAL,EQ-01-A,operation,normal,,pcb1/Data/Images/Normal/0042.JPG
line_01/2026-08-07/L01AAL100116.JPG,line_01,pcb1,2026-08-07,LOT-20260807-AAL,EQ-01-A,operation,normal,,pcb1/Data/Images/Normal/0315.JPG
line_01/2026-08-07/L01AAL100117.JPG,line_01,pcb1,2026-08-07,LOT-20260807-AAL,EQ-01-A,operation,normal,,pcb1/Data/Images/Normal/0909.JPG
line_01/2026-08-07/L01AAL100118.JPG,line_01,pcb1,2026-08-07,LOT-20260807-AAL,EQ-01-A,operation,normal,,pcb1/Data/Images/Normal/0880.JPG
line_01/2026-08-07/L01AAL100119.JPG,line_01,pcb1,2026-08-07,LOT-20260807-AAL,EQ-01-A,operation,normal,,pcb1/Data/Images/Normal/0366.JPG
line_01/2026-08-07/L01AAL100120.JPG,line_01,pcb1,2026-08-07,LOT-20260807-AAL,EQ-01-A,operation,normal,,pcb1/Data/Images/Normal/0573.JPG
line_01/2026-08-07/L01AAL100121.JPG,line_01,pcb1,2026-08-07,LOT-20260807-AAL,EQ-01-A,operation,normal,,pcb1/Data/Images/Normal/0681.JPG
line_01/2026-08-07/L01AAL100122.JPG,line_01,pcb1,2026-08-07,LOT-20260807-AAL,EQ-01-A,operation,normal,,pcb1/Data/Images/Normal/0105.JPG
line_01/2026-08-07/L01AAL100123.JPG,line_01,pcb1,2026-08-07,LOT-20260807-AAL,EQ-01-A,operation,normal,,pcb1/Data/Images/Normal/0916.JPG
line_01/2026-08-07/L01AAL100124.JPG,line_01,pcb1,2026-08-07,LOT-20260807-AAL,EQ-01-A,operation,normal,,pcb1/Data/Images/Normal/0819.JPG
line_01/2026-08-07/L01AAL100125.JPG,line_01,pcb1,2026-08-07,LOT-20260807-AAL,EQ-01-A,operation,normal,,pcb1/Data/Images/Normal/0653.JPG
line_01/2026-08-07/L01AAL100126.JPG,line_01,pcb1,2026-08-07,LOT-20260807-AAL,EQ-01-A,operation,normal,,pcb1/Data/Images/Normal/0865.JPG
line_01/2026-08-07/L01AAL100127.JPG,line_01,pcb1,2026-08-07,LOT-20260807-AAL,EQ-01-A,operation,normal,,pcb1/Data/Images/Normal/0908.JPG
line_01/2026-08-07/L01AAL100128.JPG,line_01,pcb1,2026-08-07,LOT-20260807-AAL,EQ-01-A,operation,normal,,pcb1/Data/Images/Normal/0181.JPG
line_01/2026-08-07/L01AAL100129.JPG,line_01,pcb1,2026-08-07,LOT-20260807-AAL,EQ-01-A,operation,normal,,pcb1/Data/Images/Normal/0422.JPG
line_01/2026-08-07/L01AAL100130.JPG,line_01,pcb1,2026-08-07,LOT-20260807-AAL,EQ-01-A,operation,normal,,pcb1/Data/Images/Normal/1001.JPG
line_01/2026-08-07/L01AAL100131.JPG,line_01,pcb1,2026-08-07,LOT-20260807-AAL,EQ-01-A,operation,normal,,pcb1/Data/Images/Normal/0183.JPG
line_01/2026-08-07/L01AAL100132.JPG,line_01,pcb1,2026-08-07,LOT-20260807-AAL,EQ-01-A,operation,normal,,pcb1/Data/Images/Normal/0340.JPG
line_01/2026-08-07/L01AAL100133.JPG,line_01,pcb1,2026-08-07,LOT-20260807-AAL,EQ-01-A,operation,normal,,pcb1/Data/Images/Normal/0421.JPG
line_01/2026-08-07/L01AAL100134.JPG,line_01,pcb1,2026-08-07,LOT-20260807-AAL,EQ-01-A,operation,normal,,pcb1/Data/Images/Normal/0691.JPG
line_01/2026-08-07/L01AAL100135.JPG,line_01,pcb1,2026-08-07,LOT-20260807-AAL,EQ-01-A,operation,normal,,pcb1/Data/Images/Normal/0816.JPG
line_01/2026-08-07/L01AAL100136.JPG,line_01,pcb1,2026-08-07,LOT-20260807-AAL,EQ-01-A,operation,normal,,pcb1/Data/Images/Normal/0836.JPG
line_01/2026-08-07/L01AAL100137.JPG,line_01,pcb1,2026-08-07,LOT-20260807-AAL,EQ-01-A,operation,normal,,pcb1/Data/Images/Normal/0110.JPG
line_01/2026-08-07/L01AAL100138.JPG,line_01,pcb1,2026-08-07,LOT-20260807-AAL,EQ-01-A,operation,normal,,pcb1/Data/Images/Normal/0391.JPG
line_01/2026-08-07/L01AAL100139.JPG,line_01,pcb1,2026-08-07,LOT-20260807-AAL,EQ-01-A,operation,normal,,pcb1/Data/Images/Normal/0039.JPG
line_01/2026-08-07/L01AAL100140.JPG,line_01,pcb1,2026-08-07,LOT-20260807-AAL,EQ-01-A,operation,normal,,pcb1/Data/Images/Normal/0481.JPG
line_01/2026-08-07/L01AAL100141.JPG,line_01,pcb1,2026-08-07,LOT-20260807-AAL,EQ-01-A,operation,defect,/Users/eundong/Library/CloudStorage/GoogleDrive-yidheld@gmail.com/내 드라이브/[Shared]SK_AI_Hackathon/archive/pcb1/Data/Masks/Anomaly/094.png,pcb1/Data/Images/Anomaly/094.JPG
line_01/2026-08-07/L01AAL100142.JPG,line_01,pcb1,2026-08-07,LOT-20260807-AAL,EQ-01-A,operation,defect,/Users/eundong/Library/CloudStorage/GoogleDrive-yidheld@gmail.com/내 드라이브/[Shared]SK_AI_Hackathon/archive/pcb1/Data/Masks/Anomaly/041.png,pcb1/Data/Images/Anomaly/041.JPG
line_01/2026-08-07/L01AAL100143.JPG,line_01,pcb1,2026-08-07,LOT-20260807-AAL,EQ-01-A,operation,normal,,pcb1/Data/Images/Normal/0227.JPG
line_01/2026-08-07/L01AAL100144.JPG,line_01,pcb1,2026-08-07,LOT-20260807-AAL,EQ-01-A,operation,normal,,pcb1/Data/Images/Normal/0204.JPG
line_01/2026-08-07/L01AAL100145.JPG,line_01,pcb1,2026-08-07,LOT-20260807-AAL,EQ-01-A,operation,normal,,pcb1/Data/Images/Normal/0471.JPG
line_01/2026-08-07/L01AAL100146.JPG,line_01,pcb1,2026-08-07,LOT-20260807-AAL,EQ-01-A,operation,normal,,pcb1/Data/Images/Normal/0358.JPG
line_01/2026-08-07/L01AAL100147.JPG,line_01,pcb1,2026-08-07,LOT-20260807-AAL,EQ-01-A,operation,defect,/Users/eundong/Library/CloudStorage/GoogleDrive-yidheld@gmail.com/내 드라이브/[Shared]SK_AI_Hackathon/archive/pcb1/Data/Masks/Anomaly/086.png,pcb1/Data/Images/Anomaly/086.JPG
line_01/2026-08-07/L01AAL100148.JPG,line_01,pcb1,2026-08-07,LOT-20260807-AAL,EQ-01-A,operation,normal,,pcb1/Data/Images/Normal/0312.JPG
line_01/2026-08-07/L01AAL100149.JPG,line_01,pcb1,2026-08-07,LOT-20260807-AAL,EQ-01-A,operation,normal,,pcb1/Data/Images/Normal/0922.JPG
line_01/2026-08-07/L01AAL100150.JPG,line_01,pcb1,2026-08-07,LOT-20260807-AAL,EQ-01-A,operation,normal,,pcb1/Data/Images/Normal/0997.JPG
line_01/2026-08-07/L01AAL100151.JPG,line_01,pcb1,2026-08-07,LOT-20260807-AAL,EQ-01-A,operation,normal,,pcb1/Data/Images/Normal/0024.JPG
line_01/2026-08-07/L01AAL100152.JPG,line_01,pcb1,2026-08-07,LOT-20260807-AAL,EQ-01-A,operation,normal,,pcb1/Data/Images/Normal/0197.JPG
line_01/2026-08-07/L01AAL100153.JPG,line_01,pcb1,2026-08-07,LOT-20260807-AAL,EQ-01-A,operation,normal,,pcb1/Data/Images/Normal/0837.JPG
line_01/2026-08-07/L01AAL100154.JPG,line_01,pcb1,2026-08-07,LOT-20260807-AAL,EQ-01-A,operation,normal,,pcb1/Data/Images/Normal/0900.JPG
line_01/2026-08-07/L01AAL100155.JPG,line_01,pcb1,2026-08-07,LOT-20260807-AAL,EQ-01-A,operation,normal,,pcb1/Data/Images/Normal/0858.JPG
line_01/2026-08-07/L01AAL100156.JPG,line_01,pcb1,2026-08-07,LOT-20260807-AAL,EQ-01-A,operation,normal,,pcb1/Data/Images/Normal/0442.JPG
line_01/2026-08-07/L01AAL100157.JPG,line_01,pcb1,2026-08-07,LOT-20260807-AAL,EQ-01-A,operation,normal,,pcb1/Data/Images/Normal/0035.JPG
line_01/2026-08-07/L01AAL100158.JPG,line_01,pcb1,2026-08-07,LOT-20260807-AAL,EQ-01-A,operation,normal,,pcb1/Data/Images/Normal/0495.JPG
line_01/2026-08-07/L01AAL100159.JPG,line_01,pcb1,2026-08-07,LOT-20260807-AAL,EQ-01-A,operation,normal,,pcb1/Data/Images/Normal/0395.JPG
line_01/2026-08-07/L01AAL100160.JPG,line_01,pcb1,2026-08-07,LOT-20260807-AAL,EQ-01-A,operation,normal,,pcb1/Data/Images/Normal/0508.JPG
line_01/2026-08-07/L01AAL100161.JPG,line_01,pcb1,2026-08-07,LOT-20260807-AAL,EQ-01-A,operation,normal,,pcb1/Data/Images/Normal/0179.JPG
line_01/2026-08-07/L01AAL100162.JPG,line_01,pcb1,2026-08-07,LOT-20260807-AAL,EQ-01-A,operation,normal,,pcb1/Data/Images/Normal/0328.JPG
line_01/2026-08-07/L01AAL100163.JPG,line_01,pcb1,2026-08-07,LOT-20260807-AAL,EQ-01-A,operation,normal,,pcb1/Data/Images/Normal/0260.JPG
line_01/2026-08-07/L01AAL100164.JPG,line_01,pcb1,2026-08-07,LOT-20260807-AAL,EQ-01-A,operation,normal,,pcb1/Data/Images/Normal/0510.JPG
line_01/2026-08-07/L01AAL100165.JPG,line_01,pcb1,2026-08-07,LOT-20260807-AAL,EQ-01-A,operation,normal,,pcb1/Data/Images/Normal/0693.JPG
line_01/2026-08-07/L01AAL100166.JPG,line_01,pcb1,2026-08-07,LOT-20260807-AAL,EQ-01-A,operation,normal,,pcb1/Data/Images/Normal/0431.JPG
line_01/2026-08-07/L01AAL100167.JPG,line_01,pcb1,2026-08-07,LOT-20260807-AAL,EQ-01-A,operation,normal,,pcb1/Data/Images/Normal/0872.JPG
line_01/2026-08-07/L01AAL100168.JPG,line_01,pcb1,2026-08-07,LOT-20260807-AAL,EQ-01-A,operation,normal,,pcb1/Data/Images/Normal/0763.JPG
line_01/2026-08-07/L01AAL100169.JPG,line_01,pcb1,2026-08-07,LOT-20260807-AAL,EQ-01-A,operation,normal,,pcb1/Data/Images/Normal/0480.JPG
line_01/2026-08-07/L01AAL100170.JPG,line_01,pcb1,2026-08-07,LOT-20260807-AAL,EQ-01-A,operation,normal,,pcb1/Data/Images/Normal/0014.JPG
line_01/2026-08-07/L01AAL100171.JPG,line_01,pcb1,2026-08-07,LOT-20260807-AAL,EQ-01-A,operation,normal,,pcb1/Data/Images/Normal/0649.JPG
line_01/2026-08-07/L01AAL100172.JPG,line_01,pcb1,2026-08-07,LOT-20260807-AAL,EQ-01-A,operation,defect,/Users/eundong/Library/CloudStorage/GoogleDrive-yidheld@gmail.com/내 드라이브/[Shared]SK_AI_Hackathon/archive/pcb1/Data/Masks/Anomaly/050.png,pcb1/Data/Images/Anomaly/050.JPG
line_01/2026-08-07/L01AAL100173.JPG,line_01,pcb1,2026-08-07,LOT-20260807-AAL,EQ-01-A,operation,normal,,pcb1/Data/Images/Normal/0449.JPG
line_01/2026-08-07/L01AAL100174.JPG,line_01,pcb1,2026-08-07,LOT-20260807-AAL,EQ-01-A,operation,normal,,pcb1/Data/Images/Normal/0559.JPG
line_01/2026-08-07/L01AAL100175.JPG,line_01,pcb1,2026-08-07,LOT-20260807-AAL,EQ-01-A,operation,normal,,pcb1/Data/Images/Normal/0091.JPG
line_01/2026-08-07/L01AAL100176.JPG,line_01,pcb1,2026-08-07,LOT-20260807-AAL,EQ-01-A,operation,normal,,pcb1/Data/Images/Normal/0297.JPG
line_01/2026-08-07/L01AAL100177.JPG,line_01,pcb1,2026-08-07,LOT-20260807-AAL,EQ-01-A,operation,normal,,pcb1/Data/Images/Normal/0596.JPG
line_01/2026-08-07/L01AAL100178.JPG,line_01,pcb1,2026-08-07,LOT-20260807-AAL,EQ-01-A,operation,normal,,pcb1/Data/Images/Normal/0782.JPG
line_01/2026-08-07/L01AAL100179.JPG,line_01,pcb1,2026-08-07,LOT-20260807-AAL,EQ-01-A,operation,normal,,pcb1/Data/Images/Normal/0700.JPG
line_01/2026-08-07/L01AAL100180.JPG,line_01,pcb1,2026-08-07,LOT-20260807-AAL,EQ-01-A,operation,normal,,pcb1/Data/Images/Normal/0797.JPG
line_01/2026-08-07/L01AAL100181.JPG,line_01,pcb1,2026-08-07,LOT-20260807-AAL,EQ-01-A,operation,normal,,pcb1/Data/Images/Normal/0897.JPG
line_02/2026-08-07/L02AAI100197.JPG,line_02,pcb2,2026-08-07,LOT-20260807-AAI,EQ-02-A,operation,defect,/Users/eundong/Library/CloudStorage/GoogleDrive-yidheld@gmail.com/내 드라이브/[Shared]SK_AI_Hackathon/archive/pcb2/Data/Masks/Anomaly/001.png,pcb2/Data/Images/Anomaly/001.JPG
line_02/2026-08-07/L02AAI100198.JPG,line_02,pcb2,2026-08-07,LOT-20260807-AAI,EQ-02-A,operation,normal,,pcb2/Data/Images/Normal/0382.JPG
line_02/2026-08-07/L02AAI100199.JPG,line_02,pcb2,2026-08-07,LOT-20260807-AAI,EQ-02-A,operation,normal,,pcb2/Data/Images/Normal/0730.JPG
line_02/2026-08-07/L02AAI100200.JPG,line_02,pcb2,2026-08-07,LOT-20260807-AAI,EQ-02-A,operation,normal,,pcb2/Data/Images/Normal/0569.JPG
line_02/2026-08-07/L02AAN100001.JPG,line_02,pcb2,2026-08-07,LOT-20260807-AAN,EQ-02-A,operation,normal,,pcb2/Data/Images/Normal/0192.JPG
line_02/2026-08-07/L02AAN100002.JPG,line_02,pcb2,2026-08-07,LOT-20260807-AAN,EQ-02-A,operation,normal,,pcb2/Data/Images/Normal/0214.JPG
line_02/2026-08-07/L02AAN100003.JPG,line_02,pcb2,2026-08-07,LOT-20260807-AAN,EQ-02-A,operation,normal,,pcb2/Data/Images/Normal/0838.JPG
line_02/2026-08-07/L02AAN100004.JPG,line_02,pcb2,2026-08-07,LOT-20260807-AAN,EQ-02-A,operation,normal,,pcb2/Data/Images/Normal/0809.JPG
line_02/2026-08-07/L02AAN100005.JPG,line_02,pcb2,2026-08-07,LOT-20260807-AAN,EQ-02-A,operation,normal,,pcb2/Data/Images/Normal/0807.JPG
line_02/2026-08-07/L02AAN100006.JPG,line_02,pcb2,2026-08-07,LOT-20260807-AAN,EQ-02-A,operation,normal,,pcb2/Data/Images/Normal/0189.JPG
line_02/2026-08-07/L02AAN100007.JPG,line_02,pcb2,2026-08-07,LOT-20260807-AAN,EQ-02-A,operation,normal,,pcb2/Data/Images/Normal/0159.JPG
line_02/2026-08-07/L02AAN100008.JPG,line_02,pcb2,2026-08-07,LOT-20260807-AAN,EQ-02-A,operation,normal,,pcb2/Data/Images/Normal/0369.JPG
line_02/2026-08-07/L02AAN100009.JPG,line_02,pcb2,2026-08-07,LOT-20260807-AAN,EQ-02-A,operation,normal,,pcb2/Data/Images/Normal/0166.JPG
line_02/2026-08-07/L02AAN100010.JPG,line_02,pcb2,2026-08-07,LOT-20260807-AAN,EQ-02-A,operation,normal,,pcb2/Data/Images/Normal/0658.JPG
line_02/2026-08-07/L02AAN100011.JPG,line_02,pcb2,2026-08-07,LOT-20260807-AAN,EQ-02-A,operation,normal,,pcb2/Data/Images/Normal/0290.JPG
line_02/2026-08-07/L02AAN100012.JPG,line_02,pcb2,2026-08-07,LOT-20260807-AAN,EQ-02-A,operation,normal,,pcb2/Data/Images/Normal/0925.JPG
line_02/2026-08-07/L02AAN100013.JPG,line_02,pcb2,2026-08-07,LOT-20260807-AAN,EQ-02-A,operation,defect,/Users/eundong/Library/CloudStorage/GoogleDrive-yidheld@gmail.com/내 드라이브/[Shared]SK_AI_Hackathon/archive/pcb2/Data/Masks/Anomaly/009.png,pcb2/Data/Images/Anomaly/009.JPG
line_02/2026-08-07/L02AAN100014.JPG,line_02,pcb2,2026-08-07,LOT-20260807-AAN,EQ-02-A,operation,normal,,pcb2/Data/Images/Normal/0043.JPG
line_02/2026-08-07/L02AAN100015.JPG,line_02,pcb2,2026-08-07,LOT-20260807-AAN,EQ-02-A,operation,normal,,pcb2/Data/Images/Normal/0687.JPG
line_02/2026-08-07/L02AAN100016.JPG,line_02,pcb2,2026-08-07,LOT-20260807-AAN,EQ-02-A,operation,normal,,pcb2/Data/Images/Normal/0079.JPG
line_02/2026-08-07/L02AAN100017.JPG,line_02,pcb2,2026-08-07,LOT-20260807-AAN,EQ-02-A,operation,normal,,pcb2/Data/Images/Normal/0784.JPG
line_02/2026-08-07/L02AAN100018.JPG,line_02,pcb2,2026-08-07,LOT-20260807-AAN,EQ-02-A,operation,normal,,pcb2/Data/Images/Normal/0909.JPG
line_02/2026-08-07/L02AAN100019.JPG,line_02,pcb2,2026-08-07,LOT-20260807-AAN,EQ-02-A,operation,normal,,pcb2/Data/Images/Normal/0961.JPG
line_02/2026-08-07/L02AAN100020.JPG,line_02,pcb2,2026-08-07,LOT-20260807-AAN,EQ-02-A,operation,normal,,pcb2/Data/Images/Normal/0792.JPG
line_02/2026-08-07/L02AAN100021.JPG,line_02,pcb2,2026-08-07,LOT-20260807-AAN,EQ-02-A,operation,normal,,pcb2/Data/Images/Normal/0491.JPG
line_02/2026-08-07/L02AAN100022.JPG,line_02,pcb2,2026-08-07,LOT-20260807-AAN,EQ-02-A,operation,normal,,pcb2/Data/Images/Normal/0041.JPG
line_02/2026-08-07/L02AAN100023.JPG,line_02,pcb2,2026-08-07,LOT-20260807-AAN,EQ-02-A,operation,normal,,pcb2/Data/Images/Normal/0859.JPG
line_02/2026-08-07/L02AAN100024.JPG,line_02,pcb2,2026-08-07,LOT-20260807-AAN,EQ-02-A,operation,normal,,pcb2/Data/Images/Normal/0757.JPG
line_02/2026-08-07/L02AAN100025.JPG,line_02,pcb2,2026-08-07,LOT-20260807-AAN,EQ-02-A,operation,normal,,pcb2/Data/Images/Normal/0338.JPG
line_02/2026-08-07/L02AAN100026.JPG,line_02,pcb2,2026-08-07,LOT-20260807-AAN,EQ-02-A,operation,defect,/Users/eundong/Library/CloudStorage/GoogleDrive-yidheld@gmail.com/내 드라이브/[Shared]SK_AI_Hackathon/archive/pcb2/Data/Masks/Anomaly/038.png,pcb2/Data/Images/Anomaly/038.JPG
line_02/2026-08-07/L02AAN100027.JPG,line_02,pcb2,2026-08-07,LOT-20260807-AAN,EQ-02-A,operation,normal,,pcb2/Data/Images/Normal/0880.JPG
line_02/2026-08-07/L02AAN100028.JPG,line_02,pcb2,2026-08-07,LOT-20260807-AAN,EQ-02-A,operation,normal,,pcb2/Data/Images/Normal/0248.JPG
line_02/2026-08-07/L02AAN100029.JPG,line_02,pcb2,2026-08-07,LOT-20260807-AAN,EQ-02-A,operation,normal,,pcb2/Data/Images/Normal/0310.JPG
line_02/2026-08-07/L02AAN100030.JPG,line_02,pcb2,2026-08-07,LOT-20260807-AAN,EQ-02-A,operation,normal,,pcb2/Data/Images/Normal/0779.JPG
line_02/2026-08-07/L02AAN100031.JPG,line_02,pcb2,2026-08-07,LOT-20260807-AAN,EQ-02-A,operation,normal,,pcb2/Data/Images/Normal/0616.JPG
line_02/2026-08-07/L02AAN100032.JPG,line_02,pcb2,2026-08-07,LOT-20260807-AAN,EQ-02-A,operation,normal,,pcb2/Data/Images/Normal/0435.JPG
line_02/2026-08-07/L02AAN100033.JPG,line_02,pcb2,2026-08-07,LOT-20260807-AAN,EQ-02-A,operation,normal,,pcb2/Data/Images/Normal/0917.JPG
line_02/2026-08-07/L02AAN100034.JPG,line_02,pcb2,2026-08-07,LOT-20260807-AAN,EQ-02-A,operation,normal,,pcb2/Data/Images/Normal/0696.JPG
line_02/2026-08-07/L02AAN100035.JPG,line_02,pcb2,2026-08-07,LOT-20260807-AAN,EQ-02-A,operation,defect,/Users/eundong/Library/CloudStorage/GoogleDrive-yidheld@gmail.com/내 드라이브/[Shared]SK_AI_Hackathon/archive/pcb2/Data/Masks/Anomaly/028.png,pcb2/Data/Images/Anomaly/028.JPG
line_02/2026-08-07/L02AAN100036.JPG,line_02,pcb2,2026-08-07,LOT-20260807-AAN,EQ-02-A,operation,normal,,pcb2/Data/Images/Normal/0262.JPG
line_02/2026-08-07/L02AAN100037.JPG,line_02,pcb2,2026-08-07,LOT-20260807-AAN,EQ-02-A,operation,normal,,pcb2/Data/Images/Normal/0671.JPG
line_02/2026-08-07/L02AAN100038.JPG,line_02,pcb2,2026-08-07,LOT-20260807-AAN,EQ-02-A,operation,normal,,pcb2/Data/Images/Normal/0176.JPG
line_02/2026-08-07/L02AAN100039.JPG,line_02,pcb2,2026-08-07,LOT-20260807-AAN,EQ-02-A,operation,normal,,pcb2/Data/Images/Normal/0660.JPG
line_02/2026-08-07/L02AAN100040.JPG,line_02,pcb2,2026-08-07,LOT-20260807-AAN,EQ-02-A,operation,defect,/Users/eundong/Library/CloudStorage/GoogleDrive-yidheld@gmail.com/내 드라이브/[Shared]SK_AI_Hackathon/archive/pcb2/Data/Masks/Anomaly/002.png,pcb2/Data/Images/Anomaly/002.JPG
line_02/2026-08-07/L02AAN100041.JPG,line_02,pcb2,2026-08-07,LOT-20260807-AAN,EQ-02-A,operation,normal,,pcb2/Data/Images/Normal/0056.JPG
line_02/2026-08-07/L02AAN100042.JPG,line_02,pcb2,2026-08-07,LOT-20260807-AAN,EQ-02-A,operation,normal,,pcb2/Data/Images/Normal/0145.JPG
line_02/2026-08-07/L02AAN100043.JPG,line_02,pcb2,2026-08-07,LOT-20260807-AAN,EQ-02-A,operation,normal,,pcb2/Data/Images/Normal/0545.JPG
line_02/2026-08-07/L02AAN100044.JPG,line_02,pcb2,2026-08-07,LOT-20260807-AAN,EQ-02-A,operation,normal,,pcb2/Data/Images/Normal/0867.JPG
line_02/2026-08-07/L02AAN100045.JPG,line_02,pcb2,2026-08-07,LOT-20260807-AAN,EQ-02-A,operation,normal,,pcb2/Data/Images/Normal/0303.JPG
line_02/2026-08-07/L02AAN100046.JPG,line_02,pcb2,2026-08-07,LOT-20260807-AAN,EQ-02-A,operation,normal,,pcb2/Data/Images/Normal/0622.JPG
line_02/2026-08-07/L02AAN100047.JPG,line_02,pcb2,2026-08-07,LOT-20260807-AAN,EQ-02-A,operation,normal,,pcb2/Data/Images/Normal/0269.JPG
line_02/2026-08-07/L02AAN100048.JPG,line_02,pcb2,2026-08-07,LOT-20260807-AAN,EQ-02-A,operation,normal,,pcb2/Data/Images/Normal/0983.JPG
line_02/2026-08-07/L02AAN100049.JPG,line_02,pcb2,2026-08-07,LOT-20260807-AAN,EQ-02-A,operation,defect,/Users/eundong/Library/CloudStorage/GoogleDrive-yidheld@gmail.com/내 드라이브/[Shared]SK_AI_Hackathon/archive/pcb2/Data/Masks/Anomaly/008.png,pcb2/Data/Images/Anomaly/008.JPG
line_02/2026-08-07/L02AAN100050.JPG,line_02,pcb2,2026-08-07,LOT-20260807-AAN,EQ-02-A,operation,normal,,pcb2/Data/Images/Normal/0964.JPG
line_02/2026-08-07/L02AAN100051.JPG,line_02,pcb2,2026-08-07,LOT-20260807-AAN,EQ-02-A,operation,normal,,pcb2/Data/Images/Normal/0023.JPG
line_02/2026-08-07/L02AAN100052.JPG,line_02,pcb2,2026-08-07,LOT-20260807-AAN,EQ-02-A,operation,normal,,pcb2/Data/Images/Normal/0602.JPG
line_02/2026-08-07/L02AAN100053.JPG,line_02,pcb2,2026-08-07,LOT-20260807-AAN,EQ-02-A,operation,normal,,pcb2/Data/Images/Normal/0202.JPG
line_02/2026-08-07/L02AAN100054.JPG,line_02,pcb2,2026-08-07,LOT-20260807-AAN,EQ-02-A,operation,normal,,pcb2/Data/Images/Normal/0911.JPG
line_02/2026-08-07/L02AAN100055.JPG,line_02,pcb2,2026-08-07,LOT-20260807-AAN,EQ-02-A,operation,normal,,pcb2/Data/Images/Normal/0028.JPG
line_02/2026-08-07/L02AAN100056.JPG,line_02,pcb2,2026-08-07,LOT-20260807-AAN,EQ-02-A,operation,normal,,pcb2/Data/Images/Normal/0797.JPG
line_02/2026-08-07/L02AAN100057.JPG,line_02,pcb2,2026-08-07,LOT-20260807-AAN,EQ-02-A,operation,normal,,pcb2/Data/Images/Normal/0104.JPG
line_02/2026-08-07/L02AAN100058.JPG,line_02,pcb2,2026-08-07,LOT-20260807-AAN,EQ-02-A,operation,normal,,pcb2/Data/Images/Normal/0154.JPG
line_02/2026-08-07/L02AAN100059.JPG,line_02,pcb2,2026-08-07,LOT-20260807-AAN,EQ-02-A,operation,normal,,pcb2/Data/Images/Normal/0108.JPG
line_02/2026-08-07/L02AAN100060.JPG,line_02,pcb2,2026-08-07,LOT-20260807-AAN,EQ-02-A,operation,normal,,pcb2/Data/Images/Normal/0915.JPG
line_02/2026-08-07/L02AAN100061.JPG,line_02,pcb2,2026-08-07,LOT-20260807-AAN,EQ-02-A,operation,normal,,pcb2/Data/Images/Normal/0618.JPG
line_02/2026-08-07/L02AAN100062.JPG,line_02,pcb2,2026-08-07,LOT-20260807-AAN,EQ-02-A,operation,normal,,pcb2/Data/Images/Normal/0805.JPG
line_02/2026-08-07/L02AAN100063.JPG,line_02,pcb2,2026-08-07,LOT-20260807-AAN,EQ-02-A,operation,normal,,pcb2/Data/Images/Normal/0130.JPG
line_02/2026-08-07/L02AAN100064.JPG,line_02,pcb2,2026-08-07,LOT-20260807-AAN,EQ-02-A,operation,normal,,pcb2/Data/Images/Normal/0607.JPG
line_02/2026-08-07/L02AAN100065.JPG,line_02,pcb2,2026-08-07,LOT-20260807-AAN,EQ-02-A,operation,normal,,pcb2/Data/Images/Normal/0167.JPG
line_02/2026-08-07/L02AAN100066.JPG,line_02,pcb2,2026-08-07,LOT-20260807-AAN,EQ-02-A,operation,normal,,pcb2/Data/Images/Normal/0583.JPG
line_02/2026-08-07/L02AAN100067.JPG,line_02,pcb2,2026-08-07,LOT-20260807-AAN,EQ-02-A,operation,normal,,pcb2/Data/Images/Normal/0703.JPG
line_02/2026-08-07/L02AAN100068.JPG,line_02,pcb2,2026-08-07,LOT-20260807-AAN,EQ-02-A,operation,normal,,pcb2/Data/Images/Normal/0254.JPG
line_02/2026-08-07/L02AAN100069.JPG,line_02,pcb2,2026-08-07,LOT-20260807-AAN,EQ-02-A,operation,normal,,pcb2/Data/Images/Normal/0768.JPG
line_02/2026-08-07/L02AAN100070.JPG,line_02,pcb2,2026-08-07,LOT-20260807-AAN,EQ-02-A,operation,normal,,pcb2/Data/Images/Normal/0813.JPG
line_02/2026-08-07/L02AAN100071.JPG,line_02,pcb2,2026-08-07,LOT-20260807-AAN,EQ-02-A,operation,normal,,pcb2/Data/Images/Normal/0089.JPG
line_02/2026-08-07/L02AAN100072.JPG,line_02,pcb2,2026-08-07,LOT-20260807-AAN,EQ-02-A,operation,normal,,pcb2/Data/Images/Normal/0066.JPG
line_02/2026-08-07/L02AAN100073.JPG,line_02,pcb2,2026-08-07,LOT-20260807-AAN,EQ-02-A,operation,normal,,pcb2/Data/Images/Normal/0631.JPG
line_02/2026-08-07/L02AAN100074.JPG,line_02,pcb2,2026-08-07,LOT-20260807-AAN,EQ-02-A,operation,normal,,pcb2/Data/Images/Normal/0272.JPG
line_02/2026-08-07/L02AAN100075.JPG,line_02,pcb2,2026-08-07,LOT-20260807-AAN,EQ-02-A,operation,normal,,pcb2/Data/Images/Normal/0516.JPG
line_02/2026-08-07/L02AAN100076.JPG,line_02,pcb2,2026-08-07,LOT-20260807-AAN,EQ-02-A,operation,defect,/Users/eundong/Library/CloudStorage/GoogleDrive-yidheld@gmail.com/내 드라이브/[Shared]SK_AI_Hackathon/archive/pcb2/Data/Masks/Anomaly/052.png,pcb2/Data/Images/Anomaly/052.JPG
line_02/2026-08-07/L02AAN100077.JPG,line_02,pcb2,2026-08-07,LOT-20260807-AAN,EQ-02-A,operation,normal,,pcb2/Data/Images/Normal/0916.JPG
line_02/2026-08-07/L02AAN100078.JPG,line_02,pcb2,2026-08-07,LOT-20260807-AAN,EQ-02-A,operation,normal,,pcb2/Data/Images/Normal/0879.JPG
line_02/2026-08-07/L02AAN100079.JPG,line_02,pcb2,2026-08-07,LOT-20260807-AAN,EQ-02-A,operation,normal,,pcb2/Data/Images/Normal/0841.JPG
line_02/2026-08-07/L02AAN100080.JPG,line_02,pcb2,2026-08-07,LOT-20260807-AAN,EQ-02-A,operation,normal,,pcb2/Data/Images/Normal/0342.JPG
line_02/2026-08-07/L02AAN100081.JPG,line_02,pcb2,2026-08-07,LOT-20260807-AAN,EQ-02-A,operation,normal,,pcb2/Data/Images/Normal/0181.JPG
line_02/2026-08-07/L02AAN100082.JPG,line_02,pcb2,2026-08-07,LOT-20260807-AAN,EQ-02-A,operation,normal,,pcb2/Data/Images/Normal/0845.JPG
line_02/2026-08-07/L02AAN100083.JPG,line_02,pcb2,2026-08-07,LOT-20260807-AAN,EQ-02-A,operation,normal,,pcb2/Data/Images/Normal/0774.JPG
line_02/2026-08-07/L02AAN100084.JPG,line_02,pcb2,2026-08-07,LOT-20260807-AAN,EQ-02-A,operation,normal,,pcb2/Data/Images/Normal/0463.JPG
line_02/2026-08-07/L02AAN100085.JPG,line_02,pcb2,2026-08-07,LOT-20260807-AAN,EQ-02-A,operation,normal,,pcb2/Data/Images/Normal/0625.JPG
line_02/2026-08-07/L02AAN100086.JPG,line_02,pcb2,2026-08-07,LOT-20260807-AAN,EQ-02-A,operation,normal,,pcb2/Data/Images/Normal/0223.JPG
line_02/2026-08-07/L02AAN100087.JPG,line_02,pcb2,2026-08-07,LOT-20260807-AAN,EQ-02-A,operation,normal,,pcb2/Data/Images/Normal/0937.JPG
line_02/2026-08-07/L02AAN100088.JPG,line_02,pcb2,2026-08-07,LOT-20260807-AAN,EQ-02-A,operation,normal,,pcb2/Data/Images/Normal/0751.JPG
line_02/2026-08-07/L02AAN100089.JPG,line_02,pcb2,2026-08-07,LOT-20260807-AAN,EQ-02-A,operation,normal,,pcb2/Data/Images/Normal/0039.JPG
line_02/2026-08-07/L02AAN100090.JPG,line_02,pcb2,2026-08-07,LOT-20260807-AAN,EQ-02-A,operation,normal,,pcb2/Data/Images/Normal/0160.JPG
line_02/2026-08-07/L02AAN100091.JPG,line_02,pcb2,2026-08-07,LOT-20260807-AAN,EQ-02-A,operation,normal,,pcb2/Data/Images/Normal/0518.JPG
line_02/2026-08-07/L02AAN100092.JPG,line_02,pcb2,2026-08-07,LOT-20260807-AAN,EQ-02-A,operation,defect,/Users/eundong/Library/CloudStorage/GoogleDrive-yidheld@gmail.com/내 드라이브/[Shared]SK_AI_Hackathon/archive/pcb2/Data/Masks/Anomaly/096.png,pcb2/Data/Images/Anomaly/096.JPG
line_02/2026-08-07/L02AAN100093.JPG,line_02,pcb2,2026-08-07,LOT-20260807-AAN,EQ-02-A,operation,normal,,pcb2/Data/Images/Normal/0498.JPG
line_02/2026-08-07/L02AAN100094.JPG,line_02,pcb2,2026-08-07,LOT-20260807-AAN,EQ-02-A,operation,normal,,pcb2/Data/Images/Normal/0649.JPG
line_02/2026-08-07/L02AAN100095.JPG,line_02,pcb2,2026-08-07,LOT-20260807-AAN,EQ-02-A,operation,normal,,pcb2/Data/Images/Normal/0207.JPG
line_02/2026-08-07/L02AAN100096.JPG,line_02,pcb2,2026-08-07,LOT-20260807-AAN,EQ-02-A,operation,normal,,pcb2/Data/Images/Normal/0363.JPG
line_02/2026-08-07/L02AAN100097.JPG,line_02,pcb2,2026-08-07,LOT-20260807-AAN,EQ-02-A,operation,normal,,pcb2/Data/Images/Normal/0327.JPG
line_02/2026-08-07/L02AAN100098.JPG,line_02,pcb2,2026-08-07,LOT-20260807-AAN,EQ-02-A,operation,normal,,pcb2/Data/Images/Normal/0213.JPG
line_02/2026-08-07/L02AAN100099.JPG,line_02,pcb2,2026-08-07,LOT-20260807-AAN,EQ-02-A,operation,normal,,pcb2/Data/Images/Normal/0398.JPG
line_02/2026-08-07/L02AAN100100.JPG,line_02,pcb2,2026-08-07,LOT-20260807-AAN,EQ-02-A,operation,normal,,pcb2/Data/Images/Normal/0853.JPG
line_02/2026-08-07/L02AAN100101.JPG,line_02,pcb2,2026-08-07,LOT-20260807-AAN,EQ-02-A,operation,normal,,pcb2/Data/Images/Normal/0449.JPG
line_02/2026-08-07/L02AAN100102.JPG,line_02,pcb2,2026-08-07,LOT-20260807-AAN,EQ-02-A,operation,normal,,pcb2/Data/Images/Normal/0010.JPG
line_02/2026-08-07/L02AAN100103.JPG,line_02,pcb2,2026-08-07,LOT-20260807-AAN,EQ-02-A,operation,defect,/Users/eundong/Library/CloudStorage/GoogleDrive-yidheld@gmail.com/내 드라이브/[Shared]SK_AI_Hackathon/archive/pcb2/Data/Masks/Anomaly/048.png,pcb2/Data/Images/Anomaly/048.JPG
line_02/2026-08-07/L02AAN100104.JPG,line_02,pcb2,2026-08-07,LOT-20260807-AAN,EQ-02-A,operation,normal,,pcb2/Data/Images/Normal/0990.JPG
line_02/2026-08-07/L02AAN100105.JPG,line_02,pcb2,2026-08-07,LOT-20260807-AAN,EQ-02-A,operation,normal,,pcb2/Data/Images/Normal/0531.JPG
line_02/2026-08-07/L02AAN100106.JPG,line_02,pcb2,2026-08-07,LOT-20260807-AAN,EQ-02-A,operation,normal,,pcb2/Data/Images/Normal/0439.JPG
line_02/2026-08-07/L02AAN100107.JPG,line_02,pcb2,2026-08-07,LOT-20260807-AAN,EQ-02-A,operation,normal,,pcb2/Data/Images/Normal/0375.JPG
line_02/2026-08-07/L02AAN100108.JPG,line_02,pcb2,2026-08-07,LOT-20260807-AAN,EQ-02-A,operation,normal,,pcb2/Data/Images/Normal/0783.JPG
line_02/2026-08-07/L02AAN100109.JPG,line_02,pcb2,2026-08-07,LOT-20260807-AAN,EQ-02-A,operation,normal,,pcb2/Data/Images/Normal/0185.JPG
line_02/2026-08-07/L02AAN100110.JPG,line_02,pcb2,2026-08-07,LOT-20260807-AAN,EQ-02-A,operation,normal,,pcb2/Data/Images/Normal/0045.JPG
line_02/2026-08-07/L02AAN100111.JPG,line_02,pcb2,2026-08-07,LOT-20260807-AAN,EQ-02-A,operation,defect,/Users/eundong/Library/CloudStorage/GoogleDrive-yidheld@gmail.com/내 드라이브/[Shared]SK_AI_Hackathon/archive/pcb2/Data/Masks/Anomaly/036.png,pcb2/Data/Images/Anomaly/036.JPG
line_02/2026-08-07/L02AAN100112.JPG,line_02,pcb2,2026-08-07,LOT-20260807-AAN,EQ-02-A,operation,normal,,pcb2/Data/Images/Normal/0788.JPG
line_02/2026-08-07/L02AAN100113.JPG,line_02,pcb2,2026-08-07,LOT-20260807-AAN,EQ-02-A,operation,normal,,pcb2/Data/Images/Normal/0054.JPG
line_02/2026-08-07/L02AAN100114.JPG,line_02,pcb2,2026-08-07,LOT-20260807-AAN,EQ-02-A,operation,normal,,pcb2/Data/Images/Normal/0986.JPG
line_02/2026-08-07/L02AAN100115.JPG,line_02,pcb2,2026-08-07,LOT-20260807-AAN,EQ-02-A,operation,normal,,pcb2/Data/Images/Normal/0354.JPG
line_02/2026-08-07/L02AAN100116.JPG,line_02,pcb2,2026-08-07,LOT-20260807-AAN,EQ-02-A,operation,defect,/Users/eundong/Library/CloudStorage/GoogleDrive-yidheld@gmail.com/내 드라이브/[Shared]SK_AI_Hackathon/archive/pcb2/Data/Masks/Anomaly/024.png,pcb2/Data/Images/Anomaly/024.JPG
line_02/2026-08-07/L02AAN100117.JPG,line_02,pcb2,2026-08-07,LOT-20260807-AAN,EQ-02-A,operation,normal,,pcb2/Data/Images/Normal/0910.JPG
line_02/2026-08-07/L02AAN100118.JPG,line_02,pcb2,2026-08-07,LOT-20260807-AAN,EQ-02-A,operation,defect,/Users/eundong/Library/CloudStorage/GoogleDrive-yidheld@gmail.com/내 드라이브/[Shared]SK_AI_Hackathon/archive/pcb2/Data/Masks/Anomaly/068.png,pcb2/Data/Images/Anomaly/068.JPG
line_02/2026-08-07/L02AAN100119.JPG,line_02,pcb2,2026-08-07,LOT-20260807-AAN,EQ-02-A,operation,normal,,pcb2/Data/Images/Normal/0908.JPG
line_02/2026-08-07/L02AAN100120.JPG,line_02,pcb2,2026-08-07,LOT-20260807-AAN,EQ-02-A,operation,normal,,pcb2/Data/Images/Normal/0704.JPG
line_02/2026-08-07/L02AAN100121.JPG,line_02,pcb2,2026-08-07,LOT-20260807-AAN,EQ-02-A,operation,normal,,pcb2/Data/Images/Normal/0734.JPG
line_02/2026-08-07/L02AAN100122.JPG,line_02,pcb2,2026-08-07,LOT-20260807-AAN,EQ-02-A,operation,normal,,pcb2/Data/Images/Normal/0409.JPG
line_02/2026-08-07/L02AAN100123.JPG,line_02,pcb2,2026-08-07,LOT-20260807-AAN,EQ-02-A,operation,normal,,pcb2/Data/Images/Normal/0790.JPG
line_03/2026-08-07/L03AAK100188.JPG,line_03,pcb3,2026-08-07,LOT-20260807-AAK,EQ-03-A,operation,normal,,pcb3/Data/Images/Normal/0390.JPG
line_03/2026-08-07/L03AAK100189.JPG,line_03,pcb3,2026-08-07,LOT-20260807-AAK,EQ-03-A,operation,normal,,pcb3/Data/Images/Normal/0126.JPG
line_03/2026-08-07/L03AAK100190.JPG,line_03,pcb3,2026-08-07,LOT-20260807-AAK,EQ-03-A,operation,normal,,pcb3/Data/Images/Normal/0831.JPG
line_03/2026-08-07/L03AAK100191.JPG,line_03,pcb3,2026-08-07,LOT-20260807-AAK,EQ-03-A,operation,normal,,pcb3/Data/Images/Normal/0386.JPG
line_03/2026-08-07/L03AAK100192.JPG,line_03,pcb3,2026-08-07,LOT-20260807-AAK,EQ-03-A,operation,normal,,pcb3/Data/Images/Normal/0561.JPG
line_03/2026-08-07/L03AAK100193.JPG,line_03,pcb3,2026-08-07,LOT-20260807-AAK,EQ-03-A,operation,normal,,pcb3/Data/Images/Normal/0447.JPG
line_03/2026-08-07/L03AAK100194.JPG,line_03,pcb3,2026-08-07,LOT-20260807-AAK,EQ-03-A,operation,normal,,pcb3/Data/Images/Normal/0922.JPG
line_03/2026-08-07/L03AAK100195.JPG,line_03,pcb3,2026-08-07,LOT-20260807-AAK,EQ-03-A,operation,normal,,pcb3/Data/Images/Normal/0727.JPG
line_03/2026-08-07/L03AAK100196.JPG,line_03,pcb3,2026-08-07,LOT-20260807-AAK,EQ-03-A,operation,normal,,pcb3/Data/Images/Normal/0269.JPG
line_03/2026-08-07/L03AAK100197.JPG,line_03,pcb3,2026-08-07,LOT-20260807-AAK,EQ-03-A,operation,normal,,pcb3/Data/Images/Normal/0228.JPG
line_03/2026-08-07/L03AAK100198.JPG,line_03,pcb3,2026-08-07,LOT-20260807-AAK,EQ-03-A,operation,normal,,pcb3/Data/Images/Normal/0641.JPG
line_03/2026-08-07/L03AAK100199.JPG,line_03,pcb3,2026-08-07,LOT-20260807-AAK,EQ-03-A,operation,normal,,pcb3/Data/Images/Normal/1003.JPG
line_03/2026-08-07/L03AAK100200.JPG,line_03,pcb3,2026-08-07,LOT-20260807-AAK,EQ-03-A,operation,defect,/Users/eundong/Library/CloudStorage/GoogleDrive-yidheld@gmail.com/내 드라이브/[Shared]SK_AI_Hackathon/archive/pcb3/Data/Masks/Anomaly/028.png,pcb3/Data/Images/Anomaly/028.JPG
line_03/2026-08-07/L03AAO100001.JPG,line_03,pcb3,2026-08-07,LOT-20260807-AAO,EQ-03-A,operation,normal,,pcb3/Data/Images/Normal/0185.JPG
line_03/2026-08-07/L03AAO100002.JPG,line_03,pcb3,2026-08-07,LOT-20260807-AAO,EQ-03-A,operation,normal,,pcb3/Data/Images/Normal/0725.JPG
line_03/2026-08-07/L03AAO100003.JPG,line_03,pcb3,2026-08-07,LOT-20260807-AAO,EQ-03-A,operation,defect,/Users/eundong/Library/CloudStorage/GoogleDrive-yidheld@gmail.com/내 드라이브/[Shared]SK_AI_Hackathon/archive/pcb3/Data/Masks/Anomaly/047.png,pcb3/Data/Images/Anomaly/047.JPG
line_03/2026-08-07/L03AAO100004.JPG,line_03,pcb3,2026-08-07,LOT-20260807-AAO,EQ-03-A,operation,normal,,pcb3/Data/Images/Normal/0776.JPG
line_03/2026-08-07/L03AAO100005.JPG,line_03,pcb3,2026-08-07,LOT-20260807-AAO,EQ-03-A,operation,defect,/Users/eundong/Library/CloudStorage/GoogleDrive-yidheld@gmail.com/내 드라이브/[Shared]SK_AI_Hackathon/archive/pcb3/Data/Masks/Anomaly/027.png,pcb3/Data/Images/Anomaly/027.JPG
line_03/2026-08-07/L03AAO100006.JPG,line_03,pcb3,2026-08-07,LOT-20260807-AAO,EQ-03-A,operation,normal,,pcb3/Data/Images/Normal/0057.JPG
line_03/2026-08-07/L03AAO100007.JPG,line_03,pcb3,2026-08-07,LOT-20260807-AAO,EQ-03-A,operation,normal,,pcb3/Data/Images/Normal/0855.JPG
line_03/2026-08-07/L03AAO100008.JPG,line_03,pcb3,2026-08-07,LOT-20260807-AAO,EQ-03-A,operation,normal,,pcb3/Data/Images/Normal/0424.JPG
line_03/2026-08-07/L03AAO100009.JPG,line_03,pcb3,2026-08-07,LOT-20260807-AAO,EQ-03-A,operation,normal,,pcb3/Data/Images/Normal/0890.JPG
line_03/2026-08-07/L03AAO100010.JPG,line_03,pcb3,2026-08-07,LOT-20260807-AAO,EQ-03-A,operation,normal,,pcb3/Data/Images/Normal/0258.JPG
line_03/2026-08-07/L03AAO100011.JPG,line_03,pcb3,2026-08-07,LOT-20260807-AAO,EQ-03-A,operation,normal,,pcb3/Data/Images/Normal/0103.JPG
line_03/2026-08-07/L03AAO100012.JPG,line_03,pcb3,2026-08-07,LOT-20260807-AAO,EQ-03-A,operation,normal,,pcb3/Data/Images/Normal/0293.JPG
line_03/2026-08-07/L03AAO100013.JPG,line_03,pcb3,2026-08-07,LOT-20260807-AAO,EQ-03-A,operation,defect,/Users/eundong/Library/CloudStorage/GoogleDrive-yidheld@gmail.com/내 드라이브/[Shared]SK_AI_Hackathon/archive/pcb3/Data/Masks/Anomaly/093.png,pcb3/Data/Images/Anomaly/093.JPG
line_03/2026-08-07/L03AAO100014.JPG,line_03,pcb3,2026-08-07,LOT-20260807-AAO,EQ-03-A,operation,normal,,pcb3/Data/Images/Normal/0274.JPG
line_03/2026-08-07/L03AAO100015.JPG,line_03,pcb3,2026-08-07,LOT-20260807-AAO,EQ-03-A,operation,normal,,pcb3/Data/Images/Normal/0076.JPG
line_03/2026-08-07/L03AAO100016.JPG,line_03,pcb3,2026-08-07,LOT-20260807-AAO,EQ-03-A,operation,normal,,pcb3/Data/Images/Normal/0084.JPG
line_03/2026-08-07/L03AAO100017.JPG,line_03,pcb3,2026-08-07,LOT-20260807-AAO,EQ-03-A,operation,normal,,pcb3/Data/Images/Normal/0167.JPG
line_03/2026-08-07/L03AAO100018.JPG,line_03,pcb3,2026-08-07,LOT-20260807-AAO,EQ-03-A,operation,normal,,pcb3/Data/Images/Normal/0982.JPG
line_03/2026-08-07/L03AAO100019.JPG,line_03,pcb3,2026-08-07,LOT-20260807-AAO,EQ-03-A,operation,defect,/Users/eundong/Library/CloudStorage/GoogleDrive-yidheld@gmail.com/내 드라이브/[Shared]SK_AI_Hackathon/archive/pcb3/Data/Masks/Anomaly/059.png,pcb3/Data/Images/Anomaly/059.JPG
line_03/2026-08-07/L03AAO100020.JPG,line_03,pcb3,2026-08-07,LOT-20260807-AAO,EQ-03-A,operation,normal,,pcb3/Data/Images/Normal/0266.JPG
line_03/2026-08-07/L03AAO100021.JPG,line_03,pcb3,2026-08-07,LOT-20260807-AAO,EQ-03-A,operation,normal,,pcb3/Data/Images/Normal/0226.JPG
line_03/2026-08-07/L03AAO100022.JPG,line_03,pcb3,2026-08-07,LOT-20260807-AAO,EQ-03-A,operation,normal,,pcb3/Data/Images/Normal/0059.JPG
line_03/2026-08-07/L03AAO100023.JPG,line_03,pcb3,2026-08-07,LOT-20260807-AAO,EQ-03-A,operation,normal,,pcb3/Data/Images/Normal/0496.JPG
line_03/2026-08-07/L03AAO100024.JPG,line_03,pcb3,2026-08-07,LOT-20260807-AAO,EQ-03-A,operation,normal,,pcb3/Data/Images/Normal/0105.JPG
line_03/2026-08-07/L03AAO100025.JPG,line_03,pcb3,2026-08-07,LOT-20260807-AAO,EQ-03-A,operation,normal,,pcb3/Data/Images/Normal/0367.JPG
line_03/2026-08-07/L03AAO100026.JPG,line_03,pcb3,2026-08-07,LOT-20260807-AAO,EQ-03-A,operation,normal,,pcb3/Data/Images/Normal/0298.JPG
line_03/2026-08-07/L03AAO100027.JPG,line_03,pcb3,2026-08-07,LOT-20260807-AAO,EQ-03-A,operation,normal,,pcb3/Data/Images/Normal/0847.JPG
line_03/2026-08-07/L03AAO100028.JPG,line_03,pcb3,2026-08-07,LOT-20260807-AAO,EQ-03-A,operation,defect,/Users/eundong/Library/CloudStorage/GoogleDrive-yidheld@gmail.com/내 드라이브/[Shared]SK_AI_Hackathon/archive/pcb3/Data/Masks/Anomaly/054.png,pcb3/Data/Images/Anomaly/054.JPG
line_03/2026-08-07/L03AAO100029.JPG,line_03,pcb3,2026-08-07,LOT-20260807-AAO,EQ-03-A,operation,normal,,pcb3/Data/Images/Normal/0903.JPG
line_03/2026-08-07/L03AAO100030.JPG,line_03,pcb3,2026-08-07,LOT-20260807-AAO,EQ-03-A,operation,normal,,pcb3/Data/Images/Normal/0261.JPG
line_03/2026-08-07/L03AAO100031.JPG,line_03,pcb3,2026-08-07,LOT-20260807-AAO,EQ-03-A,operation,normal,,pcb3/Data/Images/Normal/0997.JPG
line_03/2026-08-07/L03AAO100032.JPG,line_03,pcb3,2026-08-07,LOT-20260807-AAO,EQ-03-A,operation,normal,,pcb3/Data/Images/Normal/0414.JPG
line_03/2026-08-07/L03AAO100033.JPG,line_03,pcb3,2026-08-07,LOT-20260807-AAO,EQ-03-A,operation,normal,,pcb3/Data/Images/Normal/0028.JPG
line_03/2026-08-07/L03AAO100034.JPG,line_03,pcb3,2026-08-07,LOT-20260807-AAO,EQ-03-A,operation,normal,,pcb3/Data/Images/Normal/0700.JPG
line_03/2026-08-07/L03AAO100035.JPG,line_03,pcb3,2026-08-07,LOT-20260807-AAO,EQ-03-A,operation,normal,,pcb3/Data/Images/Normal/0947.JPG
line_03/2026-08-07/L03AAO100036.JPG,line_03,pcb3,2026-08-07,LOT-20260807-AAO,EQ-03-A,operation,normal,,pcb3/Data/Images/Normal/0609.JPG
line_03/2026-08-07/L03AAO100037.JPG,line_03,pcb3,2026-08-07,LOT-20260807-AAO,EQ-03-A,operation,normal,,pcb3/Data/Images/Normal/0658.JPG
line_03/2026-08-07/L03AAO100038.JPG,line_03,pcb3,2026-08-07,LOT-20260807-AAO,EQ-03-A,operation,defect,/Users/eundong/Library/CloudStorage/GoogleDrive-yidheld@gmail.com/내 드라이브/[Shared]SK_AI_Hackathon/archive/pcb3/Data/Masks/Anomaly/069.png,pcb3/Data/Images/Anomaly/069.JPG
line_03/2026-08-07/L03AAO100039.JPG,line_03,pcb3,2026-08-07,LOT-20260807-AAO,EQ-03-A,operation,normal,,pcb3/Data/Images/Normal/0987.JPG
line_03/2026-08-07/L03AAO100040.JPG,line_03,pcb3,2026-08-07,LOT-20260807-AAO,EQ-03-A,operation,normal,,pcb3/Data/Images/Normal/0839.JPG
line_03/2026-08-07/L03AAO100041.JPG,line_03,pcb3,2026-08-07,LOT-20260807-AAO,EQ-03-A,operation,defect,/Users/eundong/Library/CloudStorage/GoogleDrive-yidheld@gmail.com/내 드라이브/[Shared]SK_AI_Hackathon/archive/pcb3/Data/Masks/Anomaly/020.png,pcb3/Data/Images/Anomaly/020.JPG
line_03/2026-08-07/L03AAO100042.JPG,line_03,pcb3,2026-08-07,LOT-20260807-AAO,EQ-03-A,operation,normal,,pcb3/Data/Images/Normal/0869.JPG
line_03/2026-08-07/L03AAO100043.JPG,line_03,pcb3,2026-08-07,LOT-20260807-AAO,EQ-03-A,operation,normal,,pcb3/Data/Images/Normal/0745.JPG
line_03/2026-08-07/L03AAO100044.JPG,line_03,pcb3,2026-08-07,LOT-20260807-AAO,EQ-03-A,operation,normal,,pcb3/Data/Images/Normal/0236.JPG
line_03/2026-08-07/L03AAO100045.JPG,line_03,pcb3,2026-08-07,LOT-20260807-AAO,EQ-03-A,operation,normal,,pcb3/Data/Images/Normal/0707.JPG
line_03/2026-08-07/L03AAO100046.JPG,line_03,pcb3,2026-08-07,LOT-20260807-AAO,EQ-03-A,operation,normal,,pcb3/Data/Images/Normal/0413.JPG
line_03/2026-08-07/L03AAO100047.JPG,line_03,pcb3,2026-08-07,LOT-20260807-AAO,EQ-03-A,operation,normal,,pcb3/Data/Images/Normal/0790.JPG
line_03/2026-08-07/L03AAO100048.JPG,line_03,pcb3,2026-08-07,LOT-20260807-AAO,EQ-03-A,operation,normal,,pcb3/Data/Images/Normal/0969.JPG
line_03/2026-08-07/L03AAO100049.JPG,line_03,pcb3,2026-08-07,LOT-20260807-AAO,EQ-03-A,operation,normal,,pcb3/Data/Images/Normal/0784.JPG
line_03/2026-08-07/L03AAO100050.JPG,line_03,pcb3,2026-08-07,LOT-20260807-AAO,EQ-03-A,operation,normal,,pcb3/Data/Images/Normal/0202.JPG
line_03/2026-08-07/L03AAO100051.JPG,line_03,pcb3,2026-08-07,LOT-20260807-AAO,EQ-03-A,operation,normal,,pcb3/Data/Images/Normal/0130.JPG
line_03/2026-08-07/L03AAO100052.JPG,line_03,pcb3,2026-08-07,LOT-20260807-AAO,EQ-03-A,operation,normal,,pcb3/Data/Images/Normal/0001.JPG
line_03/2026-08-07/L03AAO100053.JPG,line_03,pcb3,2026-08-07,LOT-20260807-AAO,EQ-03-A,operation,normal,,pcb3/Data/Images/Normal/0381.JPG
line_03/2026-08-07/L03AAO100054.JPG,line_03,pcb3,2026-08-07,LOT-20260807-AAO,EQ-03-A,operation,normal,,pcb3/Data/Images/Normal/0554.JPG
line_03/2026-08-07/L03AAO100055.JPG,line_03,pcb3,2026-08-07,LOT-20260807-AAO,EQ-03-A,operation,normal,,pcb3/Data/Images/Normal/0893.JPG
line_03/2026-08-07/L03AAO100056.JPG,line_03,pcb3,2026-08-07,LOT-20260807-AAO,EQ-03-A,operation,normal,,pcb3/Data/Images/Normal/0568.JPG
line_03/2026-08-07/L03AAO100057.JPG,line_03,pcb3,2026-08-07,LOT-20260807-AAO,EQ-03-A,operation,defect,/Users/eundong/Library/CloudStorage/GoogleDrive-yidheld@gmail.com/내 드라이브/[Shared]SK_AI_Hackathon/archive/pcb3/Data/Masks/Anomaly/042.png,pcb3/Data/Images/Anomaly/042.JPG
line_03/2026-08-07/L03AAO100058.JPG,line_03,pcb3,2026-08-07,LOT-20260807-AAO,EQ-03-A,operation,normal,,pcb3/Data/Images/Normal/0939.JPG
line_03/2026-08-07/L03AAO100059.JPG,line_03,pcb3,2026-08-07,LOT-20260807-AAO,EQ-03-A,operation,defect,/Users/eundong/Library/CloudStorage/GoogleDrive-yidheld@gmail.com/내 드라이브/[Shared]SK_AI_Hackathon/archive/pcb3/Data/Masks/Anomaly/057.png,pcb3/Data/Images/Anomaly/057.JPG
line_03/2026-08-07/L03AAO100060.JPG,line_03,pcb3,2026-08-07,LOT-20260807-AAO,EQ-03-A,operation,defect,/Users/eundong/Library/CloudStorage/GoogleDrive-yidheld@gmail.com/내 드라이브/[Shared]SK_AI_Hackathon/archive/pcb3/Data/Masks/Anomaly/030.png,pcb3/Data/Images/Anomaly/030.JPG
line_03/2026-08-07/L03AAO100061.JPG,line_03,pcb3,2026-08-07,LOT-20260807-AAO,EQ-03-A,operation,normal,,pcb3/Data/Images/Normal/0216.JPG
line_03/2026-08-07/L03AAO100062.JPG,line_03,pcb3,2026-08-07,LOT-20260807-AAO,EQ-03-A,operation,normal,,pcb3/Data/Images/Normal/0996.JPG
line_03/2026-08-07/L03AAO100063.JPG,line_03,pcb3,2026-08-07,LOT-20260807-AAO,EQ-03-A,operation,normal,,pcb3/Data/Images/Normal/0358.JPG
line_03/2026-08-07/L03AAO100064.JPG,line_03,pcb3,2026-08-07,LOT-20260807-AAO,EQ-03-A,operation,normal,,pcb3/Data/Images/Normal/0672.JPG
line_03/2026-08-07/L03AAO100065.JPG,line_03,pcb3,2026-08-07,LOT-20260807-AAO,EQ-03-A,operation,normal,,pcb3/Data/Images/Normal/0604.JPG
line_03/2026-08-07/L03AAO100066.JPG,line_03,pcb3,2026-08-07,LOT-20260807-AAO,EQ-03-A,operation,normal,,pcb3/Data/Images/Normal/0030.JPG
line_03/2026-08-07/L03AAO100067.JPG,line_03,pcb3,2026-08-07,LOT-20260807-AAO,EQ-03-A,operation,normal,,pcb3/Data/Images/Normal/0035.JPG
line_03/2026-08-07/L03AAO100068.JPG,line_03,pcb3,2026-08-07,LOT-20260807-AAO,EQ-03-A,operation,normal,,pcb3/Data/Images/Normal/0791.JPG
line_03/2026-08-07/L03AAO100069.JPG,line_03,pcb3,2026-08-07,LOT-20260807-AAO,EQ-03-A,operation,normal,,pcb3/Data/Images/Normal/0016.JPG
line_03/2026-08-07/L03AAO100070.JPG,line_03,pcb3,2026-08-07,LOT-20260807-AAO,EQ-03-A,operation,normal,,pcb3/Data/Images/Normal/0146.JPG
line_03/2026-08-07/L03AAO100071.JPG,line_03,pcb3,2026-08-07,LOT-20260807-AAO,EQ-03-A,operation,normal,,pcb3/Data/Images/Normal/0209.JPG
line_03/2026-08-07/L03AAO100072.JPG,line_03,pcb3,2026-08-07,LOT-20260807-AAO,EQ-03-A,operation,normal,,pcb3/Data/Images/Normal/0917.JPG
line_03/2026-08-07/L03AAO100073.JPG,line_03,pcb3,2026-08-07,LOT-20260807-AAO,EQ-03-A,operation,normal,,pcb3/Data/Images/Normal/0805.JPG
line_03/2026-08-07/L03AAO100074.JPG,line_03,pcb3,2026-08-07,LOT-20260807-AAO,EQ-03-A,operation,normal,,pcb3/Data/Images/Normal/0069.JPG
line_03/2026-08-07/L03AAO100075.JPG,line_03,pcb3,2026-08-07,LOT-20260807-AAO,EQ-03-A,operation,normal,,pcb3/Data/Images/Normal/0523.JPG
line_03/2026-08-07/L03AAO100076.JPG,line_03,pcb3,2026-08-07,LOT-20260807-AAO,EQ-03-A,operation,normal,,pcb3/Data/Images/Normal/0578.JPG
line_03/2026-08-07/L03AAO100077.JPG,line_03,pcb3,2026-08-07,LOT-20260807-AAO,EQ-03-A,operation,normal,,pcb3/Data/Images/Normal/0373.JPG
line_03/2026-08-07/L03AAO100078.JPG,line_03,pcb3,2026-08-07,LOT-20260807-AAO,EQ-03-A,operation,defect,/Users/eundong/Library/CloudStorage/GoogleDrive-yidheld@gmail.com/내 드라이브/[Shared]SK_AI_Hackathon/archive/pcb3/Data/Masks/Anomaly/088.png,pcb3/Data/Images/Anomaly/088.JPG
line_03/2026-08-07/L03AAO100079.JPG,line_03,pcb3,2026-08-07,LOT-20260807-AAO,EQ-03-A,operation,normal,,pcb3/Data/Images/Normal/0904.JPG
line_03/2026-08-07/L03AAO100080.JPG,line_03,pcb3,2026-08-07,LOT-20260807-AAO,EQ-03-A,operation,normal,,pcb3/Data/Images/Normal/0861.JPG
line_03/2026-08-07/L03AAO100081.JPG,line_03,pcb3,2026-08-07,LOT-20260807-AAO,EQ-03-A,operation,normal,,pcb3/Data/Images/Normal/0589.JPG
line_03/2026-08-07/L03AAO100082.JPG,line_03,pcb3,2026-08-07,LOT-20260807-AAO,EQ-03-A,operation,normal,,pcb3/Data/Images/Normal/0773.JPG
line_03/2026-08-07/L03AAO100083.JPG,line_03,pcb3,2026-08-07,LOT-20260807-AAO,EQ-03-A,operation,normal,,pcb3/Data/Images/Normal/0967.JPG
line_03/2026-08-07/L03AAO100084.JPG,line_03,pcb3,2026-08-07,LOT-20260807-AAO,EQ-03-A,operation,normal,,pcb3/Data/Images/Normal/0193.JPG
line_04/2026-08-07/L04AAM100005.JPG,line_04,pcb4,2026-08-07,LOT-20260807-AAM,EQ-04-A,operation,normal,,pcb4/Data/Images/Normal/0032.JPG
line_04/2026-08-07/L04AAM100006.JPG,line_04,pcb4,2026-08-07,LOT-20260807-AAM,EQ-04-A,operation,normal,,pcb4/Data/Images/Normal/0134.JPG
line_04/2026-08-07/L04AAM100007.JPG,line_04,pcb4,2026-08-07,LOT-20260807-AAM,EQ-04-A,operation,normal,,pcb4/Data/Images/Normal/0364.JPG
line_04/2026-08-07/L04AAM100008.JPG,line_04,pcb4,2026-08-07,LOT-20260807-AAM,EQ-04-A,operation,normal,,pcb4/Data/Images/Normal/0897.JPG
line_04/2026-08-07/L04AAM100009.JPG,line_04,pcb4,2026-08-07,LOT-20260807-AAM,EQ-04-A,operation,normal,,pcb4/Data/Images/Normal/0321.JPG
line_04/2026-08-07/L04AAM100010.JPG,line_04,pcb4,2026-08-07,LOT-20260807-AAM,EQ-04-A,operation,normal,,pcb4/Data/Images/Normal/0039.JPG
line_04/2026-08-07/L04AAM100011.JPG,line_04,pcb4,2026-08-07,LOT-20260807-AAM,EQ-04-A,operation,normal,,pcb4/Data/Images/Normal/0906.JPG
line_04/2026-08-07/L04AAM100012.JPG,line_04,pcb4,2026-08-07,LOT-20260807-AAM,EQ-04-A,operation,defect,/Users/eundong/Library/CloudStorage/GoogleDrive-yidheld@gmail.com/내 드라이브/[Shared]SK_AI_Hackathon/archive/pcb4/Data/Masks/Anomaly/040.png,pcb4/Data/Images/Anomaly/040.JPG
line_04/2026-08-07/L04AAM100013.JPG,line_04,pcb4,2026-08-07,LOT-20260807-AAM,EQ-04-A,operation,normal,,pcb4/Data/Images/Normal/0233.JPG
line_04/2026-08-07/L04AAM100014.JPG,line_04,pcb4,2026-08-07,LOT-20260807-AAM,EQ-04-A,operation,normal,,pcb4/Data/Images/Normal/0510.JPG
line_04/2026-08-07/L04AAM100015.JPG,line_04,pcb4,2026-08-07,LOT-20260807-AAM,EQ-04-A,operation,normal,,pcb4/Data/Images/Normal/0184.JPG
line_04/2026-08-07/L04AAM100016.JPG,line_04,pcb4,2026-08-07,LOT-20260807-AAM,EQ-04-A,operation,normal,,pcb4/Data/Images/Normal/0477.JPG
line_04/2026-08-07/L04AAM100017.JPG,line_04,pcb4,2026-08-07,LOT-20260807-AAM,EQ-04-A,operation,normal,,pcb4/Data/Images/Normal/0850.JPG
line_04/2026-08-07/L04AAM100018.JPG,line_04,pcb4,2026-08-07,LOT-20260807-AAM,EQ-04-A,operation,normal,,pcb4/Data/Images/Normal/0649.JPG
line_04/2026-08-07/L04AAM100019.JPG,line_04,pcb4,2026-08-07,LOT-20260807-AAM,EQ-04-A,operation,normal,,pcb4/Data/Images/Normal/0820.JPG
line_04/2026-08-07/L04AAM100020.JPG,line_04,pcb4,2026-08-07,LOT-20260807-AAM,EQ-04-A,operation,normal,,pcb4/Data/Images/Normal/0876.JPG
line_04/2026-08-07/L04AAM100021.JPG,line_04,pcb4,2026-08-07,LOT-20260807-AAM,EQ-04-A,operation,normal,,pcb4/Data/Images/Normal/0582.JPG
line_04/2026-08-07/L04AAM100022.JPG,line_04,pcb4,2026-08-07,LOT-20260807-AAM,EQ-04-A,operation,normal,,pcb4/Data/Images/Normal/0130.JPG
line_04/2026-08-07/L04AAM100023.JPG,line_04,pcb4,2026-08-07,LOT-20260807-AAM,EQ-04-A,operation,normal,,pcb4/Data/Images/Normal/0546.JPG
line_04/2026-08-07/L04AAM100024.JPG,line_04,pcb4,2026-08-07,LOT-20260807-AAM,EQ-04-A,operation,normal,,pcb4/Data/Images/Normal/0052.JPG
line_04/2026-08-07/L04AAM100025.JPG,line_04,pcb4,2026-08-07,LOT-20260807-AAM,EQ-04-A,operation,defect,/Users/eundong/Library/CloudStorage/GoogleDrive-yidheld@gmail.com/내 드라이브/[Shared]SK_AI_Hackathon/archive/pcb4/Data/Masks/Anomaly/018.png,pcb4/Data/Images/Anomaly/018.JPG
line_04/2026-08-07/L04AAM100026.JPG,line_04,pcb4,2026-08-07,LOT-20260807-AAM,EQ-04-A,operation,normal,,pcb4/Data/Images/Normal/0553.JPG
line_04/2026-08-07/L04AAM100027.JPG,line_04,pcb4,2026-08-07,LOT-20260807-AAM,EQ-04-A,operation,normal,,pcb4/Data/Images/Normal/0873.JPG
line_04/2026-08-07/L04AAM100028.JPG,line_04,pcb4,2026-08-07,LOT-20260807-AAM,EQ-04-A,operation,normal,,pcb4/Data/Images/Normal/0370.JPG
line_04/2026-08-07/L04AAM100029.JPG,line_04,pcb4,2026-08-07,LOT-20260807-AAM,EQ-04-A,operation,normal,,pcb4/Data/Images/Normal/0481.JPG
line_04/2026-08-07/L04AAM100030.JPG,line_04,pcb4,2026-08-07,LOT-20260807-AAM,EQ-04-A,operation,normal,,pcb4/Data/Images/Normal/0746.JPG
line_04/2026-08-07/L04AAM100031.JPG,line_04,pcb4,2026-08-07,LOT-20260807-AAM,EQ-04-A,operation,normal,,pcb4/Data/Images/Normal/0472.JPG
line_04/2026-08-07/L04AAM100032.JPG,line_04,pcb4,2026-08-07,LOT-20260807-AAM,EQ-04-A,operation,normal,,pcb4/Data/Images/Normal/0260.JPG
line_04/2026-08-07/L04AAM100033.JPG,line_04,pcb4,2026-08-07,LOT-20260807-AAM,EQ-04-A,operation,normal,,pcb4/Data/Images/Normal/0996.JPG
line_04/2026-08-07/L04AAM100034.JPG,line_04,pcb4,2026-08-07,LOT-20260807-AAM,EQ-04-A,operation,normal,,pcb4/Data/Images/Normal/0022.JPG
line_04/2026-08-07/L04AAM100035.JPG,line_04,pcb4,2026-08-07,LOT-20260807-AAM,EQ-04-A,operation,normal,,pcb4/Data/Images/Normal/0661.JPG
line_04/2026-08-07/L04AAM100036.JPG,line_04,pcb4,2026-08-07,LOT-20260807-AAM,EQ-04-A,operation,normal,,pcb4/Data/Images/Normal/0485.JPG
line_04/2026-08-07/L04AAM100037.JPG,line_04,pcb4,2026-08-07,LOT-20260807-AAM,EQ-04-A,operation,normal,,pcb4/Data/Images/Normal/0898.JPG
line_04/2026-08-07/L04AAM100038.JPG,line_04,pcb4,2026-08-07,LOT-20260807-AAM,EQ-04-A,operation,normal,,pcb4/Data/Images/Normal/0241.JPG
line_04/2026-08-07/L04AAM100039.JPG,line_04,pcb4,2026-08-07,LOT-20260807-AAM,EQ-04-A,operation,normal,,pcb4/Data/Images/Normal/0186.JPG
line_04/2026-08-07/L04AAM100040.JPG,line_04,pcb4,2026-08-07,LOT-20260807-AAM,EQ-04-A,operation,normal,,pcb4/Data/Images/Normal/0196.JPG
line_04/2026-08-07/L04AAM100041.JPG,line_04,pcb4,2026-08-07,LOT-20260807-AAM,EQ-04-A,operation,normal,,pcb4/Data/Images/Normal/0076.JPG
line_04/2026-08-07/L04AAM100042.JPG,line_04,pcb4,2026-08-07,LOT-20260807-AAM,EQ-04-A,operation,normal,,pcb4/Data/Images/Normal/0593.JPG
line_04/2026-08-07/L04AAM100043.JPG,line_04,pcb4,2026-08-07,LOT-20260807-AAM,EQ-04-A,operation,normal,,pcb4/Data/Images/Normal/0018.JPG
line_04/2026-08-07/L04AAM100044.JPG,line_04,pcb4,2026-08-07,LOT-20260807-AAM,EQ-04-A,operation,defect,/Users/eundong/Library/CloudStorage/GoogleDrive-yidheld@gmail.com/내 드라이브/[Shared]SK_AI_Hackathon/archive/pcb4/Data/Masks/Anomaly/005.png,pcb4/Data/Images/Anomaly/005.JPG
line_04/2026-08-07/L04AAM100045.JPG,line_04,pcb4,2026-08-07,LOT-20260807-AAM,EQ-04-A,operation,normal,,pcb4/Data/Images/Normal/0561.JPG
line_04/2026-08-07/L04AAM100046.JPG,line_04,pcb4,2026-08-07,LOT-20260807-AAM,EQ-04-A,operation,normal,,pcb4/Data/Images/Normal/0365.JPG
line_04/2026-08-07/L04AAM100047.JPG,line_04,pcb4,2026-08-07,LOT-20260807-AAM,EQ-04-A,operation,normal,,pcb4/Data/Images/Normal/0415.JPG
line_04/2026-08-07/L04AAM100048.JPG,line_04,pcb4,2026-08-07,LOT-20260807-AAM,EQ-04-A,operation,normal,,pcb4/Data/Images/Normal/0665.JPG
line_04/2026-08-07/L04AAM100049.JPG,line_04,pcb4,2026-08-07,LOT-20260807-AAM,EQ-04-A,operation,normal,,pcb4/Data/Images/Normal/0723.JPG
line_04/2026-08-07/L04AAM100050.JPG,line_04,pcb4,2026-08-07,LOT-20260807-AAM,EQ-04-A,operation,normal,,pcb4/Data/Images/Normal/0114.JPG
line_04/2026-08-07/L04AAM100051.JPG,line_04,pcb4,2026-08-07,LOT-20260807-AAM,EQ-04-A,operation,normal,,pcb4/Data/Images/Normal/0164.JPG
line_04/2026-08-07/L04AAM100052.JPG,line_04,pcb4,2026-08-07,LOT-20260807-AAM,EQ-04-A,operation,normal,,pcb4/Data/Images/Normal/0636.JPG
line_04/2026-08-07/L04AAM100053.JPG,line_04,pcb4,2026-08-07,LOT-20260807-AAM,EQ-04-A,operation,normal,,pcb4/Data/Images/Normal/0213.JPG
line_04/2026-08-07/L04AAM100054.JPG,line_04,pcb4,2026-08-07,LOT-20260807-AAM,EQ-04-A,operation,normal,,pcb4/Data/Images/Normal/0982.JPG
line_04/2026-08-07/L04AAM100055.JPG,line_04,pcb4,2026-08-07,LOT-20260807-AAM,EQ-04-A,operation,defect,/Users/eundong/Library/CloudStorage/GoogleDrive-yidheld@gmail.com/내 드라이브/[Shared]SK_AI_Hackathon/archive/pcb4/Data/Masks/Anomaly/080.png,pcb4/Data/Images/Anomaly/080.JPG
line_04/2026-08-07/L04AAM100056.JPG,line_04,pcb4,2026-08-07,LOT-20260807-AAM,EQ-04-A,operation,normal,,pcb4/Data/Images/Normal/0885.JPG
line_04/2026-08-07/L04AAM100057.JPG,line_04,pcb4,2026-08-07,LOT-20260807-AAM,EQ-04-A,operation,normal,,pcb4/Data/Images/Normal/0697.JPG
line_04/2026-08-07/L04AAM100058.JPG,line_04,pcb4,2026-08-07,LOT-20260807-AAM,EQ-04-A,operation,normal,,pcb4/Data/Images/Normal/0434.JPG
line_04/2026-08-07/L04AAM100059.JPG,line_04,pcb4,2026-08-07,LOT-20260807-AAM,EQ-04-A,operation,normal,,pcb4/Data/Images/Normal/0292.JPG
line_04/2026-08-07/L04AAM100060.JPG,line_04,pcb4,2026-08-07,LOT-20260807-AAM,EQ-04-A,operation,normal,,pcb4/Data/Images/Normal/0767.JPG
line_04/2026-08-07/L04AAM100061.JPG,line_04,pcb4,2026-08-07,LOT-20260807-AAM,EQ-04-A,operation,normal,,pcb4/Data/Images/Normal/0638.JPG
line_04/2026-08-07/L04AAM100062.JPG,line_04,pcb4,2026-08-07,LOT-20260807-AAM,EQ-04-A,operation,normal,,pcb4/Data/Images/Normal/0257.JPG
line_04/2026-08-07/L04AAM100063.JPG,line_04,pcb4,2026-08-07,LOT-20260807-AAM,EQ-04-A,operation,normal,,pcb4/Data/Images/Normal/0344.JPG
line_04/2026-08-07/L04AAM100064.JPG,line_04,pcb4,2026-08-07,LOT-20260807-AAM,EQ-04-A,operation,normal,,pcb4/Data/Images/Normal/0026.JPG
line_04/2026-08-07/L04AAM100065.JPG,line_04,pcb4,2026-08-07,LOT-20260807-AAM,EQ-04-A,operation,normal,,pcb4/Data/Images/Normal/0404.JPG
line_04/2026-08-07/L04AAM100066.JPG,line_04,pcb4,2026-08-07,LOT-20260807-AAM,EQ-04-A,operation,normal,,pcb4/Data/Images/Normal/0806.JPG
line_04/2026-08-07/L04AAM100067.JPG,line_04,pcb4,2026-08-07,LOT-20260807-AAM,EQ-04-A,operation,normal,,pcb4/Data/Images/Normal/0730.JPG
line_04/2026-08-07/L04AAM100068.JPG,line_04,pcb4,2026-08-07,LOT-20260807-AAM,EQ-04-A,operation,normal,,pcb4/Data/Images/Normal/0959.JPG
line_04/2026-08-07/L04AAM100069.JPG,line_04,pcb4,2026-08-07,LOT-20260807-AAM,EQ-04-A,operation,normal,,pcb4/Data/Images/Normal/0205.JPG
line_04/2026-08-07/L04AAM100070.JPG,line_04,pcb4,2026-08-07,LOT-20260807-AAM,EQ-04-A,operation,normal,,pcb4/Data/Images/Normal/0035.JPG
line_04/2026-08-07/L04AAM100071.JPG,line_04,pcb4,2026-08-07,LOT-20260807-AAM,EQ-04-A,operation,normal,,pcb4/Data/Images/Normal/0238.JPG
line_04/2026-08-07/L04AAM100072.JPG,line_04,pcb4,2026-08-07,LOT-20260807-AAM,EQ-04-A,operation,defect,/Users/eundong/Library/CloudStorage/GoogleDrive-yidheld@gmail.com/내 드라이브/[Shared]SK_AI_Hackathon/archive/pcb4/Data/Masks/Anomaly/084.png,pcb4/Data/Images/Anomaly/084.JPG
line_04/2026-08-07/L04AAM100073.JPG,line_04,pcb4,2026-08-07,LOT-20260807-AAM,EQ-04-A,operation,normal,,pcb4/Data/Images/Normal/1000.JPG
line_04/2026-08-07/L04AAM100074.JPG,line_04,pcb4,2026-08-07,LOT-20260807-AAM,EQ-04-A,operation,defect,/Users/eundong/Library/CloudStorage/GoogleDrive-yidheld@gmail.com/내 드라이브/[Shared]SK_AI_Hackathon/archive/pcb4/Data/Masks/Anomaly/007.png,pcb4/Data/Images/Anomaly/007.JPG
line_04/2026-08-07/L04AAM100075.JPG,line_04,pcb4,2026-08-07,LOT-20260807-AAM,EQ-04-A,operation,defect,/Users/eundong/Library/CloudStorage/GoogleDrive-yidheld@gmail.com/내 드라이브/[Shared]SK_AI_Hackathon/archive/pcb4/Data/Masks/Anomaly/076.png,pcb4/Data/Images/Anomaly/076.JPG
line_04/2026-08-07/L04AAM100076.JPG,line_04,pcb4,2026-08-07,LOT-20260807-AAM,EQ-04-A,operation,normal,,pcb4/Data/Images/Normal/0159.JPG
line_04/2026-08-07/L04AAM100077.JPG,line_04,pcb4,2026-08-07,LOT-20260807-AAM,EQ-04-A,operation,normal,,pcb4/Data/Images/Normal/0857.JPG
line_04/2026-08-07/L04AAM100078.JPG,line_04,pcb4,2026-08-07,LOT-20260807-AAM,EQ-04-A,operation,normal,,pcb4/Data/Images/Normal/0484.JPG
line_04/2026-08-07/L04AAM100079.JPG,line_04,pcb4,2026-08-07,LOT-20260807-AAM,EQ-04-A,operation,normal,,pcb4/Data/Images/Normal/0684.JPG
line_04/2026-08-07/L04AAM100080.JPG,line_04,pcb4,2026-08-07,LOT-20260807-AAM,EQ-04-A,operation,normal,,pcb4/Data/Images/Normal/0599.JPG
line_04/2026-08-07/L04AAM100081.JPG,line_04,pcb4,2026-08-07,LOT-20260807-AAM,EQ-04-A,operation,normal,,pcb4/Data/Images/Normal/0862.JPG
line_04/2026-08-07/L04AAM100082.JPG,line_04,pcb4,2026-08-07,LOT-20260807-AAM,EQ-04-A,operation,normal,,pcb4/Data/Images/Normal/0519.JPG
line_04/2026-08-07/L04AAM100083.JPG,line_04,pcb4,2026-08-07,LOT-20260807-AAM,EQ-04-A,operation,normal,,pcb4/Data/Images/Normal/0570.JPG
line_04/2026-08-07/L04AAM100084.JPG,line_04,pcb4,2026-08-07,LOT-20260807-AAM,EQ-04-A,operation,defect,/Users/eundong/Library/CloudStorage/GoogleDrive-yidheld@gmail.com/내 드라이브/[Shared]SK_AI_Hackathon/archive/pcb4/Data/Masks/Anomaly/094.png,pcb4/Data/Images/Anomaly/094.JPG
line_04/2026-08-07/L04AAM100085.JPG,line_04,pcb4,2026-08-07,LOT-20260807-AAM,EQ-04-A,operation,normal,,pcb4/Data/Images/Normal/0687.JPG
line_04/2026-08-07/L04AAM100086.JPG,line_04,pcb4,2026-08-07,LOT-20260807-AAM,EQ-04-A,operation,normal,,pcb4/Data/Images/Normal/0288.JPG
line_04/2026-08-07/L04AAM100087.JPG,line_04,pcb4,2026-08-07,LOT-20260807-AAM,EQ-04-A,operation,defect,/Users/eundong/Library/CloudStorage/GoogleDrive-yidheld@gmail.com/내 드라이브/[Shared]SK_AI_Hackathon/archive/pcb4/Data/Masks/Anomaly/065.png,pcb4/Data/Images/Anomaly/065.JPG
line_04/2026-08-07/L04AAM100088.JPG,line_04,pcb4,2026-08-07,LOT-20260807-AAM,EQ-04-A,operation,normal,,pcb4/Data/Images/Normal/0776.JPG
line_04/2026-08-07/L04AAM100089.JPG,line_04,pcb4,2026-08-07,LOT-20260807-AAM,EQ-04-A,operation,normal,,pcb4/Data/Images/Normal/0318.JPG
line_04/2026-08-07/L04AAM100090.JPG,line_04,pcb4,2026-08-07,LOT-20260807-AAM,EQ-04-A,operation,normal,,pcb4/Data/Images/Normal/0124.JPG
line_04/2026-08-07/L04AAM100091.JPG,line_04,pcb4,2026-08-07,LOT-20260807-AAM,EQ-04-A,operation,normal,,pcb4/Data/Images/Normal/0880.JPG
line_04/2026-08-07/L04AAM100092.JPG,line_04,pcb4,2026-08-07,LOT-20260807-AAM,EQ-04-A,operation,normal,,pcb4/Data/Images/Normal/0457.JPG
line_04/2026-08-07/L04AAM100093.JPG,line_04,pcb4,2026-08-07,LOT-20260807-AAM,EQ-04-A,operation,normal,,pcb4/Data/Images/Normal/0756.JPG
line_04/2026-08-07/L04AAM100094.JPG,line_04,pcb4,2026-08-07,LOT-20260807-AAM,EQ-04-A,operation,defect,/Users/eundong/Library/CloudStorage/GoogleDrive-yidheld@gmail.com/내 드라이브/[Shared]SK_AI_Hackathon/archive/pcb4/Data/Masks/Anomaly/057.png,pcb4/Data/Images/Anomaly/057.JPG
line_04/2026-08-07/L04AAM100095.JPG,line_04,pcb4,2026-08-07,LOT-20260807-AAM,EQ-04-A,operation,normal,,pcb4/Data/Images/Normal/0252.JPG
line_04/2026-08-07/L04AAM100096.JPG,line_04,pcb4,2026-08-07,LOT-20260807-AAM,EQ-04-A,operation,normal,,pcb4/Data/Images/Normal/0952.JPG
line_04/2026-08-07/L04AAM100097.JPG,line_04,pcb4,2026-08-07,LOT-20260807-AAM,EQ-04-A,operation,normal,,pcb4/Data/Images/Normal/0279.JPG
line_04/2026-08-07/L04AAM100098.JPG,line_04,pcb4,2026-08-07,LOT-20260807-AAM,EQ-04-A,operation,normal,,pcb4/Data/Images/Normal/0993.JPG
line_04/2026-08-07/L04AAM100099.JPG,line_04,pcb4,2026-08-07,LOT-20260807-AAM,EQ-04-A,operation,normal,,pcb4/Data/Images/Normal/1004.JPG
line_04/2026-08-07/L04AAM100100.JPG,line_04,pcb4,2026-08-07,LOT-20260807-AAM,EQ-04-A,operation,normal,,pcb4/Data/Images/Normal/0003.JPG
line_04/2026-08-07/L04AAM100101.JPG,line_04,pcb4,2026-08-07,LOT-20260807-AAM,EQ-04-A,operation,normal,,pcb4/Data/Images/Normal/0209.JPG
line_04/2026-08-07/L04AAM100102.JPG,line_04,pcb4,2026-08-07,LOT-20260807-AAM,EQ-04-A,operation,normal,,pcb4/Data/Images/Normal/0541.JPG
line_04/2026-08-07/L04AAM100103.JPG,line_04,pcb4,2026-08-07,LOT-20260807-AAM,EQ-04-A,operation,normal,,pcb4/Data/Images/Normal/0812.JPG
line_04/2026-08-07/L04AAM100104.JPG,line_04,pcb4,2026-08-07,LOT-20260807-AAM,EQ-04-A,operation,normal,,pcb4/Data/Images/Normal/0277.JPG
line_04/2026-08-07/L04AAM100105.JPG,line_04,pcb4,2026-08-07,LOT-20260807-AAM,EQ-04-A,operation,normal,,pcb4/Data/Images/Normal/0675.JPG
line_01/2026-08-08/L01AAL100182.JPG,line_01,pcb1,2026-08-08,LOT-20260808-AAL,EQ-01-A,operation,normal,,pcb1/Data/Images/Normal/0176.JPG
line_01/2026-08-08/L01AAL100183.JPG,line_01,pcb1,2026-08-08,LOT-20260808-AAL,EQ-01-A,operation,normal,,pcb1/Data/Images/Normal/0639.JPG
line_01/2026-08-08/L01AAL100184.JPG,line_01,pcb1,2026-08-08,LOT-20260808-AAL,EQ-01-A,operation,normal,,pcb1/Data/Images/Normal/0402.JPG
line_01/2026-08-08/L01AAL100185.JPG,line_01,pcb1,2026-08-08,LOT-20260808-AAL,EQ-01-A,operation,normal,,pcb1/Data/Images/Normal/0160.JPG
line_01/2026-08-08/L01AAL100186.JPG,line_01,pcb1,2026-08-08,LOT-20260808-AAL,EQ-01-A,operation,normal,,pcb1/Data/Images/Normal/0983.JPG
line_01/2026-08-08/L01AAL100187.JPG,line_01,pcb1,2026-08-08,LOT-20260808-AAL,EQ-01-A,operation,normal,,pcb1/Data/Images/Normal/0310.JPG
line_01/2026-08-08/L01AAL100188.JPG,line_01,pcb1,2026-08-08,LOT-20260808-AAL,EQ-01-A,operation,defect,/Users/eundong/Library/CloudStorage/GoogleDrive-yidheld@gmail.com/내 드라이브/[Shared]SK_AI_Hackathon/archive/pcb1/Data/Masks/Anomaly/045.png,pcb1/Data/Images/Anomaly/045.JPG
line_01/2026-08-08/L01AAL100189.JPG,line_01,pcb1,2026-08-08,LOT-20260808-AAL,EQ-01-A,operation,normal,,pcb1/Data/Images/Normal/0261.JPG
line_01/2026-08-08/L01AAL100190.JPG,line_01,pcb1,2026-08-08,LOT-20260808-AAL,EQ-01-A,operation,normal,,pcb1/Data/Images/Normal/0766.JPG
line_01/2026-08-08/L01AAL100191.JPG,line_01,pcb1,2026-08-08,LOT-20260808-AAL,EQ-01-A,operation,normal,,pcb1/Data/Images/Normal/0864.JPG
line_01/2026-08-08/L01AAL100192.JPG,line_01,pcb1,2026-08-08,LOT-20260808-AAL,EQ-01-A,operation,normal,,pcb1/Data/Images/Normal/0460.JPG
line_01/2026-08-08/L01AAL100193.JPG,line_01,pcb1,2026-08-08,LOT-20260808-AAL,EQ-01-A,operation,normal,,pcb1/Data/Images/Normal/0295.JPG
line_01/2026-08-08/L01AAL100194.JPG,line_01,pcb1,2026-08-08,LOT-20260808-AAL,EQ-01-A,operation,normal,,pcb1/Data/Images/Normal/0097.JPG
line_01/2026-08-08/L01AAL100195.JPG,line_01,pcb1,2026-08-08,LOT-20260808-AAL,EQ-01-A,operation,normal,,pcb1/Data/Images/Normal/0895.JPG
line_01/2026-08-08/L01AAL100196.JPG,line_01,pcb1,2026-08-08,LOT-20260808-AAL,EQ-01-A,operation,normal,,pcb1/Data/Images/Normal/0022.JPG
line_01/2026-08-08/L01AAL100197.JPG,line_01,pcb1,2026-08-08,LOT-20260808-AAL,EQ-01-A,operation,normal,,pcb1/Data/Images/Normal/0537.JPG
line_01/2026-08-08/L01AAL100198.JPG,line_01,pcb1,2026-08-08,LOT-20260808-AAL,EQ-01-A,operation,normal,,pcb1/Data/Images/Normal/0884.JPG
line_01/2026-08-08/L01AAL100199.JPG,line_01,pcb1,2026-08-08,LOT-20260808-AAL,EQ-01-A,operation,normal,,pcb1/Data/Images/Normal/0881.JPG
line_01/2026-08-08/L01AAL100200.JPG,line_01,pcb1,2026-08-08,LOT-20260808-AAL,EQ-01-A,operation,normal,,pcb1/Data/Images/Normal/0266.JPG
line_01/2026-08-08/L01AAP100001.JPG,line_01,pcb1,2026-08-08,LOT-20260808-AAP,EQ-01-A,operation,normal,,pcb1/Data/Images/Normal/0694.JPG
line_01/2026-08-08/L01AAP100002.JPG,line_01,pcb1,2026-08-08,LOT-20260808-AAP,EQ-01-A,operation,normal,,pcb1/Data/Images/Normal/0275.JPG
line_01/2026-08-08/L01AAP100003.JPG,line_01,pcb1,2026-08-08,LOT-20260808-AAP,EQ-01-A,operation,normal,,pcb1/Data/Images/Normal/0572.JPG
line_01/2026-08-08/L01AAP100004.JPG,line_01,pcb1,2026-08-08,LOT-20260808-AAP,EQ-01-A,operation,normal,,pcb1/Data/Images/Normal/0368.JPG
line_01/2026-08-08/L01AAP100005.JPG,line_01,pcb1,2026-08-08,LOT-20260808-AAP,EQ-01-A,operation,normal,,pcb1/Data/Images/Normal/0907.JPG
line_01/2026-08-08/L01AAP100006.JPG,line_01,pcb1,2026-08-08,LOT-20260808-AAP,EQ-01-A,operation,normal,,pcb1/Data/Images/Normal/0377.JPG
line_01/2026-08-08/L01AAP100007.JPG,line_01,pcb1,2026-08-08,LOT-20260808-AAP,EQ-01-A,operation,normal,,pcb1/Data/Images/Normal/0343.JPG
line_01/2026-08-08/L01AAP100008.JPG,line_01,pcb1,2026-08-08,LOT-20260808-AAP,EQ-01-A,operation,normal,,pcb1/Data/Images/Normal/0923.JPG
line_01/2026-08-08/L01AAP100009.JPG,line_01,pcb1,2026-08-08,LOT-20260808-AAP,EQ-01-A,operation,normal,,pcb1/Data/Images/Normal/0186.JPG
line_01/2026-08-08/L01AAP100010.JPG,line_01,pcb1,2026-08-08,LOT-20260808-AAP,EQ-01-A,operation,normal,,pcb1/Data/Images/Normal/0956.JPG
line_01/2026-08-08/L01AAP100011.JPG,line_01,pcb1,2026-08-08,LOT-20260808-AAP,EQ-01-A,operation,normal,,pcb1/Data/Images/Normal/0506.JPG
line_01/2026-08-08/L01AAP100012.JPG,line_01,pcb1,2026-08-08,LOT-20260808-AAP,EQ-01-A,operation,normal,,pcb1/Data/Images/Normal/0528.JPG
line_01/2026-08-08/L01AAP100013.JPG,line_01,pcb1,2026-08-08,LOT-20260808-AAP,EQ-01-A,operation,normal,,pcb1/Data/Images/Normal/0843.JPG
line_01/2026-08-08/L01AAP100014.JPG,line_01,pcb1,2026-08-08,LOT-20260808-AAP,EQ-01-A,operation,normal,,pcb1/Data/Images/Normal/0752.JPG
line_01/2026-08-08/L01AAP100015.JPG,line_01,pcb1,2026-08-08,LOT-20260808-AAP,EQ-01-A,operation,normal,,pcb1/Data/Images/Normal/0827.JPG
line_01/2026-08-08/L01AAP100016.JPG,line_01,pcb1,2026-08-08,LOT-20260808-AAP,EQ-01-A,operation,normal,,pcb1/Data/Images/Normal/0339.JPG
line_01/2026-08-08/L01AAP100017.JPG,line_01,pcb1,2026-08-08,LOT-20260808-AAP,EQ-01-A,operation,normal,,pcb1/Data/Images/Normal/0434.JPG
line_01/2026-08-08/L01AAP100018.JPG,line_01,pcb1,2026-08-08,LOT-20260808-AAP,EQ-01-A,operation,normal,,pcb1/Data/Images/Normal/0063.JPG
line_01/2026-08-08/L01AAP100019.JPG,line_01,pcb1,2026-08-08,LOT-20260808-AAP,EQ-01-A,operation,normal,,pcb1/Data/Images/Normal/0461.JPG
line_01/2026-08-08/L01AAP100020.JPG,line_01,pcb1,2026-08-08,LOT-20260808-AAP,EQ-01-A,operation,normal,,pcb1/Data/Images/Normal/0153.JPG
line_01/2026-08-08/L01AAP100021.JPG,line_01,pcb1,2026-08-08,LOT-20260808-AAP,EQ-01-A,operation,normal,,pcb1/Data/Images/Normal/0259.JPG
line_01/2026-08-08/L01AAP100022.JPG,line_01,pcb1,2026-08-08,LOT-20260808-AAP,EQ-01-A,operation,normal,,pcb1/Data/Images/Normal/0946.JPG
line_01/2026-08-08/L01AAP100023.JPG,line_01,pcb1,2026-08-08,LOT-20260808-AAP,EQ-01-A,operation,normal,,pcb1/Data/Images/Normal/0560.JPG
line_01/2026-08-08/L01AAP100024.JPG,line_01,pcb1,2026-08-08,LOT-20260808-AAP,EQ-01-A,operation,normal,,pcb1/Data/Images/Normal/0615.JPG
line_01/2026-08-08/L01AAP100025.JPG,line_01,pcb1,2026-08-08,LOT-20260808-AAP,EQ-01-A,operation,normal,,pcb1/Data/Images/Normal/0892.JPG
line_01/2026-08-08/L01AAP100026.JPG,line_01,pcb1,2026-08-08,LOT-20260808-AAP,EQ-01-A,operation,normal,,pcb1/Data/Images/Normal/0206.JPG
line_01/2026-08-08/L01AAP100027.JPG,line_01,pcb1,2026-08-08,LOT-20260808-AAP,EQ-01-A,operation,normal,,pcb1/Data/Images/Normal/0356.JPG
line_01/2026-08-08/L01AAP100028.JPG,line_01,pcb1,2026-08-08,LOT-20260808-AAP,EQ-01-A,operation,normal,,pcb1/Data/Images/Normal/0548.JPG
line_01/2026-08-08/L01AAP100029.JPG,line_01,pcb1,2026-08-08,LOT-20260808-AAP,EQ-01-A,operation,normal,,pcb1/Data/Images/Normal/0678.JPG
line_01/2026-08-08/L01AAP100030.JPG,line_01,pcb1,2026-08-08,LOT-20260808-AAP,EQ-01-A,operation,normal,,pcb1/Data/Images/Normal/0741.JPG
line_01/2026-08-08/L01AAP100031.JPG,line_01,pcb1,2026-08-08,LOT-20260808-AAP,EQ-01-A,operation,defect,/Users/eundong/Library/CloudStorage/GoogleDrive-yidheld@gmail.com/내 드라이브/[Shared]SK_AI_Hackathon/archive/pcb1/Data/Masks/Anomaly/052.png,pcb1/Data/Images/Anomaly/052.JPG
line_01/2026-08-08/L01AAP100032.JPG,line_01,pcb1,2026-08-08,LOT-20260808-AAP,EQ-01-A,operation,defect,/Users/eundong/Library/CloudStorage/GoogleDrive-yidheld@gmail.com/내 드라이브/[Shared]SK_AI_Hackathon/archive/pcb1/Data/Masks/Anomaly/027.png,pcb1/Data/Images/Anomaly/027.JPG
line_01/2026-08-08/L01AAP100033.JPG,line_01,pcb1,2026-08-08,LOT-20260808-AAP,EQ-01-A,operation,normal,,pcb1/Data/Images/Normal/0098.JPG
line_01/2026-08-08/L01AAP100034.JPG,line_01,pcb1,2026-08-08,LOT-20260808-AAP,EQ-01-A,operation,normal,,pcb1/Data/Images/Normal/0761.JPG
line_01/2026-08-08/L01AAP100035.JPG,line_01,pcb1,2026-08-08,LOT-20260808-AAP,EQ-01-A,operation,normal,,pcb1/Data/Images/Normal/0679.JPG
line_01/2026-08-08/L01AAP100036.JPG,line_01,pcb1,2026-08-08,LOT-20260808-AAP,EQ-01-A,operation,normal,,pcb1/Data/Images/Normal/0652.JPG
line_01/2026-08-08/L01AAP100037.JPG,line_01,pcb1,2026-08-08,LOT-20260808-AAP,EQ-01-A,operation,normal,,pcb1/Data/Images/Normal/0740.JPG
line_01/2026-08-08/L01AAP100038.JPG,line_01,pcb1,2026-08-08,LOT-20260808-AAP,EQ-01-A,operation,normal,,pcb1/Data/Images/Normal/0383.JPG
line_01/2026-08-08/L01AAP100039.JPG,line_01,pcb1,2026-08-08,LOT-20260808-AAP,EQ-01-A,operation,normal,,pcb1/Data/Images/Normal/0989.JPG
line_01/2026-08-08/L01AAP100040.JPG,line_01,pcb1,2026-08-08,LOT-20260808-AAP,EQ-01-A,operation,normal,,pcb1/Data/Images/Normal/0544.JPG
line_01/2026-08-08/L01AAP100041.JPG,line_01,pcb1,2026-08-08,LOT-20260808-AAP,EQ-01-A,operation,normal,,pcb1/Data/Images/Normal/0928.JPG
line_01/2026-08-08/L01AAP100042.JPG,line_01,pcb1,2026-08-08,LOT-20260808-AAP,EQ-01-A,operation,normal,,pcb1/Data/Images/Normal/0154.JPG
line_01/2026-08-08/L01AAP100043.JPG,line_01,pcb1,2026-08-08,LOT-20260808-AAP,EQ-01-A,operation,normal,,pcb1/Data/Images/Normal/0207.JPG
line_01/2026-08-08/L01AAP100044.JPG,line_01,pcb1,2026-08-08,LOT-20260808-AAP,EQ-01-A,operation,normal,,pcb1/Data/Images/Normal/0280.JPG
line_01/2026-08-08/L01AAP100045.JPG,line_01,pcb1,2026-08-08,LOT-20260808-AAP,EQ-01-A,operation,normal,,pcb1/Data/Images/Normal/0466.JPG
line_01/2026-08-08/L01AAP100046.JPG,line_01,pcb1,2026-08-08,LOT-20260808-AAP,EQ-01-A,operation,defect,/Users/eundong/Library/CloudStorage/GoogleDrive-yidheld@gmail.com/내 드라이브/[Shared]SK_AI_Hackathon/archive/pcb1/Data/Masks/Anomaly/031.png,pcb1/Data/Images/Anomaly/031.JPG
line_01/2026-08-08/L01AAP100047.JPG,line_01,pcb1,2026-08-08,LOT-20260808-AAP,EQ-01-A,operation,normal,,pcb1/Data/Images/Normal/0155.JPG
line_01/2026-08-08/L01AAP100048.JPG,line_01,pcb1,2026-08-08,LOT-20260808-AAP,EQ-01-A,operation,normal,,pcb1/Data/Images/Normal/0860.JPG
line_01/2026-08-08/L01AAP100049.JPG,line_01,pcb1,2026-08-08,LOT-20260808-AAP,EQ-01-A,operation,normal,,pcb1/Data/Images/Normal/0107.JPG
line_01/2026-08-08/L01AAP100050.JPG,line_01,pcb1,2026-08-08,LOT-20260808-AAP,EQ-01-A,operation,normal,,pcb1/Data/Images/Normal/0455.JPG
line_01/2026-08-08/L01AAP100051.JPG,line_01,pcb1,2026-08-08,LOT-20260808-AAP,EQ-01-A,operation,normal,,pcb1/Data/Images/Normal/0494.JPG
line_01/2026-08-08/L01AAP100052.JPG,line_01,pcb1,2026-08-08,LOT-20260808-AAP,EQ-01-A,operation,normal,,pcb1/Data/Images/Normal/0920.JPG
line_01/2026-08-08/L01AAP100053.JPG,line_01,pcb1,2026-08-08,LOT-20260808-AAP,EQ-01-A,operation,normal,,pcb1/Data/Images/Normal/0477.JPG
line_01/2026-08-08/L01AAP100054.JPG,line_01,pcb1,2026-08-08,LOT-20260808-AAP,EQ-01-A,operation,normal,,pcb1/Data/Images/Normal/0335.JPG
line_01/2026-08-08/L01AAP100055.JPG,line_01,pcb1,2026-08-08,LOT-20260808-AAP,EQ-01-A,operation,normal,,pcb1/Data/Images/Normal/0164.JPG
line_01/2026-08-08/L01AAP100056.JPG,line_01,pcb1,2026-08-08,LOT-20260808-AAP,EQ-01-A,operation,defect,/Users/eundong/Library/CloudStorage/GoogleDrive-yidheld@gmail.com/내 드라이브/[Shared]SK_AI_Hackathon/archive/pcb1/Data/Masks/Anomaly/057.png,pcb1/Data/Images/Anomaly/057.JPG
line_01/2026-08-08/L01AAP100057.JPG,line_01,pcb1,2026-08-08,LOT-20260808-AAP,EQ-01-A,operation,normal,,pcb1/Data/Images/Normal/0917.JPG
line_01/2026-08-08/L01AAP100058.JPG,line_01,pcb1,2026-08-08,LOT-20260808-AAP,EQ-01-A,operation,normal,,pcb1/Data/Images/Normal/0226.JPG
line_01/2026-08-08/L01AAP100059.JPG,line_01,pcb1,2026-08-08,LOT-20260808-AAP,EQ-01-A,operation,normal,,pcb1/Data/Images/Normal/0411.JPG
line_01/2026-08-08/L01AAP100060.JPG,line_01,pcb1,2026-08-08,LOT-20260808-AAP,EQ-01-A,operation,normal,,pcb1/Data/Images/Normal/0345.JPG
line_01/2026-08-08/L01AAP100061.JPG,line_01,pcb1,2026-08-08,LOT-20260808-AAP,EQ-01-A,operation,normal,,pcb1/Data/Images/Normal/0619.JPG
line_01/2026-08-08/L01AAP100062.JPG,line_01,pcb1,2026-08-08,LOT-20260808-AAP,EQ-01-A,operation,defect,/Users/eundong/Library/CloudStorage/GoogleDrive-yidheld@gmail.com/내 드라이브/[Shared]SK_AI_Hackathon/archive/pcb1/Data/Masks/Anomaly/044.png,pcb1/Data/Images/Anomaly/044.JPG
line_01/2026-08-08/L01AAP100063.JPG,line_01,pcb1,2026-08-08,LOT-20260808-AAP,EQ-01-A,operation,normal,,pcb1/Data/Images/Normal/0476.JPG
line_01/2026-08-08/L01AAP100064.JPG,line_01,pcb1,2026-08-08,LOT-20260808-AAP,EQ-01-A,operation,normal,,pcb1/Data/Images/Normal/0534.JPG
line_01/2026-08-08/L01AAP100065.JPG,line_01,pcb1,2026-08-08,LOT-20260808-AAP,EQ-01-A,operation,normal,,pcb1/Data/Images/Normal/0376.JPG
line_01/2026-08-08/L01AAP100066.JPG,line_01,pcb1,2026-08-08,LOT-20260808-AAP,EQ-01-A,operation,normal,,pcb1/Data/Images/Normal/0086.JPG
line_01/2026-08-08/L01AAP100067.JPG,line_01,pcb1,2026-08-08,LOT-20260808-AAP,EQ-01-A,operation,normal,,pcb1/Data/Images/Normal/0337.JPG
line_01/2026-08-08/L01AAP100068.JPG,line_01,pcb1,2026-08-08,LOT-20260808-AAP,EQ-01-A,operation,normal,,pcb1/Data/Images/Normal/0043.JPG
line_01/2026-08-08/L01AAP100069.JPG,line_01,pcb1,2026-08-08,LOT-20260808-AAP,EQ-01-A,operation,normal,,pcb1/Data/Images/Normal/0145.JPG
line_01/2026-08-08/L01AAP100070.JPG,line_01,pcb1,2026-08-08,LOT-20260808-AAP,EQ-01-A,operation,normal,,pcb1/Data/Images/Normal/0263.JPG
line_01/2026-08-08/L01AAP100071.JPG,line_01,pcb1,2026-08-08,LOT-20260808-AAP,EQ-01-A,operation,normal,,pcb1/Data/Images/Normal/0491.JPG
line_01/2026-08-08/L01AAP100072.JPG,line_01,pcb1,2026-08-08,LOT-20260808-AAP,EQ-01-A,operation,normal,,pcb1/Data/Images/Normal/0324.JPG
line_01/2026-08-08/L01AAP100073.JPG,line_01,pcb1,2026-08-08,LOT-20260808-AAP,EQ-01-A,operation,normal,,pcb1/Data/Images/Normal/0317.JPG
line_01/2026-08-08/L01AAP100074.JPG,line_01,pcb1,2026-08-08,LOT-20260808-AAP,EQ-01-A,operation,normal,,pcb1/Data/Images/Normal/0171.JPG
line_01/2026-08-08/L01AAP100075.JPG,line_01,pcb1,2026-08-08,LOT-20260808-AAP,EQ-01-A,operation,normal,,pcb1/Data/Images/Normal/0047.JPG
line_01/2026-08-08/L01AAP100076.JPG,line_01,pcb1,2026-08-08,LOT-20260808-AAP,EQ-01-A,operation,normal,,pcb1/Data/Images/Normal/0384.JPG
line_01/2026-08-08/L01AAP100077.JPG,line_01,pcb1,2026-08-08,LOT-20260808-AAP,EQ-01-A,operation,normal,,pcb1/Data/Images/Normal/0120.JPG
line_02/2026-08-08/L02AAN100124.JPG,line_02,pcb2,2026-08-08,LOT-20260808-AAN,EQ-02-A,operation,normal,,pcb2/Data/Images/Normal/0474.JPG
line_02/2026-08-08/L02AAN100125.JPG,line_02,pcb2,2026-08-08,LOT-20260808-AAN,EQ-02-A,operation,normal,,pcb2/Data/Images/Normal/0113.JPG
line_02/2026-08-08/L02AAN100126.JPG,line_02,pcb2,2026-08-08,LOT-20260808-AAN,EQ-02-A,operation,defect,/Users/eundong/Library/CloudStorage/GoogleDrive-yidheld@gmail.com/내 드라이브/[Shared]SK_AI_Hackathon/archive/pcb2/Data/Masks/Anomaly/062.png,pcb2/Data/Images/Anomaly/062.JPG
line_02/2026-08-08/L02AAN100127.JPG,line_02,pcb2,2026-08-08,LOT-20260808-AAN,EQ-02-A,operation,normal,,pcb2/Data/Images/Normal/0828.JPG
line_02/2026-08-08/L02AAN100128.JPG,line_02,pcb2,2026-08-08,LOT-20260808-AAN,EQ-02-A,operation,normal,,pcb2/Data/Images/Normal/0086.JPG
line_02/2026-08-08/L02AAN100129.JPG,line_02,pcb2,2026-08-08,LOT-20260808-AAN,EQ-02-A,operation,normal,,pcb2/Data/Images/Normal/0701.JPG
line_02/2026-08-08/L02AAN100130.JPG,line_02,pcb2,2026-08-08,LOT-20260808-AAN,EQ-02-A,operation,normal,,pcb2/Data/Images/Normal/0537.JPG
line_02/2026-08-08/L02AAN100131.JPG,line_02,pcb2,2026-08-08,LOT-20260808-AAN,EQ-02-A,operation,normal,,pcb2/Data/Images/Normal/0548.JPG
line_02/2026-08-08/L02AAN100132.JPG,line_02,pcb2,2026-08-08,LOT-20260808-AAN,EQ-02-A,operation,defect,/Users/eundong/Library/CloudStorage/GoogleDrive-yidheld@gmail.com/내 드라이브/[Shared]SK_AI_Hackathon/archive/pcb2/Data/Masks/Anomaly/072.png,pcb2/Data/Images/Anomaly/072.JPG
line_02/2026-08-08/L02AAN100133.JPG,line_02,pcb2,2026-08-08,LOT-20260808-AAN,EQ-02-A,operation,normal,,pcb2/Data/Images/Normal/0364.JPG
line_02/2026-08-08/L02AAN100134.JPG,line_02,pcb2,2026-08-08,LOT-20260808-AAN,EQ-02-A,operation,normal,,pcb2/Data/Images/Normal/0458.JPG
line_02/2026-08-08/L02AAN100135.JPG,line_02,pcb2,2026-08-08,LOT-20260808-AAN,EQ-02-A,operation,normal,,pcb2/Data/Images/Normal/0878.JPG
line_02/2026-08-08/L02AAN100136.JPG,line_02,pcb2,2026-08-08,LOT-20260808-AAN,EQ-02-A,operation,normal,,pcb2/Data/Images/Normal/0662.JPG
line_02/2026-08-08/L02AAN100137.JPG,line_02,pcb2,2026-08-08,LOT-20260808-AAN,EQ-02-A,operation,normal,,pcb2/Data/Images/Normal/0594.JPG
line_02/2026-08-08/L02AAN100138.JPG,line_02,pcb2,2026-08-08,LOT-20260808-AAN,EQ-02-A,operation,normal,,pcb2/Data/Images/Normal/0473.JPG
line_02/2026-08-08/L02AAN100139.JPG,line_02,pcb2,2026-08-08,LOT-20260808-AAN,EQ-02-A,operation,normal,,pcb2/Data/Images/Normal/0330.JPG
line_02/2026-08-08/L02AAN100140.JPG,line_02,pcb2,2026-08-08,LOT-20260808-AAN,EQ-02-A,operation,normal,,pcb2/Data/Images/Normal/0566.JPG
line_02/2026-08-08/L02AAN100141.JPG,line_02,pcb2,2026-08-08,LOT-20260808-AAN,EQ-02-A,operation,defect,/Users/eundong/Library/CloudStorage/GoogleDrive-yidheld@gmail.com/내 드라이브/[Shared]SK_AI_Hackathon/archive/pcb2/Data/Masks/Anomaly/030.png,pcb2/Data/Images/Anomaly/030.JPG
line_02/2026-08-08/L02AAN100142.JPG,line_02,pcb2,2026-08-08,LOT-20260808-AAN,EQ-02-A,operation,normal,,pcb2/Data/Images/Normal/0967.JPG
line_02/2026-08-08/L02AAN100143.JPG,line_02,pcb2,2026-08-08,LOT-20260808-AAN,EQ-02-A,operation,normal,,pcb2/Data/Images/Normal/0931.JPG
line_02/2026-08-08/L02AAN100144.JPG,line_02,pcb2,2026-08-08,LOT-20260808-AAN,EQ-02-A,operation,normal,,pcb2/Data/Images/Normal/0074.JPG
line_02/2026-08-08/L02AAN100145.JPG,line_02,pcb2,2026-08-08,LOT-20260808-AAN,EQ-02-A,operation,normal,,pcb2/Data/Images/Normal/0131.JPG
line_02/2026-08-08/L02AAN100146.JPG,line_02,pcb2,2026-08-08,LOT-20260808-AAN,EQ-02-A,operation,normal,,pcb2/Data/Images/Normal/0831.JPG
line_02/2026-08-08/L02AAN100147.JPG,line_02,pcb2,2026-08-08,LOT-20260808-AAN,EQ-02-A,operation,normal,,pcb2/Data/Images/Normal/0088.JPG
line_02/2026-08-08/L02AAN100148.JPG,line_02,pcb2,2026-08-08,LOT-20260808-AAN,EQ-02-A,operation,normal,,pcb2/Data/Images/Normal/0576.JPG
line_02/2026-08-08/L02AAN100149.JPG,line_02,pcb2,2026-08-08,LOT-20260808-AAN,EQ-02-A,operation,normal,,pcb2/Data/Images/Normal/0078.JPG
line_02/2026-08-08/L02AAN100150.JPG,line_02,pcb2,2026-08-08,LOT-20260808-AAN,EQ-02-A,operation,defect,/Users/eundong/Library/CloudStorage/GoogleDrive-yidheld@gmail.com/내 드라이브/[Shared]SK_AI_Hackathon/archive/pcb2/Data/Masks/Anomaly/011.png,pcb2/Data/Images/Anomaly/011.JPG
line_02/2026-08-08/L02AAN100151.JPG,line_02,pcb2,2026-08-08,LOT-20260808-AAN,EQ-02-A,operation,normal,,pcb2/Data/Images/Normal/0666.JPG
line_02/2026-08-08/L02AAN100152.JPG,line_02,pcb2,2026-08-08,LOT-20260808-AAN,EQ-02-A,operation,normal,,pcb2/Data/Images/Normal/0090.JPG
line_02/2026-08-08/L02AAN100153.JPG,line_02,pcb2,2026-08-08,LOT-20260808-AAN,EQ-02-A,operation,normal,,pcb2/Data/Images/Normal/0252.JPG
line_02/2026-08-08/L02AAN100154.JPG,line_02,pcb2,2026-08-08,LOT-20260808-AAN,EQ-02-A,operation,normal,,pcb2/Data/Images/Normal/0798.JPG
line_02/2026-08-08/L02AAN100155.JPG,line_02,pcb2,2026-08-08,LOT-20260808-AAN,EQ-02-A,operation,normal,,pcb2/Data/Images/Normal/0288.JPG
line_02/2026-08-08/L02AAN100156.JPG,line_02,pcb2,2026-08-08,LOT-20260808-AAN,EQ-02-A,operation,normal,,pcb2/Data/Images/Normal/0296.JPG
line_02/2026-08-08/L02AAN100157.JPG,line_02,pcb2,2026-08-08,LOT-20260808-AAN,EQ-02-A,operation,normal,,pcb2/Data/Images/Normal/0511.JPG
line_02/2026-08-08/L02AAN100158.JPG,line_02,pcb2,2026-08-08,LOT-20260808-AAN,EQ-02-A,operation,normal,,pcb2/Data/Images/Normal/0468.JPG
line_02/2026-08-08/L02AAN100159.JPG,line_02,pcb2,2026-08-08,LOT-20260808-AAN,EQ-02-A,operation,normal,,pcb2/Data/Images/Normal/0165.JPG
line_02/2026-08-08/L02AAN100160.JPG,line_02,pcb2,2026-08-08,LOT-20260808-AAN,EQ-02-A,operation,normal,,pcb2/Data/Images/Normal/0786.JPG
line_02/2026-08-08/L02AAN100161.JPG,line_02,pcb2,2026-08-08,LOT-20260808-AAN,EQ-02-A,operation,normal,,pcb2/Data/Images/Normal/0708.JPG
line_02/2026-08-08/L02AAN100162.JPG,line_02,pcb2,2026-08-08,LOT-20260808-AAN,EQ-02-A,operation,defect,/Users/eundong/Library/CloudStorage/GoogleDrive-yidheld@gmail.com/내 드라이브/[Shared]SK_AI_Hackathon/archive/pcb2/Data/Masks/Anomaly/029.png,pcb2/Data/Images/Anomaly/029.JPG
line_02/2026-08-08/L02AAN100163.JPG,line_02,pcb2,2026-08-08,LOT-20260808-AAN,EQ-02-A,operation,normal,,pcb2/Data/Images/Normal/0225.JPG
line_02/2026-08-08/L02AAN100164.JPG,line_02,pcb2,2026-08-08,LOT-20260808-AAN,EQ-02-A,operation,normal,,pcb2/Data/Images/Normal/0731.JPG
line_02/2026-08-08/L02AAN100165.JPG,line_02,pcb2,2026-08-08,LOT-20260808-AAN,EQ-02-A,operation,normal,,pcb2/Data/Images/Normal/0849.JPG
line_02/2026-08-08/L02AAN100166.JPG,line_02,pcb2,2026-08-08,LOT-20260808-AAN,EQ-02-A,operation,defect,/Users/eundong/Library/CloudStorage/GoogleDrive-yidheld@gmail.com/내 드라이브/[Shared]SK_AI_Hackathon/archive/pcb2/Data/Masks/Anomaly/014.png,pcb2/Data/Images/Anomaly/014.JPG
line_02/2026-08-08/L02AAN100167.JPG,line_02,pcb2,2026-08-08,LOT-20260808-AAN,EQ-02-A,operation,normal,,pcb2/Data/Images/Normal/0780.JPG
line_02/2026-08-08/L02AAN100168.JPG,line_02,pcb2,2026-08-08,LOT-20260808-AAN,EQ-02-A,operation,normal,,pcb2/Data/Images/Normal/0940.JPG
line_02/2026-08-08/L02AAN100169.JPG,line_02,pcb2,2026-08-08,LOT-20260808-AAN,EQ-02-A,operation,normal,,pcb2/Data/Images/Normal/0870.JPG
line_02/2026-08-08/L02AAN100170.JPG,line_02,pcb2,2026-08-08,LOT-20260808-AAN,EQ-02-A,operation,defect,/Users/eundong/Library/CloudStorage/GoogleDrive-yidheld@gmail.com/내 드라이브/[Shared]SK_AI_Hackathon/archive/pcb2/Data/Masks/Anomaly/084.png,pcb2/Data/Images/Anomaly/084.JPG
line_02/2026-08-08/L02AAN100171.JPG,line_02,pcb2,2026-08-08,LOT-20260808-AAN,EQ-02-A,operation,normal,,pcb2/Data/Images/Normal/0712.JPG
line_02/2026-08-08/L02AAN100172.JPG,line_02,pcb2,2026-08-08,LOT-20260808-AAN,EQ-02-A,operation,defect,/Users/eundong/Library/CloudStorage/GoogleDrive-yidheld@gmail.com/내 드라이브/[Shared]SK_AI_Hackathon/archive/pcb2/Data/Masks/Anomaly/033.png,pcb2/Data/Images/Anomaly/033.JPG
line_02/2026-08-08/L02AAN100173.JPG,line_02,pcb2,2026-08-08,LOT-20260808-AAN,EQ-02-A,operation,normal,,pcb2/Data/Images/Normal/0633.JPG
line_02/2026-08-08/L02AAN100174.JPG,line_02,pcb2,2026-08-08,LOT-20260808-AAN,EQ-02-A,operation,normal,,pcb2/Data/Images/Normal/0180.JPG
line_02/2026-08-08/L02AAN100175.JPG,line_02,pcb2,2026-08-08,LOT-20260808-AAN,EQ-02-A,operation,normal,,pcb2/Data/Images/Normal/0259.JPG
line_02/2026-08-08/L02AAN100176.JPG,line_02,pcb2,2026-08-08,LOT-20260808-AAN,EQ-02-A,operation,normal,,pcb2/Data/Images/Normal/0882.JPG
line_02/2026-08-08/L02AAN100177.JPG,line_02,pcb2,2026-08-08,LOT-20260808-AAN,EQ-02-A,operation,normal,,pcb2/Data/Images/Normal/0539.JPG
line_02/2026-08-08/L02AAN100178.JPG,line_02,pcb2,2026-08-08,LOT-20260808-AAN,EQ-02-A,operation,normal,,pcb2/Data/Images/Normal/0236.JPG
line_02/2026-08-08/L02AAN100179.JPG,line_02,pcb2,2026-08-08,LOT-20260808-AAN,EQ-02-A,operation,normal,,pcb2/Data/Images/Normal/0833.JPG
line_02/2026-08-08/L02AAN100180.JPG,line_02,pcb2,2026-08-08,LOT-20260808-AAN,EQ-02-A,operation,defect,/Users/eundong/Library/CloudStorage/GoogleDrive-yidheld@gmail.com/내 드라이브/[Shared]SK_AI_Hackathon/archive/pcb2/Data/Masks/Anomaly/018.png,pcb2/Data/Images/Anomaly/018.JPG
line_02/2026-08-08/L02AAN100181.JPG,line_02,pcb2,2026-08-08,LOT-20260808-AAN,EQ-02-A,operation,normal,,pcb2/Data/Images/Normal/0019.JPG
line_02/2026-08-08/L02AAN100182.JPG,line_02,pcb2,2026-08-08,LOT-20260808-AAN,EQ-02-A,operation,defect,/Users/eundong/Library/CloudStorage/GoogleDrive-yidheld@gmail.com/내 드라이브/[Shared]SK_AI_Hackathon/archive/pcb2/Data/Masks/Anomaly/093.png,pcb2/Data/Images/Anomaly/093.JPG
line_02/2026-08-08/L02AAN100183.JPG,line_02,pcb2,2026-08-08,LOT-20260808-AAN,EQ-02-A,operation,normal,,pcb2/Data/Images/Normal/0825.JPG
line_02/2026-08-08/L02AAN100184.JPG,line_02,pcb2,2026-08-08,LOT-20260808-AAN,EQ-02-A,operation,normal,,pcb2/Data/Images/Normal/0505.JPG
line_02/2026-08-08/L02AAN100185.JPG,line_02,pcb2,2026-08-08,LOT-20260808-AAN,EQ-02-A,operation,normal,,pcb2/Data/Images/Normal/0799.JPG
line_02/2026-08-08/L02AAN100186.JPG,line_02,pcb2,2026-08-08,LOT-20260808-AAN,EQ-02-A,operation,normal,,pcb2/Data/Images/Normal/0913.JPG
line_02/2026-08-08/L02AAN100187.JPG,line_02,pcb2,2026-08-08,LOT-20260808-AAN,EQ-02-A,operation,normal,,pcb2/Data/Images/Normal/0460.JPG
line_02/2026-08-08/L02AAN100188.JPG,line_02,pcb2,2026-08-08,LOT-20260808-AAN,EQ-02-A,operation,normal,,pcb2/Data/Images/Normal/0350.JPG
line_02/2026-08-08/L02AAN100189.JPG,line_02,pcb2,2026-08-08,LOT-20260808-AAN,EQ-02-A,operation,normal,,pcb2/Data/Images/Normal/0196.JPG
line_02/2026-08-08/L02AAN100190.JPG,line_02,pcb2,2026-08-08,LOT-20260808-AAN,EQ-02-A,operation,normal,,pcb2/Data/Images/Normal/0960.JPG
line_02/2026-08-08/L02AAN100191.JPG,line_02,pcb2,2026-08-08,LOT-20260808-AAN,EQ-02-A,operation,normal,,pcb2/Data/Images/Normal/0608.JPG
line_02/2026-08-08/L02AAN100192.JPG,line_02,pcb2,2026-08-08,LOT-20260808-AAN,EQ-02-A,operation,normal,,pcb2/Data/Images/Normal/0378.JPG
line_02/2026-08-08/L02AAN100193.JPG,line_02,pcb2,2026-08-08,LOT-20260808-AAN,EQ-02-A,operation,normal,,pcb2/Data/Images/Normal/0972.JPG
line_02/2026-08-08/L02AAN100194.JPG,line_02,pcb2,2026-08-08,LOT-20260808-AAN,EQ-02-A,operation,normal,,pcb2/Data/Images/Normal/0096.JPG
line_02/2026-08-08/L02AAN100195.JPG,line_02,pcb2,2026-08-08,LOT-20260808-AAN,EQ-02-A,operation,normal,,pcb2/Data/Images/Normal/0164.JPG
line_02/2026-08-08/L02AAN100196.JPG,line_02,pcb2,2026-08-08,LOT-20260808-AAN,EQ-02-A,operation,normal,,pcb2/Data/Images/Normal/0863.JPG
line_02/2026-08-08/L02AAN100197.JPG,line_02,pcb2,2026-08-08,LOT-20260808-AAN,EQ-02-A,operation,normal,,pcb2/Data/Images/Normal/0385.JPG
line_02/2026-08-08/L02AAN100198.JPG,line_02,pcb2,2026-08-08,LOT-20260808-AAN,EQ-02-A,operation,normal,,pcb2/Data/Images/Normal/0586.JPG
line_02/2026-08-08/L02AAN100199.JPG,line_02,pcb2,2026-08-08,LOT-20260808-AAN,EQ-02-A,operation,normal,,pcb2/Data/Images/Normal/0680.JPG
line_02/2026-08-08/L02AAN100200.JPG,line_02,pcb2,2026-08-08,LOT-20260808-AAN,EQ-02-A,operation,normal,,pcb2/Data/Images/Normal/0489.JPG
line_02/2026-08-08/L02AAQ100001.JPG,line_02,pcb2,2026-08-08,LOT-20260808-AAQ,EQ-02-A,operation,normal,,pcb2/Data/Images/Normal/0328.JPG
line_02/2026-08-08/L02AAQ100002.JPG,line_02,pcb2,2026-08-08,LOT-20260808-AAQ,EQ-02-A,operation,defect,/Users/eundong/Library/CloudStorage/GoogleDrive-yidheld@gmail.com/내 드라이브/[Shared]SK_AI_Hackathon/archive/pcb2/Data/Masks/Anomaly/016.png,pcb2/Data/Images/Anomaly/016.JPG
line_02/2026-08-08/L02AAQ100003.JPG,line_02,pcb2,2026-08-08,LOT-20260808-AAQ,EQ-02-A,operation,normal,,pcb2/Data/Images/Normal/0175.JPG
line_02/2026-08-08/L02AAQ100004.JPG,line_02,pcb2,2026-08-08,LOT-20260808-AAQ,EQ-02-A,operation,normal,,pcb2/Data/Images/Normal/0835.JPG
line_02/2026-08-08/L02AAQ100005.JPG,line_02,pcb2,2026-08-08,LOT-20260808-AAQ,EQ-02-A,operation,normal,,pcb2/Data/Images/Normal/0258.JPG
line_02/2026-08-08/L02AAQ100006.JPG,line_02,pcb2,2026-08-08,LOT-20260808-AAQ,EQ-02-A,operation,normal,,pcb2/Data/Images/Normal/0963.JPG
line_02/2026-08-08/L02AAQ100007.JPG,line_02,pcb2,2026-08-08,LOT-20260808-AAQ,EQ-02-A,operation,normal,,pcb2/Data/Images/Normal/0020.JPG
line_02/2026-08-08/L02AAQ100008.JPG,line_02,pcb2,2026-08-08,LOT-20260808-AAQ,EQ-02-A,operation,normal,,pcb2/Data/Images/Normal/0695.JPG
line_02/2026-08-08/L02AAQ100009.JPG,line_02,pcb2,2026-08-08,LOT-20260808-AAQ,EQ-02-A,operation,normal,,pcb2/Data/Images/Normal/0748.JPG
line_02/2026-08-08/L02AAQ100010.JPG,line_02,pcb2,2026-08-08,LOT-20260808-AAQ,EQ-02-A,operation,normal,,pcb2/Data/Images/Normal/0740.JPG
line_02/2026-08-08/L02AAQ100011.JPG,line_02,pcb2,2026-08-08,LOT-20260808-AAQ,EQ-02-A,operation,normal,,pcb2/Data/Images/Normal/0933.JPG
line_02/2026-08-08/L02AAQ100012.JPG,line_02,pcb2,2026-08-08,LOT-20260808-AAQ,EQ-02-A,operation,normal,,pcb2/Data/Images/Normal/0267.JPG
line_02/2026-08-08/L02AAQ100013.JPG,line_02,pcb2,2026-08-08,LOT-20260808-AAQ,EQ-02-A,operation,normal,,pcb2/Data/Images/Normal/0081.JPG
line_02/2026-08-08/L02AAQ100014.JPG,line_02,pcb2,2026-08-08,LOT-20260808-AAQ,EQ-02-A,operation,normal,,pcb2/Data/Images/Normal/0186.JPG
line_02/2026-08-08/L02AAQ100015.JPG,line_02,pcb2,2026-08-08,LOT-20260808-AAQ,EQ-02-A,operation,normal,,pcb2/Data/Images/Normal/0190.JPG
line_02/2026-08-08/L02AAQ100016.JPG,line_02,pcb2,2026-08-08,LOT-20260808-AAQ,EQ-02-A,operation,normal,,pcb2/Data/Images/Normal/0707.JPG
line_02/2026-08-08/L02AAQ100017.JPG,line_02,pcb2,2026-08-08,LOT-20260808-AAQ,EQ-02-A,operation,normal,,pcb2/Data/Images/Normal/0198.JPG
line_02/2026-08-08/L02AAQ100018.JPG,line_02,pcb2,2026-08-08,LOT-20260808-AAQ,EQ-02-A,operation,normal,,pcb2/Data/Images/Normal/0209.JPG
line_02/2026-08-08/L02AAQ100019.JPG,line_02,pcb2,2026-08-08,LOT-20260808-AAQ,EQ-02-A,operation,normal,,pcb2/Data/Images/Normal/0344.JPG
line_02/2026-08-08/L02AAQ100020.JPG,line_02,pcb2,2026-08-08,LOT-20260808-AAQ,EQ-02-A,operation,normal,,pcb2/Data/Images/Normal/0443.JPG
line_02/2026-08-08/L02AAQ100021.JPG,line_02,pcb2,2026-08-08,LOT-20260808-AAQ,EQ-02-A,operation,normal,,pcb2/Data/Images/Normal/0171.JPG
line_02/2026-08-08/L02AAQ100022.JPG,line_02,pcb2,2026-08-08,LOT-20260808-AAQ,EQ-02-A,operation,normal,,pcb2/Data/Images/Normal/0984.JPG
line_02/2026-08-08/L02AAQ100023.JPG,line_02,pcb2,2026-08-08,LOT-20260808-AAQ,EQ-02-A,operation,normal,,pcb2/Data/Images/Normal/0988.JPG
line_02/2026-08-08/L02AAQ100024.JPG,line_02,pcb2,2026-08-08,LOT-20260808-AAQ,EQ-02-A,operation,normal,,pcb2/Data/Images/Normal/0048.JPG
line_02/2026-08-08/L02AAQ100025.JPG,line_02,pcb2,2026-08-08,LOT-20260808-AAQ,EQ-02-A,operation,normal,,pcb2/Data/Images/Normal/0568.JPG
line_02/2026-08-08/L02AAQ100026.JPG,line_02,pcb2,2026-08-08,LOT-20260808-AAQ,EQ-02-A,operation,normal,,pcb2/Data/Images/Normal/0795.JPG
line_02/2026-08-08/L02AAQ100027.JPG,line_02,pcb2,2026-08-08,LOT-20260808-AAQ,EQ-02-A,operation,normal,,pcb2/Data/Images/Normal/0528.JPG
line_02/2026-08-08/L02AAQ100028.JPG,line_02,pcb2,2026-08-08,LOT-20260808-AAQ,EQ-02-A,operation,normal,,pcb2/Data/Images/Normal/0544.JPG
line_02/2026-08-08/L02AAQ100029.JPG,line_02,pcb2,2026-08-08,LOT-20260808-AAQ,EQ-02-A,operation,normal,,pcb2/Data/Images/Normal/0741.JPG
line_02/2026-08-08/L02AAQ100030.JPG,line_02,pcb2,2026-08-08,LOT-20260808-AAQ,EQ-02-A,operation,normal,,pcb2/Data/Images/Normal/0356.JPG
line_02/2026-08-08/L02AAQ100031.JPG,line_02,pcb2,2026-08-08,LOT-20260808-AAQ,EQ-02-A,operation,normal,,pcb2/Data/Images/Normal/0218.JPG
line_02/2026-08-08/L02AAQ100032.JPG,line_02,pcb2,2026-08-08,LOT-20260808-AAQ,EQ-02-A,operation,normal,,pcb2/Data/Images/Normal/0560.JPG
line_02/2026-08-08/L02AAQ100033.JPG,line_02,pcb2,2026-08-08,LOT-20260808-AAQ,EQ-02-A,operation,defect,/Users/eundong/Library/CloudStorage/GoogleDrive-yidheld@gmail.com/내 드라이브/[Shared]SK_AI_Hackathon/archive/pcb2/Data/Masks/Anomaly/031.png,pcb2/Data/Images/Anomaly/031.JPG
line_02/2026-08-08/L02AAQ100034.JPG,line_02,pcb2,2026-08-08,LOT-20260808-AAQ,EQ-02-A,operation,normal,,pcb2/Data/Images/Normal/0802.JPG
line_02/2026-08-08/L02AAQ100035.JPG,line_02,pcb2,2026-08-08,LOT-20260808-AAQ,EQ-02-A,operation,normal,,pcb2/Data/Images/Normal/0617.JPG
line_02/2026-08-08/L02AAQ100036.JPG,line_02,pcb2,2026-08-08,LOT-20260808-AAQ,EQ-02-A,operation,defect,/Users/eundong/Library/CloudStorage/GoogleDrive-yidheld@gmail.com/내 드라이브/[Shared]SK_AI_Hackathon/archive/pcb2/Data/Masks/Anomaly/012.png,pcb2/Data/Images/Anomaly/012.JPG
line_02/2026-08-08/L02AAQ100037.JPG,line_02,pcb2,2026-08-08,LOT-20260808-AAQ,EQ-02-A,operation,normal,,pcb2/Data/Images/Normal/0803.JPG
line_02/2026-08-08/L02AAQ100038.JPG,line_02,pcb2,2026-08-08,LOT-20260808-AAQ,EQ-02-A,operation,normal,,pcb2/Data/Images/Normal/0351.JPG
line_02/2026-08-08/L02AAQ100039.JPG,line_02,pcb2,2026-08-08,LOT-20260808-AAQ,EQ-02-A,operation,normal,,pcb2/Data/Images/Normal/0321.JPG
line_02/2026-08-08/L02AAQ100040.JPG,line_02,pcb2,2026-08-08,LOT-20260808-AAQ,EQ-02-A,operation,normal,,pcb2/Data/Images/Normal/0085.JPG
line_02/2026-08-08/L02AAQ100041.JPG,line_02,pcb2,2026-08-08,LOT-20260808-AAQ,EQ-02-A,operation,normal,,pcb2/Data/Images/Normal/0388.JPG
line_02/2026-08-08/L02AAQ100042.JPG,line_02,pcb2,2026-08-08,LOT-20260808-AAQ,EQ-02-A,operation,normal,,pcb2/Data/Images/Normal/0816.JPG
line_02/2026-08-08/L02AAQ100043.JPG,line_02,pcb2,2026-08-08,LOT-20260808-AAQ,EQ-02-A,operation,normal,,pcb2/Data/Images/Normal/0169.JPG
line_02/2026-08-08/L02AAQ100044.JPG,line_02,pcb2,2026-08-08,LOT-20260808-AAQ,EQ-02-A,operation,normal,,pcb2/Data/Images/Normal/0527.JPG
line_02/2026-08-08/L02AAQ100045.JPG,line_02,pcb2,2026-08-08,LOT-20260808-AAQ,EQ-02-A,operation,normal,,pcb2/Data/Images/Normal/0234.JPG
line_02/2026-08-08/L02AAQ100046.JPG,line_02,pcb2,2026-08-08,LOT-20260808-AAQ,EQ-02-A,operation,normal,,pcb2/Data/Images/Normal/0400.JPG
line_02/2026-08-08/L02AAQ100047.JPG,line_02,pcb2,2026-08-08,LOT-20260808-AAQ,EQ-02-A,operation,normal,,pcb2/Data/Images/Normal/0529.JPG
line_02/2026-08-08/L02AAQ100048.JPG,line_02,pcb2,2026-08-08,LOT-20260808-AAQ,EQ-02-A,operation,normal,,pcb2/Data/Images/Normal/0447.JPG
line_02/2026-08-08/L02AAQ100049.JPG,line_02,pcb2,2026-08-08,LOT-20260808-AAQ,EQ-02-A,operation,normal,,pcb2/Data/Images/Normal/0333.JPG
line_02/2026-08-08/L02AAQ100050.JPG,line_02,pcb2,2026-08-08,LOT-20260808-AAQ,EQ-02-A,operation,defect,/Users/eundong/Library/CloudStorage/GoogleDrive-yidheld@gmail.com/내 드라이브/[Shared]SK_AI_Hackathon/archive/pcb2/Data/Masks/Anomaly/045.png,pcb2/Data/Images/Anomaly/045.JPG
line_02/2026-08-08/L02AAQ100051.JPG,line_02,pcb2,2026-08-08,LOT-20260808-AAQ,EQ-02-A,operation,normal,,pcb2/Data/Images/Normal/0945.JPG
line_02/2026-08-08/L02AAQ100052.JPG,line_02,pcb2,2026-08-08,LOT-20260808-AAQ,EQ-02-A,operation,normal,,pcb2/Data/Images/Normal/0834.JPG
line_02/2026-08-08/L02AAQ100053.JPG,line_02,pcb2,2026-08-08,LOT-20260808-AAQ,EQ-02-A,operation,normal,,pcb2/Data/Images/Normal/0257.JPG
line_02/2026-08-08/L02AAQ100054.JPG,line_02,pcb2,2026-08-08,LOT-20260808-AAQ,EQ-02-A,operation,normal,,pcb2/Data/Images/Normal/0918.JPG
line_02/2026-08-08/L02AAQ100055.JPG,line_02,pcb2,2026-08-08,LOT-20260808-AAQ,EQ-02-A,operation,normal,,pcb2/Data/Images/Normal/0773.JPG
line_02/2026-08-08/L02AAQ100056.JPG,line_02,pcb2,2026-08-08,LOT-20260808-AAQ,EQ-02-A,operation,normal,,pcb2/Data/Images/Normal/0384.JPG
line_02/2026-08-08/L02AAQ100057.JPG,line_02,pcb2,2026-08-08,LOT-20260808-AAQ,EQ-02-A,operation,normal,,pcb2/Data/Images/Normal/0317.JPG
line_02/2026-08-08/L02AAQ100058.JPG,line_02,pcb2,2026-08-08,LOT-20260808-AAQ,EQ-02-A,operation,normal,,pcb2/Data/Images/Normal/0668.JPG
line_02/2026-08-08/L02AAQ100059.JPG,line_02,pcb2,2026-08-08,LOT-20260808-AAQ,EQ-02-A,operation,normal,,pcb2/Data/Images/Normal/0506.JPG
line_02/2026-08-08/L02AAQ100060.JPG,line_02,pcb2,2026-08-08,LOT-20260808-AAQ,EQ-02-A,operation,normal,,pcb2/Data/Images/Normal/0987.JPG
line_02/2026-08-08/L02AAQ100061.JPG,line_02,pcb2,2026-08-08,LOT-20260808-AAQ,EQ-02-A,operation,normal,,pcb2/Data/Images/Normal/0711.JPG
line_02/2026-08-08/L02AAQ100062.JPG,line_02,pcb2,2026-08-08,LOT-20260808-AAQ,EQ-02-A,operation,normal,,pcb2/Data/Images/Normal/0084.JPG
line_02/2026-08-08/L02AAQ100063.JPG,line_02,pcb2,2026-08-08,LOT-20260808-AAQ,EQ-02-A,operation,normal,,pcb2/Data/Images/Normal/0996.JPG
line_02/2026-08-08/L02AAQ100064.JPG,line_02,pcb2,2026-08-08,LOT-20260808-AAQ,EQ-02-A,operation,normal,,pcb2/Data/Images/Normal/0032.JPG
line_02/2026-08-08/L02AAQ100065.JPG,line_02,pcb2,2026-08-08,LOT-20260808-AAQ,EQ-02-A,operation,normal,,pcb2/Data/Images/Normal/0274.JPG
line_02/2026-08-08/L02AAQ100066.JPG,line_02,pcb2,2026-08-08,LOT-20260808-AAQ,EQ-02-A,operation,normal,,pcb2/Data/Images/Normal/0787.JPG
line_02/2026-08-08/L02AAQ100067.JPG,line_02,pcb2,2026-08-08,LOT-20260808-AAQ,EQ-02-A,operation,normal,,pcb2/Data/Images/Normal/0428.JPG
line_02/2026-08-08/L02AAQ100068.JPG,line_02,pcb2,2026-08-08,LOT-20260808-AAQ,EQ-02-A,operation,normal,,pcb2/Data/Images/Normal/0732.JPG
line_02/2026-08-08/L02AAQ100069.JPG,line_02,pcb2,2026-08-08,LOT-20260808-AAQ,EQ-02-A,operation,normal,,pcb2/Data/Images/Normal/0276.JPG
line_02/2026-08-08/L02AAQ100070.JPG,line_02,pcb2,2026-08-08,LOT-20260808-AAQ,EQ-02-A,operation,normal,,pcb2/Data/Images/Normal/0615.JPG
line_02/2026-08-08/L02AAQ100071.JPG,line_02,pcb2,2026-08-08,LOT-20260808-AAQ,EQ-02-A,operation,defect,/Users/eundong/Library/CloudStorage/GoogleDrive-yidheld@gmail.com/내 드라이브/[Shared]SK_AI_Hackathon/archive/pcb2/Data/Masks/Anomaly/060.png,pcb2/Data/Images/Anomaly/060.JPG
line_02/2026-08-08/L02AAQ100072.JPG,line_02,pcb2,2026-08-08,LOT-20260808-AAQ,EQ-02-A,operation,defect,/Users/eundong/Library/CloudStorage/GoogleDrive-yidheld@gmail.com/내 드라이브/[Shared]SK_AI_Hackathon/archive/pcb2/Data/Masks/Anomaly/007.png,pcb2/Data/Images/Anomaly/007.JPG
line_02/2026-08-08/L02AAQ100073.JPG,line_02,pcb2,2026-08-08,LOT-20260808-AAQ,EQ-02-A,operation,normal,,pcb2/Data/Images/Normal/0571.JPG
line_02/2026-08-08/L02AAQ100074.JPG,line_02,pcb2,2026-08-08,LOT-20260808-AAQ,EQ-02-A,operation,normal,,pcb2/Data/Images/Normal/0313.JPG
line_02/2026-08-08/L02AAQ100075.JPG,line_02,pcb2,2026-08-08,LOT-20260808-AAQ,EQ-02-A,operation,normal,,pcb2/Data/Images/Normal/0497.JPG
line_02/2026-08-08/L02AAQ100076.JPG,line_02,pcb2,2026-08-08,LOT-20260808-AAQ,EQ-02-A,operation,defect,/Users/eundong/Library/CloudStorage/GoogleDrive-yidheld@gmail.com/내 드라이브/[Shared]SK_AI_Hackathon/archive/pcb2/Data/Masks/Anomaly/053.png,pcb2/Data/Images/Anomaly/053.JPG
line_02/2026-08-08/L02AAQ100077.JPG,line_02,pcb2,2026-08-08,LOT-20260808-AAQ,EQ-02-A,operation,defect,/Users/eundong/Library/CloudStorage/GoogleDrive-yidheld@gmail.com/내 드라이브/[Shared]SK_AI_Hackathon/archive/pcb2/Data/Masks/Anomaly/000.png,pcb2/Data/Images/Anomaly/000.JPG
line_02/2026-08-08/L02AAQ100078.JPG,line_02,pcb2,2026-08-08,LOT-20260808-AAQ,EQ-02-A,operation,normal,,pcb2/Data/Images/Normal/0403.JPG
line_02/2026-08-08/L02AAQ100079.JPG,line_02,pcb2,2026-08-08,LOT-20260808-AAQ,EQ-02-A,operation,normal,,pcb2/Data/Images/Normal/0399.JPG
line_02/2026-08-08/L02AAQ100080.JPG,line_02,pcb2,2026-08-08,LOT-20260808-AAQ,EQ-02-A,operation,normal,,pcb2/Data/Images/Normal/0486.JPG
line_02/2026-08-08/L02AAQ100081.JPG,line_02,pcb2,2026-08-08,LOT-20260808-AAQ,EQ-02-A,operation,normal,,pcb2/Data/Images/Normal/0004.JPG
line_02/2026-08-08/L02AAQ100082.JPG,line_02,pcb2,2026-08-08,LOT-20260808-AAQ,EQ-02-A,operation,normal,,pcb2/Data/Images/Normal/0206.JPG
line_02/2026-08-08/L02AAQ100083.JPG,line_02,pcb2,2026-08-08,LOT-20260808-AAQ,EQ-02-A,operation,normal,,pcb2/Data/Images/Normal/0430.JPG
line_02/2026-08-08/L02AAQ100084.JPG,line_02,pcb2,2026-08-08,LOT-20260808-AAQ,EQ-02-A,operation,normal,,pcb2/Data/Images/Normal/0291.JPG
line_02/2026-08-08/L02AAQ100085.JPG,line_02,pcb2,2026-08-08,LOT-20260808-AAQ,EQ-02-A,operation,normal,,pcb2/Data/Images/Normal/0357.JPG
line_02/2026-08-08/L02AAQ100086.JPG,line_02,pcb2,2026-08-08,LOT-20260808-AAQ,EQ-02-A,operation,normal,,pcb2/Data/Images/Normal/0387.JPG
line_02/2026-08-08/L02AAQ100087.JPG,line_02,pcb2,2026-08-08,LOT-20260808-AAQ,EQ-02-A,operation,normal,,pcb2/Data/Images/Normal/0492.JPG
line_02/2026-08-08/L02AAQ100088.JPG,line_02,pcb2,2026-08-08,LOT-20260808-AAQ,EQ-02-A,operation,normal,,pcb2/Data/Images/Normal/0352.JPG
line_02/2026-08-08/L02AAQ100089.JPG,line_02,pcb2,2026-08-08,LOT-20260808-AAQ,EQ-02-A,operation,normal,,pcb2/Data/Images/Normal/0049.JPG
line_02/2026-08-08/L02AAQ100090.JPG,line_02,pcb2,2026-08-08,LOT-20260808-AAQ,EQ-02-A,operation,normal,,pcb2/Data/Images/Normal/0821.JPG
line_02/2026-08-08/L02AAQ100091.JPG,line_02,pcb2,2026-08-08,LOT-20260808-AAQ,EQ-02-A,operation,normal,,pcb2/Data/Images/Normal/0629.JPG
line_02/2026-08-08/L02AAQ100092.JPG,line_02,pcb2,2026-08-08,LOT-20260808-AAQ,EQ-02-A,operation,normal,,pcb2/Data/Images/Normal/0292.JPG
line_02/2026-08-08/L02AAQ100093.JPG,line_02,pcb2,2026-08-08,LOT-20260808-AAQ,EQ-02-A,operation,normal,,pcb2/Data/Images/Normal/0478.JPG
line_02/2026-08-08/L02AAQ100094.JPG,line_02,pcb2,2026-08-08,LOT-20260808-AAQ,EQ-02-A,operation,normal,,pcb2/Data/Images/Normal/0596.JPG
line_02/2026-08-08/L02AAQ100095.JPG,line_02,pcb2,2026-08-08,LOT-20260808-AAQ,EQ-02-A,operation,normal,,pcb2/Data/Images/Normal/0438.JPG
line_02/2026-08-08/L02AAQ100096.JPG,line_02,pcb2,2026-08-08,LOT-20260808-AAQ,EQ-02-A,operation,normal,,pcb2/Data/Images/Normal/0561.JPG
line_02/2026-08-08/L02AAQ100097.JPG,line_02,pcb2,2026-08-08,LOT-20260808-AAQ,EQ-02-A,operation,normal,,pcb2/Data/Images/Normal/0659.JPG
line_02/2026-08-08/L02AAQ100098.JPG,line_02,pcb2,2026-08-08,LOT-20260808-AAQ,EQ-02-A,operation,normal,,pcb2/Data/Images/Normal/0215.JPG
line_02/2026-08-08/L02AAQ100099.JPG,line_02,pcb2,2026-08-08,LOT-20260808-AAQ,EQ-02-A,operation,normal,,pcb2/Data/Images/Normal/0637.JPG
line_02/2026-08-08/L02AAQ100100.JPG,line_02,pcb2,2026-08-08,LOT-20260808-AAQ,EQ-02-A,operation,normal,,pcb2/Data/Images/Normal/0297.JPG
line_02/2026-08-08/L02AAQ100101.JPG,line_02,pcb2,2026-08-08,LOT-20260808-AAQ,EQ-02-A,operation,normal,,pcb2/Data/Images/Normal/0847.JPG
line_02/2026-08-08/L02AAQ100102.JPG,line_02,pcb2,2026-08-08,LOT-20260808-AAQ,EQ-02-A,operation,normal,,pcb2/Data/Images/Normal/0299.JPG
line_02/2026-08-08/L02AAQ100103.JPG,line_02,pcb2,2026-08-08,LOT-20260808-AAQ,EQ-02-A,operation,normal,,pcb2/Data/Images/Normal/0315.JPG
line_03/2026-08-08/L03AAO100085.JPG,line_03,pcb3,2026-08-08,LOT-20260808-AAO,EQ-03-A,operation,normal,,pcb3/Data/Images/Normal/0192.JPG
line_03/2026-08-08/L03AAO100086.JPG,line_03,pcb3,2026-08-08,LOT-20260808-AAO,EQ-03-A,operation,normal,,pcb3/Data/Images/Normal/0841.JPG
line_03/2026-08-08/L03AAO100087.JPG,line_03,pcb3,2026-08-08,LOT-20260808-AAO,EQ-03-A,operation,normal,,pcb3/Data/Images/Normal/0349.JPG
line_03/2026-08-08/L03AAO100088.JPG,line_03,pcb3,2026-08-08,LOT-20260808-AAO,EQ-03-A,operation,defect,/Users/eundong/Library/CloudStorage/GoogleDrive-yidheld@gmail.com/내 드라이브/[Shared]SK_AI_Hackathon/archive/pcb3/Data/Masks/Anomaly/096.png,pcb3/Data/Images/Anomaly/096.JPG
line_03/2026-08-08/L03AAO100089.JPG,line_03,pcb3,2026-08-08,LOT-20260808-AAO,EQ-03-A,operation,normal,,pcb3/Data/Images/Normal/0742.JPG
line_03/2026-08-08/L03AAO100090.JPG,line_03,pcb3,2026-08-08,LOT-20260808-AAO,EQ-03-A,operation,normal,,pcb3/Data/Images/Normal/0276.JPG
line_03/2026-08-08/L03AAO100091.JPG,line_03,pcb3,2026-08-08,LOT-20260808-AAO,EQ-03-A,operation,normal,,pcb3/Data/Images/Normal/0651.JPG
line_03/2026-08-08/L03AAO100092.JPG,line_03,pcb3,2026-08-08,LOT-20260808-AAO,EQ-03-A,operation,normal,,pcb3/Data/Images/Normal/0334.JPG
line_03/2026-08-08/L03AAO100093.JPG,line_03,pcb3,2026-08-08,LOT-20260808-AAO,EQ-03-A,operation,normal,,pcb3/Data/Images/Normal/0971.JPG
line_03/2026-08-08/L03AAO100094.JPG,line_03,pcb3,2026-08-08,LOT-20260808-AAO,EQ-03-A,operation,normal,,pcb3/Data/Images/Normal/0498.JPG
line_03/2026-08-08/L03AAO100095.JPG,line_03,pcb3,2026-08-08,LOT-20260808-AAO,EQ-03-A,operation,normal,,pcb3/Data/Images/Normal/0603.JPG
line_03/2026-08-08/L03AAO100096.JPG,line_03,pcb3,2026-08-08,LOT-20260808-AAO,EQ-03-A,operation,normal,,pcb3/Data/Images/Normal/0511.JPG
line_03/2026-08-08/L03AAO100097.JPG,line_03,pcb3,2026-08-08,LOT-20260808-AAO,EQ-03-A,operation,normal,,pcb3/Data/Images/Normal/0895.JPG
line_03/2026-08-08/L03AAO100098.JPG,line_03,pcb3,2026-08-08,LOT-20260808-AAO,EQ-03-A,operation,normal,,pcb3/Data/Images/Normal/0747.JPG
line_03/2026-08-08/L03AAO100099.JPG,line_03,pcb3,2026-08-08,LOT-20260808-AAO,EQ-03-A,operation,normal,,pcb3/Data/Images/Normal/0065.JPG
line_03/2026-08-08/L03AAO100100.JPG,line_03,pcb3,2026-08-08,LOT-20260808-AAO,EQ-03-A,operation,normal,,pcb3/Data/Images/Normal/0372.JPG
line_03/2026-08-08/L03AAO100101.JPG,line_03,pcb3,2026-08-08,LOT-20260808-AAO,EQ-03-A,operation,normal,,pcb3/Data/Images/Normal/0114.JPG
line_03/2026-08-08/L03AAO100102.JPG,line_03,pcb3,2026-08-08,LOT-20260808-AAO,EQ-03-A,operation,defect,/Users/eundong/Library/CloudStorage/GoogleDrive-yidheld@gmail.com/내 드라이브/[Shared]SK_AI_Hackathon/archive/pcb3/Data/Masks/Anomaly/051.png,pcb3/Data/Images/Anomaly/051.JPG
line_03/2026-08-08/L03AAO100103.JPG,line_03,pcb3,2026-08-08,LOT-20260808-AAO,EQ-03-A,operation,normal,,pcb3/Data/Images/Normal/0537.JPG
line_03/2026-08-08/L03AAO100104.JPG,line_03,pcb3,2026-08-08,LOT-20260808-AAO,EQ-03-A,operation,normal,,pcb3/Data/Images/Normal/0418.JPG
line_03/2026-08-08/L03AAO100105.JPG,line_03,pcb3,2026-08-08,LOT-20260808-AAO,EQ-03-A,operation,normal,,pcb3/Data/Images/Normal/0719.JPG
line_03/2026-08-08/L03AAO100106.JPG,line_03,pcb3,2026-08-08,LOT-20260808-AAO,EQ-03-A,operation,normal,,pcb3/Data/Images/Normal/0972.JPG
line_03/2026-08-08/L03AAO100107.JPG,line_03,pcb3,2026-08-08,LOT-20260808-AAO,EQ-03-A,operation,normal,,pcb3/Data/Images/Normal/0473.JPG
line_03/2026-08-08/L03AAO100108.JPG,line_03,pcb3,2026-08-08,LOT-20260808-AAO,EQ-03-A,operation,defect,/Users/eundong/Library/CloudStorage/GoogleDrive-yidheld@gmail.com/내 드라이브/[Shared]SK_AI_Hackathon/archive/pcb3/Data/Masks/Anomaly/097.png,pcb3/Data/Images/Anomaly/097.JPG
line_03/2026-08-08/L03AAO100109.JPG,line_03,pcb3,2026-08-08,LOT-20260808-AAO,EQ-03-A,operation,normal,,pcb3/Data/Images/Normal/0602.JPG
line_03/2026-08-08/L03AAO100110.JPG,line_03,pcb3,2026-08-08,LOT-20260808-AAO,EQ-03-A,operation,normal,,pcb3/Data/Images/Normal/0217.JPG
line_03/2026-08-08/L03AAO100111.JPG,line_03,pcb3,2026-08-08,LOT-20260808-AAO,EQ-03-A,operation,normal,,pcb3/Data/Images/Normal/0272.JPG
line_03/2026-08-08/L03AAO100112.JPG,line_03,pcb3,2026-08-08,LOT-20260808-AAO,EQ-03-A,operation,normal,,pcb3/Data/Images/Normal/0796.JPG
line_03/2026-08-08/L03AAO100113.JPG,line_03,pcb3,2026-08-08,LOT-20260808-AAO,EQ-03-A,operation,normal,,pcb3/Data/Images/Normal/0117.JPG
line_03/2026-08-08/L03AAO100114.JPG,line_03,pcb3,2026-08-08,LOT-20260808-AAO,EQ-03-A,operation,defect,/Users/eundong/Library/CloudStorage/GoogleDrive-yidheld@gmail.com/내 드라이브/[Shared]SK_AI_Hackathon/archive/pcb3/Data/Masks/Anomaly/074.png,pcb3/Data/Images/Anomaly/074.JPG
line_03/2026-08-08/L03AAO100115.JPG,line_03,pcb3,2026-08-08,LOT-20260808-AAO,EQ-03-A,operation,defect,/Users/eundong/Library/CloudStorage/GoogleDrive-yidheld@gmail.com/내 드라이브/[Shared]SK_AI_Hackathon/archive/pcb3/Data/Masks/Anomaly/023.png,pcb3/Data/Images/Anomaly/023.JPG
line_03/2026-08-08/L03AAO100116.JPG,line_03,pcb3,2026-08-08,LOT-20260808-AAO,EQ-03-A,operation,defect,/Users/eundong/Library/CloudStorage/GoogleDrive-yidheld@gmail.com/내 드라이브/[Shared]SK_AI_Hackathon/archive/pcb3/Data/Masks/Anomaly/022.png,pcb3/Data/Images/Anomaly/022.JPG
line_03/2026-08-08/L03AAO100117.JPG,line_03,pcb3,2026-08-08,LOT-20260808-AAO,EQ-03-A,operation,normal,,pcb3/Data/Images/Normal/0646.JPG
line_03/2026-08-08/L03AAO100118.JPG,line_03,pcb3,2026-08-08,LOT-20260808-AAO,EQ-03-A,operation,normal,,pcb3/Data/Images/Normal/0235.JPG
line_03/2026-08-08/L03AAO100119.JPG,line_03,pcb3,2026-08-08,LOT-20260808-AAO,EQ-03-A,operation,normal,,pcb3/Data/Images/Normal/0647.JPG
line_03/2026-08-08/L03AAO100120.JPG,line_03,pcb3,2026-08-08,LOT-20260808-AAO,EQ-03-A,operation,normal,,pcb3/Data/Images/Normal/0079.JPG
line_03/2026-08-08/L03AAO100121.JPG,line_03,pcb3,2026-08-08,LOT-20260808-AAO,EQ-03-A,operation,normal,,pcb3/Data/Images/Normal/0898.JPG
line_03/2026-08-08/L03AAO100122.JPG,line_03,pcb3,2026-08-08,LOT-20260808-AAO,EQ-03-A,operation,normal,,pcb3/Data/Images/Normal/0096.JPG
line_03/2026-08-08/L03AAO100123.JPG,line_03,pcb3,2026-08-08,LOT-20260808-AAO,EQ-03-A,operation,normal,,pcb3/Data/Images/Normal/0456.JPG
line_03/2026-08-08/L03AAO100124.JPG,line_03,pcb3,2026-08-08,LOT-20260808-AAO,EQ-03-A,operation,normal,,pcb3/Data/Images/Normal/0401.JPG
line_03/2026-08-08/L03AAO100125.JPG,line_03,pcb3,2026-08-08,LOT-20260808-AAO,EQ-03-A,operation,normal,,pcb3/Data/Images/Normal/0383.JPG
line_03/2026-08-08/L03AAO100126.JPG,line_03,pcb3,2026-08-08,LOT-20260808-AAO,EQ-03-A,operation,normal,,pcb3/Data/Images/Normal/0214.JPG
line_03/2026-08-08/L03AAO100127.JPG,line_03,pcb3,2026-08-08,LOT-20260808-AAO,EQ-03-A,operation,normal,,pcb3/Data/Images/Normal/0492.JPG
line_03/2026-08-08/L03AAO100128.JPG,line_03,pcb3,2026-08-08,LOT-20260808-AAO,EQ-03-A,operation,normal,,pcb3/Data/Images/Normal/0768.JPG
line_03/2026-08-08/L03AAO100129.JPG,line_03,pcb3,2026-08-08,LOT-20260808-AAO,EQ-03-A,operation,normal,,pcb3/Data/Images/Normal/0123.JPG
line_03/2026-08-08/L03AAO100130.JPG,line_03,pcb3,2026-08-08,LOT-20260808-AAO,EQ-03-A,operation,normal,,pcb3/Data/Images/Normal/0440.JPG
line_03/2026-08-08/L03AAO100131.JPG,line_03,pcb3,2026-08-08,LOT-20260808-AAO,EQ-03-A,operation,normal,,pcb3/Data/Images/Normal/0034.JPG
line_03/2026-08-08/L03AAO100132.JPG,line_03,pcb3,2026-08-08,LOT-20260808-AAO,EQ-03-A,operation,normal,,pcb3/Data/Images/Normal/0681.JPG
line_03/2026-08-08/L03AAO100133.JPG,line_03,pcb3,2026-08-08,LOT-20260808-AAO,EQ-03-A,operation,normal,,pcb3/Data/Images/Normal/0857.JPG
line_03/2026-08-08/L03AAO100134.JPG,line_03,pcb3,2026-08-08,LOT-20260808-AAO,EQ-03-A,operation,normal,,pcb3/Data/Images/Normal/0699.JPG
line_03/2026-08-08/L03AAO100135.JPG,line_03,pcb3,2026-08-08,LOT-20260808-AAO,EQ-03-A,operation,normal,,pcb3/Data/Images/Normal/0434.JPG
line_03/2026-08-08/L03AAO100136.JPG,line_03,pcb3,2026-08-08,LOT-20260808-AAO,EQ-03-A,operation,normal,,pcb3/Data/Images/Normal/0844.JPG
line_03/2026-08-08/L03AAO100137.JPG,line_03,pcb3,2026-08-08,LOT-20260808-AAO,EQ-03-A,operation,normal,,pcb3/Data/Images/Normal/0024.JPG
line_03/2026-08-08/L03AAO100138.JPG,line_03,pcb3,2026-08-08,LOT-20260808-AAO,EQ-03-A,operation,normal,,pcb3/Data/Images/Normal/0813.JPG
line_03/2026-08-08/L03AAO100139.JPG,line_03,pcb3,2026-08-08,LOT-20260808-AAO,EQ-03-A,operation,normal,,pcb3/Data/Images/Normal/0022.JPG
line_03/2026-08-08/L03AAO100140.JPG,line_03,pcb3,2026-08-08,LOT-20260808-AAO,EQ-03-A,operation,normal,,pcb3/Data/Images/Normal/0965.JPG
line_03/2026-08-08/L03AAO100141.JPG,line_03,pcb3,2026-08-08,LOT-20260808-AAO,EQ-03-A,operation,normal,,pcb3/Data/Images/Normal/0224.JPG
line_03/2026-08-08/L03AAO100142.JPG,line_03,pcb3,2026-08-08,LOT-20260808-AAO,EQ-03-A,operation,normal,,pcb3/Data/Images/Normal/0119.JPG
line_03/2026-08-08/L03AAO100143.JPG,line_03,pcb3,2026-08-08,LOT-20260808-AAO,EQ-03-A,operation,normal,,pcb3/Data/Images/Normal/0772.JPG
line_03/2026-08-08/L03AAO100144.JPG,line_03,pcb3,2026-08-08,LOT-20260808-AAO,EQ-03-A,operation,normal,,pcb3/Data/Images/Normal/0421.JPG
line_03/2026-08-08/L03AAO100145.JPG,line_03,pcb3,2026-08-08,LOT-20260808-AAO,EQ-03-A,operation,normal,,pcb3/Data/Images/Normal/0432.JPG
line_03/2026-08-08/L03AAO100146.JPG,line_03,pcb3,2026-08-08,LOT-20260808-AAO,EQ-03-A,operation,normal,,pcb3/Data/Images/Normal/0071.JPG
line_03/2026-08-08/L03AAO100147.JPG,line_03,pcb3,2026-08-08,LOT-20260808-AAO,EQ-03-A,operation,defect,/Users/eundong/Library/CloudStorage/GoogleDrive-yidheld@gmail.com/내 드라이브/[Shared]SK_AI_Hackathon/archive/pcb3/Data/Masks/Anomaly/064.png,pcb3/Data/Images/Anomaly/064.JPG
line_03/2026-08-08/L03AAO100148.JPG,line_03,pcb3,2026-08-08,LOT-20260808-AAO,EQ-03-A,operation,defect,/Users/eundong/Library/CloudStorage/GoogleDrive-yidheld@gmail.com/내 드라이브/[Shared]SK_AI_Hackathon/archive/pcb3/Data/Masks/Anomaly/015.png,pcb3/Data/Images/Anomaly/015.JPG
line_03/2026-08-08/L03AAO100149.JPG,line_03,pcb3,2026-08-08,LOT-20260808-AAO,EQ-03-A,operation,normal,,pcb3/Data/Images/Normal/0775.JPG
line_03/2026-08-08/L03AAO100150.JPG,line_03,pcb3,2026-08-08,LOT-20260808-AAO,EQ-03-A,operation,normal,,pcb3/Data/Images/Normal/0148.JPG
line_03/2026-08-08/L03AAO100151.JPG,line_03,pcb3,2026-08-08,LOT-20260808-AAO,EQ-03-A,operation,normal,,pcb3/Data/Images/Normal/0534.JPG
line_03/2026-08-08/L03AAO100152.JPG,line_03,pcb3,2026-08-08,LOT-20260808-AAO,EQ-03-A,operation,normal,,pcb3/Data/Images/Normal/0579.JPG
line_03/2026-08-08/L03AAO100153.JPG,line_03,pcb3,2026-08-08,LOT-20260808-AAO,EQ-03-A,operation,normal,,pcb3/Data/Images/Normal/0794.JPG
line_03/2026-08-08/L03AAO100154.JPG,line_03,pcb3,2026-08-08,LOT-20260808-AAO,EQ-03-A,operation,normal,,pcb3/Data/Images/Normal/1005.JPG
line_03/2026-08-08/L03AAO100155.JPG,line_03,pcb3,2026-08-08,LOT-20260808-AAO,EQ-03-A,operation,normal,,pcb3/Data/Images/Normal/0723.JPG
line_03/2026-08-08/L03AAO100156.JPG,line_03,pcb3,2026-08-08,LOT-20260808-AAO,EQ-03-A,operation,normal,,pcb3/Data/Images/Normal/0164.JPG
line_03/2026-08-08/L03AAO100157.JPG,line_03,pcb3,2026-08-08,LOT-20260808-AAO,EQ-03-A,operation,normal,,pcb3/Data/Images/Normal/0976.JPG
line_03/2026-08-08/L03AAO100158.JPG,line_03,pcb3,2026-08-08,LOT-20260808-AAO,EQ-03-A,operation,normal,,pcb3/Data/Images/Normal/0154.JPG
line_03/2026-08-08/L03AAO100159.JPG,line_03,pcb3,2026-08-08,LOT-20260808-AAO,EQ-03-A,operation,normal,,pcb3/Data/Images/Normal/0073.JPG
line_03/2026-08-08/L03AAO100160.JPG,line_03,pcb3,2026-08-08,LOT-20260808-AAO,EQ-03-A,operation,normal,,pcb3/Data/Images/Normal/0444.JPG
line_03/2026-08-08/L03AAO100161.JPG,line_03,pcb3,2026-08-08,LOT-20260808-AAO,EQ-03-A,operation,normal,,pcb3/Data/Images/Normal/0714.JPG
line_03/2026-08-08/L03AAO100162.JPG,line_03,pcb3,2026-08-08,LOT-20260808-AAO,EQ-03-A,operation,normal,,pcb3/Data/Images/Normal/0211.JPG
line_03/2026-08-08/L03AAO100163.JPG,line_03,pcb3,2026-08-08,LOT-20260808-AAO,EQ-03-A,operation,normal,,pcb3/Data/Images/Normal/0153.JPG
line_03/2026-08-08/L03AAO100164.JPG,line_03,pcb3,2026-08-08,LOT-20260808-AAO,EQ-03-A,operation,normal,,pcb3/Data/Images/Normal/0830.JPG
line_03/2026-08-08/L03AAO100165.JPG,line_03,pcb3,2026-08-08,LOT-20260808-AAO,EQ-03-A,operation,normal,,pcb3/Data/Images/Normal/0993.JPG
line_03/2026-08-08/L03AAO100166.JPG,line_03,pcb3,2026-08-08,LOT-20260808-AAO,EQ-03-A,operation,normal,,pcb3/Data/Images/Normal/0636.JPG
line_03/2026-08-08/L03AAO100167.JPG,line_03,pcb3,2026-08-08,LOT-20260808-AAO,EQ-03-A,operation,normal,,pcb3/Data/Images/Normal/0540.JPG
line_03/2026-08-08/L03AAO100168.JPG,line_03,pcb3,2026-08-08,LOT-20260808-AAO,EQ-03-A,operation,normal,,pcb3/Data/Images/Normal/0992.JPG
line_03/2026-08-08/L03AAO100169.JPG,line_03,pcb3,2026-08-08,LOT-20260808-AAO,EQ-03-A,operation,defect,/Users/eundong/Library/CloudStorage/GoogleDrive-yidheld@gmail.com/내 드라이브/[Shared]SK_AI_Hackathon/archive/pcb3/Data/Masks/Anomaly/060.png,pcb3/Data/Images/Anomaly/060.JPG
line_03/2026-08-08/L03AAO100170.JPG,line_03,pcb3,2026-08-08,LOT-20260808-AAO,EQ-03-A,operation,normal,,pcb3/Data/Images/Normal/0218.JPG
line_03/2026-08-08/L03AAO100171.JPG,line_03,pcb3,2026-08-08,LOT-20260808-AAO,EQ-03-A,operation,normal,,pcb3/Data/Images/Normal/0284.JPG
line_03/2026-08-08/L03AAO100172.JPG,line_03,pcb3,2026-08-08,LOT-20260808-AAO,EQ-03-A,operation,normal,,pcb3/Data/Images/Normal/0810.JPG
line_03/2026-08-08/L03AAO100173.JPG,line_03,pcb3,2026-08-08,LOT-20260808-AAO,EQ-03-A,operation,normal,,pcb3/Data/Images/Normal/0474.JPG
line_03/2026-08-08/L03AAO100174.JPG,line_03,pcb3,2026-08-08,LOT-20260808-AAO,EQ-03-A,operation,normal,,pcb3/Data/Images/Normal/0823.JPG
line_03/2026-08-08/L03AAO100175.JPG,line_03,pcb3,2026-08-08,LOT-20260808-AAO,EQ-03-A,operation,normal,,pcb3/Data/Images/Normal/0675.JPG
line_03/2026-08-08/L03AAO100176.JPG,line_03,pcb3,2026-08-08,LOT-20260808-AAO,EQ-03-A,operation,normal,,pcb3/Data/Images/Normal/0268.JPG
line_03/2026-08-08/L03AAO100177.JPG,line_03,pcb3,2026-08-08,LOT-20260808-AAO,EQ-03-A,operation,defect,/Users/eundong/Library/CloudStorage/GoogleDrive-yidheld@gmail.com/내 드라이브/[Shared]SK_AI_Hackathon/archive/pcb3/Data/Masks/Anomaly/033.png,pcb3/Data/Images/Anomaly/033.JPG
line_03/2026-08-08/L03AAO100178.JPG,line_03,pcb3,2026-08-08,LOT-20260808-AAO,EQ-03-A,operation,normal,,pcb3/Data/Images/Normal/0713.JPG
line_03/2026-08-08/L03AAO100179.JPG,line_03,pcb3,2026-08-08,LOT-20260808-AAO,EQ-03-A,operation,normal,,pcb3/Data/Images/Normal/0213.JPG
line_03/2026-08-08/L03AAO100180.JPG,line_03,pcb3,2026-08-08,LOT-20260808-AAO,EQ-03-A,operation,normal,,pcb3/Data/Images/Normal/0399.JPG
line_03/2026-08-08/L03AAO100181.JPG,line_03,pcb3,2026-08-08,LOT-20260808-AAO,EQ-03-A,operation,normal,,pcb3/Data/Images/Normal/0448.JPG
line_03/2026-08-08/L03AAO100182.JPG,line_03,pcb3,2026-08-08,LOT-20260808-AAO,EQ-03-A,operation,normal,,pcb3/Data/Images/Normal/0946.JPG
line_03/2026-08-08/L03AAO100183.JPG,line_03,pcb3,2026-08-08,LOT-20260808-AAO,EQ-03-A,operation,normal,,pcb3/Data/Images/Normal/0783.JPG
line_03/2026-08-08/L03AAO100184.JPG,line_03,pcb3,2026-08-08,LOT-20260808-AAO,EQ-03-A,operation,normal,,pcb3/Data/Images/Normal/0094.JPG
line_03/2026-08-08/L03AAO100185.JPG,line_03,pcb3,2026-08-08,LOT-20260808-AAO,EQ-03-A,operation,normal,,pcb3/Data/Images/Normal/0376.JPG
line_04/2026-08-08/L04AAM100106.JPG,line_04,pcb4,2026-08-08,LOT-20260808-AAM,EQ-04-A,operation,normal,,pcb4/Data/Images/Normal/0325.JPG
line_04/2026-08-08/L04AAM100107.JPG,line_04,pcb4,2026-08-08,LOT-20260808-AAM,EQ-04-A,operation,normal,,pcb4/Data/Images/Normal/0772.JPG
line_04/2026-08-08/L04AAM100108.JPG,line_04,pcb4,2026-08-08,LOT-20260808-AAM,EQ-04-A,operation,normal,,pcb4/Data/Images/Normal/0444.JPG
line_04/2026-08-08/L04AAM100109.JPG,line_04,pcb4,2026-08-08,LOT-20260808-AAM,EQ-04-A,operation,normal,,pcb4/Data/Images/Normal/0827.JPG
line_04/2026-08-08/L04AAM100110.JPG,line_04,pcb4,2026-08-08,LOT-20260808-AAM,EQ-04-A,operation,normal,,pcb4/Data/Images/Normal/0483.JPG
line_04/2026-08-08/L04AAM100111.JPG,line_04,pcb4,2026-08-08,LOT-20260808-AAM,EQ-04-A,operation,normal,,pcb4/Data/Images/Normal/0192.JPG
line_04/2026-08-08/L04AAM100112.JPG,line_04,pcb4,2026-08-08,LOT-20260808-AAM,EQ-04-A,operation,defect,/Users/eundong/Library/CloudStorage/GoogleDrive-yidheld@gmail.com/내 드라이브/[Shared]SK_AI_Hackathon/archive/pcb4/Data/Masks/Anomaly/031.png,pcb4/Data/Images/Anomaly/031.JPG
line_04/2026-08-08/L04AAM100113.JPG,line_04,pcb4,2026-08-08,LOT-20260808-AAM,EQ-04-A,operation,normal,,pcb4/Data/Images/Normal/1003.JPG
line_04/2026-08-08/L04AAM100114.JPG,line_04,pcb4,2026-08-08,LOT-20260808-AAM,EQ-04-A,operation,normal,,pcb4/Data/Images/Normal/0619.JPG
line_04/2026-08-08/L04AAM100115.JPG,line_04,pcb4,2026-08-08,LOT-20260808-AAM,EQ-04-A,operation,normal,,pcb4/Data/Images/Normal/0646.JPG
line_04/2026-08-08/L04AAM100116.JPG,line_04,pcb4,2026-08-08,LOT-20260808-AAM,EQ-04-A,operation,normal,,pcb4/Data/Images/Normal/0271.JPG
line_04/2026-08-08/L04AAM100117.JPG,line_04,pcb4,2026-08-08,LOT-20260808-AAM,EQ-04-A,operation,normal,,pcb4/Data/Images/Normal/0121.JPG
line_04/2026-08-08/L04AAM100118.JPG,line_04,pcb4,2026-08-08,LOT-20260808-AAM,EQ-04-A,operation,normal,,pcb4/Data/Images/Normal/0863.JPG
line_04/2026-08-08/L04AAM100119.JPG,line_04,pcb4,2026-08-08,LOT-20260808-AAM,EQ-04-A,operation,normal,,pcb4/Data/Images/Normal/0251.JPG
line_04/2026-08-08/L04AAM100120.JPG,line_04,pcb4,2026-08-08,LOT-20260808-AAM,EQ-04-A,operation,normal,,pcb4/Data/Images/Normal/0030.JPG
line_04/2026-08-08/L04AAM100121.JPG,line_04,pcb4,2026-08-08,LOT-20260808-AAM,EQ-04-A,operation,normal,,pcb4/Data/Images/Normal/0542.JPG
line_04/2026-08-08/L04AAM100122.JPG,line_04,pcb4,2026-08-08,LOT-20260808-AAM,EQ-04-A,operation,normal,,pcb4/Data/Images/Normal/0563.JPG
line_04/2026-08-08/L04AAM100123.JPG,line_04,pcb4,2026-08-08,LOT-20260808-AAM,EQ-04-A,operation,normal,,pcb4/Data/Images/Normal/0640.JPG
line_04/2026-08-08/L04AAM100124.JPG,line_04,pcb4,2026-08-08,LOT-20260808-AAM,EQ-04-A,operation,defect,/Users/eundong/Library/CloudStorage/GoogleDrive-yidheld@gmail.com/내 드라이브/[Shared]SK_AI_Hackathon/archive/pcb4/Data/Masks/Anomaly/089.png,pcb4/Data/Images/Anomaly/089.JPG
line_04/2026-08-08/L04AAM100125.JPG,line_04,pcb4,2026-08-08,LOT-20260808-AAM,EQ-04-A,operation,normal,,pcb4/Data/Images/Normal/0691.JPG
line_04/2026-08-08/L04AAM100126.JPG,line_04,pcb4,2026-08-08,LOT-20260808-AAM,EQ-04-A,operation,normal,,pcb4/Data/Images/Normal/0924.JPG
line_04/2026-08-08/L04AAM100127.JPG,line_04,pcb4,2026-08-08,LOT-20260808-AAM,EQ-04-A,operation,normal,,pcb4/Data/Images/Normal/0266.JPG
line_04/2026-08-08/L04AAM100128.JPG,line_04,pcb4,2026-08-08,LOT-20260808-AAM,EQ-04-A,operation,defect,/Users/eundong/Library/CloudStorage/GoogleDrive-yidheld@gmail.com/내 드라이브/[Shared]SK_AI_Hackathon/archive/pcb4/Data/Masks/Anomaly/016.png,pcb4/Data/Images/Anomaly/016.JPG
line_04/2026-08-08/L04AAM100129.JPG,line_04,pcb4,2026-08-08,LOT-20260808-AAM,EQ-04-A,operation,normal,,pcb4/Data/Images/Normal/0712.JPG
line_04/2026-08-08/L04AAM100130.JPG,line_04,pcb4,2026-08-08,LOT-20260808-AAM,EQ-04-A,operation,normal,,pcb4/Data/Images/Normal/0388.JPG
line_04/2026-08-08/L04AAM100131.JPG,line_04,pcb4,2026-08-08,LOT-20260808-AAM,EQ-04-A,operation,normal,,pcb4/Data/Images/Normal/0664.JPG
line_04/2026-08-08/L04AAM100132.JPG,line_04,pcb4,2026-08-08,LOT-20260808-AAM,EQ-04-A,operation,normal,,pcb4/Data/Images/Normal/0043.JPG
line_04/2026-08-08/L04AAM100133.JPG,line_04,pcb4,2026-08-08,LOT-20260808-AAM,EQ-04-A,operation,normal,,pcb4/Data/Images/Normal/0297.JPG
line_04/2026-08-08/L04AAM100134.JPG,line_04,pcb4,2026-08-08,LOT-20260808-AAM,EQ-04-A,operation,normal,,pcb4/Data/Images/Normal/0048.JPG
line_04/2026-08-08/L04AAM100135.JPG,line_04,pcb4,2026-08-08,LOT-20260808-AAM,EQ-04-A,operation,normal,,pcb4/Data/Images/Normal/0258.JPG
line_04/2026-08-08/L04AAM100136.JPG,line_04,pcb4,2026-08-08,LOT-20260808-AAM,EQ-04-A,operation,normal,,pcb4/Data/Images/Normal/0904.JPG
line_04/2026-08-08/L04AAM100137.JPG,line_04,pcb4,2026-08-08,LOT-20260808-AAM,EQ-04-A,operation,normal,,pcb4/Data/Images/Normal/0845.JPG
line_04/2026-08-08/L04AAM100138.JPG,line_04,pcb4,2026-08-08,LOT-20260808-AAM,EQ-04-A,operation,normal,,pcb4/Data/Images/Normal/0038.JPG
line_04/2026-08-08/L04AAM100139.JPG,line_04,pcb4,2026-08-08,LOT-20260808-AAM,EQ-04-A,operation,normal,,pcb4/Data/Images/Normal/0303.JPG
line_04/2026-08-08/L04AAM100140.JPG,line_04,pcb4,2026-08-08,LOT-20260808-AAM,EQ-04-A,operation,defect,/Users/eundong/Library/CloudStorage/GoogleDrive-yidheld@gmail.com/내 드라이브/[Shared]SK_AI_Hackathon/archive/pcb4/Data/Masks/Anomaly/058.png,pcb4/Data/Images/Anomaly/058.JPG
line_04/2026-08-08/L04AAM100141.JPG,line_04,pcb4,2026-08-08,LOT-20260808-AAM,EQ-04-A,operation,normal,,pcb4/Data/Images/Normal/0751.JPG
line_04/2026-08-08/L04AAM100142.JPG,line_04,pcb4,2026-08-08,LOT-20260808-AAM,EQ-04-A,operation,normal,,pcb4/Data/Images/Normal/0762.JPG
line_04/2026-08-08/L04AAM100143.JPG,line_04,pcb4,2026-08-08,LOT-20260808-AAM,EQ-04-A,operation,normal,,pcb4/Data/Images/Normal/0532.JPG
line_04/2026-08-08/L04AAM100144.JPG,line_04,pcb4,2026-08-08,LOT-20260808-AAM,EQ-04-A,operation,normal,,pcb4/Data/Images/Normal/0066.JPG
line_04/2026-08-08/L04AAM100145.JPG,line_04,pcb4,2026-08-08,LOT-20260808-AAM,EQ-04-A,operation,normal,,pcb4/Data/Images/Normal/0884.JPG
line_04/2026-08-08/L04AAM100146.JPG,line_04,pcb4,2026-08-08,LOT-20260808-AAM,EQ-04-A,operation,normal,,pcb4/Data/Images/Normal/0782.JPG
line_04/2026-08-08/L04AAM100147.JPG,line_04,pcb4,2026-08-08,LOT-20260808-AAM,EQ-04-A,operation,normal,,pcb4/Data/Images/Normal/0645.JPG
line_04/2026-08-08/L04AAM100148.JPG,line_04,pcb4,2026-08-08,LOT-20260808-AAM,EQ-04-A,operation,normal,,pcb4/Data/Images/Normal/0635.JPG
line_04/2026-08-08/L04AAM100149.JPG,line_04,pcb4,2026-08-08,LOT-20260808-AAM,EQ-04-A,operation,normal,,pcb4/Data/Images/Normal/0590.JPG
line_04/2026-08-08/L04AAM100150.JPG,line_04,pcb4,2026-08-08,LOT-20260808-AAM,EQ-04-A,operation,normal,,pcb4/Data/Images/Normal/0534.JPG
line_04/2026-08-08/L04AAM100151.JPG,line_04,pcb4,2026-08-08,LOT-20260808-AAM,EQ-04-A,operation,normal,,pcb4/Data/Images/Normal/0965.JPG
line_04/2026-08-08/L04AAM100152.JPG,line_04,pcb4,2026-08-08,LOT-20260808-AAM,EQ-04-A,operation,normal,,pcb4/Data/Images/Normal/0865.JPG
line_04/2026-08-08/L04AAM100153.JPG,line_04,pcb4,2026-08-08,LOT-20260808-AAM,EQ-04-A,operation,defect,/Users/eundong/Library/CloudStorage/GoogleDrive-yidheld@gmail.com/내 드라이브/[Shared]SK_AI_Hackathon/archive/pcb4/Data/Masks/Anomaly/041.png,pcb4/Data/Images/Anomaly/041.JPG
line_04/2026-08-08/L04AAM100154.JPG,line_04,pcb4,2026-08-08,LOT-20260808-AAM,EQ-04-A,operation,normal,,pcb4/Data/Images/Normal/0441.JPG
line_04/2026-08-08/L04AAM100155.JPG,line_04,pcb4,2026-08-08,LOT-20260808-AAM,EQ-04-A,operation,normal,,pcb4/Data/Images/Normal/0832.JPG
line_04/2026-08-08/L04AAM100156.JPG,line_04,pcb4,2026-08-08,LOT-20260808-AAM,EQ-04-A,operation,defect,/Users/eundong/Library/CloudStorage/GoogleDrive-yidheld@gmail.com/내 드라이브/[Shared]SK_AI_Hackathon/archive/pcb4/Data/Masks/Anomaly/034.png,pcb4/Data/Images/Anomaly/034.JPG
line_04/2026-08-08/L04AAM100157.JPG,line_04,pcb4,2026-08-08,LOT-20260808-AAM,EQ-04-A,operation,normal,,pcb4/Data/Images/Normal/0919.JPG
line_04/2026-08-08/L04AAM100158.JPG,line_04,pcb4,2026-08-08,LOT-20260808-AAM,EQ-04-A,operation,normal,,pcb4/Data/Images/Normal/0103.JPG
line_04/2026-08-08/L04AAM100159.JPG,line_04,pcb4,2026-08-08,LOT-20260808-AAM,EQ-04-A,operation,normal,,pcb4/Data/Images/Normal/0529.JPG
line_04/2026-08-08/L04AAM100160.JPG,line_04,pcb4,2026-08-08,LOT-20260808-AAM,EQ-04-A,operation,normal,,pcb4/Data/Images/Normal/0702.JPG
line_04/2026-08-08/L04AAM100161.JPG,line_04,pcb4,2026-08-08,LOT-20260808-AAM,EQ-04-A,operation,normal,,pcb4/Data/Images/Normal/0849.JPG
line_04/2026-08-08/L04AAM100162.JPG,line_04,pcb4,2026-08-08,LOT-20260808-AAM,EQ-04-A,operation,normal,,pcb4/Data/Images/Normal/0505.JPG
line_04/2026-08-08/L04AAM100163.JPG,line_04,pcb4,2026-08-08,LOT-20260808-AAM,EQ-04-A,operation,normal,,pcb4/Data/Images/Normal/0783.JPG
line_04/2026-08-08/L04AAM100164.JPG,line_04,pcb4,2026-08-08,LOT-20260808-AAM,EQ-04-A,operation,normal,,pcb4/Data/Images/Normal/0516.JPG
line_04/2026-08-08/L04AAM100165.JPG,line_04,pcb4,2026-08-08,LOT-20260808-AAM,EQ-04-A,operation,normal,,pcb4/Data/Images/Normal/0757.JPG
line_04/2026-08-08/L04AAM100166.JPG,line_04,pcb4,2026-08-08,LOT-20260808-AAM,EQ-04-A,operation,normal,,pcb4/Data/Images/Normal/0774.JPG
line_04/2026-08-08/L04AAM100167.JPG,line_04,pcb4,2026-08-08,LOT-20260808-AAM,EQ-04-A,operation,normal,,pcb4/Data/Images/Normal/0160.JPG
line_04/2026-08-08/L04AAM100168.JPG,line_04,pcb4,2026-08-08,LOT-20260808-AAM,EQ-04-A,operation,normal,,pcb4/Data/Images/Normal/0208.JPG
line_04/2026-08-08/L04AAM100169.JPG,line_04,pcb4,2026-08-08,LOT-20260808-AAM,EQ-04-A,operation,defect,/Users/eundong/Library/CloudStorage/GoogleDrive-yidheld@gmail.com/내 드라이브/[Shared]SK_AI_Hackathon/archive/pcb4/Data/Masks/Anomaly/087.png,pcb4/Data/Images/Anomaly/087.JPG
line_04/2026-08-08/L04AAM100170.JPG,line_04,pcb4,2026-08-08,LOT-20260808-AAM,EQ-04-A,operation,normal,,pcb4/Data/Images/Normal/0387.JPG
line_04/2026-08-08/L04AAM100171.JPG,line_04,pcb4,2026-08-08,LOT-20260808-AAM,EQ-04-A,operation,normal,,pcb4/Data/Images/Normal/0504.JPG
line_04/2026-08-08/L04AAM100172.JPG,line_04,pcb4,2026-08-08,LOT-20260808-AAM,EQ-04-A,operation,normal,,pcb4/Data/Images/Normal/0183.JPG
line_04/2026-08-08/L04AAM100173.JPG,line_04,pcb4,2026-08-08,LOT-20260808-AAM,EQ-04-A,operation,normal,,pcb4/Data/Images/Normal/0106.JPG
line_04/2026-08-08/L04AAM100174.JPG,line_04,pcb4,2026-08-08,LOT-20260808-AAM,EQ-04-A,operation,normal,,pcb4/Data/Images/Normal/0802.JPG
line_04/2026-08-08/L04AAM100175.JPG,line_04,pcb4,2026-08-08,LOT-20260808-AAM,EQ-04-A,operation,normal,,pcb4/Data/Images/Normal/0342.JPG
line_04/2026-08-08/L04AAM100176.JPG,line_04,pcb4,2026-08-08,LOT-20260808-AAM,EQ-04-A,operation,normal,,pcb4/Data/Images/Normal/0753.JPG
line_04/2026-08-08/L04AAM100177.JPG,line_04,pcb4,2026-08-08,LOT-20260808-AAM,EQ-04-A,operation,normal,,pcb4/Data/Images/Normal/0537.JPG
line_04/2026-08-08/L04AAM100178.JPG,line_04,pcb4,2026-08-08,LOT-20260808-AAM,EQ-04-A,operation,normal,,pcb4/Data/Images/Normal/0558.JPG
line_04/2026-08-08/L04AAM100179.JPG,line_04,pcb4,2026-08-08,LOT-20260808-AAM,EQ-04-A,operation,normal,,pcb4/Data/Images/Normal/0046.JPG
line_04/2026-08-08/L04AAM100180.JPG,line_04,pcb4,2026-08-08,LOT-20260808-AAM,EQ-04-A,operation,normal,,pcb4/Data/Images/Normal/0677.JPG
line_04/2026-08-08/L04AAM100181.JPG,line_04,pcb4,2026-08-08,LOT-20260808-AAM,EQ-04-A,operation,normal,,pcb4/Data/Images/Normal/0861.JPG
line_04/2026-08-08/L04AAM100182.JPG,line_04,pcb4,2026-08-08,LOT-20260808-AAM,EQ-04-A,operation,defect,/Users/eundong/Library/CloudStorage/GoogleDrive-yidheld@gmail.com/내 드라이브/[Shared]SK_AI_Hackathon/archive/pcb4/Data/Masks/Anomaly/068.png,pcb4/Data/Images/Anomaly/068.JPG
line_04/2026-08-08/L04AAM100183.JPG,line_04,pcb4,2026-08-08,LOT-20260808-AAM,EQ-04-A,operation,normal,,pcb4/Data/Images/Normal/0020.JPG
line_04/2026-08-08/L04AAM100184.JPG,line_04,pcb4,2026-08-08,LOT-20260808-AAM,EQ-04-A,operation,normal,,pcb4/Data/Images/Normal/0110.JPG
line_04/2026-08-08/L04AAM100185.JPG,line_04,pcb4,2026-08-08,LOT-20260808-AAM,EQ-04-A,operation,normal,,pcb4/Data/Images/Normal/0744.JPG
line_04/2026-08-08/L04AAM100186.JPG,line_04,pcb4,2026-08-08,LOT-20260808-AAM,EQ-04-A,operation,defect,/Users/eundong/Library/CloudStorage/GoogleDrive-yidheld@gmail.com/내 드라이브/[Shared]SK_AI_Hackathon/archive/pcb4/Data/Masks/Anomaly/023.png,pcb4/Data/Images/Anomaly/023.JPG
line_04/2026-08-08/L04AAM100187.JPG,line_04,pcb4,2026-08-08,LOT-20260808-AAM,EQ-04-A,operation,normal,,pcb4/Data/Images/Normal/0998.JPG
line_04/2026-08-08/L04AAM100188.JPG,line_04,pcb4,2026-08-08,LOT-20260808-AAM,EQ-04-A,operation,normal,,pcb4/Data/Images/Normal/0282.JPG
line_04/2026-08-08/L04AAM100189.JPG,line_04,pcb4,2026-08-08,LOT-20260808-AAM,EQ-04-A,operation,normal,,pcb4/Data/Images/Normal/0422.JPG
line_04/2026-08-08/L04AAM100190.JPG,line_04,pcb4,2026-08-08,LOT-20260808-AAM,EQ-04-A,operation,normal,,pcb4/Data/Images/Normal/0182.JPG
line_04/2026-08-08/L04AAM100191.JPG,line_04,pcb4,2026-08-08,LOT-20260808-AAM,EQ-04-A,operation,normal,,pcb4/Data/Images/Normal/0867.JPG
line_04/2026-08-08/L04AAM100192.JPG,line_04,pcb4,2026-08-08,LOT-20260808-AAM,EQ-04-A,operation,normal,,pcb4/Data/Images/Normal/0262.JPG
line_04/2026-08-08/L04AAM100193.JPG,line_04,pcb4,2026-08-08,LOT-20260808-AAM,EQ-04-A,operation,normal,,pcb4/Data/Images/Normal/0930.JPG
line_04/2026-08-08/L04AAM100194.JPG,line_04,pcb4,2026-08-08,LOT-20260808-AAM,EQ-04-A,operation,normal,,pcb4/Data/Images/Normal/0153.JPG
line_04/2026-08-08/L04AAM100195.JPG,line_04,pcb4,2026-08-08,LOT-20260808-AAM,EQ-04-A,operation,normal,,pcb4/Data/Images/Normal/0478.JPG
line_04/2026-08-08/L04AAM100196.JPG,line_04,pcb4,2026-08-08,LOT-20260808-AAM,EQ-04-A,operation,normal,,pcb4/Data/Images/Normal/0509.JPG
line_04/2026-08-08/L04AAM100197.JPG,line_04,pcb4,2026-08-08,LOT-20260808-AAM,EQ-04-A,operation,normal,,pcb4/Data/Images/Normal/0445.JPG
line_04/2026-08-08/L04AAM100198.JPG,line_04,pcb4,2026-08-08,LOT-20260808-AAM,EQ-04-A,operation,normal,,pcb4/Data/Images/Normal/0715.JPG
line_04/2026-08-08/L04AAM100199.JPG,line_04,pcb4,2026-08-08,LOT-20260808-AAM,EQ-04-A,operation,normal,,pcb4/Data/Images/Normal/0934.JPG
line_01/2026-08-09/L01AAP100078.JPG,line_01,pcb1,2026-08-09,LOT-20260809-AAP,EQ-01-A,operation,normal,,pcb1/Data/Images/Normal/0954.JPG
line_01/2026-08-09/L01AAP100079.JPG,line_01,pcb1,2026-08-09,LOT-20260809-AAP,EQ-01-A,operation,normal,,pcb1/Data/Images/Normal/0443.JPG
line_01/2026-08-09/L01AAP100080.JPG,line_01,pcb1,2026-08-09,LOT-20260809-AAP,EQ-01-A,operation,defect,/Users/eundong/Library/CloudStorage/GoogleDrive-yidheld@gmail.com/내 드라이브/[Shared]SK_AI_Hackathon/archive/pcb1/Data/Masks/Anomaly/022.png,pcb1/Data/Images/Anomaly/022.JPG
line_01/2026-08-09/L01AAP100081.JPG,line_01,pcb1,2026-08-09,LOT-20260809-AAP,EQ-01-A,operation,normal,,pcb1/Data/Images/Normal/0115.JPG
line_01/2026-08-09/L01AAP100082.JPG,line_01,pcb1,2026-08-09,LOT-20260809-AAP,EQ-01-A,operation,normal,,pcb1/Data/Images/Normal/0101.JPG
line_01/2026-08-09/L01AAP100083.JPG,line_01,pcb1,2026-08-09,LOT-20260809-AAP,EQ-01-A,operation,normal,,pcb1/Data/Images/Normal/0601.JPG
line_01/2026-08-09/L01AAP100084.JPG,line_01,pcb1,2026-08-09,LOT-20260809-AAP,EQ-01-A,operation,normal,,pcb1/Data/Images/Normal/0012.JPG
line_01/2026-08-09/L01AAP100085.JPG,line_01,pcb1,2026-08-09,LOT-20260809-AAP,EQ-01-A,operation,normal,,pcb1/Data/Images/Normal/0023.JPG
line_01/2026-08-09/L01AAP100086.JPG,line_01,pcb1,2026-08-09,LOT-20260809-AAP,EQ-01-A,operation,normal,,pcb1/Data/Images/Normal/0125.JPG
line_01/2026-08-09/L01AAP100087.JPG,line_01,pcb1,2026-08-09,LOT-20260809-AAP,EQ-01-A,operation,normal,,pcb1/Data/Images/Normal/0722.JPG
line_01/2026-08-09/L01AAP100088.JPG,line_01,pcb1,2026-08-09,LOT-20260809-AAP,EQ-01-A,operation,normal,,pcb1/Data/Images/Normal/0515.JPG
line_01/2026-08-09/L01AAP100089.JPG,line_01,pcb1,2026-08-09,LOT-20260809-AAP,EQ-01-A,operation,defect,/Users/eundong/Library/CloudStorage/GoogleDrive-yidheld@gmail.com/내 드라이브/[Shared]SK_AI_Hackathon/archive/pcb1/Data/Masks/Anomaly/026.png,pcb1/Data/Images/Anomaly/026.JPG
line_01/2026-08-09/L01AAP100090.JPG,line_01,pcb1,2026-08-09,LOT-20260809-AAP,EQ-01-A,operation,normal,,pcb1/Data/Images/Normal/0037.JPG
line_01/2026-08-09/L01AAP100091.JPG,line_01,pcb1,2026-08-09,LOT-20260809-AAP,EQ-01-A,operation,normal,,pcb1/Data/Images/Normal/0798.JPG
line_01/2026-08-09/L01AAP100092.JPG,line_01,pcb1,2026-08-09,LOT-20260809-AAP,EQ-01-A,operation,normal,,pcb1/Data/Images/Normal/0212.JPG
line_01/2026-08-09/L01AAP100093.JPG,line_01,pcb1,2026-08-09,LOT-20260809-AAP,EQ-01-A,operation,normal,,pcb1/Data/Images/Normal/0948.JPG
line_01/2026-08-09/L01AAP100094.JPG,line_01,pcb1,2026-08-09,LOT-20260809-AAP,EQ-01-A,operation,defect,/Users/eundong/Library/CloudStorage/GoogleDrive-yidheld@gmail.com/내 드라이브/[Shared]SK_AI_Hackathon/archive/pcb1/Data/Masks/Anomaly/079.png,pcb1/Data/Images/Anomaly/079.JPG
line_01/2026-08-09/L01AAP100095.JPG,line_01,pcb1,2026-08-09,LOT-20260809-AAP,EQ-01-A,operation,normal,,pcb1/Data/Images/Normal/0294.JPG
line_01/2026-08-09/L01AAP100096.JPG,line_01,pcb1,2026-08-09,LOT-20260809-AAP,EQ-01-A,operation,normal,,pcb1/Data/Images/Normal/0707.JPG
line_01/2026-08-09/L01AAP100097.JPG,line_01,pcb1,2026-08-09,LOT-20260809-AAP,EQ-01-A,operation,normal,,pcb1/Data/Images/Normal/0949.JPG
line_01/2026-08-09/L01AAP100098.JPG,line_01,pcb1,2026-08-09,LOT-20260809-AAP,EQ-01-A,operation,normal,,pcb1/Data/Images/Normal/0850.JPG
line_01/2026-08-09/L01AAP100099.JPG,line_01,pcb1,2026-08-09,LOT-20260809-AAP,EQ-01-A,operation,normal,,pcb1/Data/Images/Normal/0690.JPG
line_01/2026-08-09/L01AAP100100.JPG,line_01,pcb1,2026-08-09,LOT-20260809-AAP,EQ-01-A,operation,normal,,pcb1/Data/Images/Normal/0743.JPG
line_01/2026-08-09/L01AAP100101.JPG,line_01,pcb1,2026-08-09,LOT-20260809-AAP,EQ-01-A,operation,defect,/Users/eundong/Library/CloudStorage/GoogleDrive-yidheld@gmail.com/내 드라이브/[Shared]SK_AI_Hackathon/archive/pcb1/Data/Masks/Anomaly/065.png,pcb1/Data/Images/Anomaly/065.JPG
line_01/2026-08-09/L01AAP100102.JPG,line_01,pcb1,2026-08-09,LOT-20260809-AAP,EQ-01-A,operation,normal,,pcb1/Data/Images/Normal/0499.JPG
line_01/2026-08-09/L01AAP100103.JPG,line_01,pcb1,2026-08-09,LOT-20260809-AAP,EQ-01-A,operation,normal,,pcb1/Data/Images/Normal/0124.JPG
line_01/2026-08-09/L01AAP100104.JPG,line_01,pcb1,2026-08-09,LOT-20260809-AAP,EQ-01-A,operation,defect,/Users/eundong/Library/CloudStorage/GoogleDrive-yidheld@gmail.com/내 드라이브/[Shared]SK_AI_Hackathon/archive/pcb1/Data/Masks/Anomaly/062.png,pcb1/Data/Images/Anomaly/062.JPG
line_01/2026-08-09/L01AAP100105.JPG,line_01,pcb1,2026-08-09,LOT-20260809-AAP,EQ-01-A,operation,normal,,pcb1/Data/Images/Normal/0662.JPG
line_01/2026-08-09/L01AAP100106.JPG,line_01,pcb1,2026-08-09,LOT-20260809-AAP,EQ-01-A,operation,normal,,pcb1/Data/Images/Normal/0414.JPG
line_01/2026-08-09/L01AAP100107.JPG,line_01,pcb1,2026-08-09,LOT-20260809-AAP,EQ-01-A,operation,normal,,pcb1/Data/Images/Normal/0947.JPG
line_01/2026-08-09/L01AAP100108.JPG,line_01,pcb1,2026-08-09,LOT-20260809-AAP,EQ-01-A,operation,normal,,pcb1/Data/Images/Normal/0697.JPG
line_01/2026-08-09/L01AAP100109.JPG,line_01,pcb1,2026-08-09,LOT-20260809-AAP,EQ-01-A,operation,normal,,pcb1/Data/Images/Normal/0054.JPG
line_01/2026-08-09/L01AAP100110.JPG,line_01,pcb1,2026-08-09,LOT-20260809-AAP,EQ-01-A,operation,defect,/Users/eundong/Library/CloudStorage/GoogleDrive-yidheld@gmail.com/내 드라이브/[Shared]SK_AI_Hackathon/archive/pcb1/Data/Masks/Anomaly/003.png,pcb1/Data/Images/Anomaly/003.JPG
line_01/2026-08-09/L01AAP100111.JPG,line_01,pcb1,2026-08-09,LOT-20260809-AAP,EQ-01-A,operation,normal,,pcb1/Data/Images/Normal/0866.JPG
line_01/2026-08-09/L01AAP100112.JPG,line_01,pcb1,2026-08-09,LOT-20260809-AAP,EQ-01-A,operation,normal,,pcb1/Data/Images/Normal/0839.JPG
line_01/2026-08-09/L01AAP100113.JPG,line_01,pcb1,2026-08-09,LOT-20260809-AAP,EQ-01-A,operation,normal,,pcb1/Data/Images/Normal/0090.JPG
line_01/2026-08-09/L01AAP100114.JPG,line_01,pcb1,2026-08-09,LOT-20260809-AAP,EQ-01-A,operation,defect,/Users/eundong/Library/CloudStorage/GoogleDrive-yidheld@gmail.com/내 드라이브/[Shared]SK_AI_Hackathon/archive/pcb1/Data/Masks/Anomaly/060.png,pcb1/Data/Images/Anomaly/060.JPG
line_01/2026-08-09/L01AAP100115.JPG,line_01,pcb1,2026-08-09,LOT-20260809-AAP,EQ-01-A,operation,normal,,pcb1/Data/Images/Normal/0375.JPG
line_01/2026-08-09/L01AAP100116.JPG,line_01,pcb1,2026-08-09,LOT-20260809-AAP,EQ-01-A,operation,normal,,pcb1/Data/Images/Normal/0265.JPG
line_01/2026-08-09/L01AAP100117.JPG,line_01,pcb1,2026-08-09,LOT-20260809-AAP,EQ-01-A,operation,normal,,pcb1/Data/Images/Normal/0237.JPG
line_01/2026-08-09/L01AAP100118.JPG,line_01,pcb1,2026-08-09,LOT-20260809-AAP,EQ-01-A,operation,normal,,pcb1/Data/Images/Normal/0530.JPG
line_01/2026-08-09/L01AAP100119.JPG,line_01,pcb1,2026-08-09,LOT-20260809-AAP,EQ-01-A,operation,normal,,pcb1/Data/Images/Normal/0683.JPG
line_01/2026-08-09/L01AAP100120.JPG,line_01,pcb1,2026-08-09,LOT-20260809-AAP,EQ-01-A,operation,normal,,pcb1/Data/Images/Normal/0939.JPG
line_01/2026-08-09/L01AAP100121.JPG,line_01,pcb1,2026-08-09,LOT-20260809-AAP,EQ-01-A,operation,normal,,pcb1/Data/Images/Normal/0753.JPG
line_01/2026-08-09/L01AAP100122.JPG,line_01,pcb1,2026-08-09,LOT-20260809-AAP,EQ-01-A,operation,normal,,pcb1/Data/Images/Normal/0381.JPG
line_01/2026-08-09/L01AAP100123.JPG,line_01,pcb1,2026-08-09,LOT-20260809-AAP,EQ-01-A,operation,normal,,pcb1/Data/Images/Normal/0068.JPG
line_01/2026-08-09/L01AAP100124.JPG,line_01,pcb1,2026-08-09,LOT-20260809-AAP,EQ-01-A,operation,normal,,pcb1/Data/Images/Normal/0360.JPG
line_01/2026-08-09/L01AAP100125.JPG,line_01,pcb1,2026-08-09,LOT-20260809-AAP,EQ-01-A,operation,normal,,pcb1/Data/Images/Normal/0507.JPG
line_01/2026-08-09/L01AAP100126.JPG,line_01,pcb1,2026-08-09,LOT-20260809-AAP,EQ-01-A,operation,defect,/Users/eundong/Library/CloudStorage/GoogleDrive-yidheld@gmail.com/내 드라이브/[Shared]SK_AI_Hackathon/archive/pcb1/Data/Masks/Anomaly/035.png,pcb1/Data/Images/Anomaly/035.JPG
line_01/2026-08-09/L01AAP100127.JPG,line_01,pcb1,2026-08-09,LOT-20260809-AAP,EQ-01-A,operation,normal,,pcb1/Data/Images/Normal/0620.JPG
line_01/2026-08-09/L01AAP100128.JPG,line_01,pcb1,2026-08-09,LOT-20260809-AAP,EQ-01-A,operation,normal,,pcb1/Data/Images/Normal/0286.JPG
line_01/2026-08-09/L01AAP100129.JPG,line_01,pcb1,2026-08-09,LOT-20260809-AAP,EQ-01-A,operation,normal,,pcb1/Data/Images/Normal/0304.JPG
line_01/2026-08-09/L01AAP100130.JPG,line_01,pcb1,2026-08-09,LOT-20260809-AAP,EQ-01-A,operation,normal,,pcb1/Data/Images/Normal/0162.JPG
line_01/2026-08-09/L01AAP100131.JPG,line_01,pcb1,2026-08-09,LOT-20260809-AAP,EQ-01-A,operation,normal,,pcb1/Data/Images/Normal/0772.JPG
line_01/2026-08-09/L01AAP100132.JPG,line_01,pcb1,2026-08-09,LOT-20260809-AAP,EQ-01-A,operation,normal,,pcb1/Data/Images/Normal/0313.JPG
line_01/2026-08-09/L01AAP100133.JPG,line_01,pcb1,2026-08-09,LOT-20260809-AAP,EQ-01-A,operation,normal,,pcb1/Data/Images/Normal/0258.JPG
line_01/2026-08-09/L01AAP100134.JPG,line_01,pcb1,2026-08-09,LOT-20260809-AAP,EQ-01-A,operation,normal,,pcb1/Data/Images/Normal/0599.JPG
line_01/2026-08-09/L01AAP100135.JPG,line_01,pcb1,2026-08-09,LOT-20260809-AAP,EQ-01-A,operation,normal,,pcb1/Data/Images/Normal/0423.JPG
line_01/2026-08-09/L01AAP100136.JPG,line_01,pcb1,2026-08-09,LOT-20260809-AAP,EQ-01-A,operation,normal,,pcb1/Data/Images/Normal/0513.JPG
line_01/2026-08-09/L01AAP100137.JPG,line_01,pcb1,2026-08-09,LOT-20260809-AAP,EQ-01-A,operation,normal,,pcb1/Data/Images/Normal/0919.JPG
line_01/2026-08-09/L01AAP100138.JPG,line_01,pcb1,2026-08-09,LOT-20260809-AAP,EQ-01-A,operation,normal,,pcb1/Data/Images/Normal/0830.JPG
line_01/2026-08-09/L01AAP100139.JPG,line_01,pcb1,2026-08-09,LOT-20260809-AAP,EQ-01-A,operation,normal,,pcb1/Data/Images/Normal/0742.JPG
line_01/2026-08-09/L01AAP100140.JPG,line_01,pcb1,2026-08-09,LOT-20260809-AAP,EQ-01-A,operation,normal,,pcb1/Data/Images/Normal/0132.JPG
line_01/2026-08-09/L01AAP100141.JPG,line_01,pcb1,2026-08-09,LOT-20260809-AAP,EQ-01-A,operation,normal,,pcb1/Data/Images/Normal/0126.JPG
line_01/2026-08-09/L01AAP100142.JPG,line_01,pcb1,2026-08-09,LOT-20260809-AAP,EQ-01-A,operation,normal,,pcb1/Data/Images/Normal/0326.JPG
line_01/2026-08-09/L01AAP100143.JPG,line_01,pcb1,2026-08-09,LOT-20260809-AAP,EQ-01-A,operation,normal,,pcb1/Data/Images/Normal/0845.JPG
line_01/2026-08-09/L01AAP100144.JPG,line_01,pcb1,2026-08-09,LOT-20260809-AAP,EQ-01-A,operation,normal,,pcb1/Data/Images/Normal/0862.JPG
line_01/2026-08-09/L01AAP100145.JPG,line_01,pcb1,2026-08-09,LOT-20260809-AAP,EQ-01-A,operation,normal,,pcb1/Data/Images/Normal/0712.JPG
line_01/2026-08-09/L01AAP100146.JPG,line_01,pcb1,2026-08-09,LOT-20260809-AAP,EQ-01-A,operation,normal,,pcb1/Data/Images/Normal/0320.JPG
line_01/2026-08-09/L01AAP100147.JPG,line_01,pcb1,2026-08-09,LOT-20260809-AAP,EQ-01-A,operation,normal,,pcb1/Data/Images/Normal/0628.JPG
line_01/2026-08-09/L01AAP100148.JPG,line_01,pcb1,2026-08-09,LOT-20260809-AAP,EQ-01-A,operation,normal,,pcb1/Data/Images/Normal/0140.JPG
line_01/2026-08-09/L01AAP100149.JPG,line_01,pcb1,2026-08-09,LOT-20260809-AAP,EQ-01-A,operation,normal,,pcb1/Data/Images/Normal/0734.JPG
line_01/2026-08-09/L01AAP100150.JPG,line_01,pcb1,2026-08-09,LOT-20260809-AAP,EQ-01-A,operation,normal,,pcb1/Data/Images/Normal/0844.JPG
line_01/2026-08-09/L01AAP100151.JPG,line_01,pcb1,2026-08-09,LOT-20260809-AAP,EQ-01-A,operation,normal,,pcb1/Data/Images/Normal/0702.JPG
line_01/2026-08-09/L01AAP100152.JPG,line_01,pcb1,2026-08-09,LOT-20260809-AAP,EQ-01-A,operation,defect,/Users/eundong/Library/CloudStorage/GoogleDrive-yidheld@gmail.com/내 드라이브/[Shared]SK_AI_Hackathon/archive/pcb1/Data/Masks/Anomaly/096.png,pcb1/Data/Images/Anomaly/096.JPG
line_01/2026-08-09/L01AAP100153.JPG,line_01,pcb1,2026-08-09,LOT-20260809-AAP,EQ-01-A,operation,normal,,pcb1/Data/Images/Normal/0393.JPG
line_01/2026-08-09/L01AAP100154.JPG,line_01,pcb1,2026-08-09,LOT-20260809-AAP,EQ-01-A,operation,normal,,pcb1/Data/Images/Normal/0139.JPG
line_01/2026-08-09/L01AAP100155.JPG,line_01,pcb1,2026-08-09,LOT-20260809-AAP,EQ-01-A,operation,normal,,pcb1/Data/Images/Normal/0396.JPG
line_01/2026-08-09/L01AAP100156.JPG,line_01,pcb1,2026-08-09,LOT-20260809-AAP,EQ-01-A,operation,normal,,pcb1/Data/Images/Normal/0524.JPG
line_01/2026-08-09/L01AAP100157.JPG,line_01,pcb1,2026-08-09,LOT-20260809-AAP,EQ-01-A,operation,normal,,pcb1/Data/Images/Normal/0889.JPG
line_01/2026-08-09/L01AAP100158.JPG,line_01,pcb1,2026-08-09,LOT-20260809-AAP,EQ-01-A,operation,normal,,pcb1/Data/Images/Normal/0041.JPG
line_01/2026-08-09/L01AAP100159.JPG,line_01,pcb1,2026-08-09,LOT-20260809-AAP,EQ-01-A,operation,normal,,pcb1/Data/Images/Normal/0594.JPG
line_01/2026-08-09/L01AAP100160.JPG,line_01,pcb1,2026-08-09,LOT-20260809-AAP,EQ-01-A,operation,normal,,pcb1/Data/Images/Normal/0717.JPG
line_01/2026-08-09/L01AAP100161.JPG,line_01,pcb1,2026-08-09,LOT-20260809-AAP,EQ-01-A,operation,normal,,pcb1/Data/Images/Normal/0579.JPG
line_01/2026-08-09/L01AAP100162.JPG,line_01,pcb1,2026-08-09,LOT-20260809-AAP,EQ-01-A,operation,normal,,pcb1/Data/Images/Normal/0374.JPG
line_01/2026-08-09/L01AAP100163.JPG,line_01,pcb1,2026-08-09,LOT-20260809-AAP,EQ-01-A,operation,normal,,pcb1/Data/Images/Normal/0078.JPG
line_01/2026-08-09/L01AAP100164.JPG,line_01,pcb1,2026-08-09,LOT-20260809-AAP,EQ-01-A,operation,normal,,pcb1/Data/Images/Normal/0751.JPG
line_01/2026-08-09/L01AAP100165.JPG,line_01,pcb1,2026-08-09,LOT-20260809-AAP,EQ-01-A,operation,normal,,pcb1/Data/Images/Normal/0726.JPG
line_01/2026-08-09/L01AAP100166.JPG,line_01,pcb1,2026-08-09,LOT-20260809-AAP,EQ-01-A,operation,normal,,pcb1/Data/Images/Normal/0380.JPG
line_01/2026-08-09/L01AAP100167.JPG,line_01,pcb1,2026-08-09,LOT-20260809-AAP,EQ-01-A,operation,normal,,pcb1/Data/Images/Normal/0571.JPG
line_01/2026-08-09/L01AAP100168.JPG,line_01,pcb1,2026-08-09,LOT-20260809-AAP,EQ-01-A,operation,normal,,pcb1/Data/Images/Normal/0588.JPG
line_01/2026-08-09/L01AAP100169.JPG,line_01,pcb1,2026-08-09,LOT-20260809-AAP,EQ-01-A,operation,normal,,pcb1/Data/Images/Normal/0277.JPG
line_01/2026-08-09/L01AAP100170.JPG,line_01,pcb1,2026-08-09,LOT-20260809-AAP,EQ-01-A,operation,normal,,pcb1/Data/Images/Normal/0808.JPG
line_01/2026-08-09/L01AAP100171.JPG,line_01,pcb1,2026-08-09,LOT-20260809-AAP,EQ-01-A,operation,normal,,pcb1/Data/Images/Normal/0430.JPG
line_01/2026-08-09/L01AAP100172.JPG,line_01,pcb1,2026-08-09,LOT-20260809-AAP,EQ-01-A,operation,normal,,pcb1/Data/Images/Normal/0031.JPG
line_01/2026-08-09/L01AAP100173.JPG,line_01,pcb1,2026-08-09,LOT-20260809-AAP,EQ-01-A,operation,normal,,pcb1/Data/Images/Normal/0538.JPG
line_01/2026-08-09/L01AAP100174.JPG,line_01,pcb1,2026-08-09,LOT-20260809-AAP,EQ-01-A,operation,normal,,pcb1/Data/Images/Normal/0564.JPG
line_01/2026-08-09/L01AAP100175.JPG,line_01,pcb1,2026-08-09,LOT-20260809-AAP,EQ-01-A,operation,normal,,pcb1/Data/Images/Normal/0199.JPG
line_01/2026-08-09/L01AAP100176.JPG,line_01,pcb1,2026-08-09,LOT-20260809-AAP,EQ-01-A,operation,normal,,pcb1/Data/Images/Normal/0299.JPG
line_02/2026-08-09/L02AAQ100104.JPG,line_02,pcb2,2026-08-09,LOT-20260809-AAQ,EQ-02-A,operation,normal,,pcb2/Data/Images/Normal/0228.JPG
line_02/2026-08-09/L02AAQ100105.JPG,line_02,pcb2,2026-08-09,LOT-20260809-AAQ,EQ-02-A,operation,normal,,pcb2/Data/Images/Normal/0844.JPG
line_02/2026-08-09/L02AAQ100106.JPG,line_02,pcb2,2026-08-09,LOT-20260809-AAQ,EQ-02-A,operation,defect,/Users/eundong/Library/CloudStorage/GoogleDrive-yidheld@gmail.com/내 드라이브/[Shared]SK_AI_Hackathon/archive/pcb2/Data/Masks/Anomaly/067.png,pcb2/Data/Images/Anomaly/067.JPG
line_02/2026-08-09/L02AAQ100107.JPG,line_02,pcb2,2026-08-09,LOT-20260809-AAQ,EQ-02-A,operation,normal,,pcb2/Data/Images/Normal/0965.JPG
line_02/2026-08-09/L02AAQ100108.JPG,line_02,pcb2,2026-08-09,LOT-20260809-AAQ,EQ-02-A,operation,defect,/Users/eundong/Library/CloudStorage/GoogleDrive-yidheld@gmail.com/내 드라이브/[Shared]SK_AI_Hackathon/archive/pcb2/Data/Masks/Anomaly/091.png,pcb2/Data/Images/Anomaly/091.JPG
line_02/2026-08-09/L02AAQ100109.JPG,line_02,pcb2,2026-08-09,LOT-20260809-AAQ,EQ-02-A,operation,defect,/Users/eundong/Library/CloudStorage/GoogleDrive-yidheld@gmail.com/내 드라이브/[Shared]SK_AI_Hackathon/archive/pcb2/Data/Masks/Anomaly/085.png,pcb2/Data/Images/Anomaly/085.JPG
line_02/2026-08-09/L02AAQ100110.JPG,line_02,pcb2,2026-08-09,LOT-20260809-AAQ,EQ-02-A,operation,normal,,pcb2/Data/Images/Normal/0756.JPG
line_02/2026-08-09/L02AAQ100111.JPG,line_02,pcb2,2026-08-09,LOT-20260809-AAQ,EQ-02-A,operation,normal,,pcb2/Data/Images/Normal/0614.JPG
line_02/2026-08-09/L02AAQ100112.JPG,line_02,pcb2,2026-08-09,LOT-20260809-AAQ,EQ-02-A,operation,normal,,pcb2/Data/Images/Normal/0177.JPG
line_02/2026-08-09/L02AAQ100113.JPG,line_02,pcb2,2026-08-09,LOT-20260809-AAQ,EQ-02-A,operation,normal,,pcb2/Data/Images/Normal/0875.JPG
line_02/2026-08-09/L02AAQ100114.JPG,line_02,pcb2,2026-08-09,LOT-20260809-AAQ,EQ-02-A,operation,normal,,pcb2/Data/Images/Normal/0042.JPG
line_02/2026-08-09/L02AAQ100115.JPG,line_02,pcb2,2026-08-09,LOT-20260809-AAQ,EQ-02-A,operation,normal,,pcb2/Data/Images/Normal/0410.JPG
line_02/2026-08-09/L02AAQ100116.JPG,line_02,pcb2,2026-08-09,LOT-20260809-AAQ,EQ-02-A,operation,normal,,pcb2/Data/Images/Normal/0011.JPG
line_02/2026-08-09/L02AAQ100117.JPG,line_02,pcb2,2026-08-09,LOT-20260809-AAQ,EQ-02-A,operation,normal,,pcb2/Data/Images/Normal/0105.JPG
line_02/2026-08-09/L02AAQ100118.JPG,line_02,pcb2,2026-08-09,LOT-20260809-AAQ,EQ-02-A,operation,normal,,pcb2/Data/Images/Normal/0532.JPG
line_02/2026-08-09/L02AAQ100119.JPG,line_02,pcb2,2026-08-09,LOT-20260809-AAQ,EQ-02-A,operation,normal,,pcb2/Data/Images/Normal/0060.JPG
line_02/2026-08-09/L02AAQ100120.JPG,line_02,pcb2,2026-08-09,LOT-20260809-AAQ,EQ-02-A,operation,normal,,pcb2/Data/Images/Normal/0343.JPG
line_02/2026-08-09/L02AAQ100121.JPG,line_02,pcb2,2026-08-09,LOT-20260809-AAQ,EQ-02-A,operation,normal,,pcb2/Data/Images/Normal/0535.JPG
line_02/2026-08-09/L02AAQ100122.JPG,line_02,pcb2,2026-08-09,LOT-20260809-AAQ,EQ-02-A,operation,normal,,pcb2/Data/Images/Normal/0251.JPG
line_02/2026-08-09/L02AAQ100123.JPG,line_02,pcb2,2026-08-09,LOT-20260809-AAQ,EQ-02-A,operation,normal,,pcb2/Data/Images/Normal/0114.JPG
line_02/2026-08-09/L02AAQ100124.JPG,line_02,pcb2,2026-08-09,LOT-20260809-AAQ,EQ-02-A,operation,normal,,pcb2/Data/Images/Normal/0059.JPG
line_02/2026-08-09/L02AAQ100125.JPG,line_02,pcb2,2026-08-09,LOT-20260809-AAQ,EQ-02-A,operation,normal,,pcb2/Data/Images/Normal/0683.JPG
line_02/2026-08-09/L02AAQ100126.JPG,line_02,pcb2,2026-08-09,LOT-20260809-AAQ,EQ-02-A,operation,normal,,pcb2/Data/Images/Normal/0396.JPG
line_02/2026-08-09/L02AAQ100127.JPG,line_02,pcb2,2026-08-09,LOT-20260809-AAQ,EQ-02-A,operation,normal,,pcb2/Data/Images/Normal/0686.JPG
line_02/2026-08-09/L02AAQ100128.JPG,line_02,pcb2,2026-08-09,LOT-20260809-AAQ,EQ-02-A,operation,normal,,pcb2/Data/Images/Normal/0572.JPG
line_02/2026-08-09/L02AAQ100129.JPG,line_02,pcb2,2026-08-09,LOT-20260809-AAQ,EQ-02-A,operation,defect,/Users/eundong/Library/CloudStorage/GoogleDrive-yidheld@gmail.com/내 드라이브/[Shared]SK_AI_Hackathon/archive/pcb2/Data/Masks/Anomaly/026.png,pcb2/Data/Images/Anomaly/026.JPG
line_02/2026-08-09/L02AAQ100130.JPG,line_02,pcb2,2026-08-09,LOT-20260809-AAQ,EQ-02-A,operation,normal,,pcb2/Data/Images/Normal/0197.JPG
line_02/2026-08-09/L02AAQ100131.JPG,line_02,pcb2,2026-08-09,LOT-20260809-AAQ,EQ-02-A,operation,normal,,pcb2/Data/Images/Normal/0094.JPG
line_02/2026-08-09/L02AAQ100132.JPG,line_02,pcb2,2026-08-09,LOT-20260809-AAQ,EQ-02-A,operation,normal,,pcb2/Data/Images/Normal/0584.JPG
line_02/2026-08-09/L02AAQ100133.JPG,line_02,pcb2,2026-08-09,LOT-20260809-AAQ,EQ-02-A,operation,normal,,pcb2/Data/Images/Normal/0453.JPG
line_02/2026-08-09/L02AAQ100134.JPG,line_02,pcb2,2026-08-09,LOT-20260809-AAQ,EQ-02-A,operation,normal,,pcb2/Data/Images/Normal/0676.JPG
line_02/2026-08-09/L02AAQ100135.JPG,line_02,pcb2,2026-08-09,LOT-20260809-AAQ,EQ-02-A,operation,defect,/Users/eundong/Library/CloudStorage/GoogleDrive-yidheld@gmail.com/내 드라이브/[Shared]SK_AI_Hackathon/archive/pcb2/Data/Masks/Anomaly/006.png,pcb2/Data/Images/Anomaly/006.JPG
line_02/2026-08-09/L02AAQ100136.JPG,line_02,pcb2,2026-08-09,LOT-20260809-AAQ,EQ-02-A,operation,normal,,pcb2/Data/Images/Normal/0547.JPG
line_02/2026-08-09/L02AAQ100137.JPG,line_02,pcb2,2026-08-09,LOT-20260809-AAQ,EQ-02-A,operation,normal,,pcb2/Data/Images/Normal/0541.JPG
line_02/2026-08-09/L02AAQ100138.JPG,line_02,pcb2,2026-08-09,LOT-20260809-AAQ,EQ-02-A,operation,normal,,pcb2/Data/Images/Normal/0750.JPG
line_02/2026-08-09/L02AAQ100139.JPG,line_02,pcb2,2026-08-09,LOT-20260809-AAQ,EQ-02-A,operation,normal,,pcb2/Data/Images/Normal/0721.JPG
line_02/2026-08-09/L02AAQ100140.JPG,line_02,pcb2,2026-08-09,LOT-20260809-AAQ,EQ-02-A,operation,normal,,pcb2/Data/Images/Normal/0107.JPG
line_02/2026-08-09/L02AAQ100141.JPG,line_02,pcb2,2026-08-09,LOT-20260809-AAQ,EQ-02-A,operation,normal,,pcb2/Data/Images/Normal/0216.JPG
line_02/2026-08-09/L02AAQ100142.JPG,line_02,pcb2,2026-08-09,LOT-20260809-AAQ,EQ-02-A,operation,normal,,pcb2/Data/Images/Normal/0678.JPG
line_02/2026-08-09/L02AAQ100143.JPG,line_02,pcb2,2026-08-09,LOT-20260809-AAQ,EQ-02-A,operation,normal,,pcb2/Data/Images/Normal/0947.JPG
line_02/2026-08-09/L02AAQ100144.JPG,line_02,pcb2,2026-08-09,LOT-20260809-AAQ,EQ-02-A,operation,normal,,pcb2/Data/Images/Normal/0822.JPG
line_02/2026-08-09/L02AAQ100145.JPG,line_02,pcb2,2026-08-09,LOT-20260809-AAQ,EQ-02-A,operation,normal,,pcb2/Data/Images/Normal/0488.JPG
line_02/2026-08-09/L02AAQ100146.JPG,line_02,pcb2,2026-08-09,LOT-20260809-AAQ,EQ-02-A,operation,normal,,pcb2/Data/Images/Normal/0123.JPG
line_02/2026-08-09/L02AAQ100147.JPG,line_02,pcb2,2026-08-09,LOT-20260809-AAQ,EQ-02-A,operation,normal,,pcb2/Data/Images/Normal/0530.JPG
line_02/2026-08-09/L02AAQ100148.JPG,line_02,pcb2,2026-08-09,LOT-20260809-AAQ,EQ-02-A,operation,normal,,pcb2/Data/Images/Normal/0141.JPG
line_02/2026-08-09/L02AAQ100149.JPG,line_02,pcb2,2026-08-09,LOT-20260809-AAQ,EQ-02-A,operation,normal,,pcb2/Data/Images/Normal/0446.JPG
line_02/2026-08-09/L02AAQ100150.JPG,line_02,pcb2,2026-08-09,LOT-20260809-AAQ,EQ-02-A,operation,normal,,pcb2/Data/Images/Normal/0132.JPG
line_02/2026-08-09/L02AAQ100151.JPG,line_02,pcb2,2026-08-09,LOT-20260809-AAQ,EQ-02-A,operation,normal,,pcb2/Data/Images/Normal/0837.JPG
line_02/2026-08-09/L02AAQ100152.JPG,line_02,pcb2,2026-08-09,LOT-20260809-AAQ,EQ-02-A,operation,normal,,pcb2/Data/Images/Normal/0636.JPG
line_02/2026-08-09/L02AAQ100153.JPG,line_02,pcb2,2026-08-09,LOT-20260809-AAQ,EQ-02-A,operation,normal,,pcb2/Data/Images/Normal/0307.JPG
line_02/2026-08-09/L02AAQ100154.JPG,line_02,pcb2,2026-08-09,LOT-20260809-AAQ,EQ-02-A,operation,normal,,pcb2/Data/Images/Normal/0150.JPG
line_02/2026-08-09/L02AAQ100155.JPG,line_02,pcb2,2026-08-09,LOT-20260809-AAQ,EQ-02-A,operation,normal,,pcb2/Data/Images/Normal/0069.JPG
line_02/2026-08-09/L02AAQ100156.JPG,line_02,pcb2,2026-08-09,LOT-20260809-AAQ,EQ-02-A,operation,normal,,pcb2/Data/Images/Normal/0500.JPG
line_02/2026-08-09/L02AAQ100157.JPG,line_02,pcb2,2026-08-09,LOT-20260809-AAQ,EQ-02-A,operation,normal,,pcb2/Data/Images/Normal/0326.JPG
line_02/2026-08-09/L02AAQ100158.JPG,line_02,pcb2,2026-08-09,LOT-20260809-AAQ,EQ-02-A,operation,normal,,pcb2/Data/Images/Normal/0820.JPG
line_02/2026-08-09/L02AAQ100159.JPG,line_02,pcb2,2026-08-09,LOT-20260809-AAQ,EQ-02-A,operation,normal,,pcb2/Data/Images/Normal/0582.JPG
line_02/2026-08-09/L02AAQ100160.JPG,line_02,pcb2,2026-08-09,LOT-20260809-AAQ,EQ-02-A,operation,normal,,pcb2/Data/Images/Normal/0211.JPG
line_02/2026-08-09/L02AAQ100161.JPG,line_02,pcb2,2026-08-09,LOT-20260809-AAQ,EQ-02-A,operation,normal,,pcb2/Data/Images/Normal/0522.JPG
line_02/2026-08-09/L02AAQ100162.JPG,line_02,pcb2,2026-08-09,LOT-20260809-AAQ,EQ-02-A,operation,normal,,pcb2/Data/Images/Normal/0182.JPG
line_02/2026-08-09/L02AAQ100163.JPG,line_02,pcb2,2026-08-09,LOT-20260809-AAQ,EQ-02-A,operation,defect,/Users/eundong/Library/CloudStorage/GoogleDrive-yidheld@gmail.com/내 드라이브/[Shared]SK_AI_Hackathon/archive/pcb2/Data/Masks/Anomaly/064.png,pcb2/Data/Images/Anomaly/064.JPG
line_02/2026-08-09/L02AAQ100164.JPG,line_02,pcb2,2026-08-09,LOT-20260809-AAQ,EQ-02-A,operation,normal,,pcb2/Data/Images/Normal/0358.JPG
line_02/2026-08-09/L02AAQ100165.JPG,line_02,pcb2,2026-08-09,LOT-20260809-AAQ,EQ-02-A,operation,normal,,pcb2/Data/Images/Normal/0006.JPG
line_02/2026-08-09/L02AAQ100166.JPG,line_02,pcb2,2026-08-09,LOT-20260809-AAQ,EQ-02-A,operation,normal,,pcb2/Data/Images/Normal/0592.JPG
line_02/2026-08-09/L02AAQ100167.JPG,line_02,pcb2,2026-08-09,LOT-20260809-AAQ,EQ-02-A,operation,normal,,pcb2/Data/Images/Normal/0127.JPG
line_02/2026-08-09/L02AAQ100168.JPG,line_02,pcb2,2026-08-09,LOT-20260809-AAQ,EQ-02-A,operation,normal,,pcb2/Data/Images/Normal/0755.JPG
line_02/2026-08-09/L02AAQ100169.JPG,line_02,pcb2,2026-08-09,LOT-20260809-AAQ,EQ-02-A,operation,normal,,pcb2/Data/Images/Normal/0869.JPG
line_02/2026-08-09/L02AAQ100170.JPG,line_02,pcb2,2026-08-09,LOT-20260809-AAQ,EQ-02-A,operation,defect,/Users/eundong/Library/CloudStorage/GoogleDrive-yidheld@gmail.com/내 드라이브/[Shared]SK_AI_Hackathon/archive/pcb2/Data/Masks/Anomaly/065.png,pcb2/Data/Images/Anomaly/065.JPG
line_02/2026-08-09/L02AAQ100171.JPG,line_02,pcb2,2026-08-09,LOT-20260809-AAQ,EQ-02-A,operation,normal,,pcb2/Data/Images/Normal/0824.JPG
line_02/2026-08-09/L02AAQ100172.JPG,line_02,pcb2,2026-08-09,LOT-20260809-AAQ,EQ-02-A,operation,normal,,pcb2/Data/Images/Normal/0030.JPG
line_02/2026-08-09/L02AAQ100173.JPG,line_02,pcb2,2026-08-09,LOT-20260809-AAQ,EQ-02-A,operation,defect,/Users/eundong/Library/CloudStorage/GoogleDrive-yidheld@gmail.com/내 드라이브/[Shared]SK_AI_Hackathon/archive/pcb2/Data/Masks/Anomaly/035.png,pcb2/Data/Images/Anomaly/035.JPG
line_02/2026-08-09/L02AAQ100174.JPG,line_02,pcb2,2026-08-09,LOT-20260809-AAQ,EQ-02-A,operation,normal,,pcb2/Data/Images/Normal/0729.JPG
line_02/2026-08-09/L02AAQ100175.JPG,line_02,pcb2,2026-08-09,LOT-20260809-AAQ,EQ-02-A,operation,normal,,pcb2/Data/Images/Normal/0959.JPG
line_02/2026-08-09/L02AAQ100176.JPG,line_02,pcb2,2026-08-09,LOT-20260809-AAQ,EQ-02-A,operation,normal,,pcb2/Data/Images/Normal/0122.JPG
line_02/2026-08-09/L02AAQ100177.JPG,line_02,pcb2,2026-08-09,LOT-20260809-AAQ,EQ-02-A,operation,normal,,pcb2/Data/Images/Normal/0416.JPG
line_02/2026-08-09/L02AAQ100178.JPG,line_02,pcb2,2026-08-09,LOT-20260809-AAQ,EQ-02-A,operation,normal,,pcb2/Data/Images/Normal/0889.JPG
line_02/2026-08-09/L02AAQ100179.JPG,line_02,pcb2,2026-08-09,LOT-20260809-AAQ,EQ-02-A,operation,normal,,pcb2/Data/Images/Normal/0647.JPG
line_02/2026-08-09/L02AAQ100180.JPG,line_02,pcb2,2026-08-09,LOT-20260809-AAQ,EQ-02-A,operation,normal,,pcb2/Data/Images/Normal/0012.JPG
line_02/2026-08-09/L02AAQ100181.JPG,line_02,pcb2,2026-08-09,LOT-20260809-AAQ,EQ-02-A,operation,normal,,pcb2/Data/Images/Normal/0563.JPG
line_02/2026-08-09/L02AAQ100182.JPG,line_02,pcb2,2026-08-09,LOT-20260809-AAQ,EQ-02-A,operation,normal,,pcb2/Data/Images/Normal/0091.JPG
line_02/2026-08-09/L02AAQ100183.JPG,line_02,pcb2,2026-08-09,LOT-20260809-AAQ,EQ-02-A,operation,normal,,pcb2/Data/Images/Normal/0083.JPG
line_02/2026-08-09/L02AAQ100184.JPG,line_02,pcb2,2026-08-09,LOT-20260809-AAQ,EQ-02-A,operation,normal,,pcb2/Data/Images/Normal/0689.JPG
line_02/2026-08-09/L02AAQ100185.JPG,line_02,pcb2,2026-08-09,LOT-20260809-AAQ,EQ-02-A,operation,normal,,pcb2/Data/Images/Normal/0895.JPG
line_02/2026-08-09/L02AAQ100186.JPG,line_02,pcb2,2026-08-09,LOT-20260809-AAQ,EQ-02-A,operation,normal,,pcb2/Data/Images/Normal/0018.JPG
line_02/2026-08-09/L02AAQ100187.JPG,line_02,pcb2,2026-08-09,LOT-20260809-AAQ,EQ-02-A,operation,normal,,pcb2/Data/Images/Normal/0017.JPG
line_02/2026-08-09/L02AAQ100188.JPG,line_02,pcb2,2026-08-09,LOT-20260809-AAQ,EQ-02-A,operation,defect,/Users/eundong/Library/CloudStorage/GoogleDrive-yidheld@gmail.com/내 드라이브/[Shared]SK_AI_Hackathon/archive/pcb2/Data/Masks/Anomaly/019.png,pcb2/Data/Images/Anomaly/019.JPG
line_02/2026-08-09/L02AAQ100189.JPG,line_02,pcb2,2026-08-09,LOT-20260809-AAQ,EQ-02-A,operation,normal,,pcb2/Data/Images/Normal/0349.JPG
line_02/2026-08-09/L02AAQ100190.JPG,line_02,pcb2,2026-08-09,LOT-20260809-AAQ,EQ-02-A,operation,normal,,pcb2/Data/Images/Normal/0512.JPG
line_02/2026-08-09/L02AAQ100191.JPG,line_02,pcb2,2026-08-09,LOT-20260809-AAQ,EQ-02-A,operation,normal,,pcb2/Data/Images/Normal/0536.JPG
line_02/2026-08-09/L02AAQ100192.JPG,line_02,pcb2,2026-08-09,LOT-20260809-AAQ,EQ-02-A,operation,normal,,pcb2/Data/Images/Normal/0153.JPG
line_02/2026-08-09/L02AAQ100193.JPG,line_02,pcb2,2026-08-09,LOT-20260809-AAQ,EQ-02-A,operation,normal,,pcb2/Data/Images/Normal/0265.JPG
line_02/2026-08-09/L02AAQ100194.JPG,line_02,pcb2,2026-08-09,LOT-20260809-AAQ,EQ-02-A,operation,normal,,pcb2/Data/Images/Normal/0903.JPG
line_02/2026-08-09/L02AAQ100195.JPG,line_02,pcb2,2026-08-09,LOT-20260809-AAQ,EQ-02-A,operation,normal,,pcb2/Data/Images/Normal/0589.JPG
line_02/2026-08-09/L02AAQ100196.JPG,line_02,pcb2,2026-08-09,LOT-20260809-AAQ,EQ-02-A,operation,normal,,pcb2/Data/Images/Normal/0760.JPG
line_02/2026-08-09/L02AAQ100197.JPG,line_02,pcb2,2026-08-09,LOT-20260809-AAQ,EQ-02-A,operation,normal,,pcb2/Data/Images/Normal/0199.JPG
line_02/2026-08-09/L02AAQ100198.JPG,line_02,pcb2,2026-08-09,LOT-20260809-AAQ,EQ-02-A,operation,normal,,pcb2/Data/Images/Normal/0322.JPG
line_02/2026-08-09/L02AAQ100199.JPG,line_02,pcb2,2026-08-09,LOT-20260809-AAQ,EQ-02-A,operation,normal,,pcb2/Data/Images/Normal/0000.JPG
line_03/2026-08-09/L03AAO100186.JPG,line_03,pcb3,2026-08-09,LOT-20260809-AAO,EQ-03-A,operation,normal,,pcb3/Data/Images/Normal/0962.JPG
line_03/2026-08-09/L03AAO100187.JPG,line_03,pcb3,2026-08-09,LOT-20260809-AAO,EQ-03-A,operation,normal,,pcb3/Data/Images/Normal/0766.JPG
line_03/2026-08-09/L03AAO100188.JPG,line_03,pcb3,2026-08-09,LOT-20260809-AAO,EQ-03-A,operation,normal,,pcb3/Data/Images/Normal/0548.JPG
line_03/2026-08-09/L03AAO100189.JPG,line_03,pcb3,2026-08-09,LOT-20260809-AAO,EQ-03-A,operation,normal,,pcb3/Data/Images/Normal/0299.JPG
line_03/2026-08-09/L03AAO100190.JPG,line_03,pcb3,2026-08-09,LOT-20260809-AAO,EQ-03-A,operation,normal,,pcb3/Data/Images/Normal/0797.JPG
line_03/2026-08-09/L03AAO100191.JPG,line_03,pcb3,2026-08-09,LOT-20260809-AAO,EQ-03-A,operation,normal,,pcb3/Data/Images/Normal/0439.JPG
line_03/2026-08-09/L03AAO100192.JPG,line_03,pcb3,2026-08-09,LOT-20260809-AAO,EQ-03-A,operation,defect,/Users/eundong/Library/CloudStorage/GoogleDrive-yidheld@gmail.com/내 드라이브/[Shared]SK_AI_Hackathon/archive/pcb3/Data/Masks/Anomaly/007.png,pcb3/Data/Images/Anomaly/007.JPG
line_03/2026-08-09/L03AAO100193.JPG,line_03,pcb3,2026-08-09,LOT-20260809-AAO,EQ-03-A,operation,normal,,pcb3/Data/Images/Normal/0835.JPG
line_03/2026-08-09/L03AAO100194.JPG,line_03,pcb3,2026-08-09,LOT-20260809-AAO,EQ-03-A,operation,normal,,pcb3/Data/Images/Normal/0287.JPG
line_03/2026-08-09/L03AAO100195.JPG,line_03,pcb3,2026-08-09,LOT-20260809-AAO,EQ-03-A,operation,normal,,pcb3/Data/Images/Normal/0317.JPG
line_03/2026-08-09/L03AAO100196.JPG,line_03,pcb3,2026-08-09,LOT-20260809-AAO,EQ-03-A,operation,normal,,pcb3/Data/Images/Normal/0312.JPG
line_03/2026-08-09/L03AAO100197.JPG,line_03,pcb3,2026-08-09,LOT-20260809-AAO,EQ-03-A,operation,normal,,pcb3/Data/Images/Normal/0313.JPG
line_03/2026-08-09/L03AAO100198.JPG,line_03,pcb3,2026-08-09,LOT-20260809-AAO,EQ-03-A,operation,normal,,pcb3/Data/Images/Normal/0687.JPG
line_03/2026-08-09/L03AAO100199.JPG,line_03,pcb3,2026-08-09,LOT-20260809-AAO,EQ-03-A,operation,normal,,pcb3/Data/Images/Normal/0433.JPG
line_03/2026-08-09/L03AAO100200.JPG,line_03,pcb3,2026-08-09,LOT-20260809-AAO,EQ-03-A,operation,normal,,pcb3/Data/Images/Normal/0198.JPG
line_03/2026-08-09/L03AAR100001.JPG,line_03,pcb3,2026-08-09,LOT-20260809-AAR,EQ-03-A,operation,normal,,pcb3/Data/Images/Normal/0622.JPG
line_03/2026-08-09/L03AAR100002.JPG,line_03,pcb3,2026-08-09,LOT-20260809-AAR,EQ-03-A,operation,normal,,pcb3/Data/Images/Normal/0756.JPG
line_03/2026-08-09/L03AAR100003.JPG,line_03,pcb3,2026-08-09,LOT-20260809-AAR,EQ-03-A,operation,normal,,pcb3/Data/Images/Normal/0104.JPG
line_03/2026-08-09/L03AAR100004.JPG,line_03,pcb3,2026-08-09,LOT-20260809-AAR,EQ-03-A,operation,normal,,pcb3/Data/Images/Normal/0169.JPG
line_03/2026-08-09/L03AAR100005.JPG,line_03,pcb3,2026-08-09,LOT-20260809-AAR,EQ-03-A,operation,defect,/Users/eundong/Library/CloudStorage/GoogleDrive-yidheld@gmail.com/내 드라이브/[Shared]SK_AI_Hackathon/archive/pcb3/Data/Masks/Anomaly/087.png,pcb3/Data/Images/Anomaly/087.JPG
line_03/2026-08-09/L03AAR100006.JPG,line_03,pcb3,2026-08-09,LOT-20260809-AAR,EQ-03-A,operation,normal,,pcb3/Data/Images/Normal/0040.JPG
line_03/2026-08-09/L03AAR100007.JPG,line_03,pcb3,2026-08-09,LOT-20260809-AAR,EQ-03-A,operation,normal,,pcb3/Data/Images/Normal/0633.JPG
line_03/2026-08-09/L03AAR100008.JPG,line_03,pcb3,2026-08-09,LOT-20260809-AAR,EQ-03-A,operation,defect,/Users/eundong/Library/CloudStorage/GoogleDrive-yidheld@gmail.com/내 드라이브/[Shared]SK_AI_Hackathon/archive/pcb3/Data/Masks/Anomaly/090.png,pcb3/Data/Images/Anomaly/090.JPG
line_03/2026-08-09/L03AAR100009.JPG,line_03,pcb3,2026-08-09,LOT-20260809-AAR,EQ-03-A,operation,normal,,pcb3/Data/Images/Normal/0909.JPG
line_03/2026-08-09/L03AAR100010.JPG,line_03,pcb3,2026-08-09,LOT-20260809-AAR,EQ-03-A,operation,normal,,pcb3/Data/Images/Normal/0047.JPG
line_03/2026-08-09/L03AAR100011.JPG,line_03,pcb3,2026-08-09,LOT-20260809-AAR,EQ-03-A,operation,normal,,pcb3/Data/Images/Normal/0995.JPG
line_03/2026-08-09/L03AAR100012.JPG,line_03,pcb3,2026-08-09,LOT-20260809-AAR,EQ-03-A,operation,normal,,pcb3/Data/Images/Normal/0959.JPG
line_03/2026-08-09/L03AAR100013.JPG,line_03,pcb3,2026-08-09,LOT-20260809-AAR,EQ-03-A,operation,normal,,pcb3/Data/Images/Normal/0553.JPG
line_03/2026-08-09/L03AAR100014.JPG,line_03,pcb3,2026-08-09,LOT-20260809-AAR,EQ-03-A,operation,normal,,pcb3/Data/Images/Normal/0814.JPG
line_03/2026-08-09/L03AAR100015.JPG,line_03,pcb3,2026-08-09,LOT-20260809-AAR,EQ-03-A,operation,normal,,pcb3/Data/Images/Normal/0020.JPG
line_03/2026-08-09/L03AAR100016.JPG,line_03,pcb3,2026-08-09,LOT-20260809-AAR,EQ-03-A,operation,normal,,pcb3/Data/Images/Normal/0729.JPG
line_03/2026-08-09/L03AAR100017.JPG,line_03,pcb3,2026-08-09,LOT-20260809-AAR,EQ-03-A,operation,normal,,pcb3/Data/Images/Normal/0986.JPG
line_03/2026-08-09/L03AAR100018.JPG,line_03,pcb3,2026-08-09,LOT-20260809-AAR,EQ-03-A,operation,normal,,pcb3/Data/Images/Normal/0333.JPG
line_03/2026-08-09/L03AAR100019.JPG,line_03,pcb3,2026-08-09,LOT-20260809-AAR,EQ-03-A,operation,normal,,pcb3/Data/Images/Normal/0599.JPG
line_03/2026-08-09/L03AAR100020.JPG,line_03,pcb3,2026-08-09,LOT-20260809-AAR,EQ-03-A,operation,normal,,pcb3/Data/Images/Normal/0106.JPG
line_03/2026-08-09/L03AAR100021.JPG,line_03,pcb3,2026-08-09,LOT-20260809-AAR,EQ-03-A,operation,normal,,pcb3/Data/Images/Normal/0170.JPG
line_03/2026-08-09/L03AAR100022.JPG,line_03,pcb3,2026-08-09,LOT-20260809-AAR,EQ-03-A,operation,normal,,pcb3/Data/Images/Normal/0664.JPG
line_03/2026-08-09/L03AAR100023.JPG,line_03,pcb3,2026-08-09,LOT-20260809-AAR,EQ-03-A,operation,normal,,pcb3/Data/Images/Normal/0007.JPG
line_03/2026-08-09/L03AAR100024.JPG,line_03,pcb3,2026-08-09,LOT-20260809-AAR,EQ-03-A,operation,normal,,pcb3/Data/Images/Normal/0817.JPG
line_03/2026-08-09/L03AAR100025.JPG,line_03,pcb3,2026-08-09,LOT-20260809-AAR,EQ-03-A,operation,normal,,pcb3/Data/Images/Normal/0968.JPG
line_03/2026-08-09/L03AAR100026.JPG,line_03,pcb3,2026-08-09,LOT-20260809-AAR,EQ-03-A,operation,defect,/Users/eundong/Library/CloudStorage/GoogleDrive-yidheld@gmail.com/내 드라이브/[Shared]SK_AI_Hackathon/archive/pcb3/Data/Masks/Anomaly/043.png,pcb3/Data/Images/Anomaly/043.JPG
line_03/2026-08-09/L03AAR100027.JPG,line_03,pcb3,2026-08-09,LOT-20260809-AAR,EQ-03-A,operation,normal,,pcb3/Data/Images/Normal/0378.JPG
line_03/2026-08-09/L03AAR100028.JPG,line_03,pcb3,2026-08-09,LOT-20260809-AAR,EQ-03-A,operation,normal,,pcb3/Data/Images/Normal/0265.JPG
line_03/2026-08-09/L03AAR100029.JPG,line_03,pcb3,2026-08-09,LOT-20260809-AAR,EQ-03-A,operation,defect,/Users/eundong/Library/CloudStorage/GoogleDrive-yidheld@gmail.com/내 드라이브/[Shared]SK_AI_Hackathon/archive/pcb3/Data/Masks/Anomaly/056.png,pcb3/Data/Images/Anomaly/056.JPG
line_03/2026-08-09/L03AAR100030.JPG,line_03,pcb3,2026-08-09,LOT-20260809-AAR,EQ-03-A,operation,normal,,pcb3/Data/Images/Normal/0480.JPG
line_03/2026-08-09/L03AAR100031.JPG,line_03,pcb3,2026-08-09,LOT-20260809-AAR,EQ-03-A,operation,normal,,pcb3/Data/Images/Normal/0550.JPG
line_03/2026-08-09/L03AAR100032.JPG,line_03,pcb3,2026-08-09,LOT-20260809-AAR,EQ-03-A,operation,normal,,pcb3/Data/Images/Normal/0101.JPG
line_03/2026-08-09/L03AAR100033.JPG,line_03,pcb3,2026-08-09,LOT-20260809-AAR,EQ-03-A,operation,defect,/Users/eundong/Library/CloudStorage/GoogleDrive-yidheld@gmail.com/내 드라이브/[Shared]SK_AI_Hackathon/archive/pcb3/Data/Masks/Anomaly/094.png,pcb3/Data/Images/Anomaly/094.JPG
line_03/2026-08-09/L03AAR100034.JPG,line_03,pcb3,2026-08-09,LOT-20260809-AAR,EQ-03-A,operation,normal,,pcb3/Data/Images/Normal/0234.JPG
line_03/2026-08-09/L03AAR100035.JPG,line_03,pcb3,2026-08-09,LOT-20260809-AAR,EQ-03-A,operation,normal,,pcb3/Data/Images/Normal/0838.JPG
line_03/2026-08-09/L03AAR100036.JPG,line_03,pcb3,2026-08-09,LOT-20260809-AAR,EQ-03-A,operation,normal,,pcb3/Data/Images/Normal/0356.JPG
line_03/2026-08-09/L03AAR100037.JPG,line_03,pcb3,2026-08-09,LOT-20260809-AAR,EQ-03-A,operation,normal,,pcb3/Data/Images/Normal/0082.JPG
line_03/2026-08-09/L03AAR100038.JPG,line_03,pcb3,2026-08-09,LOT-20260809-AAR,EQ-03-A,operation,defect,/Users/eundong/Library/CloudStorage/GoogleDrive-yidheld@gmail.com/내 드라이브/[Shared]SK_AI_Hackathon/archive/pcb3/Data/Masks/Anomaly/003.png,pcb3/Data/Images/Anomaly/003.JPG
line_03/2026-08-09/L03AAR100039.JPG,line_03,pcb3,2026-08-09,LOT-20260809-AAR,EQ-03-A,operation,normal,,pcb3/Data/Images/Normal/0282.JPG
line_03/2026-08-09/L03AAR100040.JPG,line_03,pcb3,2026-08-09,LOT-20260809-AAR,EQ-03-A,operation,normal,,pcb3/Data/Images/Normal/0072.JPG
line_03/2026-08-09/L03AAR100041.JPG,line_03,pcb3,2026-08-09,LOT-20260809-AAR,EQ-03-A,operation,defect,/Users/eundong/Library/CloudStorage/GoogleDrive-yidheld@gmail.com/내 드라이브/[Shared]SK_AI_Hackathon/archive/pcb3/Data/Masks/Anomaly/086.png,pcb3/Data/Images/Anomaly/086.JPG
line_03/2026-08-09/L03AAR100042.JPG,line_03,pcb3,2026-08-09,LOT-20260809-AAR,EQ-03-A,operation,normal,,pcb3/Data/Images/Normal/0259.JPG
line_03/2026-08-09/L03AAR100043.JPG,line_03,pcb3,2026-08-09,LOT-20260809-AAR,EQ-03-A,operation,normal,,pcb3/Data/Images/Normal/0703.JPG
line_03/2026-08-09/L03AAR100044.JPG,line_03,pcb3,2026-08-09,LOT-20260809-AAR,EQ-03-A,operation,normal,,pcb3/Data/Images/Normal/0136.JPG
line_03/2026-08-09/L03AAR100045.JPG,line_03,pcb3,2026-08-09,LOT-20260809-AAR,EQ-03-A,operation,defect,/Users/eundong/Library/CloudStorage/GoogleDrive-yidheld@gmail.com/내 드라이브/[Shared]SK_AI_Hackathon/archive/pcb3/Data/Masks/Anomaly/005.png,pcb3/Data/Images/Anomaly/005.JPG
line_03/2026-08-09/L03AAR100046.JPG,line_03,pcb3,2026-08-09,LOT-20260809-AAR,EQ-03-A,operation,defect,/Users/eundong/Library/CloudStorage/GoogleDrive-yidheld@gmail.com/내 드라이브/[Shared]SK_AI_Hackathon/archive/pcb3/Data/Masks/Anomaly/089.png,pcb3/Data/Images/Anomaly/089.JPG
line_03/2026-08-09/L03AAR100047.JPG,line_03,pcb3,2026-08-09,LOT-20260809-AAR,EQ-03-A,operation,normal,,pcb3/Data/Images/Normal/0887.JPG
line_03/2026-08-09/L03AAR100048.JPG,line_03,pcb3,2026-08-09,LOT-20260809-AAR,EQ-03-A,operation,normal,,pcb3/Data/Images/Normal/0990.JPG
line_03/2026-08-09/L03AAR100049.JPG,line_03,pcb3,2026-08-09,LOT-20260809-AAR,EQ-03-A,operation,normal,,pcb3/Data/Images/Normal/0582.JPG
line_03/2026-08-09/L03AAR100050.JPG,line_03,pcb3,2026-08-09,LOT-20260809-AAR,EQ-03-A,operation,defect,/Users/eundong/Library/CloudStorage/GoogleDrive-yidheld@gmail.com/내 드라이브/[Shared]SK_AI_Hackathon/archive/pcb3/Data/Masks/Anomaly/067.png,pcb3/Data/Images/Anomaly/067.JPG
line_03/2026-08-09/L03AAR100051.JPG,line_03,pcb3,2026-08-09,LOT-20260809-AAR,EQ-03-A,operation,normal,,pcb3/Data/Images/Normal/0984.JPG
line_03/2026-08-09/L03AAR100052.JPG,line_03,pcb3,2026-08-09,LOT-20260809-AAR,EQ-03-A,operation,normal,,pcb3/Data/Images/Normal/0398.JPG
line_03/2026-08-09/L03AAR100053.JPG,line_03,pcb3,2026-08-09,LOT-20260809-AAR,EQ-03-A,operation,normal,,pcb3/Data/Images/Normal/0740.JPG
line_03/2026-08-09/L03AAR100054.JPG,line_03,pcb3,2026-08-09,LOT-20260809-AAR,EQ-03-A,operation,normal,,pcb3/Data/Images/Normal/0225.JPG
line_03/2026-08-09/L03AAR100055.JPG,line_03,pcb3,2026-08-09,LOT-20260809-AAR,EQ-03-A,operation,normal,,pcb3/Data/Images/Normal/0910.JPG
line_03/2026-08-09/L03AAR100056.JPG,line_03,pcb3,2026-08-09,LOT-20260809-AAR,EQ-03-A,operation,normal,,pcb3/Data/Images/Normal/0782.JPG
line_03/2026-08-09/L03AAR100057.JPG,line_03,pcb3,2026-08-09,LOT-20260809-AAR,EQ-03-A,operation,normal,,pcb3/Data/Images/Normal/0025.JPG
line_03/2026-08-09/L03AAR100058.JPG,line_03,pcb3,2026-08-09,LOT-20260809-AAR,EQ-03-A,operation,normal,,pcb3/Data/Images/Normal/0706.JPG
line_03/2026-08-09/L03AAR100059.JPG,line_03,pcb3,2026-08-09,LOT-20260809-AAR,EQ-03-A,operation,normal,,pcb3/Data/Images/Normal/0184.JPG
line_03/2026-08-09/L03AAR100060.JPG,line_03,pcb3,2026-08-09,LOT-20260809-AAR,EQ-03-A,operation,defect,/Users/eundong/Library/CloudStorage/GoogleDrive-yidheld@gmail.com/내 드라이브/[Shared]SK_AI_Hackathon/archive/pcb3/Data/Masks/Anomaly/081.png,pcb3/Data/Images/Anomaly/081.JPG
line_03/2026-08-09/L03AAR100061.JPG,line_03,pcb3,2026-08-09,LOT-20260809-AAR,EQ-03-A,operation,normal,,pcb3/Data/Images/Normal/0120.JPG
line_03/2026-08-09/L03AAR100062.JPG,line_03,pcb3,2026-08-09,LOT-20260809-AAR,EQ-03-A,operation,normal,,pcb3/Data/Images/Normal/0853.JPG
line_03/2026-08-09/L03AAR100063.JPG,line_03,pcb3,2026-08-09,LOT-20260809-AAR,EQ-03-A,operation,normal,,pcb3/Data/Images/Normal/0752.JPG
line_03/2026-08-09/L03AAR100064.JPG,line_03,pcb3,2026-08-09,LOT-20260809-AAR,EQ-03-A,operation,normal,,pcb3/Data/Images/Normal/0788.JPG
line_03/2026-08-09/L03AAR100065.JPG,line_03,pcb3,2026-08-09,LOT-20260809-AAR,EQ-03-A,operation,normal,,pcb3/Data/Images/Normal/0682.JPG
line_03/2026-08-09/L03AAR100066.JPG,line_03,pcb3,2026-08-09,LOT-20260809-AAR,EQ-03-A,operation,normal,,pcb3/Data/Images/Normal/0615.JPG
line_03/2026-08-09/L03AAR100067.JPG,line_03,pcb3,2026-08-09,LOT-20260809-AAR,EQ-03-A,operation,defect,/Users/eundong/Library/CloudStorage/GoogleDrive-yidheld@gmail.com/내 드라이브/[Shared]SK_AI_Hackathon/archive/pcb3/Data/Masks/Anomaly/014.png,pcb3/Data/Images/Anomaly/014.JPG
line_03/2026-08-09/L03AAR100068.JPG,line_03,pcb3,2026-08-09,LOT-20260809-AAR,EQ-03-A,operation,normal,,pcb3/Data/Images/Normal/0612.JPG
line_03/2026-08-09/L03AAR100069.JPG,line_03,pcb3,2026-08-09,LOT-20260809-AAR,EQ-03-A,operation,normal,,pcb3/Data/Images/Normal/0943.JPG
line_03/2026-08-09/L03AAR100070.JPG,line_03,pcb3,2026-08-09,LOT-20260809-AAR,EQ-03-A,operation,normal,,pcb3/Data/Images/Normal/0958.JPG
line_03/2026-08-09/L03AAR100071.JPG,line_03,pcb3,2026-08-09,LOT-20260809-AAR,EQ-03-A,operation,normal,,pcb3/Data/Images/Normal/0961.JPG
line_03/2026-08-09/L03AAR100072.JPG,line_03,pcb3,2026-08-09,LOT-20260809-AAR,EQ-03-A,operation,normal,,pcb3/Data/Images/Normal/0221.JPG
line_03/2026-08-09/L03AAR100073.JPG,line_03,pcb3,2026-08-09,LOT-20260809-AAR,EQ-03-A,operation,normal,,pcb3/Data/Images/Normal/0980.JPG
line_03/2026-08-09/L03AAR100074.JPG,line_03,pcb3,2026-08-09,LOT-20260809-AAR,EQ-03-A,operation,normal,,pcb3/Data/Images/Normal/0761.JPG
line_03/2026-08-09/L03AAR100075.JPG,line_03,pcb3,2026-08-09,LOT-20260809-AAR,EQ-03-A,operation,normal,,pcb3/Data/Images/Normal/0366.JPG
line_03/2026-08-09/L03AAR100076.JPG,line_03,pcb3,2026-08-09,LOT-20260809-AAR,EQ-03-A,operation,defect,/Users/eundong/Library/CloudStorage/GoogleDrive-yidheld@gmail.com/내 드라이브/[Shared]SK_AI_Hackathon/archive/pcb3/Data/Masks/Anomaly/026.png,pcb3/Data/Images/Anomaly/026.JPG
line_03/2026-08-09/L03AAR100077.JPG,line_03,pcb3,2026-08-09,LOT-20260809-AAR,EQ-03-A,operation,defect,/Users/eundong/Library/CloudStorage/GoogleDrive-yidheld@gmail.com/내 드라이브/[Shared]SK_AI_Hackathon/archive/pcb3/Data/Masks/Anomaly/013.png,pcb3/Data/Images/Anomaly/013.JPG
line_03/2026-08-09/L03AAR100078.JPG,line_03,pcb3,2026-08-09,LOT-20260809-AAR,EQ-03-A,operation,normal,,pcb3/Data/Images/Normal/0004.JPG
line_03/2026-08-09/L03AAR100079.JPG,line_03,pcb3,2026-08-09,LOT-20260809-AAR,EQ-03-A,operation,normal,,pcb3/Data/Images/Normal/0711.JPG
line_03/2026-08-09/L03AAR100080.JPG,line_03,pcb3,2026-08-09,LOT-20260809-AAR,EQ-03-A,operation,normal,,pcb3/Data/Images/Normal/0251.JPG
line_03/2026-08-09/L03AAR100081.JPG,line_03,pcb3,2026-08-09,LOT-20260809-AAR,EQ-03-A,operation,normal,,pcb3/Data/Images/Normal/0731.JPG
line_03/2026-08-09/L03AAR100082.JPG,line_03,pcb3,2026-08-09,LOT-20260809-AAR,EQ-03-A,operation,defect,/Users/eundong/Library/CloudStorage/GoogleDrive-yidheld@gmail.com/내 드라이브/[Shared]SK_AI_Hackathon/archive/pcb3/Data/Masks/Anomaly/004.png,pcb3/Data/Images/Anomaly/004.JPG
line_03/2026-08-09/L03AAR100083.JPG,line_03,pcb3,2026-08-09,LOT-20260809-AAR,EQ-03-A,operation,normal,,pcb3/Data/Images/Normal/0329.JPG
line_03/2026-08-09/L03AAR100084.JPG,line_03,pcb3,2026-08-09,LOT-20260809-AAR,EQ-03-A,operation,normal,,pcb3/Data/Images/Normal/0570.JPG
line_03/2026-08-09/L03AAR100085.JPG,line_03,pcb3,2026-08-09,LOT-20260809-AAR,EQ-03-A,operation,normal,,pcb3/Data/Images/Normal/0264.JPG
line_03/2026-08-09/L03AAR100086.JPG,line_03,pcb3,2026-08-09,LOT-20260809-AAR,EQ-03-A,operation,normal,,pcb3/Data/Images/Normal/0750.JPG
line_03/2026-08-09/L03AAR100087.JPG,line_03,pcb3,2026-08-09,LOT-20260809-AAR,EQ-03-A,operation,normal,,pcb3/Data/Images/Normal/0504.JPG
line_03/2026-08-09/L03AAR100088.JPG,line_03,pcb3,2026-08-09,LOT-20260809-AAR,EQ-03-A,operation,normal,,pcb3/Data/Images/Normal/0050.JPG
line_03/2026-08-09/L03AAR100089.JPG,line_03,pcb3,2026-08-09,LOT-20260809-AAR,EQ-03-A,operation,normal,,pcb3/Data/Images/Normal/0466.JPG
line_03/2026-08-09/L03AAR100090.JPG,line_03,pcb3,2026-08-09,LOT-20260809-AAR,EQ-03-A,operation,normal,,pcb3/Data/Images/Normal/0058.JPG
line_03/2026-08-09/L03AAR100091.JPG,line_03,pcb3,2026-08-09,LOT-20260809-AAR,EQ-03-A,operation,normal,,pcb3/Data/Images/Normal/0815.JPG
line_03/2026-08-09/L03AAR100092.JPG,line_03,pcb3,2026-08-09,LOT-20260809-AAR,EQ-03-A,operation,normal,,pcb3/Data/Images/Normal/0145.JPG
line_03/2026-08-09/L03AAR100093.JPG,line_03,pcb3,2026-08-09,LOT-20260809-AAR,EQ-03-A,operation,normal,,pcb3/Data/Images/Normal/0062.JPG
line_03/2026-08-09/L03AAR100094.JPG,line_03,pcb3,2026-08-09,LOT-20260809-AAR,EQ-03-A,operation,normal,,pcb3/Data/Images/Normal/0924.JPG
line_03/2026-08-09/L03AAR100095.JPG,line_03,pcb3,2026-08-09,LOT-20260809-AAR,EQ-03-A,operation,normal,,pcb3/Data/Images/Normal/0692.JPG
line_03/2026-08-09/L03AAR100096.JPG,line_03,pcb3,2026-08-09,LOT-20260809-AAR,EQ-03-A,operation,normal,,pcb3/Data/Images/Normal/0446.JPG
line_03/2026-08-09/L03AAR100097.JPG,line_03,pcb3,2026-08-09,LOT-20260809-AAR,EQ-03-A,operation,normal,,pcb3/Data/Images/Normal/0879.JPG
line_03/2026-08-09/L03AAR100098.JPG,line_03,pcb3,2026-08-09,LOT-20260809-AAR,EQ-03-A,operation,normal,,pcb3/Data/Images/Normal/0086.JPG
line_03/2026-08-09/L03AAR100099.JPG,line_03,pcb3,2026-08-09,LOT-20260809-AAR,EQ-03-A,operation,normal,,pcb3/Data/Images/Normal/0397.JPG
line_03/2026-08-09/L03AAR100100.JPG,line_03,pcb3,2026-08-09,LOT-20260809-AAR,EQ-03-A,operation,normal,,pcb3/Data/Images/Normal/0605.JPG
line_03/2026-08-09/L03AAR100101.JPG,line_03,pcb3,2026-08-09,LOT-20260809-AAR,EQ-03-A,operation,normal,,pcb3/Data/Images/Normal/0697.JPG
line_03/2026-08-09/L03AAR100102.JPG,line_03,pcb3,2026-08-09,LOT-20260809-AAR,EQ-03-A,operation,defect,/Users/eundong/Library/CloudStorage/GoogleDrive-yidheld@gmail.com/내 드라이브/[Shared]SK_AI_Hackathon/archive/pcb3/Data/Masks/Anomaly/091.png,pcb3/Data/Images/Anomaly/091.JPG
line_04/2026-08-09/L04AAM100200.JPG,line_04,pcb4,2026-08-09,LOT-20260809-AAM,EQ-04-A,operation,normal,,pcb4/Data/Images/Normal/0933.JPG
line_04/2026-08-09/L04AAS100001.JPG,line_04,pcb4,2026-08-09,LOT-20260809-AAS,EQ-04-A,operation,defect,/Users/eundong/Library/CloudStorage/GoogleDrive-yidheld@gmail.com/내 드라이브/[Shared]SK_AI_Hackathon/archive/pcb4/Data/Masks/Anomaly/044.png,pcb4/Data/Images/Anomaly/044.JPG
line_04/2026-08-09/L04AAS100002.JPG,line_04,pcb4,2026-08-09,LOT-20260809-AAS,EQ-04-A,operation,normal,,pcb4/Data/Images/Normal/0323.JPG
line_04/2026-08-09/L04AAS100003.JPG,line_04,pcb4,2026-08-09,LOT-20260809-AAS,EQ-04-A,operation,normal,,pcb4/Data/Images/Normal/0236.JPG
line_04/2026-08-09/L04AAS100004.JPG,line_04,pcb4,2026-08-09,LOT-20260809-AAS,EQ-04-A,operation,normal,,pcb4/Data/Images/Normal/0458.JPG
line_04/2026-08-09/L04AAS100005.JPG,line_04,pcb4,2026-08-09,LOT-20260809-AAS,EQ-04-A,operation,normal,,pcb4/Data/Images/Normal/0071.JPG
line_04/2026-08-09/L04AAS100006.JPG,line_04,pcb4,2026-08-09,LOT-20260809-AAS,EQ-04-A,operation,normal,,pcb4/Data/Images/Normal/0062.JPG
line_04/2026-08-09/L04AAS100007.JPG,line_04,pcb4,2026-08-09,LOT-20260809-AAS,EQ-04-A,operation,normal,,pcb4/Data/Images/Normal/0775.JPG
line_04/2026-08-09/L04AAS100008.JPG,line_04,pcb4,2026-08-09,LOT-20260809-AAS,EQ-04-A,operation,defect,/Users/eundong/Library/CloudStorage/GoogleDrive-yidheld@gmail.com/내 드라이브/[Shared]SK_AI_Hackathon/archive/pcb4/Data/Masks/Anomaly/049.png,pcb4/Data/Images/Anomaly/049.JPG
line_04/2026-08-09/L04AAS100009.JPG,line_04,pcb4,2026-08-09,LOT-20260809-AAS,EQ-04-A,operation,normal,,pcb4/Data/Images/Normal/0316.JPG
line_04/2026-08-09/L04AAS100010.JPG,line_04,pcb4,2026-08-09,LOT-20260809-AAS,EQ-04-A,operation,normal,,pcb4/Data/Images/Normal/0113.JPG
line_04/2026-08-09/L04AAS100011.JPG,line_04,pcb4,2026-08-09,LOT-20260809-AAS,EQ-04-A,operation,normal,,pcb4/Data/Images/Normal/0913.JPG
line_04/2026-08-09/L04AAS100012.JPG,line_04,pcb4,2026-08-09,LOT-20260809-AAS,EQ-04-A,operation,normal,,pcb4/Data/Images/Normal/0050.JPG
line_04/2026-08-09/L04AAS100013.JPG,line_04,pcb4,2026-08-09,LOT-20260809-AAS,EQ-04-A,operation,normal,,pcb4/Data/Images/Normal/0742.JPG
line_04/2026-08-09/L04AAS100014.JPG,line_04,pcb4,2026-08-09,LOT-20260809-AAS,EQ-04-A,operation,normal,,pcb4/Data/Images/Normal/0567.JPG
line_04/2026-08-09/L04AAS100015.JPG,line_04,pcb4,2026-08-09,LOT-20260809-AAS,EQ-04-A,operation,normal,,pcb4/Data/Images/Normal/0834.JPG
line_04/2026-08-09/L04AAS100016.JPG,line_04,pcb4,2026-08-09,LOT-20260809-AAS,EQ-04-A,operation,normal,,pcb4/Data/Images/Normal/0175.JPG
line_04/2026-08-09/L04AAS100017.JPG,line_04,pcb4,2026-08-09,LOT-20260809-AAS,EQ-04-A,operation,normal,,pcb4/Data/Images/Normal/0310.JPG
line_04/2026-08-09/L04AAS100018.JPG,line_04,pcb4,2026-08-09,LOT-20260809-AAS,EQ-04-A,operation,normal,,pcb4/Data/Images/Normal/0240.JPG
line_04/2026-08-09/L04AAS100019.JPG,line_04,pcb4,2026-08-09,LOT-20260809-AAS,EQ-04-A,operation,normal,,pcb4/Data/Images/Normal/0165.JPG
line_04/2026-08-09/L04AAS100020.JPG,line_04,pcb4,2026-08-09,LOT-20260809-AAS,EQ-04-A,operation,normal,,pcb4/Data/Images/Normal/0021.JPG
line_04/2026-08-09/L04AAS100021.JPG,line_04,pcb4,2026-08-09,LOT-20260809-AAS,EQ-04-A,operation,normal,,pcb4/Data/Images/Normal/0617.JPG
line_04/2026-08-09/L04AAS100022.JPG,line_04,pcb4,2026-08-09,LOT-20260809-AAS,EQ-04-A,operation,normal,,pcb4/Data/Images/Normal/0150.JPG
line_04/2026-08-09/L04AAS100023.JPG,line_04,pcb4,2026-08-09,LOT-20260809-AAS,EQ-04-A,operation,normal,,pcb4/Data/Images/Normal/0314.JPG
line_04/2026-08-09/L04AAS100024.JPG,line_04,pcb4,2026-08-09,LOT-20260809-AAS,EQ-04-A,operation,normal,,pcb4/Data/Images/Normal/0905.JPG
line_04/2026-08-09/L04AAS100025.JPG,line_04,pcb4,2026-08-09,LOT-20260809-AAS,EQ-04-A,operation,normal,,pcb4/Data/Images/Normal/0389.JPG
line_04/2026-08-09/L04AAS100026.JPG,line_04,pcb4,2026-08-09,LOT-20260809-AAS,EQ-04-A,operation,normal,,pcb4/Data/Images/Normal/0019.JPG
line_04/2026-08-09/L04AAS100027.JPG,line_04,pcb4,2026-08-09,LOT-20260809-AAS,EQ-04-A,operation,normal,,pcb4/Data/Images/Normal/0667.JPG
line_04/2026-08-09/L04AAS100028.JPG,line_04,pcb4,2026-08-09,LOT-20260809-AAS,EQ-04-A,operation,normal,,pcb4/Data/Images/Normal/0637.JPG
line_04/2026-08-09/L04AAS100029.JPG,line_04,pcb4,2026-08-09,LOT-20260809-AAS,EQ-04-A,operation,defect,/Users/eundong/Library/CloudStorage/GoogleDrive-yidheld@gmail.com/내 드라이브/[Shared]SK_AI_Hackathon/archive/pcb4/Data/Masks/Anomaly/043.png,pcb4/Data/Images/Anomaly/043.JPG
line_04/2026-08-09/L04AAS100030.JPG,line_04,pcb4,2026-08-09,LOT-20260809-AAS,EQ-04-A,operation,normal,,pcb4/Data/Images/Normal/0750.JPG
line_04/2026-08-09/L04AAS100031.JPG,line_04,pcb4,2026-08-09,LOT-20260809-AAS,EQ-04-A,operation,defect,/Users/eundong/Library/CloudStorage/GoogleDrive-yidheld@gmail.com/내 드라이브/[Shared]SK_AI_Hackathon/archive/pcb4/Data/Masks/Anomaly/028.png,pcb4/Data/Images/Anomaly/028.JPG
line_04/2026-08-09/L04AAS100032.JPG,line_04,pcb4,2026-08-09,LOT-20260809-AAS,EQ-04-A,operation,normal,,pcb4/Data/Images/Normal/0381.JPG
line_04/2026-08-09/L04AAS100033.JPG,line_04,pcb4,2026-08-09,LOT-20260809-AAS,EQ-04-A,operation,normal,,pcb4/Data/Images/Normal/0544.JPG
line_04/2026-08-09/L04AAS100034.JPG,line_04,pcb4,2026-08-09,LOT-20260809-AAS,EQ-04-A,operation,normal,,pcb4/Data/Images/Normal/0805.JPG
line_04/2026-08-09/L04AAS100035.JPG,line_04,pcb4,2026-08-09,LOT-20260809-AAS,EQ-04-A,operation,normal,,pcb4/Data/Images/Normal/0265.JPG
line_04/2026-08-09/L04AAS100036.JPG,line_04,pcb4,2026-08-09,LOT-20260809-AAS,EQ-04-A,operation,normal,,pcb4/Data/Images/Normal/0886.JPG
line_04/2026-08-09/L04AAS100037.JPG,line_04,pcb4,2026-08-09,LOT-20260809-AAS,EQ-04-A,operation,normal,,pcb4/Data/Images/Normal/0621.JPG
line_04/2026-08-09/L04AAS100038.JPG,line_04,pcb4,2026-08-09,LOT-20260809-AAS,EQ-04-A,operation,normal,,pcb4/Data/Images/Normal/0976.JPG
line_04/2026-08-09/L04AAS100039.JPG,line_04,pcb4,2026-08-09,LOT-20260809-AAS,EQ-04-A,operation,normal,,pcb4/Data/Images/Normal/0212.JPG
line_04/2026-08-09/L04AAS100040.JPG,line_04,pcb4,2026-08-09,LOT-20260809-AAS,EQ-04-A,operation,normal,,pcb4/Data/Images/Normal/0480.JPG
line_04/2026-08-09/L04AAS100041.JPG,line_04,pcb4,2026-08-09,LOT-20260809-AAS,EQ-04-A,operation,normal,,pcb4/Data/Images/Normal/0771.JPG
line_04/2026-08-09/L04AAS100042.JPG,line_04,pcb4,2026-08-09,LOT-20260809-AAS,EQ-04-A,operation,normal,,pcb4/Data/Images/Normal/0623.JPG
line_04/2026-08-09/L04AAS100043.JPG,line_04,pcb4,2026-08-09,LOT-20260809-AAS,EQ-04-A,operation,normal,,pcb4/Data/Images/Normal/0953.JPG
line_04/2026-08-09/L04AAS100044.JPG,line_04,pcb4,2026-08-09,LOT-20260809-AAS,EQ-04-A,operation,normal,,pcb4/Data/Images/Normal/0794.JPG
line_04/2026-08-09/L04AAS100045.JPG,line_04,pcb4,2026-08-09,LOT-20260809-AAS,EQ-04-A,operation,normal,,pcb4/Data/Images/Normal/0352.JPG
line_04/2026-08-09/L04AAS100046.JPG,line_04,pcb4,2026-08-09,LOT-20260809-AAS,EQ-04-A,operation,normal,,pcb4/Data/Images/Normal/0643.JPG
line_04/2026-08-09/L04AAS100047.JPG,line_04,pcb4,2026-08-09,LOT-20260809-AAS,EQ-04-A,operation,normal,,pcb4/Data/Images/Normal/0584.JPG
line_04/2026-08-09/L04AAS100048.JPG,line_04,pcb4,2026-08-09,LOT-20260809-AAS,EQ-04-A,operation,normal,,pcb4/Data/Images/Normal/0278.JPG
line_04/2026-08-09/L04AAS100049.JPG,line_04,pcb4,2026-08-09,LOT-20260809-AAS,EQ-04-A,operation,normal,,pcb4/Data/Images/Normal/0917.JPG
line_04/2026-08-09/L04AAS100050.JPG,line_04,pcb4,2026-08-09,LOT-20260809-AAS,EQ-04-A,operation,normal,,pcb4/Data/Images/Normal/0185.JPG
line_04/2026-08-09/L04AAS100051.JPG,line_04,pcb4,2026-08-09,LOT-20260809-AAS,EQ-04-A,operation,normal,,pcb4/Data/Images/Normal/0639.JPG
line_04/2026-08-09/L04AAS100052.JPG,line_04,pcb4,2026-08-09,LOT-20260809-AAS,EQ-04-A,operation,normal,,pcb4/Data/Images/Normal/0263.JPG
line_04/2026-08-09/L04AAS100053.JPG,line_04,pcb4,2026-08-09,LOT-20260809-AAS,EQ-04-A,operation,normal,,pcb4/Data/Images/Normal/0007.JPG
line_04/2026-08-09/L04AAS100054.JPG,line_04,pcb4,2026-08-09,LOT-20260809-AAS,EQ-04-A,operation,normal,,pcb4/Data/Images/Normal/0613.JPG
line_04/2026-08-09/L04AAS100055.JPG,line_04,pcb4,2026-08-09,LOT-20260809-AAS,EQ-04-A,operation,normal,,pcb4/Data/Images/Normal/0174.JPG
line_04/2026-08-09/L04AAS100056.JPG,line_04,pcb4,2026-08-09,LOT-20260809-AAS,EQ-04-A,operation,normal,,pcb4/Data/Images/Normal/0109.JPG
line_04/2026-08-09/L04AAS100057.JPG,line_04,pcb4,2026-08-09,LOT-20260809-AAS,EQ-04-A,operation,normal,,pcb4/Data/Images/Normal/0995.JPG
line_04/2026-08-09/L04AAS100058.JPG,line_04,pcb4,2026-08-09,LOT-20260809-AAS,EQ-04-A,operation,normal,,pcb4/Data/Images/Normal/0090.JPG
line_04/2026-08-09/L04AAS100059.JPG,line_04,pcb4,2026-08-09,LOT-20260809-AAS,EQ-04-A,operation,defect,/Users/eundong/Library/CloudStorage/GoogleDrive-yidheld@gmail.com/내 드라이브/[Shared]SK_AI_Hackathon/archive/pcb4/Data/Masks/Anomaly/002.png,pcb4/Data/Images/Anomaly/002.JPG
line_04/2026-08-09/L04AAS100060.JPG,line_04,pcb4,2026-08-09,LOT-20260809-AAS,EQ-04-A,operation,normal,,pcb4/Data/Images/Normal/0766.JPG
line_04/2026-08-09/L04AAS100061.JPG,line_04,pcb4,2026-08-09,LOT-20260809-AAS,EQ-04-A,operation,normal,,pcb4/Data/Images/Normal/0497.JPG
line_04/2026-08-09/L04AAS100062.JPG,line_04,pcb4,2026-08-09,LOT-20260809-AAS,EQ-04-A,operation,normal,,pcb4/Data/Images/Normal/0633.JPG
line_04/2026-08-09/L04AAS100063.JPG,line_04,pcb4,2026-08-09,LOT-20260809-AAS,EQ-04-A,operation,normal,,pcb4/Data/Images/Normal/0259.JPG
line_04/2026-08-09/L04AAS100064.JPG,line_04,pcb4,2026-08-09,LOT-20260809-AAS,EQ-04-A,operation,normal,,pcb4/Data/Images/Normal/0810.JPG
line_04/2026-08-09/L04AAS100065.JPG,line_04,pcb4,2026-08-09,LOT-20260809-AAS,EQ-04-A,operation,defect,/Users/eundong/Library/CloudStorage/GoogleDrive-yidheld@gmail.com/내 드라이브/[Shared]SK_AI_Hackathon/archive/pcb4/Data/Masks/Anomaly/048.png,pcb4/Data/Images/Anomaly/048.JPG
line_04/2026-08-09/L04AAS100066.JPG,line_04,pcb4,2026-08-09,LOT-20260809-AAS,EQ-04-A,operation,normal,,pcb4/Data/Images/Normal/0437.JPG
line_04/2026-08-09/L04AAS100067.JPG,line_04,pcb4,2026-08-09,LOT-20260809-AAS,EQ-04-A,operation,normal,,pcb4/Data/Images/Normal/0580.JPG
line_04/2026-08-09/L04AAS100068.JPG,line_04,pcb4,2026-08-09,LOT-20260809-AAS,EQ-04-A,operation,normal,,pcb4/Data/Images/Normal/0286.JPG
line_04/2026-08-09/L04AAS100069.JPG,line_04,pcb4,2026-08-09,LOT-20260809-AAS,EQ-04-A,operation,normal,,pcb4/Data/Images/Normal/0476.JPG
line_04/2026-08-09/L04AAS100070.JPG,line_04,pcb4,2026-08-09,LOT-20260809-AAS,EQ-04-A,operation,normal,,pcb4/Data/Images/Normal/0868.JPG
line_04/2026-08-09/L04AAS100071.JPG,line_04,pcb4,2026-08-09,LOT-20260809-AAS,EQ-04-A,operation,normal,,pcb4/Data/Images/Normal/0564.JPG
line_04/2026-08-09/L04AAS100072.JPG,line_04,pcb4,2026-08-09,LOT-20260809-AAS,EQ-04-A,operation,defect,/Users/eundong/Library/CloudStorage/GoogleDrive-yidheld@gmail.com/내 드라이브/[Shared]SK_AI_Hackathon/archive/pcb4/Data/Masks/Anomaly/081.png,pcb4/Data/Images/Anomaly/081.JPG
line_04/2026-08-09/L04AAS100073.JPG,line_04,pcb4,2026-08-09,LOT-20260809-AAS,EQ-04-A,operation,normal,,pcb4/Data/Images/Normal/0408.JPG
line_04/2026-08-09/L04AAS100074.JPG,line_04,pcb4,2026-08-09,LOT-20260809-AAS,EQ-04-A,operation,normal,,pcb4/Data/Images/Normal/0276.JPG
line_04/2026-08-09/L04AAS100075.JPG,line_04,pcb4,2026-08-09,LOT-20260809-AAS,EQ-04-A,operation,normal,,pcb4/Data/Images/Normal/0215.JPG
line_04/2026-08-09/L04AAS100076.JPG,line_04,pcb4,2026-08-09,LOT-20260809-AAS,EQ-04-A,operation,normal,,pcb4/Data/Images/Normal/0340.JPG
line_04/2026-08-09/L04AAS100077.JPG,line_04,pcb4,2026-08-09,LOT-20260809-AAS,EQ-04-A,operation,normal,,pcb4/Data/Images/Normal/0587.JPG
line_04/2026-08-09/L04AAS100078.JPG,line_04,pcb4,2026-08-09,LOT-20260809-AAS,EQ-04-A,operation,defect,/Users/eundong/Library/CloudStorage/GoogleDrive-yidheld@gmail.com/내 드라이브/[Shared]SK_AI_Hackathon/archive/pcb4/Data/Masks/Anomaly/029.png,pcb4/Data/Images/Anomaly/029.JPG
line_04/2026-08-09/L04AAS100079.JPG,line_04,pcb4,2026-08-09,LOT-20260809-AAS,EQ-04-A,operation,normal,,pcb4/Data/Images/Normal/0911.JPG
line_04/2026-08-09/L04AAS100080.JPG,line_04,pcb4,2026-08-09,LOT-20260809-AAS,EQ-04-A,operation,normal,,pcb4/Data/Images/Normal/0495.JPG
line_04/2026-08-09/L04AAS100081.JPG,line_04,pcb4,2026-08-09,LOT-20260809-AAS,EQ-04-A,operation,normal,,pcb4/Data/Images/Normal/0703.JPG
line_04/2026-08-09/L04AAS100082.JPG,line_04,pcb4,2026-08-09,LOT-20260809-AAS,EQ-04-A,operation,normal,,pcb4/Data/Images/Normal/0997.JPG
line_04/2026-08-09/L04AAS100083.JPG,line_04,pcb4,2026-08-09,LOT-20260809-AAS,EQ-04-A,operation,normal,,pcb4/Data/Images/Normal/0098.JPG
line_04/2026-08-09/L04AAS100084.JPG,line_04,pcb4,2026-08-09,LOT-20260809-AAS,EQ-04-A,operation,normal,,pcb4/Data/Images/Normal/0378.JPG
line_04/2026-08-09/L04AAS100085.JPG,line_04,pcb4,2026-08-09,LOT-20260809-AAS,EQ-04-A,operation,normal,,pcb4/Data/Images/Normal/0928.JPG
line_04/2026-08-09/L04AAS100086.JPG,line_04,pcb4,2026-08-09,LOT-20260809-AAS,EQ-04-A,operation,normal,,pcb4/Data/Images/Normal/0051.JPG
line_04/2026-08-09/L04AAS100087.JPG,line_04,pcb4,2026-08-09,LOT-20260809-AAS,EQ-04-A,operation,normal,,pcb4/Data/Images/Normal/0536.JPG
line_04/2026-08-09/L04AAS100088.JPG,line_04,pcb4,2026-08-09,LOT-20260809-AAS,EQ-04-A,operation,normal,,pcb4/Data/Images/Normal/0631.JPG
line_04/2026-08-09/L04AAS100089.JPG,line_04,pcb4,2026-08-09,LOT-20260809-AAS,EQ-04-A,operation,normal,,pcb4/Data/Images/Normal/0063.JPG
line_04/2026-08-09/L04AAS100090.JPG,line_04,pcb4,2026-08-09,LOT-20260809-AAS,EQ-04-A,operation,normal,,pcb4/Data/Images/Normal/0248.JPG
line_04/2026-08-09/L04AAS100091.JPG,line_04,pcb4,2026-08-09,LOT-20260809-AAS,EQ-04-A,operation,normal,,pcb4/Data/Images/Normal/0305.JPG
line_04/2026-08-09/L04AAS100092.JPG,line_04,pcb4,2026-08-09,LOT-20260809-AAS,EQ-04-A,operation,normal,,pcb4/Data/Images/Normal/0347.JPG
line_04/2026-08-09/L04AAS100093.JPG,line_04,pcb4,2026-08-09,LOT-20260809-AAS,EQ-04-A,operation,normal,,pcb4/Data/Images/Normal/0446.JPG
line_04/2026-08-09/L04AAS100094.JPG,line_04,pcb4,2026-08-09,LOT-20260809-AAS,EQ-04-A,operation,normal,,pcb4/Data/Images/Normal/0452.JPG
line_04/2026-08-09/L04AAS100095.JPG,line_04,pcb4,2026-08-09,LOT-20260809-AAS,EQ-04-A,operation,normal,,pcb4/Data/Images/Normal/0343.JPG
line_04/2026-08-09/L04AAS100096.JPG,line_04,pcb4,2026-08-09,LOT-20260809-AAS,EQ-04-A,operation,normal,,pcb4/Data/Images/Normal/0180.JPG
line_04/2026-08-09/L04AAS100097.JPG,line_04,pcb4,2026-08-09,LOT-20260809-AAS,EQ-04-A,operation,normal,,pcb4/Data/Images/Normal/0968.JPG
line_04/2026-08-09/L04AAS100098.JPG,line_04,pcb4,2026-08-09,LOT-20260809-AAS,EQ-04-A,operation,normal,,pcb4/Data/Images/Normal/0946.JPG
line_04/2026-08-09/L04AAS100099.JPG,line_04,pcb4,2026-08-09,LOT-20260809-AAS,EQ-04-A,operation,normal,,pcb4/Data/Images/Normal/0943.JPG
line_04/2026-08-09/L04AAS100100.JPG,line_04,pcb4,2026-08-09,LOT-20260809-AAS,EQ-04-A,operation,normal,,pcb4/Data/Images/Normal/0128.JPG
line_04/2026-08-09/L04AAS100101.JPG,line_04,pcb4,2026-08-09,LOT-20260809-AAS,EQ-04-A,operation,normal,,pcb4/Data/Images/Normal/0082.JPG
line_04/2026-08-09/L04AAS100102.JPG,line_04,pcb4,2026-08-09,LOT-20260809-AAS,EQ-04-A,operation,normal,,pcb4/Data/Images/Normal/0910.JPG
line_04/2026-08-09/L04AAS100103.JPG,line_04,pcb4,2026-08-09,LOT-20260809-AAS,EQ-04-A,operation,normal,,pcb4/Data/Images/Normal/0301.JPG
line_01/2026-08-10/L01AAP100177.JPG,line_01,pcb1,2026-08-10,LOT-20260810-AAP,EQ-01-A,operation,normal,,pcb1/Data/Images/Normal/0010.JPG
line_01/2026-08-10/L01AAP100178.JPG,line_01,pcb1,2026-08-10,LOT-20260810-AAP,EQ-01-A,operation,defect,/Users/eundong/Library/CloudStorage/GoogleDrive-yidheld@gmail.com/내 드라이브/[Shared]SK_AI_Hackathon/archive/pcb1/Data/Masks/Anomaly/013.png,pcb1/Data/Images/Anomaly/013.JPG
line_01/2026-08-10/L01AAP100179.JPG,line_01,pcb1,2026-08-10,LOT-20260810-AAP,EQ-01-A,operation,normal,,pcb1/Data/Images/Normal/0688.JPG
line_01/2026-08-10/L01AAP100180.JPG,line_01,pcb1,2026-08-10,LOT-20260810-AAP,EQ-01-A,operation,normal,,pcb1/Data/Images/Normal/0668.JPG
line_01/2026-08-10/L01AAP100181.JPG,line_01,pcb1,2026-08-10,LOT-20260810-AAP,EQ-01-A,operation,normal,,pcb1/Data/Images/Normal/0785.JPG
line_01/2026-08-10/L01AAP100182.JPG,line_01,pcb1,2026-08-10,LOT-20260810-AAP,EQ-01-A,operation,normal,,pcb1/Data/Images/Normal/0561.JPG
line_01/2026-08-10/L01AAP100183.JPG,line_01,pcb1,2026-08-10,LOT-20260810-AAP,EQ-01-A,operation,normal,,pcb1/Data/Images/Normal/0180.JPG
line_01/2026-08-10/L01AAP100184.JPG,line_01,pcb1,2026-08-10,LOT-20260810-AAP,EQ-01-A,operation,normal,,pcb1/Data/Images/Normal/0910.JPG
line_01/2026-08-10/L01AAP100185.JPG,line_01,pcb1,2026-08-10,LOT-20260810-AAP,EQ-01-A,operation,normal,,pcb1/Data/Images/Normal/0349.JPG
line_01/2026-08-10/L01AAP100186.JPG,line_01,pcb1,2026-08-10,LOT-20260810-AAP,EQ-01-A,operation,normal,,pcb1/Data/Images/Normal/0905.JPG
line_01/2026-08-10/L01AAP100187.JPG,line_01,pcb1,2026-08-10,LOT-20260810-AAP,EQ-01-A,operation,normal,,pcb1/Data/Images/Normal/0463.JPG
line_01/2026-08-10/L01AAP100188.JPG,line_01,pcb1,2026-08-10,LOT-20260810-AAP,EQ-01-A,operation,normal,,pcb1/Data/Images/Normal/0279.JPG
line_01/2026-08-10/L01AAP100189.JPG,line_01,pcb1,2026-08-10,LOT-20260810-AAP,EQ-01-A,operation,normal,,pcb1/Data/Images/Normal/0364.JPG
line_01/2026-08-10/L01AAP100190.JPG,line_01,pcb1,2026-08-10,LOT-20260810-AAP,EQ-01-A,operation,normal,,pcb1/Data/Images/Normal/0249.JPG
line_01/2026-08-10/L01AAP100191.JPG,line_01,pcb1,2026-08-10,LOT-20260810-AAP,EQ-01-A,operation,normal,,pcb1/Data/Images/Normal/0426.JPG
line_01/2026-08-10/L01AAP100192.JPG,line_01,pcb1,2026-08-10,LOT-20260810-AAP,EQ-01-A,operation,normal,,pcb1/Data/Images/Normal/0325.JPG
line_01/2026-08-10/L01AAP100193.JPG,line_01,pcb1,2026-08-10,LOT-20260810-AAP,EQ-01-A,operation,normal,,pcb1/Data/Images/Normal/0467.JPG
line_01/2026-08-10/L01AAP100194.JPG,line_01,pcb1,2026-08-10,LOT-20260810-AAP,EQ-01-A,operation,normal,,pcb1/Data/Images/Normal/0333.JPG
line_01/2026-08-10/L01AAP100195.JPG,line_01,pcb1,2026-08-10,LOT-20260810-AAP,EQ-01-A,operation,normal,,pcb1/Data/Images/Normal/0493.JPG
line_01/2026-08-10/L01AAP100196.JPG,line_01,pcb1,2026-08-10,LOT-20260810-AAP,EQ-01-A,operation,normal,,pcb1/Data/Images/Normal/0472.JPG
line_01/2026-08-10/L01AAP100197.JPG,line_01,pcb1,2026-08-10,LOT-20260810-AAP,EQ-01-A,operation,normal,,pcb1/Data/Images/Normal/0172.JPG
line_01/2026-08-10/L01AAP100198.JPG,line_01,pcb1,2026-08-10,LOT-20260810-AAP,EQ-01-A,operation,normal,,pcb1/Data/Images/Normal/0424.JPG
line_01/2026-08-10/L01AAP100199.JPG,line_01,pcb1,2026-08-10,LOT-20260810-AAP,EQ-01-A,operation,normal,,pcb1/Data/Images/Normal/0084.JPG
line_01/2026-08-10/L01AAP100200.JPG,line_01,pcb1,2026-08-10,LOT-20260810-AAP,EQ-01-A,operation,normal,,pcb1/Data/Images/Normal/0239.JPG
line_01/2026-08-10/L01AAT100001.JPG,line_01,pcb1,2026-08-10,LOT-20260810-AAT,EQ-01-A,operation,normal,,pcb1/Data/Images/Normal/0435.JPG
line_01/2026-08-10/L01AAT100002.JPG,line_01,pcb1,2026-08-10,LOT-20260810-AAT,EQ-01-A,operation,normal,,pcb1/Data/Images/Normal/0525.JPG
line_01/2026-08-10/L01AAT100003.JPG,line_01,pcb1,2026-08-10,LOT-20260810-AAT,EQ-01-A,operation,defect,/Users/eundong/Library/CloudStorage/GoogleDrive-yidheld@gmail.com/내 드라이브/[Shared]SK_AI_Hackathon/archive/pcb1/Data/Masks/Anomaly/049.png,pcb1/Data/Images/Anomaly/049.JPG
line_01/2026-08-10/L01AAT100004.JPG,line_01,pcb1,2026-08-10,LOT-20260810-AAT,EQ-01-A,operation,normal,,pcb1/Data/Images/Normal/0013.JPG
line_01/2026-08-10/L01AAT100005.JPG,line_01,pcb1,2026-08-10,LOT-20260810-AAT,EQ-01-A,operation,normal,,pcb1/Data/Images/Normal/0201.JPG
line_01/2026-08-10/L01AAT100006.JPG,line_01,pcb1,2026-08-10,LOT-20260810-AAT,EQ-01-A,operation,normal,,pcb1/Data/Images/Normal/0415.JPG
line_01/2026-08-10/L01AAT100007.JPG,line_01,pcb1,2026-08-10,LOT-20260810-AAT,EQ-01-A,operation,normal,,pcb1/Data/Images/Normal/0769.JPG
line_01/2026-08-10/L01AAT100008.JPG,line_01,pcb1,2026-08-10,LOT-20260810-AAT,EQ-01-A,operation,normal,,pcb1/Data/Images/Normal/0902.JPG
line_01/2026-08-10/L01AAT100009.JPG,line_01,pcb1,2026-08-10,LOT-20260810-AAT,EQ-01-A,operation,defect,/Users/eundong/Library/CloudStorage/GoogleDrive-yidheld@gmail.com/내 드라이브/[Shared]SK_AI_Hackathon/archive/pcb1/Data/Masks/Anomaly/073.png,pcb1/Data/Images/Anomaly/073.JPG
line_01/2026-08-10/L01AAT100010.JPG,line_01,pcb1,2026-08-10,LOT-20260810-AAT,EQ-01-A,operation,normal,,pcb1/Data/Images/Normal/0631.JPG
line_01/2026-08-10/L01AAT100011.JPG,line_01,pcb1,2026-08-10,LOT-20260810-AAT,EQ-01-A,operation,normal,,pcb1/Data/Images/Normal/0236.JPG
line_01/2026-08-10/L01AAT100012.JPG,line_01,pcb1,2026-08-10,LOT-20260810-AAT,EQ-01-A,operation,normal,,pcb1/Data/Images/Normal/0842.JPG
line_01/2026-08-10/L01AAT100013.JPG,line_01,pcb1,2026-08-10,LOT-20260810-AAT,EQ-01-A,operation,normal,,pcb1/Data/Images/Normal/0359.JPG
line_01/2026-08-10/L01AAT100014.JPG,line_01,pcb1,2026-08-10,LOT-20260810-AAT,EQ-01-A,operation,normal,,pcb1/Data/Images/Normal/0490.JPG
line_01/2026-08-10/L01AAT100015.JPG,line_01,pcb1,2026-08-10,LOT-20260810-AAT,EQ-01-A,operation,normal,,pcb1/Data/Images/Normal/0835.JPG
line_01/2026-08-10/L01AAT100016.JPG,line_01,pcb1,2026-08-10,LOT-20260810-AAT,EQ-01-A,operation,normal,,pcb1/Data/Images/Normal/0547.JPG
line_01/2026-08-10/L01AAT100017.JPG,line_01,pcb1,2026-08-10,LOT-20260810-AAT,EQ-01-A,operation,normal,,pcb1/Data/Images/Normal/0799.JPG
line_01/2026-08-10/L01AAT100018.JPG,line_01,pcb1,2026-08-10,LOT-20260810-AAT,EQ-01-A,operation,normal,,pcb1/Data/Images/Normal/0232.JPG
line_01/2026-08-10/L01AAT100019.JPG,line_01,pcb1,2026-08-10,LOT-20260810-AAT,EQ-01-A,operation,normal,,pcb1/Data/Images/Normal/0334.JPG
line_01/2026-08-10/L01AAT100020.JPG,line_01,pcb1,2026-08-10,LOT-20260810-AAT,EQ-01-A,operation,normal,,pcb1/Data/Images/Normal/0436.JPG
line_01/2026-08-10/L01AAT100021.JPG,line_01,pcb1,2026-08-10,LOT-20260810-AAT,EQ-01-A,operation,normal,,pcb1/Data/Images/Normal/0980.JPG
line_01/2026-08-10/L01AAT100022.JPG,line_01,pcb1,2026-08-10,LOT-20260810-AAT,EQ-01-A,operation,normal,,pcb1/Data/Images/Normal/0503.JPG
line_01/2026-08-10/L01AAT100023.JPG,line_01,pcb1,2026-08-10,LOT-20260810-AAT,EQ-01-A,operation,normal,,pcb1/Data/Images/Normal/0711.JPG
line_01/2026-08-10/L01AAT100024.JPG,line_01,pcb1,2026-08-10,LOT-20260810-AAT,EQ-01-A,operation,normal,,pcb1/Data/Images/Normal/0129.JPG
line_01/2026-08-10/L01AAT100025.JPG,line_01,pcb1,2026-08-10,LOT-20260810-AAT,EQ-01-A,operation,normal,,pcb1/Data/Images/Normal/0614.JPG
line_01/2026-08-10/L01AAT100026.JPG,line_01,pcb1,2026-08-10,LOT-20260810-AAT,EQ-01-A,operation,normal,,pcb1/Data/Images/Normal/0630.JPG
line_01/2026-08-10/L01AAT100027.JPG,line_01,pcb1,2026-08-10,LOT-20260810-AAT,EQ-01-A,operation,normal,,pcb1/Data/Images/Normal/0554.JPG
line_01/2026-08-10/L01AAT100028.JPG,line_01,pcb1,2026-08-10,LOT-20260810-AAT,EQ-01-A,operation,normal,,pcb1/Data/Images/Normal/0191.JPG
line_01/2026-08-10/L01AAT100029.JPG,line_01,pcb1,2026-08-10,LOT-20260810-AAT,EQ-01-A,operation,normal,,pcb1/Data/Images/Normal/0138.JPG
line_01/2026-08-10/L01AAT100030.JPG,line_01,pcb1,2026-08-10,LOT-20260810-AAT,EQ-01-A,operation,normal,,pcb1/Data/Images/Normal/0293.JPG
line_01/2026-08-10/L01AAT100031.JPG,line_01,pcb1,2026-08-10,LOT-20260810-AAT,EQ-01-A,operation,normal,,pcb1/Data/Images/Normal/0720.JPG
line_01/2026-08-10/L01AAT100032.JPG,line_01,pcb1,2026-08-10,LOT-20260810-AAT,EQ-01-A,operation,normal,,pcb1/Data/Images/Normal/0428.JPG
line_01/2026-08-10/L01AAT100033.JPG,line_01,pcb1,2026-08-10,LOT-20260810-AAT,EQ-01-A,operation,normal,,pcb1/Data/Images/Normal/0879.JPG
line_01/2026-08-10/L01AAT100034.JPG,line_01,pcb1,2026-08-10,LOT-20260810-AAT,EQ-01-A,operation,normal,,pcb1/Data/Images/Normal/0533.JPG
line_01/2026-08-10/L01AAT100035.JPG,line_01,pcb1,2026-08-10,LOT-20260810-AAT,EQ-01-A,operation,normal,,pcb1/Data/Images/Normal/0017.JPG
line_01/2026-08-10/L01AAT100036.JPG,line_01,pcb1,2026-08-10,LOT-20260810-AAT,EQ-01-A,operation,normal,,pcb1/Data/Images/Normal/0991.JPG
line_01/2026-08-10/L01AAT100037.JPG,line_01,pcb1,2026-08-10,LOT-20260810-AAT,EQ-01-A,operation,normal,,pcb1/Data/Images/Normal/0778.JPG
line_01/2026-08-10/L01AAT100038.JPG,line_01,pcb1,2026-08-10,LOT-20260810-AAT,EQ-01-A,operation,normal,,pcb1/Data/Images/Normal/0350.JPG
line_01/2026-08-10/L01AAT100039.JPG,line_01,pcb1,2026-08-10,LOT-20260810-AAT,EQ-01-A,operation,normal,,pcb1/Data/Images/Normal/0302.JPG
line_01/2026-08-10/L01AAT100040.JPG,line_01,pcb1,2026-08-10,LOT-20260810-AAT,EQ-01-A,operation,normal,,pcb1/Data/Images/Normal/0193.JPG
line_01/2026-08-10/L01AAT100041.JPG,line_01,pcb1,2026-08-10,LOT-20260810-AAT,EQ-01-A,operation,normal,,pcb1/Data/Images/Normal/0976.JPG
line_01/2026-08-10/L01AAT100042.JPG,line_01,pcb1,2026-08-10,LOT-20260810-AAT,EQ-01-A,operation,normal,,pcb1/Data/Images/Normal/0447.JPG
line_01/2026-08-10/L01AAT100043.JPG,line_01,pcb1,2026-08-10,LOT-20260810-AAT,EQ-01-A,operation,normal,,pcb1/Data/Images/Normal/0933.JPG
line_01/2026-08-10/L01AAT100044.JPG,line_01,pcb1,2026-08-10,LOT-20260810-AAT,EQ-01-A,operation,normal,,pcb1/Data/Images/Normal/0301.JPG
line_01/2026-08-10/L01AAT100045.JPG,line_01,pcb1,2026-08-10,LOT-20260810-AAT,EQ-01-A,operation,normal,,pcb1/Data/Images/Normal/0005.JPG
line_01/2026-08-10/L01AAT100046.JPG,line_01,pcb1,2026-08-10,LOT-20260810-AAT,EQ-01-A,operation,normal,,pcb1/Data/Images/Normal/0969.JPG
line_01/2026-08-10/L01AAT100047.JPG,line_01,pcb1,2026-08-10,LOT-20260810-AAT,EQ-01-A,operation,normal,,pcb1/Data/Images/Normal/0501.JPG
line_01/2026-08-10/L01AAT100048.JPG,line_01,pcb1,2026-08-10,LOT-20260810-AAT,EQ-01-A,operation,normal,,pcb1/Data/Images/Normal/0061.JPG
line_01/2026-08-10/L01AAT100049.JPG,line_01,pcb1,2026-08-10,LOT-20260810-AAT,EQ-01-A,operation,normal,,pcb1/Data/Images/Normal/0779.JPG
line_01/2026-08-10/L01AAT100050.JPG,line_01,pcb1,2026-08-10,LOT-20260810-AAT,EQ-01-A,operation,normal,,pcb1/Data/Images/Normal/0121.JPG
line_01/2026-08-10/L01AAT100051.JPG,line_01,pcb1,2026-08-10,LOT-20260810-AAT,EQ-01-A,operation,normal,,pcb1/Data/Images/Normal/0398.JPG
line_01/2026-08-10/L01AAT100052.JPG,line_01,pcb1,2026-08-10,LOT-20260810-AAT,EQ-01-A,operation,normal,,pcb1/Data/Images/Normal/0029.JPG
line_01/2026-08-10/L01AAT100053.JPG,line_01,pcb1,2026-08-10,LOT-20260810-AAT,EQ-01-A,operation,normal,,pcb1/Data/Images/Normal/0144.JPG
line_01/2026-08-10/L01AAT100054.JPG,line_01,pcb1,2026-08-10,LOT-20260810-AAT,EQ-01-A,operation,defect,/Users/eundong/Library/CloudStorage/GoogleDrive-yidheld@gmail.com/내 드라이브/[Shared]SK_AI_Hackathon/archive/pcb1/Data/Masks/Anomaly/081.png,pcb1/Data/Images/Anomaly/081.JPG
line_01/2026-08-10/L01AAT100055.JPG,line_01,pcb1,2026-08-10,LOT-20260810-AAT,EQ-01-A,operation,normal,,pcb1/Data/Images/Normal/0485.JPG
line_01/2026-08-10/L01AAT100056.JPG,line_01,pcb1,2026-08-10,LOT-20260810-AAT,EQ-01-A,operation,normal,,pcb1/Data/Images/Normal/0119.JPG
line_01/2026-08-10/L01AAT100057.JPG,line_01,pcb1,2026-08-10,LOT-20260810-AAT,EQ-01-A,operation,normal,,pcb1/Data/Images/Normal/0502.JPG
line_01/2026-08-10/L01AAT100058.JPG,line_01,pcb1,2026-08-10,LOT-20260810-AAT,EQ-01-A,operation,normal,,pcb1/Data/Images/Normal/0657.JPG
line_01/2026-08-10/L01AAT100059.JPG,line_01,pcb1,2026-08-10,LOT-20260810-AAT,EQ-01-A,operation,normal,,pcb1/Data/Images/Normal/0397.JPG
line_01/2026-08-10/L01AAT100060.JPG,line_01,pcb1,2026-08-10,LOT-20260810-AAT,EQ-01-A,operation,normal,,pcb1/Data/Images/Normal/0936.JPG
line_01/2026-08-10/L01AAT100061.JPG,line_01,pcb1,2026-08-10,LOT-20260810-AAT,EQ-01-A,operation,normal,,pcb1/Data/Images/Normal/0496.JPG
line_01/2026-08-10/L01AAT100062.JPG,line_01,pcb1,2026-08-10,LOT-20260810-AAT,EQ-01-A,operation,normal,,pcb1/Data/Images/Normal/0527.JPG
line_01/2026-08-10/L01AAT100063.JPG,line_01,pcb1,2026-08-10,LOT-20260810-AAT,EQ-01-A,operation,defect,/Users/eundong/Library/CloudStorage/GoogleDrive-yidheld@gmail.com/내 드라이브/[Shared]SK_AI_Hackathon/archive/pcb1/Data/Masks/Anomaly/012.png,pcb1/Data/Images/Anomaly/012.JPG
line_01/2026-08-10/L01AAT100064.JPG,line_01,pcb1,2026-08-10,LOT-20260810-AAT,EQ-01-A,operation,normal,,pcb1/Data/Images/Normal/0221.JPG
line_01/2026-08-10/L01AAT100065.JPG,line_01,pcb1,2026-08-10,LOT-20260810-AAT,EQ-01-A,operation,normal,,pcb1/Data/Images/Normal/0723.JPG
line_01/2026-08-10/L01AAT100066.JPG,line_01,pcb1,2026-08-10,LOT-20260810-AAT,EQ-01-A,operation,normal,,pcb1/Data/Images/Normal/0894.JPG
line_01/2026-08-10/L01AAT100067.JPG,line_01,pcb1,2026-08-10,LOT-20260810-AAT,EQ-01-A,operation,normal,,pcb1/Data/Images/Normal/0660.JPG
line_01/2026-08-10/L01AAT100068.JPG,line_01,pcb1,2026-08-10,LOT-20260810-AAT,EQ-01-A,operation,normal,,pcb1/Data/Images/Normal/0776.JPG
line_01/2026-08-10/L01AAT100069.JPG,line_01,pcb1,2026-08-10,LOT-20260810-AAT,EQ-01-A,operation,normal,,pcb1/Data/Images/Normal/0705.JPG
line_01/2026-08-10/L01AAT100070.JPG,line_01,pcb1,2026-08-10,LOT-20260810-AAT,EQ-01-A,operation,normal,,pcb1/Data/Images/Normal/0715.JPG
line_02/2026-08-10/L02AAQ100200.JPG,line_02,pcb2,2026-08-10,LOT-20260810-AAQ,EQ-02-A,operation,normal,,pcb2/Data/Images/Normal/0669.JPG
line_02/2026-08-10/L02AAU100001.JPG,line_02,pcb2,2026-08-10,LOT-20260810-AAU,EQ-02-A,operation,normal,,pcb2/Data/Images/Normal/0609.JPG
line_02/2026-08-10/L02AAU100002.JPG,line_02,pcb2,2026-08-10,LOT-20260810-AAU,EQ-02-A,operation,normal,,pcb2/Data/Images/Normal/0590.JPG
line_02/2026-08-10/L02AAU100003.JPG,line_02,pcb2,2026-08-10,LOT-20260810-AAU,EQ-02-A,operation,defect,/Users/eundong/Library/CloudStorage/GoogleDrive-yidheld@gmail.com/내 드라이브/[Shared]SK_AI_Hackathon/archive/pcb2/Data/Masks/Anomaly/074.png,pcb2/Data/Images/Anomaly/074.JPG
line_02/2026-08-10/L02AAU100004.JPG,line_02,pcb2,2026-08-10,LOT-20260810-AAU,EQ-02-A,operation,normal,,pcb2/Data/Images/Normal/0027.JPG
line_02/2026-08-10/L02AAU100005.JPG,line_02,pcb2,2026-08-10,LOT-20260810-AAU,EQ-02-A,operation,normal,,pcb2/Data/Images/Normal/0905.JPG
line_02/2026-08-10/L02AAU100006.JPG,line_02,pcb2,2026-08-10,LOT-20260810-AAU,EQ-02-A,operation,normal,,pcb2/Data/Images/Normal/0401.JPG
line_02/2026-08-10/L02AAU100007.JPG,line_02,pcb2,2026-08-10,LOT-20260810-AAU,EQ-02-A,operation,normal,,pcb2/Data/Images/Normal/0280.JPG
line_02/2026-08-10/L02AAU100008.JPG,line_02,pcb2,2026-08-10,LOT-20260810-AAU,EQ-02-A,operation,normal,,pcb2/Data/Images/Normal/0994.JPG
line_02/2026-08-10/L02AAU100009.JPG,line_02,pcb2,2026-08-10,LOT-20260810-AAU,EQ-02-A,operation,normal,,pcb2/Data/Images/Normal/0201.JPG
line_02/2026-08-10/L02AAU100010.JPG,line_02,pcb2,2026-08-10,LOT-20260810-AAU,EQ-02-A,operation,normal,,pcb2/Data/Images/Normal/0481.JPG
line_02/2026-08-10/L02AAU100011.JPG,line_02,pcb2,2026-08-10,LOT-20260810-AAU,EQ-02-A,operation,normal,,pcb2/Data/Images/Normal/0172.JPG
line_02/2026-08-10/L02AAU100012.JPG,line_02,pcb2,2026-08-10,LOT-20260810-AAU,EQ-02-A,operation,defect,/Users/eundong/Library/CloudStorage/GoogleDrive-yidheld@gmail.com/내 드라이브/[Shared]SK_AI_Hackathon/archive/pcb2/Data/Masks/Anomaly/059.png,pcb2/Data/Images/Anomaly/059.JPG
line_02/2026-08-10/L02AAU100013.JPG,line_02,pcb2,2026-08-10,LOT-20260810-AAU,EQ-02-A,operation,normal,,pcb2/Data/Images/Normal/0121.JPG
line_02/2026-08-10/L02AAU100014.JPG,line_02,pcb2,2026-08-10,LOT-20260810-AAU,EQ-02-A,operation,normal,,pcb2/Data/Images/Normal/0770.JPG
line_02/2026-08-10/L02AAU100015.JPG,line_02,pcb2,2026-08-10,LOT-20260810-AAU,EQ-02-A,operation,normal,,pcb2/Data/Images/Normal/0461.JPG
line_02/2026-08-10/L02AAU100016.JPG,line_02,pcb2,2026-08-10,LOT-20260810-AAU,EQ-02-A,operation,normal,,pcb2/Data/Images/Normal/0523.JPG
line_02/2026-08-10/L02AAU100017.JPG,line_02,pcb2,2026-08-10,LOT-20260810-AAU,EQ-02-A,operation,normal,,pcb2/Data/Images/Normal/0402.JPG
line_02/2026-08-10/L02AAU100018.JPG,line_02,pcb2,2026-08-10,LOT-20260810-AAU,EQ-02-A,operation,normal,,pcb2/Data/Images/Normal/0776.JPG
line_02/2026-08-10/L02AAU100019.JPG,line_02,pcb2,2026-08-10,LOT-20260810-AAU,EQ-02-A,operation,defect,/Users/eundong/Library/CloudStorage/GoogleDrive-yidheld@gmail.com/내 드라이브/[Shared]SK_AI_Hackathon/archive/pcb2/Data/Masks/Anomaly/086.png,pcb2/Data/Images/Anomaly/086.JPG
line_02/2026-08-10/L02AAU100020.JPG,line_02,pcb2,2026-08-10,LOT-20260810-AAU,EQ-02-A,operation,normal,,pcb2/Data/Images/Normal/0524.JPG
line_02/2026-08-10/L02AAU100021.JPG,line_02,pcb2,2026-08-10,LOT-20260810-AAU,EQ-02-A,operation,normal,,pcb2/Data/Images/Normal/0758.JPG
line_02/2026-08-10/L02AAU100022.JPG,line_02,pcb2,2026-08-10,LOT-20260810-AAU,EQ-02-A,operation,normal,,pcb2/Data/Images/Normal/0415.JPG
line_02/2026-08-10/L02AAU100023.JPG,line_02,pcb2,2026-08-10,LOT-20260810-AAU,EQ-02-A,operation,normal,,pcb2/Data/Images/Normal/0063.JPG
line_02/2026-08-10/L02AAU100024.JPG,line_02,pcb2,2026-08-10,LOT-20260810-AAU,EQ-02-A,operation,normal,,pcb2/Data/Images/Normal/0577.JPG
line_02/2026-08-10/L02AAU100025.JPG,line_02,pcb2,2026-08-10,LOT-20260810-AAU,EQ-02-A,operation,normal,,pcb2/Data/Images/Normal/0422.JPG
line_02/2026-08-10/L02AAU100026.JPG,line_02,pcb2,2026-08-10,LOT-20260810-AAU,EQ-02-A,operation,normal,,pcb2/Data/Images/Normal/0587.JPG
line_02/2026-08-10/L02AAU100027.JPG,line_02,pcb2,2026-08-10,LOT-20260810-AAU,EQ-02-A,operation,normal,,pcb2/Data/Images/Normal/0817.JPG
line_02/2026-08-10/L02AAU100028.JPG,line_02,pcb2,2026-08-10,LOT-20260810-AAU,EQ-02-A,operation,defect,/Users/eundong/Library/CloudStorage/GoogleDrive-yidheld@gmail.com/내 드라이브/[Shared]SK_AI_Hackathon/archive/pcb2/Data/Masks/Anomaly/087.png,pcb2/Data/Images/Anomaly/087.JPG
line_02/2026-08-10/L02AAU100029.JPG,line_02,pcb2,2026-08-10,LOT-20260810-AAU,EQ-02-A,operation,normal,,pcb2/Data/Images/Normal/0639.JPG
line_02/2026-08-10/L02AAU100030.JPG,line_02,pcb2,2026-08-10,LOT-20260810-AAU,EQ-02-A,operation,defect,/Users/eundong/Library/CloudStorage/GoogleDrive-yidheld@gmail.com/내 드라이브/[Shared]SK_AI_Hackathon/archive/pcb2/Data/Masks/Anomaly/020.png,pcb2/Data/Images/Anomaly/020.JPG
line_02/2026-08-10/L02AAU100031.JPG,line_02,pcb2,2026-08-10,LOT-20260810-AAU,EQ-02-A,operation,normal,,pcb2/Data/Images/Normal/0526.JPG
line_02/2026-08-10/L02AAU100032.JPG,line_02,pcb2,2026-08-10,LOT-20260810-AAU,EQ-02-A,operation,normal,,pcb2/Data/Images/Normal/0200.JPG
line_02/2026-08-10/L02AAU100033.JPG,line_02,pcb2,2026-08-10,LOT-20260810-AAU,EQ-02-A,operation,normal,,pcb2/Data/Images/Normal/0227.JPG
line_02/2026-08-10/L02AAU100034.JPG,line_02,pcb2,2026-08-10,LOT-20260810-AAU,EQ-02-A,operation,normal,,pcb2/Data/Images/Normal/0953.JPG
line_02/2026-08-10/L02AAU100035.JPG,line_02,pcb2,2026-08-10,LOT-20260810-AAU,EQ-02-A,operation,normal,,pcb2/Data/Images/Normal/0939.JPG
line_02/2026-08-10/L02AAU100036.JPG,line_02,pcb2,2026-08-10,LOT-20260810-AAU,EQ-02-A,operation,normal,,pcb2/Data/Images/Normal/0979.JPG
line_02/2026-08-10/L02AAU100037.JPG,line_02,pcb2,2026-08-10,LOT-20260810-AAU,EQ-02-A,operation,defect,/Users/eundong/Library/CloudStorage/GoogleDrive-yidheld@gmail.com/내 드라이브/[Shared]SK_AI_Hackathon/archive/pcb2/Data/Masks/Anomaly/071.png,pcb2/Data/Images/Anomaly/071.JPG
line_02/2026-08-10/L02AAU100038.JPG,line_02,pcb2,2026-08-10,LOT-20260810-AAU,EQ-02-A,operation,normal,,pcb2/Data/Images/Normal/0372.JPG
line_02/2026-08-10/L02AAU100039.JPG,line_02,pcb2,2026-08-10,LOT-20260810-AAU,EQ-02-A,operation,normal,,pcb2/Data/Images/Normal/0426.JPG
line_02/2026-08-10/L02AAU100040.JPG,line_02,pcb2,2026-08-10,LOT-20260810-AAU,EQ-02-A,operation,normal,,pcb2/Data/Images/Normal/0573.JPG
line_02/2026-08-10/L02AAU100041.JPG,line_02,pcb2,2026-08-10,LOT-20260810-AAU,EQ-02-A,operation,normal,,pcb2/Data/Images/Normal/0005.JPG
line_02/2026-08-10/L02AAU100042.JPG,line_02,pcb2,2026-08-10,LOT-20260810-AAU,EQ-02-A,operation,normal,,pcb2/Data/Images/Normal/0183.JPG
line_02/2026-08-10/L02AAU100043.JPG,line_02,pcb2,2026-08-10,LOT-20260810-AAU,EQ-02-A,operation,normal,,pcb2/Data/Images/Normal/0456.JPG
line_02/2026-08-10/L02AAU100044.JPG,line_02,pcb2,2026-08-10,LOT-20260810-AAU,EQ-02-A,operation,normal,,pcb2/Data/Images/Normal/0580.JPG
line_02/2026-08-10/L02AAU100045.JPG,line_02,pcb2,2026-08-10,LOT-20260810-AAU,EQ-02-A,operation,normal,,pcb2/Data/Images/Normal/0619.JPG
line_02/2026-08-10/L02AAU100046.JPG,line_02,pcb2,2026-08-10,LOT-20260810-AAU,EQ-02-A,operation,normal,,pcb2/Data/Images/Normal/0672.JPG
line_02/2026-08-10/L02AAU100047.JPG,line_02,pcb2,2026-08-10,LOT-20260810-AAU,EQ-02-A,operation,normal,,pcb2/Data/Images/Normal/0888.JPG
line_02/2026-08-10/L02AAU100048.JPG,line_02,pcb2,2026-08-10,LOT-20260810-AAU,EQ-02-A,operation,normal,,pcb2/Data/Images/Normal/0893.JPG
line_02/2026-08-10/L02AAU100049.JPG,line_02,pcb2,2026-08-10,LOT-20260810-AAU,EQ-02-A,operation,normal,,pcb2/Data/Images/Normal/0745.JPG
line_02/2026-08-10/L02AAU100050.JPG,line_02,pcb2,2026-08-10,LOT-20260810-AAU,EQ-02-A,operation,normal,,pcb2/Data/Images/Normal/0365.JPG
line_02/2026-08-10/L02AAU100051.JPG,line_02,pcb2,2026-08-10,LOT-20260810-AAU,EQ-02-A,operation,normal,,pcb2/Data/Images/Normal/0001.JPG
line_02/2026-08-10/L02AAU100052.JPG,line_02,pcb2,2026-08-10,LOT-20260810-AAU,EQ-02-A,operation,normal,,pcb2/Data/Images/Normal/0024.JPG
line_02/2026-08-10/L02AAU100053.JPG,line_02,pcb2,2026-08-10,LOT-20260810-AAU,EQ-02-A,operation,normal,,pcb2/Data/Images/Normal/0427.JPG
line_02/2026-08-10/L02AAU100054.JPG,line_02,pcb2,2026-08-10,LOT-20260810-AAU,EQ-02-A,operation,normal,,pcb2/Data/Images/Normal/0575.JPG
line_02/2026-08-10/L02AAU100055.JPG,line_02,pcb2,2026-08-10,LOT-20260810-AAU,EQ-02-A,operation,normal,,pcb2/Data/Images/Normal/0264.JPG
line_02/2026-08-10/L02AAU100056.JPG,line_02,pcb2,2026-08-10,LOT-20260810-AAU,EQ-02-A,operation,normal,,pcb2/Data/Images/Normal/0312.JPG
line_02/2026-08-10/L02AAU100057.JPG,line_02,pcb2,2026-08-10,LOT-20260810-AAU,EQ-02-A,operation,normal,,pcb2/Data/Images/Normal/0771.JPG
line_02/2026-08-10/L02AAU100058.JPG,line_02,pcb2,2026-08-10,LOT-20260810-AAU,EQ-02-A,operation,normal,,pcb2/Data/Images/Normal/0595.JPG
line_02/2026-08-10/L02AAU100059.JPG,line_02,pcb2,2026-08-10,LOT-20260810-AAU,EQ-02-A,operation,normal,,pcb2/Data/Images/Normal/0772.JPG
line_02/2026-08-10/L02AAU100060.JPG,line_02,pcb2,2026-08-10,LOT-20260810-AAU,EQ-02-A,operation,normal,,pcb2/Data/Images/Normal/0894.JPG
line_02/2026-08-10/L02AAU100061.JPG,line_02,pcb2,2026-08-10,LOT-20260810-AAU,EQ-02-A,operation,normal,,pcb2/Data/Images/Normal/0846.JPG
line_02/2026-08-10/L02AAU100062.JPG,line_02,pcb2,2026-08-10,LOT-20260810-AAU,EQ-02-A,operation,normal,,pcb2/Data/Images/Normal/0137.JPG
line_02/2026-08-10/L02AAU100063.JPG,line_02,pcb2,2026-08-10,LOT-20260810-AAU,EQ-02-A,operation,normal,,pcb2/Data/Images/Normal/0912.JPG
line_02/2026-08-10/L02AAU100064.JPG,line_02,pcb2,2026-08-10,LOT-20260810-AAU,EQ-02-A,operation,normal,,pcb2/Data/Images/Normal/0266.JPG
line_02/2026-08-10/L02AAU100065.JPG,line_02,pcb2,2026-08-10,LOT-20260810-AAU,EQ-02-A,operation,normal,,pcb2/Data/Images/Normal/0850.JPG
line_02/2026-08-10/L02AAU100066.JPG,line_02,pcb2,2026-08-10,LOT-20260810-AAU,EQ-02-A,operation,normal,,pcb2/Data/Images/Normal/0103.JPG
line_02/2026-08-10/L02AAU100067.JPG,line_02,pcb2,2026-08-10,LOT-20260810-AAU,EQ-02-A,operation,normal,,pcb2/Data/Images/Normal/0247.JPG
line_03/2026-08-10/L03AAR100103.JPG,line_03,pcb3,2026-08-10,LOT-20260810-AAR,EQ-03-A,operation,normal,,pcb3/Data/Images/Normal/0459.JPG
line_03/2026-08-10/L03AAR100104.JPG,line_03,pcb3,2026-08-10,LOT-20260810-AAR,EQ-03-A,operation,normal,,pcb3/Data/Images/Normal/0323.JPG
line_03/2026-08-10/L03AAR100105.JPG,line_03,pcb3,2026-08-10,LOT-20260810-AAR,EQ-03-A,operation,defect,/Users/eundong/Library/CloudStorage/GoogleDrive-yidheld@gmail.com/내 드라이브/[Shared]SK_AI_Hackathon/archive/pcb3/Data/Masks/Anomaly/079.png,pcb3/Data/Images/Anomaly/079.JPG
line_03/2026-08-10/L03AAR100106.JPG,line_03,pcb3,2026-08-10,LOT-20260810-AAR,EQ-03-A,operation,normal,,pcb3/Data/Images/Normal/0795.JPG
line_03/2026-08-10/L03AAR100107.JPG,line_03,pcb3,2026-08-10,LOT-20260810-AAR,EQ-03-A,operation,defect,/Users/eundong/Library/CloudStorage/GoogleDrive-yidheld@gmail.com/내 드라이브/[Shared]SK_AI_Hackathon/archive/pcb3/Data/Masks/Anomaly/016.png,pcb3/Data/Images/Anomaly/016.JPG
line_03/2026-08-10/L03AAR100108.JPG,line_03,pcb3,2026-08-10,LOT-20260810-AAR,EQ-03-A,operation,normal,,pcb3/Data/Images/Normal/0763.JPG
line_03/2026-08-10/L03AAR100109.JPG,line_03,pcb3,2026-08-10,LOT-20260810-AAR,EQ-03-A,operation,normal,,pcb3/Data/Images/Normal/0779.JPG
line_03/2026-08-10/L03AAR100110.JPG,line_03,pcb3,2026-08-10,LOT-20260810-AAR,EQ-03-A,operation,normal,,pcb3/Data/Images/Normal/0614.JPG
line_03/2026-08-10/L03AAR100111.JPG,line_03,pcb3,2026-08-10,LOT-20260810-AAR,EQ-03-A,operation,normal,,pcb3/Data/Images/Normal/0187.JPG
line_03/2026-08-10/L03AAR100112.JPG,line_03,pcb3,2026-08-10,LOT-20260810-AAR,EQ-03-A,operation,defect,/Users/eundong/Library/CloudStorage/GoogleDrive-yidheld@gmail.com/내 드라이브/[Shared]SK_AI_Hackathon/archive/pcb3/Data/Masks/Anomaly/062.png,pcb3/Data/Images/Anomaly/062.JPG
line_03/2026-08-10/L03AAR100113.JPG,line_03,pcb3,2026-08-10,LOT-20260810-AAR,EQ-03-A,operation,normal,,pcb3/Data/Images/Normal/0090.JPG
line_03/2026-08-10/L03AAR100114.JPG,line_03,pcb3,2026-08-10,LOT-20260810-AAR,EQ-03-A,operation,normal,,pcb3/Data/Images/Normal/0596.JPG
line_03/2026-08-10/L03AAR100115.JPG,line_03,pcb3,2026-08-10,LOT-20260810-AAR,EQ-03-A,operation,defect,/Users/eundong/Library/CloudStorage/GoogleDrive-yidheld@gmail.com/내 드라이브/[Shared]SK_AI_Hackathon/archive/pcb3/Data/Masks/Anomaly/098.png,pcb3/Data/Images/Anomaly/098.JPG
line_03/2026-08-10/L03AAR100116.JPG,line_03,pcb3,2026-08-10,LOT-20260810-AAR,EQ-03-A,operation,normal,,pcb3/Data/Images/Normal/0557.JPG
line_03/2026-08-10/L03AAR100117.JPG,line_03,pcb3,2026-08-10,LOT-20260810-AAR,EQ-03-A,operation,normal,,pcb3/Data/Images/Normal/0503.JPG
line_03/2026-08-10/L03AAR100118.JPG,line_03,pcb3,2026-08-10,LOT-20260810-AAR,EQ-03-A,operation,normal,,pcb3/Data/Images/Normal/0139.JPG
line_03/2026-08-10/L03AAR100119.JPG,line_03,pcb3,2026-08-10,LOT-20260810-AAR,EQ-03-A,operation,normal,,pcb3/Data/Images/Normal/0438.JPG
line_03/2026-08-10/L03AAR100120.JPG,line_03,pcb3,2026-08-10,LOT-20260810-AAR,EQ-03-A,operation,normal,,pcb3/Data/Images/Normal/0449.JPG
line_03/2026-08-10/L03AAR100121.JPG,line_03,pcb3,2026-08-10,LOT-20260810-AAR,EQ-03-A,operation,normal,,pcb3/Data/Images/Normal/1000.JPG
line_03/2026-08-10/L03AAR100122.JPG,line_03,pcb3,2026-08-10,LOT-20260810-AAR,EQ-03-A,operation,normal,,pcb3/Data/Images/Normal/0595.JPG
line_03/2026-08-10/L03AAR100123.JPG,line_03,pcb3,2026-08-10,LOT-20260810-AAR,EQ-03-A,operation,normal,,pcb3/Data/Images/Normal/0015.JPG
line_03/2026-08-10/L03AAR100124.JPG,line_03,pcb3,2026-08-10,LOT-20260810-AAR,EQ-03-A,operation,normal,,pcb3/Data/Images/Normal/0134.JPG
line_03/2026-08-10/L03AAR100125.JPG,line_03,pcb3,2026-08-10,LOT-20260810-AAR,EQ-03-A,operation,normal,,pcb3/Data/Images/Normal/0384.JPG
line_03/2026-08-10/L03AAR100126.JPG,line_03,pcb3,2026-08-10,LOT-20260810-AAR,EQ-03-A,operation,normal,,pcb3/Data/Images/Normal/0668.JPG
line_03/2026-08-10/L03AAR100127.JPG,line_03,pcb3,2026-08-10,LOT-20260810-AAR,EQ-03-A,operation,normal,,pcb3/Data/Images/Normal/0171.JPG
line_03/2026-08-10/L03AAR100128.JPG,line_03,pcb3,2026-08-10,LOT-20260810-AAR,EQ-03-A,operation,defect,/Users/eundong/Library/CloudStorage/GoogleDrive-yidheld@gmail.com/내 드라이브/[Shared]SK_AI_Hackathon/archive/pcb3/Data/Masks/Anomaly/002.png,pcb3/Data/Images/Anomaly/002.JPG
line_03/2026-08-10/L03AAR100129.JPG,line_03,pcb3,2026-08-10,LOT-20260810-AAR,EQ-03-A,operation,normal,,pcb3/Data/Images/Normal/0012.JPG
line_03/2026-08-10/L03AAR100130.JPG,line_03,pcb3,2026-08-10,LOT-20260810-AAR,EQ-03-A,operation,defect,/Users/eundong/Library/CloudStorage/GoogleDrive-yidheld@gmail.com/내 드라이브/[Shared]SK_AI_Hackathon/archive/pcb3/Data/Masks/Anomaly/044.png,pcb3/Data/Images/Anomaly/044.JPG
line_03/2026-08-10/L03AAR100131.JPG,line_03,pcb3,2026-08-10,LOT-20260810-AAR,EQ-03-A,operation,normal,,pcb3/Data/Images/Normal/1004.JPG
line_03/2026-08-10/L03AAR100132.JPG,line_03,pcb3,2026-08-10,LOT-20260810-AAR,EQ-03-A,operation,normal,,pcb3/Data/Images/Normal/0881.JPG
line_03/2026-08-10/L03AAR100133.JPG,line_03,pcb3,2026-08-10,LOT-20260810-AAR,EQ-03-A,operation,normal,,pcb3/Data/Images/Normal/0918.JPG
line_03/2026-08-10/L03AAR100134.JPG,line_03,pcb3,2026-08-10,LOT-20260810-AAR,EQ-03-A,operation,normal,,pcb3/Data/Images/Normal/0584.JPG
line_03/2026-08-10/L03AAR100135.JPG,line_03,pcb3,2026-08-10,LOT-20260810-AAR,EQ-03-A,operation,normal,,pcb3/Data/Images/Normal/0442.JPG
line_03/2026-08-10/L03AAR100136.JPG,line_03,pcb3,2026-08-10,LOT-20260810-AAR,EQ-03-A,operation,normal,,pcb3/Data/Images/Normal/0643.JPG
line_03/2026-08-10/L03AAR100137.JPG,line_03,pcb3,2026-08-10,LOT-20260810-AAR,EQ-03-A,operation,normal,,pcb3/Data/Images/Normal/0859.JPG
line_03/2026-08-10/L03AAR100138.JPG,line_03,pcb3,2026-08-10,LOT-20260810-AAR,EQ-03-A,operation,normal,,pcb3/Data/Images/Normal/0002.JPG
line_03/2026-08-10/L03AAR100139.JPG,line_03,pcb3,2026-08-10,LOT-20260810-AAR,EQ-03-A,operation,normal,,pcb3/Data/Images/Normal/0055.JPG
line_03/2026-08-10/L03AAR100140.JPG,line_03,pcb3,2026-08-10,LOT-20260810-AAR,EQ-03-A,operation,normal,,pcb3/Data/Images/Normal/0129.JPG
line_03/2026-08-10/L03AAR100141.JPG,line_03,pcb3,2026-08-10,LOT-20260810-AAR,EQ-03-A,operation,normal,,pcb3/Data/Images/Normal/0116.JPG
line_03/2026-08-10/L03AAR100142.JPG,line_03,pcb3,2026-08-10,LOT-20260810-AAR,EQ-03-A,operation,normal,,pcb3/Data/Images/Normal/0886.JPG
line_03/2026-08-10/L03AAR100143.JPG,line_03,pcb3,2026-08-10,LOT-20260810-AAR,EQ-03-A,operation,normal,,pcb3/Data/Images/Normal/0894.JPG
line_03/2026-08-10/L03AAR100144.JPG,line_03,pcb3,2026-08-10,LOT-20260810-AAR,EQ-03-A,operation,normal,,pcb3/Data/Images/Normal/0158.JPG
line_03/2026-08-10/L03AAR100145.JPG,line_03,pcb3,2026-08-10,LOT-20260810-AAR,EQ-03-A,operation,normal,,pcb3/Data/Images/Normal/0661.JPG
line_03/2026-08-10/L03AAR100146.JPG,line_03,pcb3,2026-08-10,LOT-20260810-AAR,EQ-03-A,operation,normal,,pcb3/Data/Images/Normal/0497.JPG
line_03/2026-08-10/L03AAR100147.JPG,line_03,pcb3,2026-08-10,LOT-20260810-AAR,EQ-03-A,operation,normal,,pcb3/Data/Images/Normal/0896.JPG
line_03/2026-08-10/L03AAR100148.JPG,line_03,pcb3,2026-08-10,LOT-20260810-AAR,EQ-03-A,operation,normal,,pcb3/Data/Images/Normal/0484.JPG
line_03/2026-08-10/L03AAR100149.JPG,line_03,pcb3,2026-08-10,LOT-20260810-AAR,EQ-03-A,operation,normal,,pcb3/Data/Images/Normal/0173.JPG
line_03/2026-08-10/L03AAR100150.JPG,line_03,pcb3,2026-08-10,LOT-20260810-AAR,EQ-03-A,operation,normal,,pcb3/Data/Images/Normal/0749.JPG
line_03/2026-08-10/L03AAR100151.JPG,line_03,pcb3,2026-08-10,LOT-20260810-AAR,EQ-03-A,operation,normal,,pcb3/Data/Images/Normal/0409.JPG
line_03/2026-08-10/L03AAR100152.JPG,line_03,pcb3,2026-08-10,LOT-20260810-AAR,EQ-03-A,operation,normal,,pcb3/Data/Images/Normal/0883.JPG
line_03/2026-08-10/L03AAR100153.JPG,line_03,pcb3,2026-08-10,LOT-20260810-AAR,EQ-03-A,operation,normal,,pcb3/Data/Images/Normal/0003.JPG
line_03/2026-08-10/L03AAR100154.JPG,line_03,pcb3,2026-08-10,LOT-20260810-AAR,EQ-03-A,operation,normal,,pcb3/Data/Images/Normal/0908.JPG
line_03/2026-08-10/L03AAR100155.JPG,line_03,pcb3,2026-08-10,LOT-20260810-AAR,EQ-03-A,operation,normal,,pcb3/Data/Images/Normal/0135.JPG
line_03/2026-08-10/L03AAR100156.JPG,line_03,pcb3,2026-08-10,LOT-20260810-AAR,EQ-03-A,operation,normal,,pcb3/Data/Images/Normal/0070.JPG
line_03/2026-08-10/L03AAR100157.JPG,line_03,pcb3,2026-08-10,LOT-20260810-AAR,EQ-03-A,operation,defect,/Users/eundong/Library/CloudStorage/GoogleDrive-yidheld@gmail.com/내 드라이브/[Shared]SK_AI_Hackathon/archive/pcb3/Data/Masks/Anomaly/083.png,pcb3/Data/Images/Anomaly/083.JPG
line_03/2026-08-10/L03AAR100158.JPG,line_03,pcb3,2026-08-10,LOT-20260810-AAR,EQ-03-A,operation,defect,/Users/eundong/Library/CloudStorage/GoogleDrive-yidheld@gmail.com/내 드라이브/[Shared]SK_AI_Hackathon/archive/pcb3/Data/Masks/Anomaly/036.png,pcb3/Data/Images/Anomaly/036.JPG
line_03/2026-08-10/L03AAR100159.JPG,line_03,pcb3,2026-08-10,LOT-20260810-AAR,EQ-03-A,operation,normal,,pcb3/Data/Images/Normal/0518.JPG
line_03/2026-08-10/L03AAR100160.JPG,line_03,pcb3,2026-08-10,LOT-20260810-AAR,EQ-03-A,operation,normal,,pcb3/Data/Images/Normal/0852.JPG
line_03/2026-08-10/L03AAR100161.JPG,line_03,pcb3,2026-08-10,LOT-20260810-AAR,EQ-03-A,operation,normal,,pcb3/Data/Images/Normal/0150.JPG
line_03/2026-08-10/L03AAR100162.JPG,line_03,pcb3,2026-08-10,LOT-20260810-AAR,EQ-03-A,operation,normal,,pcb3/Data/Images/Normal/0891.JPG
line_03/2026-08-10/L03AAR100163.JPG,line_03,pcb3,2026-08-10,LOT-20260810-AAR,EQ-03-A,operation,normal,,pcb3/Data/Images/Normal/0767.JPG
line_03/2026-08-10/L03AAR100164.JPG,line_03,pcb3,2026-08-10,LOT-20260810-AAR,EQ-03-A,operation,normal,,pcb3/Data/Images/Normal/0045.JPG
line_04/2026-08-10/L04AAS100104.JPG,line_04,pcb4,2026-08-10,LOT-20260810-AAS,EQ-04-A,operation,normal,,pcb4/Data/Images/Normal/0679.JPG
line_04/2026-08-10/L04AAS100105.JPG,line_04,pcb4,2026-08-10,LOT-20260810-AAS,EQ-04-A,operation,defect,/Users/eundong/Library/CloudStorage/GoogleDrive-yidheld@gmail.com/내 드라이브/[Shared]SK_AI_Hackathon/archive/pcb4/Data/Masks/Anomaly/082.png,pcb4/Data/Images/Anomaly/082.JPG
line_04/2026-08-10/L04AAS100106.JPG,line_04,pcb4,2026-08-10,LOT-20260810-AAS,EQ-04-A,operation,normal,,pcb4/Data/Images/Normal/0999.JPG
line_04/2026-08-10/L04AAS100107.JPG,line_04,pcb4,2026-08-10,LOT-20260810-AAS,EQ-04-A,operation,normal,,pcb4/Data/Images/Normal/0081.JPG
line_04/2026-08-10/L04AAS100108.JPG,line_04,pcb4,2026-08-10,LOT-20260810-AAS,EQ-04-A,operation,defect,/Users/eundong/Library/CloudStorage/GoogleDrive-yidheld@gmail.com/내 드라이브/[Shared]SK_AI_Hackathon/archive/pcb4/Data/Masks/Anomaly/014.png,pcb4/Data/Images/Anomaly/014.JPG
line_04/2026-08-10/L04AAS100109.JPG,line_04,pcb4,2026-08-10,LOT-20260810-AAS,EQ-04-A,operation,normal,,pcb4/Data/Images/Normal/0152.JPG
line_04/2026-08-10/L04AAS100110.JPG,line_04,pcb4,2026-08-10,LOT-20260810-AAS,EQ-04-A,operation,normal,,pcb4/Data/Images/Normal/0056.JPG
line_04/2026-08-10/L04AAS100111.JPG,line_04,pcb4,2026-08-10,LOT-20260810-AAS,EQ-04-A,operation,normal,,pcb4/Data/Images/Normal/0337.JPG
line_04/2026-08-10/L04AAS100112.JPG,line_04,pcb4,2026-08-10,LOT-20260810-AAS,EQ-04-A,operation,normal,,pcb4/Data/Images/Normal/0189.JPG
line_04/2026-08-10/L04AAS100113.JPG,line_04,pcb4,2026-08-10,LOT-20260810-AAS,EQ-04-A,operation,normal,,pcb4/Data/Images/Normal/0888.JPG
line_04/2026-08-10/L04AAS100114.JPG,line_04,pcb4,2026-08-10,LOT-20260810-AAS,EQ-04-A,operation,defect,/Users/eundong/Library/CloudStorage/GoogleDrive-yidheld@gmail.com/내 드라이브/[Shared]SK_AI_Hackathon/archive/pcb4/Data/Masks/Anomaly/017.png,pcb4/Data/Images/Anomaly/017.JPG
line_04/2026-08-10/L04AAS100115.JPG,line_04,pcb4,2026-08-10,LOT-20260810-AAS,EQ-04-A,operation,normal,,pcb4/Data/Images/Normal/0725.JPG
line_04/2026-08-10/L04AAS100116.JPG,line_04,pcb4,2026-08-10,LOT-20260810-AAS,EQ-04-A,operation,normal,,pcb4/Data/Images/Normal/0514.JPG
line_04/2026-08-10/L04AAS100117.JPG,line_04,pcb4,2026-08-10,LOT-20260810-AAS,EQ-04-A,operation,normal,,pcb4/Data/Images/Normal/0349.JPG
line_04/2026-08-10/L04AAS100118.JPG,line_04,pcb4,2026-08-10,LOT-20260810-AAS,EQ-04-A,operation,defect,/Users/eundong/Library/CloudStorage/GoogleDrive-yidheld@gmail.com/내 드라이브/[Shared]SK_AI_Hackathon/archive/pcb4/Data/Masks/Anomaly/059.png,pcb4/Data/Images/Anomaly/059.JPG
line_04/2026-08-10/L04AAS100119.JPG,line_04,pcb4,2026-08-10,LOT-20260810-AAS,EQ-04-A,operation,normal,,pcb4/Data/Images/Normal/0814.JPG
line_04/2026-08-10/L04AAS100120.JPG,line_04,pcb4,2026-08-10,LOT-20260810-AAS,EQ-04-A,operation,normal,,pcb4/Data/Images/Normal/0417.JPG
line_04/2026-08-10/L04AAS100121.JPG,line_04,pcb4,2026-08-10,LOT-20260810-AAS,EQ-04-A,operation,normal,,pcb4/Data/Images/Normal/0525.JPG
line_04/2026-08-10/L04AAS100122.JPG,line_04,pcb4,2026-08-10,LOT-20260810-AAS,EQ-04-A,operation,normal,,pcb4/Data/Images/Normal/0270.JPG
line_04/2026-08-10/L04AAS100123.JPG,line_04,pcb4,2026-08-10,LOT-20260810-AAS,EQ-04-A,operation,normal,,pcb4/Data/Images/Normal/0699.JPG
line_04/2026-08-10/L04AAS100124.JPG,line_04,pcb4,2026-08-10,LOT-20260810-AAS,EQ-04-A,operation,normal,,pcb4/Data/Images/Normal/0372.JPG
line_04/2026-08-10/L04AAS100125.JPG,line_04,pcb4,2026-08-10,LOT-20260810-AAS,EQ-04-A,operation,normal,,pcb4/Data/Images/Normal/0740.JPG
line_04/2026-08-10/L04AAS100126.JPG,line_04,pcb4,2026-08-10,LOT-20260810-AAS,EQ-04-A,operation,normal,,pcb4/Data/Images/Normal/0585.JPG
line_04/2026-08-10/L04AAS100127.JPG,line_04,pcb4,2026-08-10,LOT-20260810-AAS,EQ-04-A,operation,normal,,pcb4/Data/Images/Normal/0420.JPG
line_04/2026-08-10/L04AAS100128.JPG,line_04,pcb4,2026-08-10,LOT-20260810-AAS,EQ-04-A,operation,normal,,pcb4/Data/Images/Normal/0990.JPG
line_04/2026-08-10/L04AAS100129.JPG,line_04,pcb4,2026-08-10,LOT-20260810-AAS,EQ-04-A,operation,normal,,pcb4/Data/Images/Normal/0620.JPG
line_04/2026-08-10/L04AAS100130.JPG,line_04,pcb4,2026-08-10,LOT-20260810-AAS,EQ-04-A,operation,defect,/Users/eundong/Library/CloudStorage/GoogleDrive-yidheld@gmail.com/내 드라이브/[Shared]SK_AI_Hackathon/archive/pcb4/Data/Masks/Anomaly/001.png,pcb4/Data/Images/Anomaly/001.JPG
line_04/2026-08-10/L04AAS100131.JPG,line_04,pcb4,2026-08-10,LOT-20260810-AAS,EQ-04-A,operation,normal,,pcb4/Data/Images/Normal/0931.JPG
line_04/2026-08-10/L04AAS100132.JPG,line_04,pcb4,2026-08-10,LOT-20260810-AAS,EQ-04-A,operation,normal,,pcb4/Data/Images/Normal/0581.JPG
line_04/2026-08-10/L04AAS100133.JPG,line_04,pcb4,2026-08-10,LOT-20260810-AAS,EQ-04-A,operation,normal,,pcb4/Data/Images/Normal/0902.JPG
line_04/2026-08-10/L04AAS100134.JPG,line_04,pcb4,2026-08-10,LOT-20260810-AAS,EQ-04-A,operation,normal,,pcb4/Data/Images/Normal/0763.JPG
line_04/2026-08-10/L04AAS100135.JPG,line_04,pcb4,2026-08-10,LOT-20260810-AAS,EQ-04-A,operation,normal,,pcb4/Data/Images/Normal/0197.JPG
line_04/2026-08-10/L04AAS100136.JPG,line_04,pcb4,2026-08-10,LOT-20260810-AAS,EQ-04-A,operation,normal,,pcb4/Data/Images/Normal/0778.JPG
line_04/2026-08-10/L04AAS100137.JPG,line_04,pcb4,2026-08-10,LOT-20260810-AAS,EQ-04-A,operation,normal,,pcb4/Data/Images/Normal/0903.JPG
line_04/2026-08-10/L04AAS100138.JPG,line_04,pcb4,2026-08-10,LOT-20260810-AAS,EQ-04-A,operation,normal,,pcb4/Data/Images/Normal/0682.JPG
line_04/2026-08-10/L04AAS100139.JPG,line_04,pcb4,2026-08-10,LOT-20260810-AAS,EQ-04-A,operation,defect,/Users/eundong/Library/CloudStorage/GoogleDrive-yidheld@gmail.com/내 드라이브/[Shared]SK_AI_Hackathon/archive/pcb4/Data/Masks/Anomaly/004.png,pcb4/Data/Images/Anomaly/004.JPG
line_04/2026-08-10/L04AAS100140.JPG,line_04,pcb4,2026-08-10,LOT-20260810-AAS,EQ-04-A,operation,normal,,pcb4/Data/Images/Normal/0036.JPG
line_04/2026-08-10/L04AAS100141.JPG,line_04,pcb4,2026-08-10,LOT-20260810-AAS,EQ-04-A,operation,normal,,pcb4/Data/Images/Normal/0957.JPG
line_04/2026-08-10/L04AAS100142.JPG,line_04,pcb4,2026-08-10,LOT-20260810-AAS,EQ-04-A,operation,normal,,pcb4/Data/Images/Normal/0792.JPG
line_04/2026-08-10/L04AAS100143.JPG,line_04,pcb4,2026-08-10,LOT-20260810-AAS,EQ-04-A,operation,normal,,pcb4/Data/Images/Normal/0298.JPG
line_04/2026-08-10/L04AAS100144.JPG,line_04,pcb4,2026-08-10,LOT-20260810-AAS,EQ-04-A,operation,normal,,pcb4/Data/Images/Normal/0944.JPG
line_04/2026-08-10/L04AAS100145.JPG,line_04,pcb4,2026-08-10,LOT-20260810-AAS,EQ-04-A,operation,defect,/Users/eundong/Library/CloudStorage/GoogleDrive-yidheld@gmail.com/내 드라이브/[Shared]SK_AI_Hackathon/archive/pcb4/Data/Masks/Anomaly/071.png,pcb4/Data/Images/Anomaly/071.JPG
line_04/2026-08-10/L04AAS100146.JPG,line_04,pcb4,2026-08-10,LOT-20260810-AAS,EQ-04-A,operation,normal,,pcb4/Data/Images/Normal/0728.JPG
line_04/2026-08-10/L04AAS100147.JPG,line_04,pcb4,2026-08-10,LOT-20260810-AAS,EQ-04-A,operation,normal,,pcb4/Data/Images/Normal/0603.JPG
line_04/2026-08-10/L04AAS100148.JPG,line_04,pcb4,2026-08-10,LOT-20260810-AAS,EQ-04-A,operation,normal,,pcb4/Data/Images/Normal/0882.JPG
line_04/2026-08-10/L04AAS100149.JPG,line_04,pcb4,2026-08-10,LOT-20260810-AAS,EQ-04-A,operation,normal,,pcb4/Data/Images/Normal/0148.JPG
line_04/2026-08-10/L04AAS100150.JPG,line_04,pcb4,2026-08-10,LOT-20260810-AAS,EQ-04-A,operation,normal,,pcb4/Data/Images/Normal/0626.JPG
line_04/2026-08-10/L04AAS100151.JPG,line_04,pcb4,2026-08-10,LOT-20260810-AAS,EQ-04-A,operation,normal,,pcb4/Data/Images/Normal/0147.JPG
line_04/2026-08-10/L04AAS100152.JPG,line_04,pcb4,2026-08-10,LOT-20260810-AAS,EQ-04-A,operation,normal,,pcb4/Data/Images/Normal/0895.JPG
line_04/2026-08-10/L04AAS100153.JPG,line_04,pcb4,2026-08-10,LOT-20260810-AAS,EQ-04-A,operation,normal,,pcb4/Data/Images/Normal/0067.JPG
line_04/2026-08-10/L04AAS100154.JPG,line_04,pcb4,2026-08-10,LOT-20260810-AAS,EQ-04-A,operation,normal,,pcb4/Data/Images/Normal/0151.JPG
line_04/2026-08-10/L04AAS100155.JPG,line_04,pcb4,2026-08-10,LOT-20260810-AAS,EQ-04-A,operation,normal,,pcb4/Data/Images/Normal/0419.JPG
line_04/2026-08-10/L04AAS100156.JPG,line_04,pcb4,2026-08-10,LOT-20260810-AAS,EQ-04-A,operation,normal,,pcb4/Data/Images/Normal/0741.JPG
line_04/2026-08-10/L04AAS100157.JPG,line_04,pcb4,2026-08-10,LOT-20260810-AAS,EQ-04-A,operation,normal,,pcb4/Data/Images/Normal/0899.JPG
line_04/2026-08-10/L04AAS100158.JPG,line_04,pcb4,2026-08-10,LOT-20260810-AAS,EQ-04-A,operation,normal,,pcb4/Data/Images/Normal/0078.JPG
line_04/2026-08-10/L04AAS100159.JPG,line_04,pcb4,2026-08-10,LOT-20260810-AAS,EQ-04-A,operation,normal,,pcb4/Data/Images/Normal/0729.JPG
line_04/2026-08-10/L04AAS100160.JPG,line_04,pcb4,2026-08-10,LOT-20260810-AAS,EQ-04-A,operation,normal,,pcb4/Data/Images/Normal/0901.JPG
line_04/2026-08-10/L04AAS100161.JPG,line_04,pcb4,2026-08-10,LOT-20260810-AAS,EQ-04-A,operation,normal,,pcb4/Data/Images/Normal/0858.JPG
line_04/2026-08-10/L04AAS100162.JPG,line_04,pcb4,2026-08-10,LOT-20260810-AAS,EQ-04-A,operation,normal,,pcb4/Data/Images/Normal/0221.JPG
line_04/2026-08-10/L04AAS100163.JPG,line_04,pcb4,2026-08-10,LOT-20260810-AAS,EQ-04-A,operation,normal,,pcb4/Data/Images/Normal/0552.JPG
line_04/2026-08-10/L04AAS100164.JPG,line_04,pcb4,2026-08-10,LOT-20260810-AAS,EQ-04-A,operation,normal,,pcb4/Data/Images/Normal/0327.JPG
line_04/2026-08-10/L04AAS100165.JPG,line_04,pcb4,2026-08-10,LOT-20260810-AAS,EQ-04-A,operation,normal,,pcb4/Data/Images/Normal/0385.JPG
line_04/2026-08-10/L04AAS100166.JPG,line_04,pcb4,2026-08-10,LOT-20260810-AAS,EQ-04-A,operation,defect,/Users/eundong/Library/CloudStorage/GoogleDrive-yidheld@gmail.com/내 드라이브/[Shared]SK_AI_Hackathon/archive/pcb4/Data/Masks/Anomaly/022.png,pcb4/Data/Images/Anomaly/022.JPG
line_04/2026-08-10/L04AAS100167.JPG,line_04,pcb4,2026-08-10,LOT-20260810-AAS,EQ-04-A,operation,normal,,pcb4/Data/Images/Normal/0954.JPG
line_04/2026-08-10/L04AAS100168.JPG,line_04,pcb4,2026-08-10,LOT-20260810-AAS,EQ-04-A,operation,normal,,pcb4/Data/Images/Normal/0894.JPG
line_04/2026-08-10/L04AAS100169.JPG,line_04,pcb4,2026-08-10,LOT-20260810-AAS,EQ-04-A,operation,defect,/Users/eundong/Library/CloudStorage/GoogleDrive-yidheld@gmail.com/내 드라이브/[Shared]SK_AI_Hackathon/archive/pcb4/Data/Masks/Anomaly/095.png,pcb4/Data/Images/Anomaly/095.JPG
line_04/2026-08-10/L04AAS100170.JPG,line_04,pcb4,2026-08-10,LOT-20260810-AAS,EQ-04-A,operation,normal,,pcb4/Data/Images/Normal/0041.JPG
line_04/2026-08-10/L04AAS100171.JPG,line_04,pcb4,2026-08-10,LOT-20260810-AAS,EQ-04-A,operation,normal,,pcb4/Data/Images/Normal/0889.JPG
line_04/2026-08-10/L04AAS100172.JPG,line_04,pcb4,2026-08-10,LOT-20260810-AAS,EQ-04-A,operation,normal,,pcb4/Data/Images/Normal/0502.JPG
line_04/2026-08-10/L04AAS100173.JPG,line_04,pcb4,2026-08-10,LOT-20260810-AAS,EQ-04-A,operation,normal,,pcb4/Data/Images/Normal/0403.JPG
line_04/2026-08-10/L04AAS100174.JPG,line_04,pcb4,2026-08-10,LOT-20260810-AAS,EQ-04-A,operation,normal,,pcb4/Data/Images/Normal/0406.JPG
line_04/2026-08-10/L04AAS100175.JPG,line_04,pcb4,2026-08-10,LOT-20260810-AAS,EQ-04-A,operation,normal,,pcb4/Data/Images/Normal/0700.JPG
line_04/2026-08-10/L04AAS100176.JPG,line_04,pcb4,2026-08-10,LOT-20260810-AAS,EQ-04-A,operation,normal,,pcb4/Data/Images/Normal/0749.JPG
line_04/2026-08-10/L04AAS100177.JPG,line_04,pcb4,2026-08-10,LOT-20260810-AAS,EQ-04-A,operation,normal,,pcb4/Data/Images/Normal/0698.JPG
line_04/2026-08-10/L04AAS100178.JPG,line_04,pcb4,2026-08-10,LOT-20260810-AAS,EQ-04-A,operation,normal,,pcb4/Data/Images/Normal/0690.JPG
line_04/2026-08-10/L04AAS100179.JPG,line_04,pcb4,2026-08-10,LOT-20260810-AAS,EQ-04-A,operation,normal,,pcb4/Data/Images/Normal/0941.JPG
line_04/2026-08-10/L04AAS100180.JPG,line_04,pcb4,2026-08-10,LOT-20260810-AAS,EQ-04-A,operation,normal,,pcb4/Data/Images/Normal/0350.JPG
line_04/2026-08-10/L04AAS100181.JPG,line_04,pcb4,2026-08-10,LOT-20260810-AAS,EQ-04-A,operation,defect,/Users/eundong/Library/CloudStorage/GoogleDrive-yidheld@gmail.com/내 드라이브/[Shared]SK_AI_Hackathon/archive/pcb4/Data/Masks/Anomaly/063.png,pcb4/Data/Images/Anomaly/063.JPG
line_04/2026-08-10/L04AAS100182.JPG,line_04,pcb4,2026-08-10,LOT-20260810-AAS,EQ-04-A,operation,normal,,pcb4/Data/Images/Normal/0131.JPG
line_04/2026-08-10/L04AAS100183.JPG,line_04,pcb4,2026-08-10,LOT-20260810-AAS,EQ-04-A,operation,normal,,pcb4/Data/Images/Normal/0950.JPG
line_04/2026-08-10/L04AAS100184.JPG,line_04,pcb4,2026-08-10,LOT-20260810-AAS,EQ-04-A,operation,normal,,pcb4/Data/Images/Normal/0194.JPG
line_04/2026-08-10/L04AAS100185.JPG,line_04,pcb4,2026-08-10,LOT-20260810-AAS,EQ-04-A,operation,normal,,pcb4/Data/Images/Normal/0989.JPG
line_04/2026-08-10/L04AAS100186.JPG,line_04,pcb4,2026-08-10,LOT-20260810-AAS,EQ-04-A,operation,normal,,pcb4/Data/Images/Normal/0431.JPG
line_04/2026-08-10/L04AAS100187.JPG,line_04,pcb4,2026-08-10,LOT-20260810-AAS,EQ-04-A,operation,normal,,pcb4/Data/Images/Normal/0659.JPG
line_04/2026-08-10/L04AAS100188.JPG,line_04,pcb4,2026-08-10,LOT-20260810-AAS,EQ-04-A,operation,normal,,pcb4/Data/Images/Normal/0315.JPG
line_04/2026-08-10/L04AAS100189.JPG,line_04,pcb4,2026-08-10,LOT-20260810-AAS,EQ-04-A,operation,normal,,pcb4/Data/Images/Normal/0416.JPG
line_04/2026-08-10/L04AAS100190.JPG,line_04,pcb4,2026-08-10,LOT-20260810-AAS,EQ-04-A,operation,normal,,pcb4/Data/Images/Normal/0203.JPG
line_04/2026-08-10/L04AAS100191.JPG,line_04,pcb4,2026-08-10,LOT-20260810-AAS,EQ-04-A,operation,normal,,pcb4/Data/Images/Normal/0872.JPG
line_04/2026-08-10/L04AAS100192.JPG,line_04,pcb4,2026-08-10,LOT-20260810-AAS,EQ-04-A,operation,normal,,pcb4/Data/Images/Normal/0554.JPG
line_04/2026-08-10/L04AAS100193.JPG,line_04,pcb4,2026-08-10,LOT-20260810-AAS,EQ-04-A,operation,normal,,pcb4/Data/Images/Normal/0492.JPG
line_04/2026-08-10/L04AAS100194.JPG,line_04,pcb4,2026-08-10,LOT-20260810-AAS,EQ-04-A,operation,normal,,pcb4/Data/Images/Normal/0683.JPG
line_04/2026-08-10/L04AAS100195.JPG,line_04,pcb4,2026-08-10,LOT-20260810-AAS,EQ-04-A,operation,normal,,pcb4/Data/Images/Normal/0980.JPG
line_04/2026-08-10/L04AAS100196.JPG,line_04,pcb4,2026-08-10,LOT-20260810-AAS,EQ-04-A,operation,normal,,pcb4/Data/Images/Normal/0198.JPG
line_04/2026-08-10/L04AAS100197.JPG,line_04,pcb4,2026-08-10,LOT-20260810-AAS,EQ-04-A,operation,normal,,pcb4/Data/Images/Normal/0464.JPG
line_04/2026-08-10/L04AAS100198.JPG,line_04,pcb4,2026-08-10,LOT-20260810-AAS,EQ-04-A,operation,normal,,pcb4/Data/Images/Normal/0932.JPG
line_04/2026-08-10/L04AAS100199.JPG,line_04,pcb4,2026-08-10,LOT-20260810-AAS,EQ-04-A,operation,normal,,pcb4/Data/Images/Normal/0204.JPG
line_04/2026-08-10/L04AAS100200.JPG,line_04,pcb4,2026-08-10,LOT-20260810-AAS,EQ-04-A,operation,normal,,pcb4/Data/Images/Normal/0181.JPG
line_04/2026-08-10/L04AAV100001.JPG,line_04,pcb4,2026-08-10,LOT-20260810-AAV,EQ-04-A,operation,normal,,pcb4/Data/Images/Normal/0909.JPG
line_04/2026-08-10/L04AAV100002.JPG,line_04,pcb4,2026-08-10,LOT-20260810-AAV,EQ-04-A,operation,normal,,pcb4/Data/Images/Normal/0846.JPG
line_04/2026-08-10/L04AAV100003.JPG,line_04,pcb4,2026-08-10,LOT-20260810-AAV,EQ-04-A,operation,normal,,pcb4/Data/Images/Normal/0429.JPG
line_04/2026-08-10/L04AAV100004.JPG,line_04,pcb4,2026-08-10,LOT-20260810-AAV,EQ-04-A,operation,normal,,pcb4/Data/Images/Normal/0094.JPG
line_04/2026-08-10/L04AAV100005.JPG,line_04,pcb4,2026-08-10,LOT-20260810-AAV,EQ-04-A,operation,normal,,pcb4/Data/Images/Normal/0791.JPG
line_04/2026-08-10/L04AAV100006.JPG,line_04,pcb4,2026-08-10,LOT-20260810-AAV,EQ-04-A,operation,normal,,pcb4/Data/Images/Normal/0515.JPG
line_04/2026-08-10/L04AAV100007.JPG,line_04,pcb4,2026-08-10,LOT-20260810-AAV,EQ-04-A,operation,defect,/Users/eundong/Library/CloudStorage/GoogleDrive-yidheld@gmail.com/내 드라이브/[Shared]SK_AI_Hackathon/archive/pcb4/Data/Masks/Anomaly/067.png,pcb4/Data/Images/Anomaly/067.JPG
line_04/2026-08-10/L04AAV100008.JPG,line_04,pcb4,2026-08-10,LOT-20260810-AAV,EQ-04-A,operation,normal,,pcb4/Data/Images/Normal/0666.JPG
line_04/2026-08-10/L04AAV100009.JPG,line_04,pcb4,2026-08-10,LOT-20260810-AAV,EQ-04-A,operation,normal,,pcb4/Data/Images/Normal/0984.JPG
line_04/2026-08-10/L04AAV100010.JPG,line_04,pcb4,2026-08-10,LOT-20260810-AAV,EQ-04-A,operation,normal,,pcb4/Data/Images/Normal/0479.JPG
line_01/2026-08-11/L01AAT100071.JPG,line_01,pcb1,2026-08-11,LOT-20260811-AAT,EQ-01-A,operation,normal,,pcb1/Data/Images/Normal/0079.JPG
line_01/2026-08-11/L01AAT100072.JPG,line_01,pcb1,2026-08-11,LOT-20260811-AAT,EQ-01-A,operation,normal,,pcb1/Data/Images/Normal/0979.JPG
line_01/2026-08-11/L01AAT100073.JPG,line_01,pcb1,2026-08-11,LOT-20260811-AAT,EQ-01-A,operation,normal,,pcb1/Data/Images/Normal/0148.JPG
line_01/2026-08-11/L01AAT100074.JPG,line_01,pcb1,2026-08-11,LOT-20260811-AAT,EQ-01-A,operation,normal,,pcb1/Data/Images/Normal/0965.JPG
line_01/2026-08-11/L01AAT100075.JPG,line_01,pcb1,2026-08-11,LOT-20260811-AAT,EQ-01-A,operation,normal,,pcb1/Data/Images/Normal/0213.JPG
line_01/2026-08-11/L01AAT100076.JPG,line_01,pcb1,2026-08-11,LOT-20260811-AAT,EQ-01-A,operation,normal,,pcb1/Data/Images/Normal/0147.JPG
line_01/2026-08-11/L01AAT100077.JPG,line_01,pcb1,2026-08-11,LOT-20260811-AAT,EQ-01-A,operation,normal,,pcb1/Data/Images/Normal/0173.JPG
line_01/2026-08-11/L01AAT100078.JPG,line_01,pcb1,2026-08-11,LOT-20260811-AAT,EQ-01-A,operation,normal,,pcb1/Data/Images/Normal/0708.JPG
line_01/2026-08-11/L01AAT100079.JPG,line_01,pcb1,2026-08-11,LOT-20260811-AAT,EQ-01-A,operation,normal,,pcb1/Data/Images/Normal/0914.JPG
line_01/2026-08-11/L01AAT100080.JPG,line_01,pcb1,2026-08-11,LOT-20260811-AAT,EQ-01-A,operation,normal,,pcb1/Data/Images/Normal/0392.JPG
line_01/2026-08-11/L01AAT100081.JPG,line_01,pcb1,2026-08-11,LOT-20260811-AAT,EQ-01-A,operation,normal,,pcb1/Data/Images/Normal/0050.JPG
line_01/2026-08-11/L01AAT100082.JPG,line_01,pcb1,2026-08-11,LOT-20260811-AAT,EQ-01-A,operation,normal,,pcb1/Data/Images/Normal/0765.JPG
line_01/2026-08-11/L01AAT100083.JPG,line_01,pcb1,2026-08-11,LOT-20260811-AAT,EQ-01-A,operation,normal,,pcb1/Data/Images/Normal/0647.JPG
line_01/2026-08-11/L01AAT100084.JPG,line_01,pcb1,2026-08-11,LOT-20260811-AAT,EQ-01-A,operation,normal,,pcb1/Data/Images/Normal/0482.JPG
line_01/2026-08-11/L01AAT100085.JPG,line_01,pcb1,2026-08-11,LOT-20260811-AAT,EQ-01-A,operation,normal,,pcb1/Data/Images/Normal/0450.JPG
line_01/2026-08-11/L01AAT100086.JPG,line_01,pcb1,2026-08-11,LOT-20260811-AAT,EQ-01-A,operation,normal,,pcb1/Data/Images/Normal/0624.JPG
line_01/2026-08-11/L01AAT100087.JPG,line_01,pcb1,2026-08-11,LOT-20260811-AAT,EQ-01-A,operation,normal,,pcb1/Data/Images/Normal/0026.JPG
line_01/2026-08-11/L01AAT100088.JPG,line_01,pcb1,2026-08-11,LOT-20260811-AAT,EQ-01-A,operation,normal,,pcb1/Data/Images/Normal/0178.JPG
line_01/2026-08-11/L01AAT100089.JPG,line_01,pcb1,2026-08-11,LOT-20260811-AAT,EQ-01-A,operation,normal,,pcb1/Data/Images/Normal/0451.JPG
line_01/2026-08-11/L01AAT100090.JPG,line_01,pcb1,2026-08-11,LOT-20260811-AAT,EQ-01-A,operation,normal,,pcb1/Data/Images/Normal/0896.JPG
line_01/2026-08-11/L01AAT100091.JPG,line_01,pcb1,2026-08-11,LOT-20260811-AAT,EQ-01-A,operation,normal,,pcb1/Data/Images/Normal/0810.JPG
line_01/2026-08-11/L01AAT100092.JPG,line_01,pcb1,2026-08-11,LOT-20260811-AAT,EQ-01-A,operation,normal,,pcb1/Data/Images/Normal/0985.JPG
line_01/2026-08-11/L01AAT100093.JPG,line_01,pcb1,2026-08-11,LOT-20260811-AAT,EQ-01-A,operation,normal,,pcb1/Data/Images/Normal/0229.JPG
line_01/2026-08-11/L01AAT100094.JPG,line_01,pcb1,2026-08-11,LOT-20260811-AAT,EQ-01-A,operation,defect,/Users/eundong/Library/CloudStorage/GoogleDrive-yidheld@gmail.com/내 드라이브/[Shared]SK_AI_Hackathon/archive/pcb1/Data/Masks/Anomaly/040.png,pcb1/Data/Images/Anomaly/040.JPG
line_01/2026-08-11/L01AAT100095.JPG,line_01,pcb1,2026-08-11,LOT-20260811-AAT,EQ-01-A,operation,normal,,pcb1/Data/Images/Normal/0251.JPG
line_01/2026-08-11/L01AAT100096.JPG,line_01,pcb1,2026-08-11,LOT-20260811-AAT,EQ-01-A,operation,normal,,pcb1/Data/Images/Normal/0088.JPG
line_01/2026-08-11/L01AAT100097.JPG,line_01,pcb1,2026-08-11,LOT-20260811-AAT,EQ-01-A,operation,normal,,pcb1/Data/Images/Normal/0136.JPG
line_01/2026-08-11/L01AAT100098.JPG,line_01,pcb1,2026-08-11,LOT-20260811-AAT,EQ-01-A,operation,normal,,pcb1/Data/Images/Normal/0427.JPG
line_01/2026-08-11/L01AAT100099.JPG,line_01,pcb1,2026-08-11,LOT-20260811-AAT,EQ-01-A,operation,defect,/Users/eundong/Library/CloudStorage/GoogleDrive-yidheld@gmail.com/내 드라이브/[Shared]SK_AI_Hackathon/archive/pcb1/Data/Masks/Anomaly/070.png,pcb1/Data/Images/Anomaly/070.JPG
line_01/2026-08-11/L01AAT100100.JPG,line_01,pcb1,2026-08-11,LOT-20260811-AAT,EQ-01-A,operation,normal,,pcb1/Data/Images/Normal/0311.JPG
line_01/2026-08-11/L01AAT100101.JPG,line_01,pcb1,2026-08-11,LOT-20260811-AAT,EQ-01-A,operation,normal,,pcb1/Data/Images/Normal/0287.JPG
line_01/2026-08-11/L01AAT100102.JPG,line_01,pcb1,2026-08-11,LOT-20260811-AAT,EQ-01-A,operation,normal,,pcb1/Data/Images/Normal/0247.JPG
line_01/2026-08-11/L01AAT100103.JPG,line_01,pcb1,2026-08-11,LOT-20260811-AAT,EQ-01-A,operation,normal,,pcb1/Data/Images/Normal/0409.JPG
line_01/2026-08-11/L01AAT100104.JPG,line_01,pcb1,2026-08-11,LOT-20260811-AAT,EQ-01-A,operation,normal,,pcb1/Data/Images/Normal/0557.JPG
line_01/2026-08-11/L01AAT100105.JPG,line_01,pcb1,2026-08-11,LOT-20260811-AAT,EQ-01-A,operation,normal,,pcb1/Data/Images/Normal/0877.JPG
line_01/2026-08-11/L01AAT100106.JPG,line_01,pcb1,2026-08-11,LOT-20260811-AAT,EQ-01-A,operation,normal,,pcb1/Data/Images/Normal/0298.JPG
line_01/2026-08-11/L01AAT100107.JPG,line_01,pcb1,2026-08-11,LOT-20260811-AAT,EQ-01-A,operation,normal,,pcb1/Data/Images/Normal/0419.JPG
line_01/2026-08-11/L01AAT100108.JPG,line_01,pcb1,2026-08-11,LOT-20260811-AAT,EQ-01-A,operation,normal,,pcb1/Data/Images/Normal/0385.JPG
line_01/2026-08-11/L01AAT100109.JPG,line_01,pcb1,2026-08-11,LOT-20260811-AAT,EQ-01-A,operation,normal,,pcb1/Data/Images/Normal/0308.JPG
line_01/2026-08-11/L01AAT100110.JPG,line_01,pcb1,2026-08-11,LOT-20260811-AAT,EQ-01-A,operation,normal,,pcb1/Data/Images/Normal/0523.JPG
line_01/2026-08-11/L01AAT100111.JPG,line_01,pcb1,2026-08-11,LOT-20260811-AAT,EQ-01-A,operation,normal,,pcb1/Data/Images/Normal/0092.JPG
line_01/2026-08-11/L01AAT100112.JPG,line_01,pcb1,2026-08-11,LOT-20260811-AAT,EQ-01-A,operation,normal,,pcb1/Data/Images/Normal/0813.JPG
line_01/2026-08-11/L01AAT100113.JPG,line_01,pcb1,2026-08-11,LOT-20260811-AAT,EQ-01-A,operation,normal,,pcb1/Data/Images/Normal/0820.JPG
line_01/2026-08-11/L01AAT100114.JPG,line_01,pcb1,2026-08-11,LOT-20260811-AAT,EQ-01-A,operation,normal,,pcb1/Data/Images/Normal/0805.JPG
line_01/2026-08-11/L01AAT100115.JPG,line_01,pcb1,2026-08-11,LOT-20260811-AAT,EQ-01-A,operation,normal,,pcb1/Data/Images/Normal/0993.JPG
line_01/2026-08-11/L01AAT100116.JPG,line_01,pcb1,2026-08-11,LOT-20260811-AAT,EQ-01-A,operation,normal,,pcb1/Data/Images/Normal/0852.JPG
line_01/2026-08-11/L01AAT100117.JPG,line_01,pcb1,2026-08-11,LOT-20260811-AAT,EQ-01-A,operation,normal,,pcb1/Data/Images/Normal/0973.JPG
line_01/2026-08-11/L01AAT100118.JPG,line_01,pcb1,2026-08-11,LOT-20260811-AAT,EQ-01-A,operation,normal,,pcb1/Data/Images/Normal/0651.JPG
line_01/2026-08-11/L01AAT100119.JPG,line_01,pcb1,2026-08-11,LOT-20260811-AAT,EQ-01-A,operation,normal,,pcb1/Data/Images/Normal/0272.JPG
line_01/2026-08-11/L01AAT100120.JPG,line_01,pcb1,2026-08-11,LOT-20260811-AAT,EQ-01-A,operation,normal,,pcb1/Data/Images/Normal/0157.JPG
line_01/2026-08-11/L01AAT100121.JPG,line_01,pcb1,2026-08-11,LOT-20260811-AAT,EQ-01-A,operation,normal,,pcb1/Data/Images/Normal/0581.JPG
line_01/2026-08-11/L01AAT100122.JPG,line_01,pcb1,2026-08-11,LOT-20260811-AAT,EQ-01-A,operation,normal,,pcb1/Data/Images/Normal/0744.JPG
line_01/2026-08-11/L01AAT100123.JPG,line_01,pcb1,2026-08-11,LOT-20260811-AAT,EQ-01-A,operation,normal,,pcb1/Data/Images/Normal/0795.JPG
line_01/2026-08-11/L01AAT100124.JPG,line_01,pcb1,2026-08-11,LOT-20260811-AAT,EQ-01-A,operation,normal,,pcb1/Data/Images/Normal/0231.JPG
line_01/2026-08-11/L01AAT100125.JPG,line_01,pcb1,2026-08-11,LOT-20260811-AAT,EQ-01-A,operation,normal,,pcb1/Data/Images/Normal/0682.JPG
line_01/2026-08-11/L01AAT100126.JPG,line_01,pcb1,2026-08-11,LOT-20260811-AAT,EQ-01-A,operation,normal,,pcb1/Data/Images/Normal/0354.JPG
line_01/2026-08-11/L01AAT100127.JPG,line_01,pcb1,2026-08-11,LOT-20260811-AAT,EQ-01-A,operation,normal,,pcb1/Data/Images/Normal/0635.JPG
line_01/2026-08-11/L01AAT100128.JPG,line_01,pcb1,2026-08-11,LOT-20260811-AAT,EQ-01-A,operation,normal,,pcb1/Data/Images/Normal/0198.JPG
line_01/2026-08-11/L01AAT100129.JPG,line_01,pcb1,2026-08-11,LOT-20260811-AAT,EQ-01-A,operation,normal,,pcb1/Data/Images/Normal/0988.JPG
line_01/2026-08-11/L01AAT100130.JPG,line_01,pcb1,2026-08-11,LOT-20260811-AAT,EQ-01-A,operation,normal,,pcb1/Data/Images/Normal/0925.JPG
line_01/2026-08-11/L01AAT100131.JPG,line_01,pcb1,2026-08-11,LOT-20260811-AAT,EQ-01-A,operation,normal,,pcb1/Data/Images/Normal/0829.JPG
line_01/2026-08-11/L01AAT100132.JPG,line_01,pcb1,2026-08-11,LOT-20260811-AAT,EQ-01-A,operation,normal,,pcb1/Data/Images/Normal/0522.JPG
line_01/2026-08-11/L01AAT100133.JPG,line_01,pcb1,2026-08-11,LOT-20260811-AAT,EQ-01-A,operation,defect,/Users/eundong/Library/CloudStorage/GoogleDrive-yidheld@gmail.com/내 드라이브/[Shared]SK_AI_Hackathon/archive/pcb1/Data/Masks/Anomaly/066.png,pcb1/Data/Images/Anomaly/066.JPG
line_01/2026-08-11/L01AAT100134.JPG,line_01,pcb1,2026-08-11,LOT-20260811-AAT,EQ-01-A,operation,normal,,pcb1/Data/Images/Normal/0318.JPG
line_01/2026-08-11/L01AAT100135.JPG,line_01,pcb1,2026-08-11,LOT-20260811-AAT,EQ-01-A,operation,normal,,pcb1/Data/Images/Normal/0401.JPG
line_01/2026-08-11/L01AAT100136.JPG,line_01,pcb1,2026-08-11,LOT-20260811-AAT,EQ-01-A,operation,normal,,pcb1/Data/Images/Normal/0888.JPG
line_01/2026-08-11/L01AAT100137.JPG,line_01,pcb1,2026-08-11,LOT-20260811-AAT,EQ-01-A,operation,normal,,pcb1/Data/Images/Normal/0404.JPG
line_01/2026-08-11/L01AAT100138.JPG,line_01,pcb1,2026-08-11,LOT-20260811-AAT,EQ-01-A,operation,normal,,pcb1/Data/Images/Normal/0241.JPG
line_01/2026-08-11/L01AAT100139.JPG,line_01,pcb1,2026-08-11,LOT-20260811-AAT,EQ-01-A,operation,normal,,pcb1/Data/Images/Normal/0403.JPG
line_01/2026-08-11/L01AAT100140.JPG,line_01,pcb1,2026-08-11,LOT-20260811-AAT,EQ-01-A,operation,normal,,pcb1/Data/Images/Normal/0622.JPG
line_01/2026-08-11/L01AAT100141.JPG,line_01,pcb1,2026-08-11,LOT-20260811-AAT,EQ-01-A,operation,normal,,pcb1/Data/Images/Normal/0924.JPG
line_01/2026-08-11/L01AAT100142.JPG,line_01,pcb1,2026-08-11,LOT-20260811-AAT,EQ-01-A,operation,defect,/Users/eundong/Library/CloudStorage/GoogleDrive-yidheld@gmail.com/내 드라이브/[Shared]SK_AI_Hackathon/archive/pcb1/Data/Masks/Anomaly/046.png,pcb1/Data/Images/Anomaly/046.JPG
line_01/2026-08-11/L01AAT100143.JPG,line_01,pcb1,2026-08-11,LOT-20260811-AAT,EQ-01-A,operation,normal,,pcb1/Data/Images/Normal/0790.JPG
line_01/2026-08-11/L01AAT100144.JPG,line_01,pcb1,2026-08-11,LOT-20260811-AAT,EQ-01-A,operation,normal,,pcb1/Data/Images/Normal/0586.JPG
line_01/2026-08-11/L01AAT100145.JPG,line_01,pcb1,2026-08-11,LOT-20260811-AAT,EQ-01-A,operation,normal,,pcb1/Data/Images/Normal/0931.JPG
line_01/2026-08-11/L01AAT100146.JPG,line_01,pcb1,2026-08-11,LOT-20260811-AAT,EQ-01-A,operation,normal,,pcb1/Data/Images/Normal/0066.JPG
line_01/2026-08-11/L01AAT100147.JPG,line_01,pcb1,2026-08-11,LOT-20260811-AAT,EQ-01-A,operation,normal,,pcb1/Data/Images/Normal/0532.JPG
line_01/2026-08-11/L01AAT100148.JPG,line_01,pcb1,2026-08-11,LOT-20260811-AAT,EQ-01-A,operation,normal,,pcb1/Data/Images/Normal/0792.JPG
line_01/2026-08-11/L01AAT100149.JPG,line_01,pcb1,2026-08-11,LOT-20260811-AAT,EQ-01-A,operation,normal,,pcb1/Data/Images/Normal/0883.JPG
line_01/2026-08-11/L01AAT100150.JPG,line_01,pcb1,2026-08-11,LOT-20260811-AAT,EQ-01-A,operation,normal,,pcb1/Data/Images/Normal/0611.JPG
line_01/2026-08-11/L01AAT100151.JPG,line_01,pcb1,2026-08-11,LOT-20260811-AAT,EQ-01-A,operation,normal,,pcb1/Data/Images/Normal/0725.JPG
line_01/2026-08-11/L01AAT100152.JPG,line_01,pcb1,2026-08-11,LOT-20260811-AAT,EQ-01-A,operation,normal,,pcb1/Data/Images/Normal/0840.JPG
line_01/2026-08-11/L01AAT100153.JPG,line_01,pcb1,2026-08-11,LOT-20260811-AAT,EQ-01-A,operation,normal,,pcb1/Data/Images/Normal/0806.JPG
line_01/2026-08-11/L01AAT100154.JPG,line_01,pcb1,2026-08-11,LOT-20260811-AAT,EQ-01-A,operation,normal,,pcb1/Data/Images/Normal/0728.JPG
line_01/2026-08-11/L01AAT100155.JPG,line_01,pcb1,2026-08-11,LOT-20260811-AAT,EQ-01-A,operation,normal,,pcb1/Data/Images/Normal/0953.JPG
line_01/2026-08-11/L01AAT100156.JPG,line_01,pcb1,2026-08-11,LOT-20260811-AAT,EQ-01-A,operation,normal,,pcb1/Data/Images/Normal/0846.JPG
line_04/2026-08-11/L04AAV100011.JPG,line_04,pcb4,2026-08-11,LOT-20260811-AAV,EQ-04-A,operation,normal,,pcb4/Data/Images/Normal/0618.JPG
line_04/2026-08-11/L04AAV100012.JPG,line_04,pcb4,2026-08-11,LOT-20260811-AAV,EQ-04-A,operation,normal,,pcb4/Data/Images/Normal/0600.JPG
line_04/2026-08-11/L04AAV100013.JPG,line_04,pcb4,2026-08-11,LOT-20260811-AAV,EQ-04-A,operation,normal,,pcb4/Data/Images/Normal/0250.JPG
line_04/2026-08-11/L04AAV100014.JPG,line_04,pcb4,2026-08-11,LOT-20260811-AAV,EQ-04-A,operation,normal,,pcb4/Data/Images/Normal/0179.JPG
line_04/2026-08-11/L04AAV100015.JPG,line_04,pcb4,2026-08-11,LOT-20260811-AAV,EQ-04-A,operation,normal,,pcb4/Data/Images/Normal/0423.JPG
line_04/2026-08-11/L04AAV100016.JPG,line_04,pcb4,2026-08-11,LOT-20260811-AAV,EQ-04-A,operation,normal,,pcb4/Data/Images/Normal/0096.JPG
line_04/2026-08-11/L04AAV100017.JPG,line_04,pcb4,2026-08-11,LOT-20260811-AAV,EQ-04-A,operation,normal,,pcb4/Data/Images/Normal/0988.JPG
line_04/2026-08-11/L04AAV100018.JPG,line_04,pcb4,2026-08-11,LOT-20260811-AAV,EQ-04-A,operation,normal,,pcb4/Data/Images/Normal/0013.JPG
line_04/2026-08-11/L04AAV100019.JPG,line_04,pcb4,2026-08-11,LOT-20260811-AAV,EQ-04-A,operation,normal,,pcb4/Data/Images/Normal/0535.JPG
line_04/2026-08-11/L04AAV100020.JPG,line_04,pcb4,2026-08-11,LOT-20260811-AAV,EQ-04-A,operation,normal,,pcb4/Data/Images/Normal/0491.JPG
line_04/2026-08-11/L04AAV100021.JPG,line_04,pcb4,2026-08-11,LOT-20260811-AAV,EQ-04-A,operation,normal,,pcb4/Data/Images/Normal/0548.JPG
line_04/2026-08-11/L04AAV100022.JPG,line_04,pcb4,2026-08-11,LOT-20260811-AAV,EQ-04-A,operation,normal,,pcb4/Data/Images/Normal/0361.JPG
line_04/2026-08-11/L04AAV100023.JPG,line_04,pcb4,2026-08-11,LOT-20260811-AAV,EQ-04-A,operation,normal,,pcb4/Data/Images/Normal/0243.JPG
line_04/2026-08-11/L04AAV100024.JPG,line_04,pcb4,2026-08-11,LOT-20260811-AAV,EQ-04-A,operation,normal,,pcb4/Data/Images/Normal/0972.JPG
line_04/2026-08-11/L04AAV100025.JPG,line_04,pcb4,2026-08-11,LOT-20260811-AAV,EQ-04-A,operation,normal,,pcb4/Data/Images/Normal/0969.JPG
line_04/2026-08-11/L04AAV100026.JPG,line_04,pcb4,2026-08-11,LOT-20260811-AAV,EQ-04-A,operation,normal,,pcb4/Data/Images/Normal/0173.JPG
line_04/2026-08-11/L04AAV100027.JPG,line_04,pcb4,2026-08-11,LOT-20260811-AAV,EQ-04-A,operation,normal,,pcb4/Data/Images/Normal/0224.JPG
line_04/2026-08-11/L04AAV100028.JPG,line_04,pcb4,2026-08-11,LOT-20260811-AAV,EQ-04-A,operation,defect,/Users/eundong/Library/CloudStorage/GoogleDrive-yidheld@gmail.com/내 드라이브/[Shared]SK_AI_Hackathon/archive/pcb4/Data/Masks/Anomaly/086.png,pcb4/Data/Images/Anomaly/086.JPG
line_04/2026-08-11/L04AAV100029.JPG,line_04,pcb4,2026-08-11,LOT-20260811-AAV,EQ-04-A,operation,normal,,pcb4/Data/Images/Normal/0724.JPG
line_04/2026-08-11/L04AAV100030.JPG,line_04,pcb4,2026-08-11,LOT-20260811-AAV,EQ-04-A,operation,normal,,pcb4/Data/Images/Normal/0294.JPG
line_04/2026-08-11/L04AAV100031.JPG,line_04,pcb4,2026-08-11,LOT-20260811-AAV,EQ-04-A,operation,normal,,pcb4/Data/Images/Normal/0878.JPG
line_04/2026-08-11/L04AAV100032.JPG,line_04,pcb4,2026-08-11,LOT-20260811-AAV,EQ-04-A,operation,normal,,pcb4/Data/Images/Normal/0289.JPG
line_04/2026-08-11/L04AAV100033.JPG,line_04,pcb4,2026-08-11,LOT-20260811-AAV,EQ-04-A,operation,normal,,pcb4/Data/Images/Normal/0914.JPG
line_04/2026-08-11/L04AAV100034.JPG,line_04,pcb4,2026-08-11,LOT-20260811-AAV,EQ-04-A,operation,normal,,pcb4/Data/Images/Normal/0247.JPG
line_04/2026-08-11/L04AAV100035.JPG,line_04,pcb4,2026-08-11,LOT-20260811-AAV,EQ-04-A,operation,normal,,pcb4/Data/Images/Normal/0358.JPG
line_04/2026-08-11/L04AAV100036.JPG,line_04,pcb4,2026-08-11,LOT-20260811-AAV,EQ-04-A,operation,normal,,pcb4/Data/Images/Normal/0228.JPG
line_04/2026-08-11/L04AAV100037.JPG,line_04,pcb4,2026-08-11,LOT-20260811-AAV,EQ-04-A,operation,normal,,pcb4/Data/Images/Normal/0065.JPG
line_04/2026-08-11/L04AAV100038.JPG,line_04,pcb4,2026-08-11,LOT-20260811-AAV,EQ-04-A,operation,normal,,pcb4/Data/Images/Normal/0206.JPG
line_04/2026-08-11/L04AAV100039.JPG,line_04,pcb4,2026-08-11,LOT-20260811-AAV,EQ-04-A,operation,normal,,pcb4/Data/Images/Normal/0334.JPG
line_04/2026-08-11/L04AAV100040.JPG,line_04,pcb4,2026-08-11,LOT-20260811-AAV,EQ-04-A,operation,normal,,pcb4/Data/Images/Normal/0883.JPG
line_04/2026-08-11/L04AAV100041.JPG,line_04,pcb4,2026-08-11,LOT-20260811-AAV,EQ-04-A,operation,defect,/Users/eundong/Library/CloudStorage/GoogleDrive-yidheld@gmail.com/내 드라이브/[Shared]SK_AI_Hackathon/archive/pcb4/Data/Masks/Anomaly/039.png,pcb4/Data/Images/Anomaly/039.JPG
line_04/2026-08-11/L04AAV100042.JPG,line_04,pcb4,2026-08-11,LOT-20260811-AAV,EQ-04-A,operation,normal,,pcb4/Data/Images/Normal/0058.JPG
line_04/2026-08-11/L04AAV100043.JPG,line_04,pcb4,2026-08-11,LOT-20260811-AAV,EQ-04-A,operation,normal,,pcb4/Data/Images/Normal/0346.JPG
line_04/2026-08-11/L04AAV100044.JPG,line_04,pcb4,2026-08-11,LOT-20260811-AAV,EQ-04-A,operation,normal,,pcb4/Data/Images/Normal/0057.JPG
line_04/2026-08-11/L04AAV100045.JPG,line_04,pcb4,2026-08-11,LOT-20260811-AAV,EQ-04-A,operation,normal,,pcb4/Data/Images/Normal/0955.JPG
line_04/2026-08-11/L04AAV100046.JPG,line_04,pcb4,2026-08-11,LOT-20260811-AAV,EQ-04-A,operation,normal,,pcb4/Data/Images/Normal/0166.JPG
line_04/2026-08-11/L04AAV100047.JPG,line_04,pcb4,2026-08-11,LOT-20260811-AAV,EQ-04-A,operation,normal,,pcb4/Data/Images/Normal/0217.JPG
line_04/2026-08-11/L04AAV100048.JPG,line_04,pcb4,2026-08-11,LOT-20260811-AAV,EQ-04-A,operation,normal,,pcb4/Data/Images/Normal/0354.JPG
line_04/2026-08-11/L04AAV100049.JPG,line_04,pcb4,2026-08-11,LOT-20260811-AAV,EQ-04-A,operation,defect,/Users/eundong/Library/CloudStorage/GoogleDrive-yidheld@gmail.com/내 드라이브/[Shared]SK_AI_Hackathon/archive/pcb4/Data/Masks/Anomaly/053.png,pcb4/Data/Images/Anomaly/053.JPG
line_04/2026-08-11/L04AAV100050.JPG,line_04,pcb4,2026-08-11,LOT-20260811-AAV,EQ-04-A,operation,normal,,pcb4/Data/Images/Normal/0024.JPG
line_04/2026-08-11/L04AAV100051.JPG,line_04,pcb4,2026-08-11,LOT-20260811-AAV,EQ-04-A,operation,normal,,pcb4/Data/Images/Normal/0355.JPG
line_04/2026-08-11/L04AAV100052.JPG,line_04,pcb4,2026-08-11,LOT-20260811-AAV,EQ-04-A,operation,normal,,pcb4/Data/Images/Normal/0676.JPG
line_04/2026-08-11/L04AAV100053.JPG,line_04,pcb4,2026-08-11,LOT-20260811-AAV,EQ-04-A,operation,normal,,pcb4/Data/Images/Normal/0925.JPG
line_04/2026-08-11/L04AAV100054.JPG,line_04,pcb4,2026-08-11,LOT-20260811-AAV,EQ-04-A,operation,normal,,pcb4/Data/Images/Normal/0597.JPG
line_04/2026-08-11/L04AAV100055.JPG,line_04,pcb4,2026-08-11,LOT-20260811-AAV,EQ-04-A,operation,normal,,pcb4/Data/Images/Normal/0877.JPG
line_04/2026-08-11/L04AAV100056.JPG,line_04,pcb4,2026-08-11,LOT-20260811-AAV,EQ-04-A,operation,normal,,pcb4/Data/Images/Normal/0034.JPG
line_04/2026-08-11/L04AAV100057.JPG,line_04,pcb4,2026-08-11,LOT-20260811-AAV,EQ-04-A,operation,normal,,pcb4/Data/Images/Normal/0614.JPG
line_04/2026-08-11/L04AAV100058.JPG,line_04,pcb4,2026-08-11,LOT-20260811-AAV,EQ-04-A,operation,normal,,pcb4/Data/Images/Normal/0011.JPG
line_04/2026-08-11/L04AAV100059.JPG,line_04,pcb4,2026-08-11,LOT-20260811-AAV,EQ-04-A,operation,normal,,pcb4/Data/Images/Normal/0785.JPG
line_04/2026-08-11/L04AAV100060.JPG,line_04,pcb4,2026-08-11,LOT-20260811-AAV,EQ-04-A,operation,normal,,pcb4/Data/Images/Normal/0486.JPG
line_04/2026-08-11/L04AAV100061.JPG,line_04,pcb4,2026-08-11,LOT-20260811-AAV,EQ-04-A,operation,normal,,pcb4/Data/Images/Normal/0726.JPG
line_04/2026-08-11/L04AAV100062.JPG,line_04,pcb4,2026-08-11,LOT-20260811-AAV,EQ-04-A,operation,normal,,pcb4/Data/Images/Normal/0784.JPG
line_04/2026-08-11/L04AAV100063.JPG,line_04,pcb4,2026-08-11,LOT-20260811-AAV,EQ-04-A,operation,normal,,pcb4/Data/Images/Normal/0508.JPG
line_04/2026-08-11/L04AAV100064.JPG,line_04,pcb4,2026-08-11,LOT-20260811-AAV,EQ-04-A,operation,normal,,pcb4/Data/Images/Normal/0195.JPG
line_04/2026-08-11/L04AAV100065.JPG,line_04,pcb4,2026-08-11,LOT-20260811-AAV,EQ-04-A,operation,normal,,pcb4/Data/Images/Normal/0328.JPG
line_04/2026-08-11/L04AAV100066.JPG,line_04,pcb4,2026-08-11,LOT-20260811-AAV,EQ-04-A,operation,normal,,pcb4/Data/Images/Normal/0475.JPG
line_04/2026-08-11/L04AAV100067.JPG,line_04,pcb4,2026-08-11,LOT-20260811-AAV,EQ-04-A,operation,normal,,pcb4/Data/Images/Normal/0371.JPG
line_04/2026-08-11/L04AAV100068.JPG,line_04,pcb4,2026-08-11,LOT-20260811-AAV,EQ-04-A,operation,normal,,pcb4/Data/Images/Normal/0112.JPG
line_04/2026-08-11/L04AAV100069.JPG,line_04,pcb4,2026-08-11,LOT-20260811-AAV,EQ-04-A,operation,normal,,pcb4/Data/Images/Normal/0443.JPG
line_04/2026-08-11/L04AAV100070.JPG,line_04,pcb4,2026-08-11,LOT-20260811-AAV,EQ-04-A,operation,defect,/Users/eundong/Library/CloudStorage/GoogleDrive-yidheld@gmail.com/내 드라이브/[Shared]SK_AI_Hackathon/archive/pcb4/Data/Masks/Anomaly/074.png,pcb4/Data/Images/Anomaly/074.JPG
line_04/2026-08-11/L04AAV100071.JPG,line_04,pcb4,2026-08-11,LOT-20260811-AAV,EQ-04-A,operation,normal,,pcb4/Data/Images/Normal/0426.JPG
line_04/2026-08-11/L04AAV100072.JPG,line_04,pcb4,2026-08-11,LOT-20260811-AAV,EQ-04-A,operation,normal,,pcb4/Data/Images/Normal/0073.JPG
line_04/2026-08-11/L04AAV100073.JPG,line_04,pcb4,2026-08-11,LOT-20260811-AAV,EQ-04-A,operation,normal,,pcb4/Data/Images/Normal/0616.JPG
line_04/2026-08-11/L04AAV100074.JPG,line_04,pcb4,2026-08-11,LOT-20260811-AAV,EQ-04-A,operation,normal,,pcb4/Data/Images/Normal/0887.JPG
line_04/2026-08-11/L04AAV100075.JPG,line_04,pcb4,2026-08-11,LOT-20260811-AAV,EQ-04-A,operation,normal,,pcb4/Data/Images/Normal/0605.JPG
line_04/2026-08-11/L04AAV100076.JPG,line_04,pcb4,2026-08-11,LOT-20260811-AAV,EQ-04-A,operation,normal,,pcb4/Data/Images/Normal/0557.JPG
line_04/2026-08-11/L04AAV100077.JPG,line_04,pcb4,2026-08-11,LOT-20260811-AAV,EQ-04-A,operation,normal,,pcb4/Data/Images/Normal/0092.JPG
line_04/2026-08-11/L04AAV100078.JPG,line_04,pcb4,2026-08-11,LOT-20260811-AAV,EQ-04-A,operation,normal,,pcb4/Data/Images/Normal/0761.JPG
line_04/2026-08-11/L04AAV100079.JPG,line_04,pcb4,2026-08-11,LOT-20260811-AAV,EQ-04-A,operation,normal,,pcb4/Data/Images/Normal/0987.JPG
line_04/2026-08-11/L04AAV100080.JPG,line_04,pcb4,2026-08-11,LOT-20260811-AAV,EQ-04-A,operation,normal,,pcb4/Data/Images/Normal/0235.JPG
line_04/2026-08-11/L04AAV100081.JPG,line_04,pcb4,2026-08-11,LOT-20260811-AAV,EQ-04-A,operation,normal,,pcb4/Data/Images/Normal/0229.JPG
line_04/2026-08-11/L04AAV100082.JPG,line_04,pcb4,2026-08-11,LOT-20260811-AAV,EQ-04-A,operation,defect,/Users/eundong/Library/CloudStorage/GoogleDrive-yidheld@gmail.com/내 드라이브/[Shared]SK_AI_Hackathon/archive/pcb4/Data/Masks/Anomaly/051.png,pcb4/Data/Images/Anomaly/051.JPG
line_04/2026-08-11/L04AAV100083.JPG,line_04,pcb4,2026-08-11,LOT-20260811-AAV,EQ-04-A,operation,normal,,pcb4/Data/Images/Normal/0641.JPG
line_04/2026-08-11/L04AAV100084.JPG,line_04,pcb4,2026-08-11,LOT-20260811-AAV,EQ-04-A,operation,normal,,pcb4/Data/Images/Normal/1002.JPG
line_04/2026-08-11/L04AAV100085.JPG,line_04,pcb4,2026-08-11,LOT-20260811-AAV,EQ-04-A,operation,defect,/Users/eundong/Library/CloudStorage/GoogleDrive-yidheld@gmail.com/내 드라이브/[Shared]SK_AI_Hackathon/archive/pcb4/Data/Masks/Anomaly/093.png,pcb4/Data/Images/Anomaly/093.JPG
line_04/2026-08-11/L04AAV100086.JPG,line_04,pcb4,2026-08-11,LOT-20260811-AAV,EQ-04-A,operation,normal,,pcb4/Data/Images/Normal/0714.JPG
line_04/2026-08-11/L04AAV100087.JPG,line_04,pcb4,2026-08-11,LOT-20260811-AAV,EQ-04-A,operation,normal,,pcb4/Data/Images/Normal/0272.JPG
line_04/2026-08-11/L04AAV100088.JPG,line_04,pcb4,2026-08-11,LOT-20260811-AAV,EQ-04-A,operation,normal,,pcb4/Data/Images/Normal/0811.JPG
line_01/2026-08-12/L01AAT100157.JPG,line_01,pcb1,2026-08-12,LOT-20260812-AAT,EQ-01-A,operation,defect,/Users/eundong/Library/CloudStorage/GoogleDrive-yidheld@gmail.com/내 드라이브/[Shared]SK_AI_Hackathon/archive/pcb1/Data/Masks/Anomaly/090.png,pcb1/Data/Images/Anomaly/090.JPG
line_01/2026-08-12/L01AAT100158.JPG,line_01,pcb1,2026-08-12,LOT-20260812-AAT,EQ-01-A,operation,normal,,pcb1/Data/Images/Normal/0967.JPG
line_01/2026-08-12/L01AAT100159.JPG,line_01,pcb1,2026-08-12,LOT-20260812-AAT,EQ-01-A,operation,normal,,pcb1/Data/Images/Normal/0264.JPG
line_01/2026-08-12/L01AAT100160.JPG,line_01,pcb1,2026-08-12,LOT-20260812-AAT,EQ-01-A,operation,normal,,pcb1/Data/Images/Normal/0801.JPG
line_01/2026-08-12/L01AAT100161.JPG,line_01,pcb1,2026-08-12,LOT-20260812-AAT,EQ-01-A,operation,normal,,pcb1/Data/Images/Normal/0755.JPG
line_01/2026-08-12/L01AAT100162.JPG,line_01,pcb1,2026-08-12,LOT-20260812-AAT,EQ-01-A,operation,normal,,pcb1/Data/Images/Normal/0004.JPG
line_01/2026-08-12/L01AAT100163.JPG,line_01,pcb1,2026-08-12,LOT-20260812-AAT,EQ-01-A,operation,normal,,pcb1/Data/Images/Normal/0823.JPG
line_01/2026-08-12/L01AAT100164.JPG,line_01,pcb1,2026-08-12,LOT-20260812-AAT,EQ-01-A,operation,normal,,pcb1/Data/Images/Normal/0748.JPG
line_01/2026-08-12/L01AAT100165.JPG,line_01,pcb1,2026-08-12,LOT-20260812-AAT,EQ-01-A,operation,normal,,pcb1/Data/Images/Normal/0028.JPG
line_01/2026-08-12/L01AAT100166.JPG,line_01,pcb1,2026-08-12,LOT-20260812-AAT,EQ-01-A,operation,normal,,pcb1/Data/Images/Normal/0458.JPG
line_01/2026-08-12/L01AAT100167.JPG,line_01,pcb1,2026-08-12,LOT-20260812-AAT,EQ-01-A,operation,normal,,pcb1/Data/Images/Normal/0189.JPG
line_01/2026-08-12/L01AAT100168.JPG,line_01,pcb1,2026-08-12,LOT-20260812-AAT,EQ-01-A,operation,normal,,pcb1/Data/Images/Normal/0632.JPG
line_01/2026-08-12/L01AAT100169.JPG,line_01,pcb1,2026-08-12,LOT-20260812-AAT,EQ-01-A,operation,normal,,pcb1/Data/Images/Normal/0262.JPG
line_01/2026-08-12/L01AAT100170.JPG,line_01,pcb1,2026-08-12,LOT-20260812-AAT,EQ-01-A,operation,normal,,pcb1/Data/Images/Normal/0999.JPG
line_01/2026-08-12/L01AAT100171.JPG,line_01,pcb1,2026-08-12,LOT-20260812-AAT,EQ-01-A,operation,normal,,pcb1/Data/Images/Normal/0606.JPG
line_01/2026-08-12/L01AAT100172.JPG,line_01,pcb1,2026-08-12,LOT-20260812-AAT,EQ-01-A,operation,normal,,pcb1/Data/Images/Normal/0504.JPG
line_01/2026-08-12/L01AAT100173.JPG,line_01,pcb1,2026-08-12,LOT-20260812-AAT,EQ-01-A,operation,normal,,pcb1/Data/Images/Normal/0664.JPG
line_01/2026-08-12/L01AAT100174.JPG,line_01,pcb1,2026-08-12,LOT-20260812-AAT,EQ-01-A,operation,normal,,pcb1/Data/Images/Normal/0855.JPG
line_01/2026-08-12/L01AAT100175.JPG,line_01,pcb1,2026-08-12,LOT-20260812-AAT,EQ-01-A,operation,normal,,pcb1/Data/Images/Normal/0871.JPG
line_01/2026-08-12/L01AAT100176.JPG,line_01,pcb1,2026-08-12,LOT-20260812-AAT,EQ-01-A,operation,normal,,pcb1/Data/Images/Normal/0943.JPG
line_01/2026-08-12/L01AAT100177.JPG,line_01,pcb1,2026-08-12,LOT-20260812-AAT,EQ-01-A,operation,normal,,pcb1/Data/Images/Normal/0575.JPG
line_01/2026-08-12/L01AAT100178.JPG,line_01,pcb1,2026-08-12,LOT-20260812-AAT,EQ-01-A,operation,normal,,pcb1/Data/Images/Normal/0672.JPG
line_01/2026-08-12/L01AAT100179.JPG,line_01,pcb1,2026-08-12,LOT-20260812-AAT,EQ-01-A,operation,normal,,pcb1/Data/Images/Normal/0418.JPG
line_01/2026-08-12/L01AAT100180.JPG,line_01,pcb1,2026-08-12,LOT-20260812-AAT,EQ-01-A,operation,normal,,pcb1/Data/Images/Normal/0483.JPG
line_01/2026-08-12/L01AAT100181.JPG,line_01,pcb1,2026-08-12,LOT-20260812-AAT,EQ-01-A,operation,normal,,pcb1/Data/Images/Normal/0670.JPG
line_01/2026-08-12/L01AAT100182.JPG,line_01,pcb1,2026-08-12,LOT-20260812-AAT,EQ-01-A,operation,normal,,pcb1/Data/Images/Normal/0648.JPG
line_01/2026-08-12/L01AAT100183.JPG,line_01,pcb1,2026-08-12,LOT-20260812-AAT,EQ-01-A,operation,normal,,pcb1/Data/Images/Normal/0637.JPG
line_01/2026-08-12/L01AAT100184.JPG,line_01,pcb1,2026-08-12,LOT-20260812-AAT,EQ-01-A,operation,normal,,pcb1/Data/Images/Normal/0034.JPG
line_01/2026-08-12/L01AAT100185.JPG,line_01,pcb1,2026-08-12,LOT-20260812-AAT,EQ-01-A,operation,normal,,pcb1/Data/Images/Normal/0336.JPG
line_01/2026-08-12/L01AAT100186.JPG,line_01,pcb1,2026-08-12,LOT-20260812-AAT,EQ-01-A,operation,normal,,pcb1/Data/Images/Normal/0355.JPG
line_01/2026-08-12/L01AAT100187.JPG,line_01,pcb1,2026-08-12,LOT-20260812-AAT,EQ-01-A,operation,normal,,pcb1/Data/Images/Normal/0365.JPG
line_01/2026-08-12/L01AAT100188.JPG,line_01,pcb1,2026-08-12,LOT-20260812-AAT,EQ-01-A,operation,normal,,pcb1/Data/Images/Normal/0673.JPG
line_01/2026-08-12/L01AAT100189.JPG,line_01,pcb1,2026-08-12,LOT-20260812-AAT,EQ-01-A,operation,normal,,pcb1/Data/Images/Normal/0407.JPG
line_01/2026-08-12/L01AAT100190.JPG,line_01,pcb1,2026-08-12,LOT-20260812-AAT,EQ-01-A,operation,normal,,pcb1/Data/Images/Normal/0803.JPG
line_01/2026-08-12/L01AAT100191.JPG,line_01,pcb1,2026-08-12,LOT-20260812-AAT,EQ-01-A,operation,normal,,pcb1/Data/Images/Normal/0542.JPG
line_01/2026-08-12/L01AAT100192.JPG,line_01,pcb1,2026-08-12,LOT-20260812-AAT,EQ-01-A,operation,normal,,pcb1/Data/Images/Normal/0995.JPG
line_01/2026-08-12/L01AAT100193.JPG,line_01,pcb1,2026-08-12,LOT-20260812-AAT,EQ-01-A,operation,normal,,pcb1/Data/Images/Normal/0174.JPG
line_01/2026-08-12/L01AAT100194.JPG,line_01,pcb1,2026-08-12,LOT-20260812-AAT,EQ-01-A,operation,normal,,pcb1/Data/Images/Normal/0992.JPG
line_01/2026-08-12/L01AAT100195.JPG,line_01,pcb1,2026-08-12,LOT-20260812-AAT,EQ-01-A,operation,normal,,pcb1/Data/Images/Normal/0784.JPG
line_01/2026-08-12/L01AAT100196.JPG,line_01,pcb1,2026-08-12,LOT-20260812-AAT,EQ-01-A,operation,normal,,pcb1/Data/Images/Normal/0386.JPG
line_01/2026-08-12/L01AAT100197.JPG,line_01,pcb1,2026-08-12,LOT-20260812-AAT,EQ-01-A,operation,normal,,pcb1/Data/Images/Normal/0750.JPG
line_01/2026-08-12/L01AAT100198.JPG,line_01,pcb1,2026-08-12,LOT-20260812-AAT,EQ-01-A,operation,defect,/Users/eundong/Library/CloudStorage/GoogleDrive-yidheld@gmail.com/내 드라이브/[Shared]SK_AI_Hackathon/archive/pcb1/Data/Masks/Anomaly/004.png,pcb1/Data/Images/Anomaly/004.JPG
line_01/2026-08-12/L01AAT100199.JPG,line_01,pcb1,2026-08-12,LOT-20260812-AAT,EQ-01-A,operation,normal,,pcb1/Data/Images/Normal/0177.JPG
line_01/2026-08-12/L01AAT100200.JPG,line_01,pcb1,2026-08-12,LOT-20260812-AAT,EQ-01-A,operation,normal,,pcb1/Data/Images/Normal/0767.JPG
line_01/2026-08-12/L01AAW100001.JPG,line_01,pcb1,2026-08-12,LOT-20260812-AAW,EQ-01-A,operation,normal,,pcb1/Data/Images/Normal/0454.JPG
line_01/2026-08-12/L01AAW100002.JPG,line_01,pcb1,2026-08-12,LOT-20260812-AAW,EQ-01-A,operation,normal,,pcb1/Data/Images/Normal/0847.JPG
line_01/2026-08-12/L01AAW100003.JPG,line_01,pcb1,2026-08-12,LOT-20260812-AAW,EQ-01-A,operation,normal,,pcb1/Data/Images/Normal/0817.JPG
line_01/2026-08-12/L01AAW100004.JPG,line_01,pcb1,2026-08-12,LOT-20260812-AAW,EQ-01-A,operation,normal,,pcb1/Data/Images/Normal/0076.JPG
line_01/2026-08-12/L01AAW100005.JPG,line_01,pcb1,2026-08-12,LOT-20260812-AAW,EQ-01-A,operation,normal,,pcb1/Data/Images/Normal/0600.JPG
line_01/2026-08-12/L01AAW100006.JPG,line_01,pcb1,2026-08-12,LOT-20260812-AAW,EQ-01-A,operation,normal,,pcb1/Data/Images/Normal/0938.JPG
line_01/2026-08-12/L01AAW100007.JPG,line_01,pcb1,2026-08-12,LOT-20260812-AAW,EQ-01-A,operation,normal,,pcb1/Data/Images/Normal/0457.JPG
line_01/2026-08-12/L01AAW100008.JPG,line_01,pcb1,2026-08-12,LOT-20260812-AAW,EQ-01-A,operation,normal,,pcb1/Data/Images/Normal/0372.JPG
line_01/2026-08-12/L01AAW100009.JPG,line_01,pcb1,2026-08-12,LOT-20260812-AAW,EQ-01-A,operation,normal,,pcb1/Data/Images/Normal/0868.JPG
line_01/2026-08-12/L01AAW100010.JPG,line_01,pcb1,2026-08-12,LOT-20260812-AAW,EQ-01-A,operation,normal,,pcb1/Data/Images/Normal/0327.JPG
line_01/2026-08-12/L01AAW100011.JPG,line_01,pcb1,2026-08-12,LOT-20260812-AAW,EQ-01-A,operation,defect,/Users/eundong/Library/CloudStorage/GoogleDrive-yidheld@gmail.com/내 드라이브/[Shared]SK_AI_Hackathon/archive/pcb1/Data/Masks/Anomaly/032.png,pcb1/Data/Images/Anomaly/032.JPG
line_01/2026-08-12/L01AAW100012.JPG,line_01,pcb1,2026-08-12,LOT-20260812-AAW,EQ-01-A,operation,normal,,pcb1/Data/Images/Normal/0509.JPG
line_01/2026-08-12/L01AAW100013.JPG,line_01,pcb1,2026-08-12,LOT-20260812-AAW,EQ-01-A,operation,normal,,pcb1/Data/Images/Normal/0038.JPG
line_01/2026-08-12/L01AAW100014.JPG,line_01,pcb1,2026-08-12,LOT-20260812-AAW,EQ-01-A,operation,normal,,pcb1/Data/Images/Normal/0001.JPG
line_01/2026-08-12/L01AAW100015.JPG,line_01,pcb1,2026-08-12,LOT-20260812-AAW,EQ-01-A,operation,normal,,pcb1/Data/Images/Normal/0439.JPG
line_01/2026-08-12/L01AAW100016.JPG,line_01,pcb1,2026-08-12,LOT-20260812-AAW,EQ-01-A,operation,normal,,pcb1/Data/Images/Normal/0016.JPG
line_01/2026-08-12/L01AAW100017.JPG,line_01,pcb1,2026-08-12,LOT-20260812-AAW,EQ-01-A,operation,normal,,pcb1/Data/Images/Normal/0796.JPG
line_01/2026-08-12/L01AAW100018.JPG,line_01,pcb1,2026-08-12,LOT-20260812-AAW,EQ-01-A,operation,normal,,pcb1/Data/Images/Normal/0353.JPG
line_01/2026-08-12/L01AAW100019.JPG,line_01,pcb1,2026-08-12,LOT-20260812-AAW,EQ-01-A,operation,normal,,pcb1/Data/Images/Normal/0210.JPG
line_01/2026-08-12/L01AAW100020.JPG,line_01,pcb1,2026-08-12,LOT-20260812-AAW,EQ-01-A,operation,defect,/Users/eundong/Library/CloudStorage/GoogleDrive-yidheld@gmail.com/내 드라이브/[Shared]SK_AI_Hackathon/archive/pcb1/Data/Masks/Anomaly/085.png,pcb1/Data/Images/Anomaly/085.JPG
line_01/2026-08-12/L01AAW100021.JPG,line_01,pcb1,2026-08-12,LOT-20260812-AAW,EQ-01-A,operation,normal,,pcb1/Data/Images/Normal/0200.JPG
line_01/2026-08-12/L01AAW100022.JPG,line_01,pcb1,2026-08-12,LOT-20260812-AAW,EQ-01-A,operation,normal,,pcb1/Data/Images/Normal/0745.JPG
line_01/2026-08-12/L01AAW100023.JPG,line_01,pcb1,2026-08-12,LOT-20260812-AAW,EQ-01-A,operation,normal,,pcb1/Data/Images/Normal/0185.JPG
line_01/2026-08-12/L01AAW100024.JPG,line_01,pcb1,2026-08-12,LOT-20260812-AAW,EQ-01-A,operation,normal,,pcb1/Data/Images/Normal/0425.JPG
line_01/2026-08-12/L01AAW100025.JPG,line_01,pcb1,2026-08-12,LOT-20260812-AAW,EQ-01-A,operation,normal,,pcb1/Data/Images/Normal/0626.JPG
line_01/2026-08-12/L01AAW100026.JPG,line_01,pcb1,2026-08-12,LOT-20260812-AAW,EQ-01-A,operation,normal,,pcb1/Data/Images/Normal/0195.JPG
line_01/2026-08-12/L01AAW100027.JPG,line_01,pcb1,2026-08-12,LOT-20260812-AAW,EQ-01-A,operation,normal,,pcb1/Data/Images/Normal/0085.JPG
line_01/2026-08-12/L01AAW100028.JPG,line_01,pcb1,2026-08-12,LOT-20260812-AAW,EQ-01-A,operation,normal,,pcb1/Data/Images/Normal/0116.JPG
line_01/2026-08-12/L01AAW100029.JPG,line_01,pcb1,2026-08-12,LOT-20260812-AAW,EQ-01-A,operation,normal,,pcb1/Data/Images/Normal/0904.JPG
line_01/2026-08-12/L01AAW100030.JPG,line_01,pcb1,2026-08-12,LOT-20260812-AAW,EQ-01-A,operation,normal,,pcb1/Data/Images/Normal/0536.JPG
line_01/2026-08-12/L01AAW100031.JPG,line_01,pcb1,2026-08-12,LOT-20260812-AAW,EQ-01-A,operation,normal,,pcb1/Data/Images/Normal/0487.JPG
line_01/2026-08-12/L01AAW100032.JPG,line_01,pcb1,2026-08-12,LOT-20260812-AAW,EQ-01-A,operation,normal,,pcb1/Data/Images/Normal/0211.JPG
line_01/2026-08-12/L01AAW100033.JPG,line_01,pcb1,2026-08-12,LOT-20260812-AAW,EQ-01-A,operation,normal,,pcb1/Data/Images/Normal/0641.JPG
line_01/2026-08-12/L01AAW100034.JPG,line_01,pcb1,2026-08-12,LOT-20260812-AAW,EQ-01-A,operation,normal,,pcb1/Data/Images/Normal/0400.JPG
line_01/2026-08-12/L01AAW100035.JPG,line_01,pcb1,2026-08-12,LOT-20260812-AAW,EQ-01-A,operation,normal,,pcb1/Data/Images/Normal/0342.JPG
line_01/2026-08-12/L01AAW100036.JPG,line_01,pcb1,2026-08-12,LOT-20260812-AAW,EQ-01-A,operation,normal,,pcb1/Data/Images/Normal/0192.JPG
line_01/2026-08-12/L01AAW100037.JPG,line_01,pcb1,2026-08-12,LOT-20260812-AAW,EQ-01-A,operation,normal,,pcb1/Data/Images/Normal/0149.JPG
line_01/2026-08-12/L01AAW100038.JPG,line_01,pcb1,2026-08-12,LOT-20260812-AAW,EQ-01-A,operation,normal,,pcb1/Data/Images/Normal/0577.JPG
line_01/2026-08-12/L01AAW100039.JPG,line_01,pcb1,2026-08-12,LOT-20260812-AAW,EQ-01-A,operation,normal,,pcb1/Data/Images/Normal/0595.JPG
line_01/2026-08-12/L01AAW100040.JPG,line_01,pcb1,2026-08-12,LOT-20260812-AAW,EQ-01-A,operation,normal,,pcb1/Data/Images/Normal/0804.JPG
line_01/2026-08-12/L01AAW100041.JPG,line_01,pcb1,2026-08-12,LOT-20260812-AAW,EQ-01-A,operation,normal,,pcb1/Data/Images/Normal/0941.JPG
line_01/2026-08-12/L01AAW100042.JPG,line_01,pcb1,2026-08-12,LOT-20260812-AAW,EQ-01-A,operation,normal,,pcb1/Data/Images/Normal/0053.JPG
line_01/2026-08-12/L01AAW100043.JPG,line_01,pcb1,2026-08-12,LOT-20260812-AAW,EQ-01-A,operation,defect,/Users/eundong/Library/CloudStorage/GoogleDrive-yidheld@gmail.com/내 드라이브/[Shared]SK_AI_Hackathon/archive/pcb1/Data/Masks/Anomaly/006.png,pcb1/Data/Images/Anomaly/006.JPG
line_01/2026-08-12/L01AAW100044.JPG,line_01,pcb1,2026-08-12,LOT-20260812-AAW,EQ-01-A,operation,normal,,pcb1/Data/Images/Normal/0329.JPG
line_01/2026-08-12/L01AAW100045.JPG,line_01,pcb1,2026-08-12,LOT-20260812-AAW,EQ-01-A,operation,normal,,pcb1/Data/Images/Normal/0589.JPG
line_01/2026-08-12/L01AAW100046.JPG,line_01,pcb1,2026-08-12,LOT-20260812-AAW,EQ-01-A,operation,normal,,pcb1/Data/Images/Normal/0417.JPG
line_01/2026-08-12/L01AAW100047.JPG,line_01,pcb1,2026-08-12,LOT-20260812-AAW,EQ-01-A,operation,normal,,pcb1/Data/Images/Normal/0475.JPG
line_01/2026-08-12/L01AAW100048.JPG,line_01,pcb1,2026-08-12,LOT-20260812-AAW,EQ-01-A,operation,normal,,pcb1/Data/Images/Normal/0539.JPG
line_01/2026-08-12/L01AAW100049.JPG,line_01,pcb1,2026-08-12,LOT-20260812-AAW,EQ-01-A,operation,normal,,pcb1/Data/Images/Normal/0361.JPG
line_01/2026-08-12/L01AAW100050.JPG,line_01,pcb1,2026-08-12,LOT-20260812-AAW,EQ-01-A,operation,normal,,pcb1/Data/Images/Normal/0049.JPG
line_01/2026-08-13/L01AAW100051.JPG,line_01,pcb1,2026-08-13,LOT-20260813-AAW,EQ-01-A,operation,normal,,pcb1/Data/Images/Normal/0202.JPG
line_01/2026-08-13/L01AAW100052.JPG,line_01,pcb1,2026-08-13,LOT-20260813-AAW,EQ-01-A,operation,normal,,pcb1/Data/Images/Normal/0899.JPG
line_01/2026-08-13/L01AAW100053.JPG,line_01,pcb1,2026-08-13,LOT-20260813-AAW,EQ-01-A,operation,normal,,pcb1/Data/Images/Normal/0961.JPG
line_01/2026-08-13/L01AAW100054.JPG,line_01,pcb1,2026-08-13,LOT-20260813-AAW,EQ-01-A,operation,normal,,pcb1/Data/Images/Normal/0290.JPG
line_01/2026-08-13/L01AAW100055.JPG,line_01,pcb1,2026-08-13,LOT-20260813-AAW,EQ-01-A,operation,normal,,pcb1/Data/Images/Normal/0406.JPG
line_01/2026-08-13/L01AAW100056.JPG,line_01,pcb1,2026-08-13,LOT-20260813-AAW,EQ-01-A,operation,normal,,pcb1/Data/Images/Normal/0474.JPG
line_01/2026-08-13/L01AAW100057.JPG,line_01,pcb1,2026-08-13,LOT-20260813-AAW,EQ-01-A,operation,normal,,pcb1/Data/Images/Normal/0516.JPG
line_01/2026-08-13/L01AAW100058.JPG,line_01,pcb1,2026-08-13,LOT-20260813-AAW,EQ-01-A,operation,normal,,pcb1/Data/Images/Normal/0033.JPG
line_01/2026-08-13/L01AAW100059.JPG,line_01,pcb1,2026-08-13,LOT-20260813-AAW,EQ-01-A,operation,normal,,pcb1/Data/Images/Normal/0760.JPG
line_01/2026-08-13/L01AAW100060.JPG,line_01,pcb1,2026-08-13,LOT-20260813-AAW,EQ-01-A,operation,normal,,pcb1/Data/Images/Normal/0150.JPG
line_01/2026-08-13/L01AAW100061.JPG,line_01,pcb1,2026-08-13,LOT-20260813-AAW,EQ-01-A,operation,defect,/Users/eundong/Library/CloudStorage/GoogleDrive-yidheld@gmail.com/내 드라이브/[Shared]SK_AI_Hackathon/archive/pcb1/Data/Masks/Anomaly/008.png,pcb1/Data/Images/Anomaly/008.JPG
line_01/2026-08-13/L01AAW100062.JPG,line_01,pcb1,2026-08-13,LOT-20260813-AAW,EQ-01-A,operation,normal,,pcb1/Data/Images/Normal/0316.JPG
line_01/2026-08-13/L01AAW100063.JPG,line_01,pcb1,2026-08-13,LOT-20260813-AAW,EQ-01-A,operation,normal,,pcb1/Data/Images/Normal/0684.JPG
line_01/2026-08-13/L01AAW100064.JPG,line_01,pcb1,2026-08-13,LOT-20260813-AAW,EQ-01-A,operation,normal,,pcb1/Data/Images/Normal/0489.JPG
line_01/2026-08-13/L01AAW100065.JPG,line_01,pcb1,2026-08-13,LOT-20260813-AAW,EQ-01-A,operation,normal,,pcb1/Data/Images/Normal/0018.JPG
line_01/2026-08-13/L01AAW100066.JPG,line_01,pcb1,2026-08-13,LOT-20260813-AAW,EQ-01-A,operation,normal,,pcb1/Data/Images/Normal/0369.JPG
line_01/2026-08-13/L01AAW100067.JPG,line_01,pcb1,2026-08-13,LOT-20260813-AAW,EQ-01-A,operation,normal,,pcb1/Data/Images/Normal/0113.JPG
line_01/2026-08-13/L01AAW100068.JPG,line_01,pcb1,2026-08-13,LOT-20260813-AAW,EQ-01-A,operation,normal,,pcb1/Data/Images/Normal/0446.JPG
line_01/2026-08-13/L01AAW100069.JPG,line_01,pcb1,2026-08-13,LOT-20260813-AAW,EQ-01-A,operation,normal,,pcb1/Data/Images/Normal/0629.JPG
line_01/2026-08-13/L01AAW100070.JPG,line_01,pcb1,2026-08-13,LOT-20260813-AAW,EQ-01-A,operation,normal,,pcb1/Data/Images/Normal/0568.JPG
line_01/2026-08-13/L01AAW100071.JPG,line_01,pcb1,2026-08-13,LOT-20260813-AAW,EQ-01-A,operation,normal,,pcb1/Data/Images/Normal/0289.JPG
line_01/2026-08-13/L01AAW100072.JPG,line_01,pcb1,2026-08-13,LOT-20260813-AAW,EQ-01-A,operation,normal,,pcb1/Data/Images/Normal/0774.JPG
line_01/2026-08-13/L01AAW100073.JPG,line_01,pcb1,2026-08-13,LOT-20260813-AAW,EQ-01-A,operation,normal,,pcb1/Data/Images/Normal/0731.JPG
line_01/2026-08-13/L01AAW100074.JPG,line_01,pcb1,2026-08-13,LOT-20260813-AAW,EQ-01-A,operation,normal,,pcb1/Data/Images/Normal/0020.JPG
line_01/2026-08-13/L01AAW100075.JPG,line_01,pcb1,2026-08-13,LOT-20260813-AAW,EQ-01-A,operation,normal,,pcb1/Data/Images/Normal/0256.JPG
line_01/2026-08-13/L01AAW100076.JPG,line_01,pcb1,2026-08-13,LOT-20260813-AAW,EQ-01-A,operation,normal,,pcb1/Data/Images/Normal/0585.JPG
line_01/2026-08-13/L01AAW100077.JPG,line_01,pcb1,2026-08-13,LOT-20260813-AAW,EQ-01-A,operation,normal,,pcb1/Data/Images/Normal/0636.JPG
line_01/2026-08-13/L01AAW100078.JPG,line_01,pcb1,2026-08-13,LOT-20260813-AAW,EQ-01-A,operation,normal,,pcb1/Data/Images/Normal/0587.JPG
line_01/2026-08-13/L01AAW100079.JPG,line_01,pcb1,2026-08-13,LOT-20260813-AAW,EQ-01-A,operation,normal,,pcb1/Data/Images/Normal/0456.JPG
line_01/2026-08-13/L01AAW100080.JPG,line_01,pcb1,2026-08-13,LOT-20260813-AAW,EQ-01-A,operation,normal,,pcb1/Data/Images/Normal/0184.JPG
line_01/2026-08-13/L01AAW100081.JPG,line_01,pcb1,2026-08-13,LOT-20260813-AAW,EQ-01-A,operation,normal,,pcb1/Data/Images/Normal/0330.JPG
line_01/2026-08-13/L01AAW100082.JPG,line_01,pcb1,2026-08-13,LOT-20260813-AAW,EQ-01-A,operation,normal,,pcb1/Data/Images/Normal/0627.JPG
line_01/2026-08-13/L01AAW100083.JPG,line_01,pcb1,2026-08-13,LOT-20260813-AAW,EQ-01-A,operation,normal,,pcb1/Data/Images/Normal/0282.JPG
line_01/2026-08-13/L01AAW100084.JPG,line_01,pcb1,2026-08-13,LOT-20260813-AAW,EQ-01-A,operation,normal,,pcb1/Data/Images/Normal/0531.JPG
line_01/2026-08-13/L01AAW100085.JPG,line_01,pcb1,2026-08-13,LOT-20260813-AAW,EQ-01-A,operation,normal,,pcb1/Data/Images/Normal/0886.JPG
line_01/2026-08-13/L01AAW100086.JPG,line_01,pcb1,2026-08-13,LOT-20260813-AAW,EQ-01-A,operation,normal,,pcb1/Data/Images/Normal/0188.JPG
line_01/2026-08-13/L01AAW100087.JPG,line_01,pcb1,2026-08-13,LOT-20260813-AAW,EQ-01-A,operation,normal,,pcb1/Data/Images/Normal/0915.JPG
line_01/2026-08-13/L01AAW100088.JPG,line_01,pcb1,2026-08-13,LOT-20260813-AAW,EQ-01-A,operation,normal,,pcb1/Data/Images/Normal/0064.JPG
line_01/2026-08-13/L01AAW100089.JPG,line_01,pcb1,2026-08-13,LOT-20260813-AAW,EQ-01-A,operation,normal,,pcb1/Data/Images/Normal/0634.JPG
line_01/2026-08-13/L01AAW100090.JPG,line_01,pcb1,2026-08-13,LOT-20260813-AAW,EQ-01-A,operation,normal,,pcb1/Data/Images/Normal/0607.JPG
line_01/2026-08-13/L01AAW100091.JPG,line_01,pcb1,2026-08-13,LOT-20260813-AAW,EQ-01-A,operation,normal,,pcb1/Data/Images/Normal/0056.JPG
line_01/2026-08-13/L01AAW100092.JPG,line_01,pcb1,2026-08-13,LOT-20260813-AAW,EQ-01-A,operation,normal,,pcb1/Data/Images/Normal/0444.JPG
line_01/2026-08-13/L01AAW100093.JPG,line_01,pcb1,2026-08-13,LOT-20260813-AAW,EQ-01-A,operation,normal,,pcb1/Data/Images/Normal/0793.JPG
line_01/2026-08-13/L01AAW100094.JPG,line_01,pcb1,2026-08-13,LOT-20260813-AAW,EQ-01-A,operation,normal,,pcb1/Data/Images/Normal/0582.JPG
